model,accuracy,paper_target
a = IS score,52.15319745625469,51.84
b = dep length,60.970395386499185,62.31
e = 3-gram surp,91.35067346052061,91.18
d = lex repetition surp,67.52132954141487,90.07
f = lstm surp,60.29347869020816,94.01
g = adaptive lstm surp,72.8453213255915,94.06
base1 = a+b+e+d+f,92.09720741004068,95.05
base1 + g,92.39443851957184,95.06
base2 = a+b+e+f,91.53928190543903,95.06
base2 + g,92.02857763558083,95.09
