model,accuracy,paper_target
a = IS score,52.70643793153613,51.84
b = dep length,61.76240194268193,62.31
c = pcfg surp,89.22740345340809,86.86
d = lex repetition surp,91.9164960105639,90.07
e = 3-gram surp,92.21472454426429,91.18
f = lstm surp,90.27148308546234,94.01
g = adaptive lstm surp,90.48354427546693,94.06
base1 = a+b+c+d+e+f,94.52837367531697,95.05
base1 + g,94.61789818824768,95.06
base2 = a+b+c+e+f,94.52333792146462,95.06
base2 + g,94.61677913183604,95.09
