sent_id,sentence,construction_type,n_words,n_variants,prev_valence,prev_arousal,prev_coverage,prev_n_matched,prev_sentence,dep_len_mean,info_status_mean,trigram_surprisal_mean,lstm_surprisal_mean,adaptive_surprisal_mean,lex_rept_surprisal_mean,pcfg_surprisal_mean,label
train-s10005,केंद्र ने जम्मू - कश्मीर के नेताओं को बंदियों की रिहाई पर गंभीरता से विचार करने का आश्वासन दिया है ।,SOV,21,5,0.0954,0.4924,0.6667,8,असवत की यह योजना शीघ्र ही नाकाम साबित हो गई थी ।,9.6,0.0,-13.2696,-14.236,-11.7965,-13.2862,-5.9991,1
train-s10006,इसके लिए प्रधानमंत्री ने गृहमंत्री शिवराज पाटिल से उच्च स्तरीय दल बनाकर इस मामले को गंभीरता से लेने को कहा है ।,SOV,22,23,0.0892,0.4899,0.619,13,केंद्र ने जम्मू - कश्मीर के नेताओं को बंदियों की रिहाई पर गंभीरता से विचार करने का आश्वासन दिया है ।,15.1304,1.0435,-9.1324,-9.4324,-7.8412,-9.066,-3.5098,1
train-s10007,बैठक में हिस्सा लेने वाले एक कश्मीरी नेता ने 'अमर उजाला' से कहा कि पीडीपी व नेशनल कांफ्रेंस की मांग लगभग एक जैसी थी ।,SOV,27,1,-0.1344,0.5386,0.4545,10,इसके लिए प्रधानमंत्री ने गृहमंत्री शिवराज पाटिल से उच्च स्तरीय दल बनाकर इस मामले को गंभीरता से लेने को कहा है ।,-4.0,0.0,2.1428,5.1051,5.4369,1.4361,1.0045,1
train-s10008,नेशनल कांफ्रेस के नेता उमर अब्दुल्ला ने स्वयत्तता की मांग दोहराई ।,SOV,12,1,0.1409,0.5315,0.5556,15,बैठक में हिस्सा लेने वाले एक कश्मीरी नेता ने 'अमर उजाला' से कहा कि पीडीपी व नेशनल कांफ्रेंस की मांग लगभग एक जैसी थी ।,-4.0,0.0,-13.8931,-15.0936,-15.5894,-10.3888,-6.8897,1
train-s10009,जबकि पीडीपी चाहती थी कि महाराजा हरि सिंह व भारत सरकार के बीच हुए समझौते को मूल रूप में लागू किया जाए ।,SOV,23,1,0.005,0.5331,0.4167,5,नेशनल कांफ्रेस के नेता उमर अब्दुल्ला ने स्वयत्तता की मांग दोहराई ।,0.0,0.0,-3.0084,-0.8652,-5.3004,-3.0084,-6.9127,1
train-s10014,हुर्रियत कांफ्रेस की गैर मौजूदगी में हुए इस गोलमेज सम्मेलन से सरकार यह संदेश देने में जरूर कामयाब रही है कि उनकी नुमाइंदगी के बगैर भी समस्या का हल तलाश किया जा सकता है ।,SOV,35,99,-0.1773,0.5431,0.3684,7,"हालांकि, नून कश्मीर व पैंथर्स पार्टी ने पीडीपी और नेशनल कांफ्रेंस की राय से असहमति जताई है ।",-20.5152,0.0,-13.2057,-6.2563,-6.4353,-13.1968,-3.4842,1
train-s10017,गोलमेज सम्मेलन की शुरुआत करते हुए प्रधानमंत्री मनमोहन सिंह ने कहा कि हम कश्मीर के इतिहास में नए अध्याय का खाका तैयार करने में सफल रहे तो यह सम्मेलन ऐतिहासिक हो जाएगा ।,SOV,33,1,0.0605,0.5475,0.5217,12,"हालांकि, प्रधानमंत्री ने उम्मीद जताई कि सम्मेलन के बेहतर नतीजों को देखकर हुर्रियत कांफ्रेस भी इस मुहिम में शामिल हो जाएगी ।",-2.0,0.0,-1.8287,-3.5515,-2.909,-1.3775,-0.0763,1
train-s1002,वायुसेना के अभियोजन अधिकारी विंग कमांडर आर. के. दुबे ने सैनिक अदालत को सूचित किया कि डॉक्टरों का पैनल गठित किया गया है और जांच की जा रही है ।,SOV,30,5,-0.034,0.5696,0.4545,10,पार्टी के महासचिव हरकिशन सिंह सुरजीत ने मनमोहन सिंह सरकार में हारे हुए कांग्रेस नेताओं को शामिल करने पर खिन्नता जताई ।,-10.8,0.0,-23.1032,-18.9737,-19.7566,-23.0989,-3.5096,1
train-s10024,सुप्रीम कोर्ट ने बॉंबे हाईकोर्ट के फैसले का समर्थन करते हुए कहा है कि महालक्ष्मी उपक्षेत्र संरक्षित विरासत की श्रेणी में आता है ।,SOV,24,1,0.0532,0.4911,0.65,13,"बहरहाल, बैठक की कामयाबी से उत्साहित सियासी पार्टियों ने अगली बैठक की जगह भी तय कर ली है ।",5.0,0.0,-1.9853,-3.3564,0.752,-1.9921,-2.1595,1
train-s10027,चूंकि हाईकोर्ट ने स्पष्ट किया है कि महाराष्ट्र हेरिटेज कंजरवेशन कमेटी (एमएचसीसी) ने कहा है कि राज्य सरकार का इरादा इस क्षेत्र को संरक्षित संपदा के तौर पर लेना है ।,SOV,33,5,0.1392,0.5172,0.5833,14,सुप्रीम कोर्ट ने बॉंबे हाईकोर्ट के फैसले का समर्थन करते हुए कहा है कि महालक्ष्मी उपक्षेत्र संरक्षित विरासत की श्रेणी में आता है ।,0.0,0.0,-14.2193,-16.5742,-15.4442,-14.9201,-6.867,1
train-s10028,खंडपीठ ने एमएचसीसी की रिपोर्ट के संदर्भ में कहा कि इस क्षेत्र में इमारतों के निर्माण और संपत्तियों के विकास संबंधी सभी प्रस्ताव मंजूरी के लिए उसके पास ही आए हैं ।,SOV,32,1,0.0294,0.4946,0.6364,21,चूंकि हाईकोर्ट ने स्पष्ट किया है कि महाराष्ट्र हेरिटेज कंजरवेशन कमेटी (एमएचसीसी) ने कहा है कि राज्य सरकार का इरादा इस क्षेत्र को संरक्षित संपदा के तौर पर लेना है ।,4.0,0.0,-3.1754,-0.426,0.8103,-3.2358,2.8996,1
train-s10032,पिछले साल नवंबर से भारत - पाक सीमा पर गोलियों की आवाज शांत होने के बाद पहली बार दोनों देश इस गंभीर मुद्दे पर बातचीत करने को तैयार हैं ।,SOV,30,99,0.1076,0.4879,0.6875,22,खंडपीठ ने एमएचसीसी की रिपोर्ट के संदर्भ में कहा कि इस क्षेत्र में इमारतों के निर्माण और संपत्तियों के विकास संबंधी सभी प्रस्ताव मंजूरी के लिए उसके पास ही आए हैं ।,-25.0303,0.0,-36.4464,-15.3113,-16.4984,-33.7221,-6.9058,1
train-s10036,प्रधानमंत्री मनमोहन सिंह द्वारा राष्ट्र के नाम संदेश में पड़ोसी देशों के साथ कश्मीर सहित सभी लंबित मसलों के हल के लिए बातचीत को जारी रखने की प्रतिबद्धता के बाद २७ जून से शुरू होने जा रही वार्ता को नया जोश मिला है ।,IOSV,44,1,0.0465,0.4799,0.6333,19,पिछले साल नवंबर से भारत - पाक सीमा पर गोलियों की आवाज शांत होने के बाद पहली बार दोनों देश इस गंभीर मुद्दे पर बातचीत करने को तैयार हैं ।,-37.0,0.0,-11.6328,-4.3851,-13.3793,-11.6328,-3.961,1
train-s10042,दोनों देशों के बीच बातचीत शुरू करने का फैसला पिछले जनवरी महीने में इस्लामाबाद में हुए सार्क सम्मेलन के दौरान पाकिस्तानी राष्ट्रपति मुशर्रफ और भारत के तत्कालीन प्रधानमंत्री अटल बिहारी वाजपेयी ने किया था ।,DOSV,35,5,0.1701,0.4961,0.75,33,प्रधानमंत्री मनमोहन सिंह द्वारा राष्ट्र के नाम संदेश में पड़ोसी देशों के साथ कश्मीर सहित सभी लंबित मसलों के हल के लिए बातचीत को जारी रखने की प्रतिबद्धता के बाद २७ जून से शुरू होने जा रही वार्ता को नया जोश मिला है ।,3.6,0.0,-1.2516,6.9151,5.8272,-1.2533,4.7838,1
train-s10043,भारत में पाकिस्तान के उच्चायुक्त अजीज अहमद खान ने एक टेलीविजन पर प्रसारित समाचार में कहा कि पाकिस्तान को कश्मीर मसले के हल को लेकर इस वार्ता से काफी उम्मीदें हैं ।,SOV,32,5,0.0285,0.5016,0.4857,17,दोनों देशों के बीच बातचीत शुरू करने का फैसला पिछले जनवरी महीने में इस्लामाबाद में हुए सार्क सम्मेलन के दौरान पाकिस्तानी राष्ट्रपति मुशर्रफ और भारत के तत्कालीन प्रधानमंत्री अटल बिहारी वाजपेयी ने किया था ।,4.8,0.0,-8.3123,-2.3903,-1.4627,-7.8691,0.137,1
train-s10048,गृहमंत्री ने अंतर्राज्यीय उड़ानों के लिए राज्य सरकारों को अपनी विमान सेवा शुरू करने को हरी झंडी दे दी है ।,SOV,21,99,0.032,0.5228,0.5938,19,भारत में पाकिस्तान के उच्चायुक्त अजीज अहमद खान ने एक टेलीविजन पर प्रसारित समाचार में कहा कि पाकिस्तान को कश्मीर मसले के हल को लेकर इस वार्ता से काफी उम्मीदें हैं ।,2.0202,0.0,-20.1813,-17.09,-13.8404,-20.0979,-5.8265,1
train-s1005,कर्नाटक महिला आयोग को लिखित में अंजलि ने कहा था कि वह अपनी जान ले सकती हैं ।,IOSV,18,5,0.0111,0.4847,0.7333,22,वायुसेना के अभियोजन अधिकारी विंग कमांडर आर. के. दुबे ने सैनिक अदालत को सूचित किया कि डॉक्टरों का पैनल गठित किया गया है और जांच की जा रही है ।,-2.4,0.0,-3.8191,1.393,1.3974,-3.8249,-1.1406,1
train-s10055,वह शीघ्र ही अपनी सिफारिशें सरकार को दे देगी ।,SOV,10,23,0.0937,0.4642,0.5714,12,गृहमंत्री ने अंतर्राज्यीय उड़ानों के लिए राज्य सरकारों को अपनी विमान सेवा शुरू करने को हरी झंडी दे दी है ।,1.5652,1.0435,-9.1322,1.9342,3.077,-7.1225,-0.0424,1
train-s10057,"बाद में पत्रकारों से बातचीत में पाटिल ने कहा कि सम्मेलन में क्षेत्रीय हवाई सेवा शुरू करने, पंचायती राज संस्थाओं को मजबूती प्रदान करने व शक्तियों के हस्तांतरण, बिजली व पानी के बंटवारे के अलावा क्षेत्रीय व राष्ट्रीय राजधानी क्षेत्र नियोजन के अलावा सूचना के अधिकार और फलों व फूलों की खेती पर चर्चा हुई ।",IOSV,58,23,0.1169,0.4758,0.6,6,वह शीघ्र ही अपनी सिफारिशें सरकार को दे देगी ।,0.0,0.0,-14.4634,-6.4457,-5.8182,-14.4634,-1.896,1
train-s10058,पंजाब पुनर्गठन कानून के मुद्दे पर उन्होंने कहा कि इस पर दोनों प्रदेशों के मुख्यमंत्रियों को बातचीत करनी होगी ।,SOV,20,1,0.1381,0.5003,0.6552,38,"बाद में पत्रकारों से बातचीत में पाटिल ने कहा कि सम्मेलन में क्षेत्रीय हवाई सेवा शुरू करने, पंचायती राज संस्थाओं को मजबूती प्रदान करने व शक्तियों के हस्तांतरण, बिजली व पानी के बंटवारे के अलावा क्षेत्रीय व राष्ट्रीय राजधानी क्षेत्र नियोजन के अलावा सूचना के अधिकार और फलों व फूलों की खेती पर चर्चा हुई ।",-5.0,-2.0,-4.3146,-5.9697,-7.4511,-3.715,-3.9749,1
train-s1006,इसके साथ ही उन्होंने सोमवार तक का समय मांगा ।,SOV,10,5,0.1906,0.4847,0.5,9,कर्नाटक महिला आयोग को लिखित में अंजलि ने कहा था कि वह अपनी जान ले सकती हैं ।,1.2,0.0,-18.2929,-5.8296,-6.5199,-18.2311,-3.4955,1
train-s10061,दोनों राज्यों को इस मुद्दे को बातचीत से हल करने का प्रयास करना चाहिए ।,SOV,15,5,0.0287,0.5409,0.5,10,पंजाब पुनर्गठन कानून के मुद्दे पर उन्होंने कहा कि इस पर दोनों प्रदेशों के मुख्यमंत्रियों को बातचीत करनी होगी ।,3.6,0.0,-20.5186,-9.8376,-9.3297,-12.1261,-4.0515,1
train-s10064,देवास और नरंजीपुर रेलवे स्टेशन के बीच इंदौर - भोपाल पैसेंजर के दो डिब्बे शनिवार रात पटरी से उतर गए ।,SOV,21,23,0.1322,0.5514,0.6667,10,दोनों राज्यों को इस मुद्दे को बातचीत से हल करने का प्रयास करना चाहिए ।,-10.4348,0.0,-2.9887,3.5591,5.3775,-2.9937,0.364,1
train-s10068,पाक परस्त आतंकियों ने पाश्विकता की सभी हदें पार करते हुए इरकान के अपहृत इंजीनियर और उसके भाई की गला रेत कर हत्या कर दी ।,SOV,26,99,-0.0001,0.5201,0.5238,11,देवास और नरंजीपुर रेलवे स्टेशन के बीच इंदौर - भोपाल पैसेंजर के दो डिब्बे शनिवार रात पटरी से उतर गए ।,-10.6768,0.0,-26.667,-16.8901,-20.1962,-26.667,-6.5251,1
train-s10069,इरकान के इंजीनियर सुधीर कुमार पुंडीर और उसके भाई संदीप पुंडीर के साथ अगवा किए गए अन्य दो स्थानीय लोगों को आतंकियों ने बुधवार की रात को ही रिहा कर दिया था ।,DOSV,33,23,-0.0043,0.4989,0.6154,16,पाक परस्त आतंकियों ने पाश्विकता की सभी हदें पार करते हुए इरकान के अपहृत इंजीनियर और उसके भाई की गला रेत कर हत्या कर दी ।,-29.7391,0.0,-13.4078,-15.8503,-15.5851,-11.5552,-1.6762,1
train-s10073,दोनों के शव स्थानीय ग्रामीणों ने सुबह ९.३० बजे के करीब देखे और पुलिस को बताया ।,DOSV,17,23,0.0615,0.4451,0.5455,18,इरकान के इंजीनियर सुधीर कुमार पुंडीर और उसके भाई संदीप पुंडीर के साथ अगवा किए गए अन्य दो स्थानीय लोगों को आतंकियों ने बुधवार की रात को ही रिहा कर दिया था ।,0.5217,0.0,-6.416,-2.541,-2.329,-8.2474,-0.4937,1
train-s10075,दोनों भाइयों को आतंकियों ने बड़ी निर्ममता के साथ मौत के घाट उतारा ।,DOSV,14,23,-0.174,0.5485,0.5882,10,दोनों के शव स्थानीय ग्रामीणों ने सुबह ९.३० बजे के करीब देखे और पुलिस को बताया ।,1.0435,0.0,-12.3071,-4.6431,-7.1834,-11.9278,-2.3891,1
train-s1008,इसके बाद कोर्ट ने मामले की सुनवाई सोमवार तक स्थगित कर दी ।,SOV,13,99,0.1051,0.4668,0.5,5,इसके साथ ही उन्होंने सोमवार तक का समय मांगा ।,-1.899,1.0303,-33.4728,-9.7737,-9.8591,-25.3445,-7.5838,1
train-s10080,आतंकियों ने तेज धारदार हथियारों से उनके गले रेत दिए ।,SOV,11,5,-0.195,0.5289,0.6429,9,दोनों भाइयों को आतंकियों ने बड़ी निर्ममता के साथ मौत के घाट उतारा ।,0.0,0.0,-3.3489,-0.9257,-0.2333,-1.4841,-3.013,1
train-s10081,पुलिस को उनकी सिर कटी लाशें मिलीं ।,IOSV,8,1,0.0265,0.5273,0.5455,6,आतंकियों ने तेज धारदार हथियारों से उनके गले रेत दिए ।,2.0,0.0,-12.7248,-3.9415,-2.032,-12.7248,-0.0964,1
train-s10083,"इसके अलावा जिस सूमो टैक्सी में इंजीनियर सुधीर और उसका भाई संदीप अन्य दो लोगों के साथ थे, उसे पुलिस ने शुक्रवार की सुबह चिचलीपोरा गांव के पास से लावारिस हालत में बरामद किया है ।",DOSV,37,99,-0.0583,0.5601,0.375,3,पुलिस को उनकी सिर कटी लाशें मिलीं ।,-47.798,0.9697,-9.9398,-12.6655,-13.0938,-10.3868,-8.0391,1
train-s10086,आतंकियों ने इन चारों को रास्ते में अगवा कर लिया ।,SOV,11,23,0.0174,0.4975,0.6757,25,"इसके अलावा जिस सूमो टैक्सी में इंजीनियर सुधीर और उसका भाई संदीप अन्य दो लोगों के साथ थे, उसे पुलिस ने शुक्रवार की सुबह चिचलीपोरा गांव के पास से लावारिस हालत में बरामद किया है ।",-2.087,0.0,-13.0098,-11.2234,-10.9065,-13.0078,-3.1147,1
train-s10087,आतंकियों ने इंजीनियर और उसके भाई को रिहा करने के बदले ५० लाख की फिरौती मांगी थी ।,SOV,18,5,-0.1027,0.5111,0.5455,6,आतंकियों ने इन चारों को रास्ते में अगवा कर लिया ।,2.4,0.0,-7.5813,-9.566,-11.5813,-5.8842,-4.1901,1
train-s10093,मुज्जफरपुर में अधिकारियों ने एक अस्पताल में राजग संयोजक जॉर्ज फर्नडिस द्वारा एक महिला को पैसे देने को रिश्वत मानते हुए उनके खिलाफ केस दर्ज किया है ।,SOV,28,99,0.022,0.5067,0.5,9,आतंकियों ने इंजीनियर और उसके भाई को रिहा करने के बदले ५० लाख की फिरौती मांगी थी ।,-8.9091,-0.0404,-18.784,-16.1225,-13.1516,-18.7783,-5.3775,1
train-s10099,आयोग ने चुनाव संहिता लागू होने के बाद लालू की ओर से बिहार में ग्रामीणों को नोट बांटने पर संज्ञान लेते हुए नोटिस जारी किया था ।,SOV,27,99,0.0076,0.502,0.5,14,मुज्जफरपुर में अधिकारियों ने एक अस्पताल में राजग संयोजक जॉर्ज फर्नडिस द्वारा एक महिला को पैसे देने को रिश्वत मानते हुए उनके खिलाफ केस दर्ज किया है ।,-18.2828,0.0,-24.9062,-14.8456,-14.1725,-22.9867,-8.5102,1
train-s101,बाद में उसके बेटे बागभट्ट ने किले में बसे शहर को खूबसूरत बनाया ।,SOV,14,23,0.0982,0.4521,0.7143,10,जुलाई से लेकर मार्च तक का समय यहाँ जाने के लिए उपयुक्त है ।,-1.0435,0.0,-15.6768,-5.7287,-8.1972,-14.0993,-4.8591,1
train-s10101,इस मौके पर बुधवार को राष्ट्रपति ए. पी. जे. अब्दुल कलाम भूटान नरेश जिग्मे सिंगे वांगचुक और देश के प्रमुख राजनेताओं एवं सैनिक अधिकारियों की मौजूदगी में परेड की सलामी लेंगे ।,SOV,32,99,0.0281,0.5212,0.5185,14,आयोग ने चुनाव संहिता लागू होने के बाद लालू की ओर से बिहार में ग्रामीणों को नोट बांटने पर संज्ञान लेते हुए नोटिस जारी किया था ।,13.4444,0.0,-7.8521,-7.3032,-7.8974,-7.8066,-2.3681,1
train-s10102,दिल्ली पुलिस के विशेष आयुक्त बी. के. गुप्ता ने यहां पत्रकारों से कहा कि आतंकवादियों द्वारा लंबी दूरी के हथियारों को इस्तेमाल कर परेड में बाधा डालने की खुफिया रिपोर्ट और हाल ही में कोलकाता में बड़ी संख्या में टेलीस्कोप बरामद करने के बाद आतंकवादी प्रयासों को विफल करने के लिए सुरक्षा के विशेष उपाय किए गए हैं ।,SOV,59,5,0.1549,0.5462,0.4375,14,इस मौके पर बुधवार को राष्ट्रपति ए. पी. जे. अब्दुल कलाम भूटान नरेश जिग्मे सिंगे वांगचुक और देश के प्रमुख राजनेताओं एवं सैनिक अधिकारियों की मौजूदगी में परेड की सलामी लेंगे ।,-8.4,-1.2,-11.7112,-4.1653,-4.1387,-11.7112,-0.6851,1
train-s10106,इसके अलावा पुलिस ने विजय चौक और इंडिया गेट के बीच राजपथ पर विभिन्न स्थानों पर सीसीटीवी लगाए हैं ।,SOV,20,99,-0.0131,0.5349,0.6441,38,दिल्ली पुलिस के विशेष आयुक्त बी. के. गुप्ता ने यहां पत्रकारों से कहा कि आतंकवादियों द्वारा लंबी दूरी के हथियारों को इस्तेमाल कर परेड में बाधा डालने की खुफिया रिपोर्ट और हाल ही में कोलकाता में बड़ी संख्या में टेलीस्कोप बरामद करने के बाद आतंकवादी प्रयासों को विफल करने के लिए सुरक्षा के विशेष उपाय किए गए हैं ।,-1.8788,0.9293,-3.4893,-3.2196,-3.9116,-3.0471,-5.7385,1
train-s10107,"इस सिलसिले में सीबीआई ने ३० सरकारी अधिकारियों समेत ५० लोगों के खिलाफ आईपीसी, पासपोर्ट अधिनियम व भ्रष्टाचार निरोधक कानून की विभिन्न धाराओं के तहत ३८ मामले दर्ज किए ।",SOV,31,99,-0.1395,0.5565,0.5,10,इसके अलावा पुलिस ने विजय चौक और इंडिया गेट के बीच राजपथ पर विभिन्न स्थानों पर सीसीटीवी लगाए हैं ।,2.6465,0.0,-29.9634,-18.9405,-20.719,-30.7508,-5.2145,1
train-s10111,उसने अभी तक २८.७२ लाख रुपये जब्त किए हैं और ७.४३ करोड़ रुपये की चल - अचल संपति का पता चला है ।,SOV,23,23,-0.0093,0.5453,0.4516,14,"इस सिलसिले में सीबीआई ने ३० सरकारी अधिकारियों समेत ५० लोगों के खिलाफ आईपीसी, पासपोर्ट अधिनियम व भ्रष्टाचार निरोधक कानून की विभिन्न धाराओं के तहत ३८ मामले दर्ज किए ।",0.5217,0.0,-18.1349,-12.2911,-11.7138,-15.1361,-4.9058,1
train-s10113,"सीबीआई को ६० पासपोर्ट, फर्जी बैंक प्रवृष्टियां व विदेशी मुद्राएं भी मिली हैं ।",IOSV,15,1,-0.1014,0.4531,0.5652,13,उसने अभी तक २८.७२ लाख रुपये जब्त किए हैं और ७.४३ करोड़ रुपये की चल - अचल संपति का पता चला है ।,8.0,0.0,-6.9918,-2.2585,-4.1809,-6.8109,-2.0356,1
train-s10121,सीबीआई ने लखनऊ में स्वास्थ्य एवं परिवार कल्याण मंत्रालय के क्षेत्रीय निदेशक जयकरण के खिलाफ दो मामले दर्ज किए और उनके कार्यालय व आवास पर छापा मारा है ।,SOV,29,99,0.0347,0.5226,0.3333,5,"सीबीआई को ६० पासपोर्ट, फर्जी बैंक प्रवृष्टियां व विदेशी मुद्राएं भी मिली हैं ।",-2.2121,0.0,-22.1774,-12.8845,-15.4256,-19.3709,-6.755,1
train-s10126,उन्होंने इस मामले में कंपनी के लोगों से एक करोड़ रुपये की रिश्वत मांगी थी ।,SOV,16,23,0.0885,0.4595,0.5517,16,सीबीआई ने लखनऊ में स्वास्थ्य एवं परिवार कल्याण मंत्रालय के क्षेत्रीय निदेशक जयकरण के खिलाफ दो मामले दर्ज किए और उनके कार्यालय व आवास पर छापा मारा है ।,6.7826,1.0435,-11.4352,-10.2985,-9.6555,-11.3922,-4.4987,1
train-s10127,सीबीआई ने इंडियन कस्टम एंड सेंट्रल एक्साइज सर्विस के १९९३ बैच के अधिकारी हेमंत कोटिकर के खिलाफ आय से अधिक संपति का मामला दर्ज किया है ।,SOV,27,23,0.066,0.5253,0.625,10,उन्होंने इस मामले में कंपनी के लोगों से एक करोड़ रुपये की रिश्वत मांगी थी ।,-6.2609,0.0,-24.7799,-13.5092,-13.2718,-24.759,-7.0537,1
train-s10133,इस कार्रवाई का खाका सीबीआई ने करीब चार माह पहले ही तैयार कर लिया था ।,DOSV,16,23,0.0208,0.481,0.5185,14,सीबीआई ने इंडियन कस्टम एंड सेंट्रल एक्साइज सर्विस के १९९३ बैच के अधिकारी हेमंत कोटिकर के खिलाफ आय से अधिक संपति का मामला दर्ज किया है ।,-3.1304,0.0,-7.1293,-6.5247,-8.2311,-8.8068,-1.9203,1
train-s10141,"जिसके कारण लगभग एक सप्ताह पूर्व लोहान गोत्र के लोगों ने इस रिश्ते पर आपत्ति जताई थी, लेकिन बाद में गाँव के इसी गोत्र के लोगों ने इस आपत्ति के बारे में माफी भी माँग ली थी ।",SOV,39,99,-0.0857,0.5096,0.6875,11,इस कार्रवाई का खाका सीबीआई ने करीब चार माह पहले ही तैयार कर लिया था ।,-3.0808,1.0101,-23.4333,-22.8933,-24.9354,-23.188,-6.4049,1
train-s10147,जबकि एक बार आपत्ति जताने के बाद गाँव में रह रहे लोहान गोत्र के लोगों ने माफी भी माँग ली थी ।,SOV,22,23,-0.0266,0.4816,0.6667,26,"जिसके कारण लगभग एक सप्ताह पूर्व लोहान गोत्र के लोगों ने इस रिश्ते पर आपत्ति जताई थी, लेकिन बाद में गाँव के इसी गोत्र के लोगों ने इस आपत्ति के बारे में माफी भी माँग ली थी ।",3.1304,0.0,-4.5911,-2.5871,-3.0421,-3.1564,-5.2746,1
train-s10151,इस पंचायत के बाद ही लोहान गोत्र से संबंधित लोग कुछ कदम उठाएंगे ।,SOV,14,5,-0.021,0.4808,0.6364,14,जबकि एक बार आपत्ति जताने के बाद गाँव में रह रहे लोहान गोत्र के लोगों ने माफी भी माँग ली थी ।,-3.6,0.0,-10.9713,-4.515,-5.0033,-11.2565,-0.6635,1
train-s10160,बसपा के सभी विधायकों ने दबाव बनाने के लिए पार्टी प्रमुख मायावती को इस्तीफे सौंप दिए ।,SOV,17,23,-0.0116,0.5058,0.7143,10,इस पंचायत के बाद ही लोहान गोत्र से संबंधित लोग कुछ कदम उठाएंगे ।,-6.2609,0.0,-7.571,-0.2581,-2.4612,-7.562,-3.2631,1
train-s10162,रालोद ने भी मुलायम सरकार के खिलाफ रविवार को तेवर कडे कर लिए ।,SOV,14,99,-0.0056,0.5455,0.4118,7,बसपा के सभी विधायकों ने दबाव बनाने के लिए पार्टी प्रमुख मायावती को इस्तीफे सौंप दिए ।,-7.3636,0.0,-10.5442,-6.6818,-6.3955,-10.3841,-0.1125,1
train-s10167,जनता के बीच संदेश जाएगा कि मुलायम सिंह असंवैधानिक तरीके से सरकार चला रहे हैं ।,SOV,16,1,-0.0693,0.4587,0.5714,8,रालोद ने भी मुलायम सरकार के खिलाफ रविवार को तेवर कडे कर लिए ।,-2.0,0.0,-12.1794,-6.5994,-2.8923,-12.1778,-4.2716,1
train-s10178,इसी क्षेत्र में सुरक्षा बलों ने दो आतंकियों को मार गिराया ।,SOV,12,5,0.0051,0.4976,0.75,12,जनता के बीच संदेश जाएगा कि मुलायम सिंह असंवैधानिक तरीके से सरकार चला रहे हैं ।,0.0,0.0,-10.8053,-6.8046,-3.7165,-10.8053,-1.6134,1
train-s10184,"भाकपा, माकपा और फॉरवर्ड ब्लॉक के नेताओं ने आज कहा कि आम आदमी की कीमत पर उच्च वर्ग के लोगों को फायदा पहुंचाया जा रहा है और सरकार आर्थिक निजीकरण का अपना एजेंडा पूरा करने में जुटी हुई है ।",SOV,41,1,-0.0271,0.4798,0.6667,8,इसी क्षेत्र में सुरक्षा बलों ने दो आतंकियों को मार गिराया ।,-8.0,0.0,-4.7588,-1.3446,-3.7243,-4.7588,2.2217,1
train-s10203,पिछले कुछ दिनों में दो अमेरिकियों को लड़ाकों ने बंधक बना लिया था ।,DOSV,14,23,0.0498,0.5073,0.5854,24,"भाकपा, माकपा और फॉरवर्ड ब्लॉक के नेताओं ने आज कहा कि आम आदमी की कीमत पर उच्च वर्ग के लोगों को फायदा पहुंचाया जा रहा है और सरकार आर्थिक निजीकरण का अपना एजेंडा पूरा करने में जुटी हुई है ।",-5.2174,0.0,-18.8621,-3.0363,-4.8268,-18.8621,-2.1981,1
train-s10205,फ्रांस ने भी अपने दो पत्रकारों और उनके सीरियन ड्राइवर की रिहाई के लिए लड़ाकों से बातचीत की है ।,SOV,20,23,-0.1811,0.5538,0.5,7,पिछले कुछ दिनों में दो अमेरिकियों को लड़ाकों ने बंधक बना लिया था ।,-7.8261,0.0,-12.8338,-15.7916,-13.821,-12.3868,-3.6574,1
train-s10230,हम रचनात्मक विपक्ष की भूमिका निभाना चाहते हैं ।,SOV,9,5,-0.0243,0.5168,0.65,13,फ्रांस ने भी अपने दो पत्रकारों और उनके सीरियन ड्राइवर की रिहाई के लिए लड़ाकों से बातचीत की है ।,0.0,1.2,-19.8278,-14.5372,-12.9363,-19.8278,-2.7762,1
train-s10234,अच्छे नतीजों के लिए हम सरकार को और दो महीने का समय देंगे ।,SOV,14,23,0.3505,0.4691,0.4444,4,हम रचनात्मक विपक्ष की भूमिका निभाना चाहते हैं ।,2.087,-1.0435,-1.0461,-3.4684,-1.9207,0.0461,-3.4445,1
train-s10235,नितीश कुमार और उनके मंत्रिमंडल के सदस्यों पर प्रहार करते हुए उन्होंने कहा कि वे सिर्फ बड़े वादे कर रहे हैं और राज्य में विकास योजनाओं का शिलान्यास कर रहे हैं ।,SOV,32,1,-0.0235,0.4713,0.5714,8,अच्छे नतीजों के लिए हम सरकार को और दो महीने का समय देंगे ।,-10.0,-2.0,-7.4902,-3.6223,-1.631,-7.4902,1.3656,1
train-s10237,"राजद के राष्ट्रीय प्रवक्ता शिवानंद तिवारी, वरिष्ठ नेता रामचंद्र पूर्वे व श्याम रजक ने भी सभा को संबोधित किया ।",SOV,21,5,-0.0477,0.5162,0.4062,13,नितीश कुमार और उनके मंत्रिमंडल के सदस्यों पर प्रहार करते हुए उन्होंने कहा कि वे सिर्फ बड़े वादे कर रहे हैं और राज्य में विकास योजनाओं का शिलान्यास कर रहे हैं ।,-18.0,0.0,-21.3305,-14.513,-12.3933,-21.1658,-6.9603,1
train-s10240,"इससे पहले भारत ने शनिवार को पाकिस्तान के राजी होने पर तीन स्थानों टीटवाल, कामन और चकन दा बाग में राहत केंद्र स्थापित करने का प्रस्ताव रखा था ।",SOV,30,23,0.0934,0.5028,0.4762,10,"राजद के राष्ट्रीय प्रवक्ता शिवानंद तिवारी, वरिष्ठ नेता रामचंद्र पूर्वे व श्याम रजक ने भी सभा को संबोधित किया ।",29.7391,1.0435,-15.2198,-6.5808,-4.7944,-15.2019,-4.9391,1
train-s10242,अपने चिर - परिचित अंदाज में टिकैत ने कहा कि जब डब्लूटीओ की महत्वपूर्ण वार्ता चल रही थी तब वाणिज्य मंत्री कमलनाथ हॉंगकॉंग में चल रही विश्व सुंदरी प्रतियोगिता में शिरकत कर रहे थे ।,SOV,35,1,0.0372,0.4835,0.5333,16,"इससे पहले भारत ने शनिवार को पाकिस्तान के राजी होने पर तीन स्थानों टीटवाल, कामन और चकन दा बाग में राहत केंद्र स्थापित करने का प्रस्ताव रखा था ।",-4.0,0.0,9.1691,3.5296,0.1131,9.1665,-1.0397,1
train-s10244,समिति की ओर से आयोजित संवाददाता सम्मेलन में टिकैत ने कहा कि सरकार ने डब्ल्यूटीओ में रुपये में महज तीन पैसे की बात की ।,SOV,25,1,0.1122,0.528,0.4571,16,अपने चिर - परिचित अंदाज में टिकैत ने कहा कि जब डब्लूटीओ की महत्वपूर्ण वार्ता चल रही थी तब वाणिज्य मंत्री कमलनाथ हॉंगकॉंग में चल रही विश्व सुंदरी प्रतियोगिता में शिरकत कर रहे थे ।,-6.0,0.0,2.5522,4.5841,3.2804,-3.0621,-1.192,1
train-s10253,उन्होंने केंद्र सरकार को चंगेज खां की हुकूमत से भी बुरा करार दिया ।,SOV,14,99,0.1277,0.5163,0.72,18,समिति की ओर से आयोजित संवाददाता सम्मेलन में टिकैत ने कहा कि सरकार ने डब्ल्यूटीओ में रुपये में महज तीन पैसे की बात की ।,-2.0101,1.0101,-19.9167,-17.9448,-20.273,-19.3735,-7.4134,1
train-s10257,राष्ट्रवादी कांग्रेस पार्टी के मुखिया शरद पवार ने मुंबई की उत्तर - पश्चिमी लोकसभा सीट और मालवण विधानसभा सीट के लिए कांग्रेस प्रत्याशियों को समर्थन देकर कांग्रेस आलाकमान की मुश्किलें बढ़ा दी हैं ।,SOV,34,5,-0.0234,0.5258,0.5714,8,उन्होंने केंद्र सरकार को चंगेज खां की हुकूमत से भी बुरा करार दिया ।,-4.8,0.0,-6.6504,-10.2979,-13.3806,-6.721,-3.7574,1
train-s10259,दरअसल पवार तुरा से पूर्व लोकसभा अध्यक्ष पीए संगमा को यूपीए का संयुक्त प्रत्याशी बनाना चाहते हैं ।,SOV,18,5,-0.0258,0.4476,0.4412,15,राष्ट्रवादी कांग्रेस पार्टी के मुखिया शरद पवार ने मुंबई की उत्तर - पश्चिमी लोकसभा सीट और मालवण विधानसभा सीट के लिए कांग्रेस प्रत्याशियों को समर्थन देकर कांग्रेस आलाकमान की मुश्किलें बढ़ा दी हैं ।,14.4,0.0,-18.6236,-5.5462,-7.5954,-14.1184,-3.1575,1
train-s10260,लिहाजा पवार के इस कदम ने कांग्रेस को काफी हद तक परेशानी में डाल दिया है ।,SOV,17,99,0.2422,0.5227,0.4444,8,दरअसल पवार तुरा से पूर्व लोकसभा अध्यक्ष पीए संगमा को यूपीए का संयुक्त प्रत्याशी बनाना चाहते हैं ।,-0.404,0.0,-20.7822,-10.3009,-9.717,-21.1646,-2.1459,1
train-s10267,पवार और संगमा समेत कई नेताओं ने सोनिया के विदेशी मुद्दे पर कांग्रेस छोड़ी थी ।,SOV,16,23,-0.0831,0.5228,0.7059,12,लिहाजा पवार के इस कदम ने कांग्रेस को काफी हद तक परेशानी में डाल दिया है ।,-3.6522,0.0,-18.608,-2.5513,-0.1692,-13.4744,-0.0131,1
train-s10268,"जब पवार ने कांग्रेस से समझौता किया, तो संगमा ने एनपीसी को छोड़कर ममता बनर्जी का हाथ थाम लिया था और सोनिया विरोध का झंडा उठाए रखा ।",SOV,29,23,-0.1414,0.5125,0.5,8,पवार और संगमा समेत कई नेताओं ने सोनिया के विदेशी मुद्दे पर कांग्रेस छोड़ी थी ।,-7.3043,1.0435,-7.7916,-11.5156,-12.754,-6.6338,-5.7244,1
train-s10273,इसी के तहत एनसीपी ने महाराष्ट्र में प्रिया दत्त और राणे को समर्थन दिया है ।,SOV,16,99,-0.0972,0.5298,0.5172,15,"जब पवार ने कांग्रेस से समझौता किया, तो संगमा ने एनपीसी को छोड़कर ममता बनर्जी का हाथ थाम लिया था और सोनिया विरोध का झंडा उठाए रखा ।",-0.9798,1.0202,-14.5396,-11.7925,-11.4026,-14.5193,-5.4296,1
train-s10274,जब हम गठबंधन की राजनीति कर रहे हैं तो हमें अपने सहयोगी दलों का भी ख्याल रखना होगा और यही गठबंधन राजनीति का धर्म है ।,SOV,26,5,-0.1441,0.4561,0.5,8,इसी के तहत एनसीपी ने महाराष्ट्र में प्रिया दत्त और राणे को समर्थन दिया है ।,-3.6,0.0,-25.4584,-11.4252,-12.6173,-25.4584,-7.5172,1
train-s10275,मनमोहन सिंह के नेतृत्व वाली नई सरकार ने पूर्व राजनयिक और रक्षा विशेषज्ञ जे. एन. दीक्षित को नया राष्ट्रीय सुरक्षा सलाहकार नियुक्त किया है ।,SOV,25,23,-0.0169,0.503,0.6154,16,जब हम गठबंधन की राजनीति कर रहे हैं तो हमें अपने सहयोगी दलों का भी ख्याल रखना होगा और यही गठबंधन राजनीति का धर्म है ।,-13.5652,0.0,-21.1854,-22.5695,-20.8389,-21.0985,-4.6011,1
train-s10276,पूर्व विदेश सचिव और पाकिस्तान व श्रीलंका में भारत के उच्चायुक्त रह चुके दीक्षित ब्रजेश मिश्र का स्थान लेंगे ।,SOV,20,1,0.1561,0.5035,0.8,20,मनमोहन सिंह के नेतृत्व वाली नई सरकार ने पूर्व राजनयिक और रक्षा विशेषज्ञ जे. एन. दीक्षित को नया राष्ट्रीय सुरक्षा सलाहकार नियुक्त किया है ।,-10.0,0.0,-13.7263,-7.0436,-7.2678,-9.5418,-4.6237,1
train-s10282,"उन्होंने मैक्सिको, चिली, जापान और ऑस्ट्रेलिया में राजनयिक के रूप में कार्य किया है ।",SOV,17,23,0.0917,0.4677,0.45,9,पूर्व विदेश सचिव और पाकिस्तान व श्रीलंका में भारत के उच्चायुक्त रह चुके दीक्षित ब्रजेश मिश्र का स्थान लेंगे ।,-2.087,1.0435,-12.995,-3.9104,-4.5358,-13.0437,-4.5807,1
train-s10286,कांग्रेस अध्यक्ष सोनिया गांधी अखिल भारतीय कांग्रेस कमेटी (एआईसीसी) के पुनर्गठन के लिए वरिष्ठ नेताओं से मंत्रणा कर रही हैं ।,SOV,23,23,0.0431,0.4377,0.5882,10,"उन्होंने मैक्सिको, चिली, जापान और ऑस्ट्रेलिया में राजनयिक के रूप में कार्य किया है ।",-8.8696,0.0,-9.894,-13.6639,-14.9238,-9.894,-0.8883,1
train-s10287,इससे पहले कांग्रेस अध्यक्ष पुनर्गठन के काम को अंतिम रूप दे देना चाहती हैं ।,SOV,15,5,0.0629,0.4903,0.3913,9,कांग्रेस अध्यक्ष सोनिया गांधी अखिल भारतीय कांग्रेस कमेटी (एआईसीसी) के पुनर्गठन के लिए वरिष्ठ नेताओं से मंत्रणा कर रही हैं ।,7.2,1.2,-17.6028,-8.4583,-4.9897,-16.7216,-5.477,1
train-s10299,अमरिंदर सिंह खेमे द्वारा लोकसभा चुनाव में पार्टी की हार का ठीकरा उनके सिर फोड़े जाने से खफा होकर कल अपरान्ह दिल्ली पंहुची भट्ठल ने दिल्ली में बैठे केंद्रीय नेताओं के सामने अपनी सफाई देनी शुरू कर दी है ।,SOV,40,23,0.0561,0.4603,0.8,12,इससे पहले कांग्रेस अध्यक्ष पुनर्गठन के काम को अंतिम रूप दे देना चाहती हैं ।,-39.6522,0.0,-29.8456,-18.6613,-16.8303,-29.8456,-4.5123,1
train-s10301,भट्ठल ने हार के लिए कारण गिनाते हुए कहा कि इसके लिए मुख्यमंत्री अमरिंदर सिंह का निरंकुश शासन और उनकी एकला चलो रे की नीति ही सबसे बड़ा कारण रही ।,SOV,31,1,0.0456,0.4982,0.55,22,अमरिंदर सिंह खेमे द्वारा लोकसभा चुनाव में पार्टी की हार का ठीकरा उनके सिर फोड़े जाने से खफा होकर कल अपरान्ह दिल्ली पंहुची भट्ठल ने दिल्ली में बैठे केंद्रीय नेताओं के सामने अपनी सफाई देनी शुरू कर दी है ।,4.0,0.0,4.6608,-2.9468,-2.9262,2.8755,-0.4806,1
train-s10302,"सूत्रों के अनुसार, भट्ठल ने केंद्रीय नेताओं को बताया कि उन्होंने तो अमरिंदर सिंह के रवैये को देखते हुए पार्टी हाईकमान को लोकसभा चुनाव से पहले ही हार की आशंका जाहिर की थी ।",SOV,35,5,-0.031,0.5581,0.5484,17,भट्ठल ने हार के लिए कारण गिनाते हुए कहा कि इसके लिए मुख्यमंत्री अमरिंदर सिंह का निरंकुश शासन और उनकी एकला चलो रे की नीति ही सबसे बड़ा कारण रही ।,-1.2,0.0,-10.1392,-6.7589,-5.6948,-9.1299,-3.6933,1
train-s10304,वे कुछ और केंद्रीय नेताओं से भी मिलने वाली हैं ।,SOV,11,1,-0.026,0.5223,0.5714,20,"सूत्रों के अनुसार, भट्ठल ने केंद्रीय नेताओं को बताया कि उन्होंने तो अमरिंदर सिंह के रवैये को देखते हुए पार्टी हाईकमान को लोकसभा चुनाव से पहले ही हार की आशंका जाहिर की थी ।",5.0,2.0,-6.7431,-5.5816,-5.3412,-6.7431,-3.96,1
train-s10309,जबकि भट्ठल खेमा मुख्यमंत्री की कार्यशैली को लेकर जनता में फैले रोष को मुख्य कारण के रूप में पेश कर रहा है ।,SOV,23,99,-0.1014,0.5242,0.6364,7,वे कुछ और केंद्रीय नेताओं से भी मिलने वाली हैं ।,4.3535,0.0,-22.5715,-16.5995,-15.5815,-22.5715,-7.7416,1
train-s1031,सुप्रीम कोर्ट ने बुधवार को पटना हाई कोर्ट से राजद सुप्रीमो और रेलवे मंत्री लालू प्रसाद यादव और अन्य के खिलाफ चारा घोटाला मामले की सुनवाई के लिए विशेष सीबीआई जज मुन्नीलाल पासवान की नियुक्ति की विस्तृत जानकारी देने को कहा है ।,SOV,43,99,-0.0805,0.5127,0.6154,8,इसके बाद कोर्ट ने मामले की सुनवाई सोमवार तक स्थगित कर दी ।,34.3333,0.0,-11.8367,-10.0722,-13.4743,-11.8364,-3.7151,1
train-s10317,इस बीच सूत्रों ने बताया है कि भारतीय क्रिकेट कंट्रोल बोर्ड ने चैपल से पूछा है कि आखिर हुआ क्या था ।,SOV,22,1,0.0428,0.4911,0.6522,15,जबकि भट्ठल खेमा मुख्यमंत्री की कार्यशैली को लेकर जनता में फैले रोष को मुख्य कारण के रूप में पेश कर रहा है ।,0.0,0.0,-16.4659,0.4351,2.1836,-16.6787,-5.9437,1
train-s10318,भारतीय टीम के मीडिया मैनेजर विंग कमांडर एम. बालादित्य ने पत्रकारों को बताया कि उन्होंने खुद चैपल से बात की है ।,SOV,22,1,-0.1228,0.5153,0.5909,13,इस बीच सूत्रों ने बताया है कि भारतीय क्रिकेट कंट्रोल बोर्ड ने चैपल से पूछा है कि आखिर हुआ क्या था ।,-8.0,0.0,-10.899,-7.1899,-5.002,-8.6182,-3.0395,1
train-s10319,चैपल ने उन्हें बताया कि बृहस्पतिवार को खिलाड़ियों को फील्डिंग की प्रैक्टिस कराते वक्त उनकी उंगली में चोट लग गई थी ।,SOV,22,1,0.0913,0.4706,0.6364,14,भारतीय टीम के मीडिया मैनेजर विंग कमांडर एम. बालादित्य ने पत्रकारों को बताया कि उन्होंने खुद चैपल से बात की है ।,-1.0,-2.0,-5.989,-9.1063,-8.5153,-2.9222,-0.1153,1
train-s1032,"जस्टिस एस. एन. वरियावा, जस्टिस ए. आर. लक्ष्मण और जस्टिस एस. एच. कपाड़िया वाली खंडपीठ ने पासवान की वार्षिक गोपनीय रिपोर्ट भी मांगी है ।",SOV,26,1,0.0523,0.5276,0.5814,25,सुप्रीम कोर्ट ने बुधवार को पटना हाई कोर्ट से राजद सुप्रीमो और रेलवे मंत्री लालू प्रसाद यादव और अन्य के खिलाफ चारा घोटाला मामले की सुनवाई के लिए विशेष सीबीआई जज मुन्नीलाल पासवान की नियुक्ति की विस्तृत जानकारी देने को कहा है ।,-11.0,0.0,-14.7394,-9.3712,-12.4117,-17.5874,-5.4317,1
train-s10320,इसीलिए बस में सवार होते हुए वह उंगली सीधी किए हुए थे ।,SOV,13,99,0.0003,0.5218,0.4091,9,चैपल ने उन्हें बताया कि बृहस्पतिवार को खिलाड़ियों को फील्डिंग की प्रैक्टिस कराते वक्त उनकी उंगली में चोट लग गई थी ।,-4.2424,0.9495,-23.4426,-0.5203,-0.8748,-24.9925,-4.3095,1
train-s10326,चैपल के इशारे को कैमरे में कैद करने वाले एक स्थानीय प्रोडक्शन हाउस ने वीडियो क्लिप को अपने कार्यक्रम 'दस मिनट का खेल' में दिखाया था ।,SOV,29,5,0.0073,0.5326,0.3077,4,इसीलिए बस में सवार होते हुए वह उंगली सीधी किए हुए थे ।,-6.0,0.0,-0.6171,-9.0976,-8.9662,-0.6171,-3.0053,1
train-s10329,वाम दलों ने मध्यावधि चुनाव के प्रति यूपीए सरकार को चेतावनी दी है ।,SOV,14,23,0.0603,0.48,0.6207,18,चैपल के इशारे को कैमरे में कैद करने वाले एक स्थानीय प्रोडक्शन हाउस ने वीडियो क्लिप को अपने कार्यक्रम 'दस मिनट का खेल' में दिखाया था ।,-3.6522,0.0,-26.1098,-13.9171,-13.7499,-26.1098,-2.888,1
train-s10332,वहीं माकपा ने कहा कि सरकार कुछ भी कर सकती है ।,SOV,12,1,-0.1343,0.506,0.6429,9,वाम दलों ने मध्यावधि चुनाव के प्रति यूपीए सरकार को चेतावनी दी है ।,1.0,0.0,-8.0212,-1.8011,0.3508,-8.1086,-0.9997,1
train-s10335,मीडिया के एक वर्ग में उठ रहे मध्यावधि चुनाव के मसले पर वर्द्धन ने कहा कि यह सब बेकार की अटकलबाजी है ।,SOV,23,5,-0.1735,0.5449,0.5833,7,वहीं माकपा ने कहा कि सरकार कुछ भी कर सकती है ।,-3.6,0.0,-8.8961,0.372,-0.6699,-7.6145,-5.1091,1
train-s10348,डूंगरपुर ने चैपल - गांगुली विवाद को अपूर्व करार देते हुए कहा कि इसका एकमात्र समाधान कप्तान का इस्तीफा है ।,SOV,21,1,-0.0457,0.4857,0.7826,18,मीडिया के एक वर्ग में उठ रहे मध्यावधि चुनाव के मसले पर वर्द्धन ने कहा कि यह सब बेकार की अटकलबाजी है ।,7.0,0.0,8.749,1.5883,1.9171,8.7402,-1.0025,1
train-s10354,वहीं डालमिया ने डूंगरपुर द्वारा लगाए गए आरोपों पर टिथी करने से इनकार कर दिया ।,SOV,16,23,-0.0271,0.4768,0.619,13,डूंगरपुर ने चैपल - गांगुली विवाद को अपूर्व करार देते हुए कहा कि इसका एकमात्र समाधान कप्तान का इस्तीफा है ।,3.6522,0.0,-22.4596,-17.0803,-17.4168,-24.4208,-8.9863,1
train-s10356,"तमिलनाडु के नेताजी क्रिकेट क्लब, राजस्थान और बिहार क्रिकेट एसोसिएशनों ने सोमवार को अदालत में याचिका दाखिल कर कोलकाता हाईकोर्ट द्वारा २३ सितंबर को सुनाए गए आदेश को चुनौती दी है ।",SOV,33,23,-0.3927,0.5835,0.3125,5,वहीं डालमिया ने डूंगरपुर द्वारा लगाए गए आरोपों पर टिथी करने से इनकार कर दिया ।,-15.6522,0.0,-17.9733,-15.8479,-14.4215,-17.9733,-6.8265,1
train-s10359,"हाईकोर्ट ने अपने निर्णय में दो पर्यवेक्षकों को हटाते हुए केवल न्यायमूर्ति एस. पी. सेन को बीसीसीआई चुनाव करवाने का दायित्व सौंप दिया है, जबकि याचिकाकर्ता चाहते हैं कि हाईकोर्ट की एक सदस्यीय पीठ द्वारा सुनाए गए निर्णय को ही क़ायम रखा जाए ।",SOV,45,23,-0.0377,0.5326,0.5152,17,"तमिलनाडु के नेताजी क्रिकेट क्लब, राजस्थान और बिहार क्रिकेट एसोसिएशनों ने सोमवार को अदालत में याचिका दाखिल कर कोलकाता हाईकोर्ट द्वारा २३ सितंबर को सुनाए गए आदेश को चुनौती दी है ।",3.6522,0.0,1.0151,-1.4727,-2.0359,2.2736,-5.6879,1
train-s10360,एक सदस्यीय पीठ ने ही तीन पर्यवेक्षकों को चुनाव कराने के लिए अधिकृत किया था ।,SOV,16,23,-0.0219,0.5021,0.4889,22,"हाईकोर्ट ने अपने निर्णय में दो पर्यवेक्षकों को हटाते हुए केवल न्यायमूर्ति एस. पी. सेन को बीसीसीआई चुनाव करवाने का दायित्व सौंप दिया है, जबकि याचिकाकर्ता चाहते हैं कि हाईकोर्ट की एक सदस्यीय पीठ द्वारा सुनाए गए निर्णय को ही क़ायम रखा जाए ।",-5.7391,0.0,-12.4466,-7.9398,-6.2344,-11.1466,-2.3745,1
train-s10375,अन्नाद्रमुक के सदस्यों को सदन से बाहर किए जाने के बाद स्पीकर ने कहा कि अन्नाद्रमुक सदस्यों को पूरे सत्र के लिए निष्कासित किया गया है ।,SOV,27,1,-0.0766,0.4824,0.625,10,एक सदस्यीय पीठ ने ही तीन पर्यवेक्षकों को चुनाव कराने के लिए अधिकृत किया था ।,-9.0,0.0,1.1053,-2.7366,-4.3462,1.1019,-2.5736,1
train-s10379,शुक्रवार को जब सदन की कार्यवाही शुरू हुई तो कांग्रेस सदस्य पीटर अल्फांसो राज्यपाल के अभिभाषण पर धन्यवाद प्रस्ताव पर चर्चा का जवाब दे रहे थे ।,SOV,27,99,-0.0612,0.5193,0.6667,18,अन्नाद्रमुक के सदस्यों को सदन से बाहर किए जाने के बाद स्पीकर ने कहा कि अन्नाद्रमुक सदस्यों को पूरे सत्र के लिए निष्कासित किया गया है ।,-13.4141,1.0202,-36.4472,-12.4877,-13.1883,-36.4502,-4.4472,1
train-s10381,इस पर अल्फांसो ने कहा कि वह अपना भाषण पूरा कर लें इसके बाद सदस्य मुद्दा उठाएं ।,SOV,18,1,0.1344,0.5206,0.7037,19,शुक्रवार को जब सदन की कार्यवाही शुरू हुई तो कांग्रेस सदस्य पीटर अल्फांसो राज्यपाल के अभिभाषण पर धन्यवाद प्रस्ताव पर चर्चा का जवाब दे रहे थे ।,0.0,2.0,-4.0605,3.9498,1.6344,-4.0146,0.0459,1
train-s10383,तमिलनाडु की चेंगलपेट अदालत ने शंकररमन हत्याकांड में आज कनिष्ठ शंकराचार्य विजयेंद्र सरस्वती की जमानत याचिका खारिज कर दी ।,SOV,20,99,-0.0538,0.5189,0.5556,10,इस पर अल्फांसो ने कहा कि वह अपना भाषण पूरा कर लें इसके बाद सदस्य मुद्दा उठाएं ।,-3.7576,0.0,-26.5283,-18.9531,-18.5887,-23.4171,-6.4603,1
train-s10384,इसी मामले में सत्र न्यायालय ने अन्य दो अभियुक्त विजयेंद्र के भाई आर. रघु और मठ के मैनेजर सुंदर्शा अय्यर की जमानत याचिका भी अस्वीकार कर दी है ।,SOV,29,23,-0.0523,0.5105,0.65,13,तमिलनाडु की चेंगलपेट अदालत ने शंकररमन हत्याकांड में आज कनिष्ठ शंकराचार्य विजयेंद्र सरस्वती की जमानत याचिका खारिज कर दी ।,4.6957,0.0,-18.7874,-12.8531,-12.6316,-16.5463,-2.5924,1
train-s1039,बुनकरों और किसानों की जनसभा को संबोधित करने आए राज बब्बर ने पत्रकारों से कहा कि किसानों और बेरोजगार युवकों की समस्याओं पर तुरंत ध्यान देने की जरूरत है ।,SOV,30,1,-0.2033,0.5453,0.3077,8,"जस्टिस एस. एन. वरियावा, जस्टिस ए. आर. लक्ष्मण और जस्टिस एस. एच. कपाड़िया वाली खंडपीठ ने पासवान की वार्षिक गोपनीय रिपोर्ट भी मांगी है ।",-10.0,0.0,-4.285,-3.9148,-2.2284,-4.3476,0.1636,1
train-s10391,वैसे अदालत ने रिमांड पर फिर से सुनवाई के लिए बृहस्पतिवार को समय दे दिया है ।,SOV,17,99,-0.0652,0.4605,0.6207,18,इसी मामले में सत्र न्यायालय ने अन्य दो अभियुक्त विजयेंद्र के भाई आर. रघु और मठ के मैनेजर सुंदर्शा अय्यर की जमानत याचिका भी अस्वीकार कर दी है ।,1.1515,1.0202,-7.5829,-1.0833,0.4701,-7.6426,-2.5234,1
train-s10392,इस मामले के दूसरे आरोपी त्रिलोकी सिंह को दिल्ली पुलिस ने आज यूपी के हवाले कर दिया ।,IOSV,18,23,0.0062,0.5051,0.7059,12,वैसे अदालत ने रिमांड पर फिर से सुनवाई के लिए बृहस्पतिवार को समय दे दिया है ।,-8.8696,0.0,-18.3998,-7.4442,-6.9266,-18.3611,-0.6072,1
train-s10396,वे ३१ दिसंबर को रैली को संबोधित करेंगे ।,SOV,9,23,-0.1147,0.542,0.5,9,इस मामले के दूसरे आरोपी त्रिलोकी सिंह को दिल्ली पुलिस ने आज यूपी के हवाले कर दिया ।,-0.5217,1.0435,-18.0066,-11.8194,-12.18,-18.8008,-5.7075,1
train-s1040,समाजवादी मोर्चा इस ओर सरकार का ध्यान खींचने का काम करेगा ।,SOV,12,1,-0.0029,0.5544,0.5,15,बुनकरों और किसानों की जनसभा को संबोधित करने आए राज बब्बर ने पत्रकारों से कहा कि किसानों और बेरोजगार युवकों की समस्याओं पर तुरंत ध्यान देने की जरूरत है ।,6.0,0.0,-6.1544,-11.723,-9.2358,-6.4027,0.0309,1
train-s10401,आयोग ने यहां जारी विज्ञप्ति में बताया कि इन लड़कियों के पिता और बीएसएफ के हेड कांस्टेबल के आयोग से मदद मांगने पर राष्ट्रीय मानवाधिकार आयोग (एनएचआरसी) का जांच दल घटनास्थल पर भेजा गया ।,SOV,37,5,0.1962,0.5637,0.4444,4,वे ३१ दिसंबर को रैली को संबोधित करेंगे ।,1.2,-1.2,-16.9867,-6.6223,-4.2002,-16.9867,-3.6622,1
train-s10403,"इसके बाद आयोग ने जांच दल वाराणसी, अमृतसर, किशनगंज और मुंबई भेजा ।",SOV,15,23,0.1031,0.508,0.5946,22,आयोग ने यहां जारी विज्ञप्ति में बताया कि इन लड़कियों के पिता और बीएसएफ के हेड कांस्टेबल के आयोग से मदद मांगने पर राष्ट्रीय मानवाधिकार आयोग (एनएचआरसी) का जांच दल घटनास्थल पर भेजा गया ।,7.8261,1.0435,-9.9396,-2.0579,-0.5392,-4.6853,-3.2501,1
train-s10406,इसके बाद जांच दल ने लड़कियों के पिता को इसकी इत्तला दी और उन्हें उनकी बेटी सौंप दी गई ।,SOV,20,23,-0.2404,0.5242,0.3333,5,"इसके बाद आयोग ने जांच दल वाराणसी, अमृतसर, किशनगंज और मुंबई भेजा ।",0.5217,1.0435,-13.1536,-2.0632,-2.4252,-10.2993,-4.4252,1
train-s1041,लाभ के पद मामले में सोनिया गांधी समेत कई सांसदों के इस्तीफों पर बब्बर ने कहा कि लाभ के पद की स्पष्ट व्याख्या से ही इस मुद्दे पर जारी संशय की स्थिति खत्म हो सकेगी ।,SOV,36,23,0.0189,0.4777,0.6667,8,समाजवादी मोर्चा इस ओर सरकार का ध्यान खींचने का काम करेगा ।,-3.6522,0.0,-11.6383,-2.2115,-0.709,-11.6383,0.2569,1
train-s10412,मंत्री ने आगे कहा कि 'मुख्यमंत्री का झुकाव वैज्ञानिक गतिविधियों की ओर अधिक है और नई टेकनोलॉजी में उनकी विशेष रुचि है ।,SOV,24,1,0.0198,0.4815,0.45,9,इसके बाद जांच दल ने लड़कियों के पिता को इसकी इत्तला दी और उन्हें उनकी बेटी सौंप दी गई ।,-1.0,0.0,-7.5269,-0.5742,-0.2436,-7.414,-2.6241,1
train-s10419,केंद्र सरकार की चिंता इससे भी बढ़ी है कि नक्सली यहां नई - नई वारदातों को अंजाम देने के साथ ही नेपाल के माओवादियों के साथ पेंगें बढ़ा रहे हैं ।,SOV,31,1,0.115,0.5312,0.6667,16,मंत्री ने आगे कहा कि 'मुख्यमंत्री का झुकाव वैज्ञानिक गतिविधियों की ओर अधिक है और नई टेकनोलॉजी में उनकी विशेष रुचि है ।,-2.0,-2.0,1.0934,3.2871,3.4614,1.0809,1.639,1
train-s10421,जबकि बदले में नेपाली माओवादियों से भारत के नक्सलियों को हथियार मिल रहे हैं ।,IOSV,15,99,0.0863,0.5053,0.5806,18,केंद्र सरकार की चिंता इससे भी बढ़ी है कि नक्सली यहां नई - नई वारदातों को अंजाम देने के साथ ही नेपाल के माओवादियों के साथ पेंगें बढ़ा रहे हैं ।,2.1818,0.0,-9.4867,-6.8608,-9.2635,-9.5834,-8.0631,1
train-s10429,सीबीआई ने केंद्रीय उत्पाद विभाग के संयुक्त आयुक्त उमेश गोयल को रिश्वत लेने के आरोप में गिरफ्तार किया है ।,SOV,20,23,-0.0165,0.5452,0.4667,7,जबकि बदले में नेपाली माओवादियों से भारत के नक्सलियों को हथियार मिल रहे हैं ।,-3.6522,0.0,-29.4414,-13.2908,-13.7684,-29.4414,-6.7915,1
train-s10433,राष्ट्रपति 30 दिसंबर को अपनी बिहार यात्रा के दौरान दरभंगा की ललित नारायण मिथला यूनीवर्सिटी और पटना में पटना विश्वविद्यालय के दीक्षांत समारोह को संबोधित करेंगे ।,SOV,27,99,-0.0256,0.5058,0.75,15,सीबीआई ने केंद्रीय उत्पाद विभाग के संयुक्त आयुक्त उमेश गोयल को रिश्वत लेने के आरोप में गिरफ्तार किया है ।,13.2929,0.0,-15.6427,-14.6902,-15.4275,-16.4127,-5.6585,1
train-s10442,यह बात मंगलवार को यहां प्रदेश के दो मंत्रियों किरणपाल कश्यप और धर्मपाल कश्यप ने पत्रकारों से कही ।,DOSV,19,99,0.2738,0.5196,0.5556,15,राष्ट्रपति 30 दिसंबर को अपनी बिहार यात्रा के दौरान दरभंगा की ललित नारायण मिथला यूनीवर्सिटी और पटना में पटना विश्वविद्यालय के दीक्षांत समारोह को संबोधित करेंगे ।,9.1919,0.0101,-7.3965,-0.0118,-0.7894,-7.4463,-1.217,1
train-s1045,अपने चचेरे भाई और शिवसेना के कार्यकारी अध्यक्ष उद्धव ठाकरे से खफा राज ठाकरे ने शिवसेना सुप्रीमो बाल ठाकरे को कड़ा लिखा और पूछा कि मालवण की हार के लिए जिम्मेदार कौन है?,SOV,34,5,0.0286,0.4985,0.6944,25,लाभ के पद मामले में सोनिया गांधी समेत कई सांसदों के इस्तीफों पर बब्बर ने कहा कि लाभ के पद की स्पष्ट व्याख्या से ही इस मुद्दे पर जारी संशय की स्थिति खत्म हो सकेगी ।,-16.8,0.0,-1.7556,-4.5086,-1.9351,-1.7556,-2.4958,1
train-s10450,"सरकार ने रोटी, कपड़ा, मकान, स्वास्थ्य और शिक्षा को अपनी प्राथमिकताओं में शामिल किया है ।",SOV,19,23,-0.041,0.4677,0.4737,9,यह बात मंगलवार को यहां प्रदेश के दो मंत्रियों किरणपाल कश्यप और धर्मपाल कश्यप ने पत्रकारों से कही ।,-5.2174,0.0,-12.4736,-10.8989,-9.6725,-12.4458,-6.3996,1
train-s10454,भारत और अमेरिका ने कृषि में द्विपक्षीय सहयोग के लिए कई क्षेत्रों को चिन्हित किया है ।,SOV,17,99,0.1157,0.4444,0.7368,14,"सरकार ने रोटी, कपड़ा, मकान, स्वास्थ्य और शिक्षा को अपनी प्राथमिकताओं में शामिल किया है ।",-5.0202,0.0,-23.0398,-18.3247,-18.5581,-21.3876,-3.2432,1
train-s10456,60 के दशक में विश्वविख्यात अमेरिकी कृषि वैज्ञानिक नॉर्मन बॉरलॉग ने भारत में हरित क्रांति का सूत्रपात करने में उल्लेखनीय योगदान दिया था ।,SOV,24,23,0.0105,0.4702,0.7059,12,भारत और अमेरिका ने कृषि में द्विपक्षीय सहयोग के लिए कई क्षेत्रों को चिन्हित किया है ।,-2.6087,0.0,-6.616,-5.5764,-6.7766,-5.369,-3.4458,1
train-s10460,करीब 23 अमेरिकी विश्वविद्यालयों ने भारत के 39 कृषि विश्वविद्यालयों और कृषि संस्थानों के साथ सहयोग की इच्छा जताई है ।,SOV,21,5,0.1392,0.533,0.4583,11,60 के दशक में विश्वविख्यात अमेरिकी कृषि वैज्ञानिक नॉर्मन बॉरलॉग ने भारत में हरित क्रांति का सूत्रपात करने में उल्लेखनीय योगदान दिया था ।,-2.4,0.0,-22.3934,-16.9842,-19.1443,-19.6331,-3.0134,1
train-s10468,इस मामले में पंचमहल के पुलिस अधीक्षक जे. के. भट्ट ने बताया कि वह वहां पर अधिकारियों की एक टीम भेज रहे हैं ।,SOV,24,1,0.0727,0.4964,0.5714,12,करीब 23 अमेरिकी विश्वविद्यालयों ने भारत के 39 कृषि विश्वविद्यालयों और कृषि संस्थानों के साथ सहयोग की इच्छा जताई है ।,5.0,0.0,-4.1449,3.0388,0.6559,-3.9771,-1.2768,1
train-s10469,इस टीम से मिली जानकारी के आधार पर ही वह कुछ बता सकते हैं ।,SOV,15,5,0.0026,0.5528,0.4583,11,इस मामले में पंचमहल के पुलिस अधीक्षक जे. के. भट्ट ने बताया कि वह वहां पर अधिकारियों की एक टीम भेज रहे हैं ।,-9.6,-1.2,-11.4447,-5.8093,-5.4269,-7.3969,-1.7368,1
train-s1047,दूसरी तरफ महाराष्ट्र में शिवसेना की जड़ें उखाड़ने की फिराक में लगी कांग्रेस इस विवाद को सुनहरे मौके की तरह देख रही है ।,SOV,24,23,-0.0243,0.5166,0.6176,21,अपने चचेरे भाई और शिवसेना के कार्यकारी अध्यक्ष उद्धव ठाकरे से खफा राज ठाकरे ने शिवसेना सुप्रीमो बाल ठाकरे को कड़ा लिखा और पूछा कि मालवण की हार के लिए जिम्मेदार कौन है?,-1.0435,0.0,-2.6058,0.116,-2.5855,-2.6058,-3.2265,1
train-s10470,सीतलवाड़ सुप्रीम कोर्ट सहित विभिन्न अदालतों में दंगा पीड़ितों के हक की लड़ाई लड़ रही हैं ।,SOV,17,23,0.0562,0.4821,0.6,9,इस टीम से मिली जानकारी के आधार पर ही वह कुछ बता सकते हैं ।,7.8261,0.0,-14.9959,-7.4452,-7.2997,-14.9959,-2.4559,1
train-s1048,लगे हाथ कांग्रेस ने राज ठाकरे को पार्टी में शामिल होने का न्यौता भी दे दिया ।,SOV,17,23,0.1041,0.513,0.5417,13,दूसरी तरफ महाराष्ट्र में शिवसेना की जड़ें उखाड़ने की फिराक में लगी कांग्रेस इस विवाद को सुनहरे मौके की तरह देख रही है ।,8.3478,0.0,0.3931,-8.0469,-10.5341,-2.0591,0.6524,1
train-s10480,इसके मद्देनजर मंत्रालय को आनन - फानन में विदेशों से बर्ड फ्लू की दस लाख टेबलेट खरीदनी पड़ी ।,SOV,19,99,0.0636,0.601,0.5294,9,सीतलवाड़ सुप्रीम कोर्ट सहित विभिन्न अदालतों में दंगा पीड़ितों के हक की लड़ाई लड़ रही हैं ।,8.5253,1.0404,-5.2242,0.2095,1.3023,-5.2242,-2.3736,1
train-s10483,उन्होंने घोषणाएं तो बड़ी - बड़ी कीं लेकिन पूरी वे अगले साल ही हो पाएंगी ।,SOV,16,5,0.188,0.5002,0.3158,6,इसके मद्देनजर मंत्रालय को आनन - फानन में विदेशों से बर्ड फ्लू की दस लाख टेबलेट खरीदनी पड़ी ।,2.4,1.2,0.0067,6.8968,6.6817,-0.7841,-1.4127,1
train-s10485,बाद में उन्होंने एमबीबीएस पाठ्यक्रम में आयुर्वेद पढ़ाने की घोषणा कर डाली तो इंडियन मेडिकल एसोसिएशन ने मंत्री के खिलाफ मोर्चा खोल दिया ।,SOV,24,23,0.0217,0.464,0.4375,7,उन्होंने घोषणाएं तो बड़ी - बड़ी कीं लेकिन पूरी वे अगले साल ही हो पाएंगी ।,-19.3043,1.0435,-23.9139,-11.2692,-10.2077,-23.9139,-6.1789,1
train-s10497,सुप्रीम कोर्ट ने मध्यप्रदेश के जंजगीर चम्पा जिले के पंचायत शिक्षाकर्मियों के चयन के मामले में हाईकोर्ट के निर्णय को सही करार दिया है ।,SOV,25,23,0.055,0.4887,0.5,12,बाद में उन्होंने एमबीबीएस पाठ्यक्रम में आयुर्वेद पढ़ाने की घोषणा कर डाली तो इंडियन मेडिकल एसोसिएशन ने मंत्री के खिलाफ मोर्चा खोल दिया ।,-6.2609,0.0,-24.5598,-16.1747,-15.9168,-22.7375,-7.012,1
train-s10501,पर बाद में कुछ शिकायतों पर कलेक्टर ने जांच की नियुक्तियां निरस्त कर दीं ।,SOV,15,99,0.0581,0.5167,0.64,16,सुप्रीम कोर्ट ने मध्यप्रदेश के जंजगीर चम्पा जिले के पंचायत शिक्षाकर्मियों के चयन के मामले में हाईकोर्ट के निर्णय को सही करार दिया है ।,1.6263,0.0,-12.3816,-12.5752,-16.8146,-12.3685,-3.4658,1
train-s10502,कलेक्टर के आदेश को याचियों ने हाईकोर्ट में चुनौती दी ।,IOSV,11,23,-0.1239,0.5375,0.6,9,पर बाद में कुछ शिकायतों पर कलेक्टर ने जांच की नियुक्तियां निरस्त कर दीं ।,-4.6957,0.0,-13.403,-6.8715,-4.8825,-11.0781,-3.0327,1
train-s10505,कार्यस्थलों पर अनुशासन बनाए रखना बेहद जरूरी है ।,SOV,9,1,-0.032,0.556,0.5455,6,कलेक्टर के आदेश को याचियों ने हाईकोर्ट में चुनौती दी ।,-3.0,0.0,-8.6928,-9.7399,-12.3396,-8.2336,3.4621,1
train-s10506,अब समय आ गया है कि कार्यस्थलों पर अनुशासन पर जोर दिया जाए ।,SOV,14,1,-0.0888,0.4393,0.6667,6,कार्यस्थलों पर अनुशासन बनाए रखना बेहद जरूरी है ।,0.0,2.0,-9.5946,-4.1518,-0.483,-9.5946,-2.4022,1
train-s10507,न्यायमूर्ति एस. बी. सिन्हा और जस्टिस पी. पी. नायलेकर की खंडपीठ ने कर्नाटक हाईकोर्ट के फैसले को चुनौती देने वाली होमवे गवडा शिक्षा ट्रस्ट व अन्य की अपील स्वीकार करते हुए हाईकोर्ट के फैसले को रद्द कर दिया और प्रवक्ता वैक्प्पा गावड़ा की बर्खास्तगी को उचित ठहराते हुए कहा कि उसे सही दंड दिया गया ।,SOV,56,23,0.0179,0.5251,0.7143,10,अब समय आ गया है कि कार्यस्थलों पर अनुशासन पर जोर दिया जाए ।,-25.0435,0.0,-25.6161,-25.9125,-21.4441,-25.5501,-6.4672,1
train-s10511,संस्थान में अनुशासन को बनाए रखना जरूरी है ।,SOV,9,1,-0.0194,0.4862,0.4464,25,न्यायमूर्ति एस. बी. सिन्हा और जस्टिस पी. पी. नायलेकर की खंडपीठ ने कर्नाटक हाईकोर्ट के फैसले को चुनौती देने वाली होमवे गवडा शिक्षा ट्रस्ट व अन्य की अपील स्वीकार करते हुए हाईकोर्ट के फैसले को रद्द कर दिया और प्रवक्ता वैक्प्पा गावड़ा की बर्खास्तगी को उचित ठहराते हुए कहा कि उसे सही दंड दिया गया ।,-5.0,0.0,-17.2406,-13.1616,-11.584,-17.1273,-0.3028,1
train-s10513,"अदालत ने हाईकोर्ट के फैसले के खिलाफ दायर याचिकाओं पर विचार करते हुए केंद्र सरकार, दिल्ली सरकार और बालिका शरणगृह 'निर्मल छाया' को नोटिस जारी किए हैं ।",SOV,31,99,0.1836,0.4307,0.7778,7,संस्थान में अनुशासन को बनाए रखना जरूरी है ।,-13.5556,0.0,-33.6754,-17.7516,-19.7285,-33.6754,-8.4691,1
train-s10519,दिल्ली हाईकोर्ट ने भाग कर शादी करने के मामले में अवयस्क पतियों के खिलाफ कार्रवाई करने में अपनी अक्षमता व्यक्त की थी ।,SOV,23,23,-0.0932,0.4804,0.4516,14,"अदालत ने हाईकोर्ट के फैसले के खिलाफ दायर याचिकाओं पर विचार करते हुए केंद्र सरकार, दिल्ली सरकार और बालिका शरणगृह 'निर्मल छाया' को नोटिस जारी किए हैं ।",-9.3913,0.0,-17.2937,-21.2287,-19.666,-13.9199,-5.8617,1
train-s10527,नई पार्टी गठित करके राजनीति की दूसरी पारी शुरू करने की कगार पर खड़ी उमा भारती ने रायबरेली संसदीय सीट पर होने वाले उपचुनाव में सोनिया को चुनौती देने के लिए भाजपा से समर्थन मांगा है ।,SOV,37,99,0.0372,0.5304,0.5652,13,दिल्ली हाईकोर्ट ने भाग कर शादी करने के मामले में अवयस्क पतियों के खिलाफ कार्रवाई करने में अपनी अक्षमता व्यक्त की थी ।,-28.9293,0.0,-17.5115,-13.5424,-12.3878,-17.4935,-4.3405,1
train-s10529,उमा भारती ने 'अमर उजाला' को बताया कि वह सोनिया गांधी के खिलाफ अपना प्रत्याशी उतारने का निश्चय कर चुकी हैं ।,SOV,24,1,0.0657,0.5008,0.5946,22,नई पार्टी गठित करके राजनीति की दूसरी पारी शुरू करने की कगार पर खड़ी उमा भारती ने रायबरेली संसदीय सीट पर होने वाले उपचुनाव में सोनिया को चुनौती देने के लिए भाजपा से समर्थन मांगा है ।,2.0,0.0,-7.3319,1.1707,5.9615,-3.4484,-1.5471,1
train-s10531,उमा ने संकेत देते हुए बताया कि प्रत्याशी सोनिया से अधिक शिक्षित हैं ।,SOV,14,1,-0.0167,0.5491,0.2917,7,उमा भारती ने 'अमर उजाला' को बताया कि वह सोनिया गांधी के खिलाफ अपना प्रत्याशी उतारने का निश्चय कर चुकी हैं ।,1.0,0.0,1.988,-4.5075,-3.4882,1.4136,-4.6862,1
train-s10536,साध्वी ने दावा किया कि ३० अप्रैल के बाद महज ९० दिन के भीतर ही वह छह राज्यों में अपनी पार्टी का जिला स्तर तक संगठन खड़ा कर देंगी ।,SOV,30,1,-0.0101,0.5376,0.4286,6,उमा ने संकेत देते हुए बताया कि प्रत्याशी सोनिया से अधिक शिक्षित हैं ।,-1.0,0.0,-25.4588,-19.8107,-15.2601,-23.9385,-5.6036,1
train-s10538,सांसद विकास निधि का जिक्र करते हुए उमा ने कहा कि यह सांसद विनाश निधि है ।,SOV,17,1,0.0351,0.4695,0.6667,20,साध्वी ने दावा किया कि ३० अप्रैल के बाद महज ९० दिन के भीतर ही वह छह राज्यों में अपनी पार्टी का जिला स्तर तक संगठन खड़ा कर देंगी ।,-5.0,0.0,3.6183,2.7836,-3.0841,3.5996,0.6393,1
train-s10542,आडवाणी उमा भारती और अनंत कुमार को महासचिव बना सकते हैं ।,SOV,12,5,-0.0569,0.5418,0.5294,9,सांसद विकास निधि का जिक्र करते हुए उमा ने कहा कि यह सांसद विनाश निधि है ।,0.0,0.0,-4.9996,-0.3984,-2.7623,-9.8892,0.2721,1
train-s10544,इधर कुछेक समाचार में पार्टी के वरिष्ठ नेता मुरली मनोहर जोशी की टिप्पणियों को पार्टी ने गंभीरता से लिया है ।,DOSV,21,23,-0.1519,0.5123,0.25,3,आडवाणी उमा भारती और अनंत कुमार को महासचिव बना सकते हैं ।,-7.3043,0.0,-13.3496,-3.4279,-1.4663,-13.3496,-2.127,1
train-s10547,उनके अलावा वेंकैया नायडू ने भी उन्हें इस घटनाक्रम से अवगत करा दिया था ।,SOV,15,99,0.1288,0.5284,0.5714,12,इधर कुछेक समाचार में पार्टी के वरिष्ठ नेता मुरली मनोहर जोशी की टिप्पणियों को पार्टी ने गंभीरता से लिया है ।,-3.0,0.9899,-26.3849,-25.2403,-24.8299,-26.3849,-5.7342,1
train-s10557,उनकी मृत्यु पर आस्ट्रेलिया के प्रधानमंत्री जॉन हॉवर्ड समेत कई लोगों ने शोक व्यक्त किया है ।,SOV,17,99,-0.2038,0.555,0.3333,5,उनके अलावा वेंकैया नायडू ने भी उन्हें इस घटनाक्रम से अवगत करा दिया था ।,-8.8788,0.0,-29.4583,-25.8462,-25.5485,-29.4583,-4.2964,1
train-s10561,प्रधानमंत्री जॉन हॉवर्ड ने अपने शोक संदेश में उन्हें एक महान आस्ट्रेलियाई बताया ।,SOV,14,23,-0.0983,0.4727,0.6471,11,उनकी मृत्यु पर आस्ट्रेलिया के प्रधानमंत्री जॉन हॉवर्ड समेत कई लोगों ने शोक व्यक्त किया है ।,-3.1304,0.0,-10.1637,-2.7714,-1.8917,-5.1045,-3.0416,1
train-s10562,धन कुबेर होने के बावजूद वह आम आदमी की भाषा बोलते थे ।,SOV,13,5,-0.0734,0.5105,0.5714,8,प्रधानमंत्री जॉन हॉवर्ड ने अपने शोक संदेश में उन्हें एक महान आस्ट्रेलियाई बताया ।,-1.2,-1.2,-7.7612,-7.1502,-5.9785,-7.7612,-3.1026,1
train-s10567,अंतर्राष्ट्रीय कुल्लू दशहरे में आए सैलानियों को भी देसी तकनीक पर आधारित ये उपकरण खासा रिझा रहे हैं ।,DOSV,19,5,0.233,0.4616,0.4615,6,धन कुबेर होने के बावजूद वह आम आदमी की भाषा बोलते थे ।,-8.4,0.0,2.9554,-1.6007,0.1925,2.9554,-1.456,1
train-s10569,कुल्लू के सरवरी बाजार में पीडब्लूडी में अपर अभियंता की नौकरी छोड़ कर ऐसे ही उपकरणों के निर्माण कार्य में लग गए देवभूमि शीट मेटल इंडस्ट्री के मालिक रामकिशन शर्मा दावा करते हैं कि पहाड़ों में खासतौर से बर्फ के मौसम में जब सर्दी का प्रकोप चरम पर होता है और पारा कई डिग्री नीचे लुढ़क जाता है तो ऐसे में इलेक्ट्रॉनिक भी फेल हो जाते हैं ।,SOV,68,1,0.0655,0.5335,0.3158,6,अंतर्राष्ट्रीय कुल्लू दशहरे में आए सैलानियों को भी देसी तकनीक पर आधारित ये उपकरण खासा रिझा रहे हैं ।,-29.0,0.0,-9.074,-15.0412,-17.5998,-3.6699,-5.4098,1
train-s10572,इसके बारे में शर्मा बताते हैं कि इसमें सिर्फ छह मिनट तक रद्दी या कोयला डालकर आग की व्यवस्था करनी होती है ।,SOV,23,1,0.0663,0.5132,0.6324,43,कुल्लू के सरवरी बाजार में पीडब्लूडी में अपर अभियंता की नौकरी छोड़ कर ऐसे ही उपकरणों के निर्माण कार्य में लग गए देवभूमि शीट मेटल इंडस्ट्री के मालिक रामकिशन शर्मा दावा करते हैं कि पहाड़ों में खासतौर से बर्फ के मौसम में जब सर्दी का प्रकोप चरम पर होता है और पारा कई डिग्री नीचे लुढ़क जाता है तो ऐसे में इलेक्ट्रॉनिक भी फेल हो जाते हैं ।,-2.0,2.0,0.3632,1.5107,0.0807,-3.4287,0.6698,1
train-s10589,उन्होंने रामायण की कई आश्चर्यजनक घटनाओं की गुत्थियां सुलझाई हैं ।,SOV,11,1,0.0423,0.4347,0.4783,11,इसके बारे में शर्मा बताते हैं कि इसमें सिर्फ छह मिनट तक रद्दी या कोयला डालकर आग की व्यवस्था करनी होती है ।,6.0,2.0,-23.5805,0.6487,-2.6026,-23.4593,-4.443,1
train-s10594,इसके आधार पर उन्होंने यह जानने की कोशिश की है कि कुंभकरण और मेघनाद के वध में कितने समय का फासला था और राम - रावण युद्ध कब तक चला ।,SOV,31,5,0.3191,0.5096,0.3636,4,उन्होंने रामायण की कई आश्चर्यजनक घटनाओं की गुत्थियां सुलझाई हैं ।,1.2,-1.2,-14.4846,-15.0458,-17.2785,-9.7208,-5.4083,1
train-s10597,मिशन पूरा होने के बाद उन्होंने उस पर्वत को फिर मूल जगह पर स्थापित कर दिया ।,SOV,17,99,-0.0409,0.5296,0.5806,18,इसके आधार पर उन्होंने यह जानने की कोशिश की है कि कुंभकरण और मेघनाद के वध में कितने समय का फासला था और राम - रावण युद्ध कब तक चला ।,-7.1515,-1.0404,-8.8559,-20.3083,-18.9577,-7.4924,-2.2617,1
train-s106,मुस्लिम विजेताओं ने किले की मजबूत दीवार को नष्टभ्रष्ट कर दिया ।,SOV,12,5,0.0962,0.4731,0.7857,11,बाद में उसके बेटे बागभट्ट ने किले में बसे शहर को खूबसूरत बनाया ।,-2.4,0.0,-0.3734,-2.2596,-5.3587,-0.4222,-2.6152,1
train-s10603,गिरिजा की इस स्थिति के लिए मुसहर विकास मंच के अध्यक्ष चंद्रका मांझी ने लाल फीताशाही को जिम्मेदार ठहराया ।,SOV,20,23,0.1437,0.488,0.8235,14,मिशन पूरा होने के बाद उन्होंने उस पर्वत को फिर मूल जगह पर स्थापित कर दिया ।,-10.4348,0.0,-11.8626,-14.0065,-13.8225,-14.3684,-4.4471,1
train-s10614,अभी वजन तौलने वाली मशीन में दो रुपये का सिक्का डाल कर लोग अपना वजन पता करते हैं ।,SOV,19,23,0.017,0.4966,0.6,12,गिरिजा की इस स्थिति के लिए मुसहर विकास मंच के अध्यक्ष चंद्रका मांझी ने लाल फीताशाही को जिम्मेदार ठहराया ।,-16.6957,0.0,1.8095,-2.8985,-2.8876,1.8095,-3.7945,1
train-s10619,लेकिन लालू यादव ने इस मामले में परिपक्वता दिखाई और प्लेटफार्म टिकट के मूल्य कम करने वाली फाइल को स्वीकृति प्रदान कर दी ।,SOV,24,23,0.018,0.4757,0.6842,13,अभी वजन तौलने वाली मशीन में दो रुपये का सिक्का डाल कर लोग अपना वजन पता करते हैं ।,0.0,0.0,-12.0237,-7.0631,-7.6086,-12.0237,-6.4669,1
train-s10622,मशीन में दो रुपये का सिक्का डालकर लोग प्लेटफॉर्म टिकट प्राप्त करेंगे ।,SOV,13,23,-0.0271,0.5061,0.5833,14,लेकिन लालू यादव ने इस मामले में परिपक्वता दिखाई और प्लेटफार्म टिकट के मूल्य कम करने वाली फाइल को स्वीकृति प्रदान कर दी ।,-8.8696,0.0,-11.6034,-9.652,-8.1516,-11.6981,-2.4456,1
train-s10625,उत्तर रेलवे ने मशीन खरीदने की प्रक्रिया शुरू कर दी है ।,SOV,12,5,0.1595,0.4627,0.6923,9,मशीन में दो रुपये का सिक्का डालकर लोग प्लेटफॉर्म टिकट प्राप्त करेंगे ।,-2.4,0.0,-25.7025,-13.4663,-16.4217,-24.9687,-5.3202,1
train-s10627,प्रधानमंत्री मनमोहन सिंह ने भारत के स्वदेशी फास्ट - ब्रीडर कार्यक्रम पर निगरानी लगाए जाने की अमेरिकी मांग को साफतौर पर ठुकरा दिया है ।,SOV,25,23,0.0906,0.4892,0.8333,10,उत्तर रेलवे ने मशीन खरीदने की प्रक्रिया शुरू कर दी है ।,-3.6522,0.0,-2.9655,-4.2444,-3.5005,-2.9655,-2.6451,1
train-s10630,प्रधानमंत्री मनमोहन सिंह ने अमेरिका के साथ प्रस्तावित परमाणु समझौते पर सोमवार को लोकसभा में सरकार का पक्ष रखा ।,SOV,20,99,-0.0303,0.5335,0.52,13,प्रधानमंत्री मनमोहन सिंह ने भारत के स्वदेशी फास्ट - ब्रीडर कार्यक्रम पर निगरानी लगाए जाने की अमेरिकी मांग को साफतौर पर ठुकरा दिया है ।,-5.3232,0.0,-27.379,-9.3055,-9.4541,-24.5271,-5.1943,1
train-s10642,केंद्रीय मानव संसाधन मंत्री अर्जुन सिंह ने कैबिनेट में इस मुद्दे को उठाकर प्रधानमंत्री मनमोहन सिंह की मुश्किलें बढ़ा दी ।,SOV,21,5,-0.0489,0.5509,0.65,13,प्रधानमंत्री मनमोहन सिंह ने अमेरिका के साथ प्रस्तावित परमाणु समझौते पर सोमवार को लोकसभा में सरकार का पक्ष रखा ।,-2.4,0.0,-0.2325,-6.6925,-5.3341,-3.373,-3.6444,1
train-s10644,पर इससे पहले ही मानव संसाधन मंत्री ने इस मुद्दे को उठाकर मंत्रिमंडल के सदस्यों में बहस तेज कर दी ।,SOV,21,99,0.0346,0.5339,0.5238,11,केंद्रीय मानव संसाधन मंत्री अर्जुन सिंह ने कैबिनेट में इस मुद्दे को उठाकर प्रधानमंत्री मनमोहन सिंह की मुश्किलें बढ़ा दी ।,-3.9899,-0.9798,-19.8699,-19.531,-17.8802,-16.6675,-7.5189,1
train-s10645,कैबिनेट की बैठक के बाद अर्जुन सिंह ने उच्च शिक्षण संस्थाओं में आरक्षण के मुद्दे पर प्रधानमंत्री के साथ मतभेद से इनकार किया ।,SOV,24,99,-0.0859,0.5169,0.7143,15,पर इससे पहले ही मानव संसाधन मंत्री ने इस मुद्दे को उठाकर मंत्रिमंडल के सदस्यों में बहस तेज कर दी ।,-16.4747,0.0,-31.5824,-21.75,-24.2979,-30.6066,-6.3101,1
train-s10646,यह बयान देकर मानव संसाधन मंत्री ने प्रधानमंत्री को भी इस बहस में शामिल कर लिया है ।,SOV,18,99,-0.0163,0.5115,0.75,18,कैबिनेट की बैठक के बाद अर्जुन सिंह ने उच्च शिक्षण संस्थाओं में आरक्षण के मुद्दे पर प्रधानमंत्री के साथ मतभेद से इनकार किया ।,-4.9192,0.0,-15.9099,-11.0158,-8.4106,-14.532,-4.4435,1
train-s1065,बिहार में होने वाले विधानसभा चुनाव को ध्यान में रखते हुए कांग्रेस यह प्रशिक्षण शिविर अब बिहार में लगाने जा रही है ।,SOV,23,99,0.1021,0.5311,0.6471,11,लगे हाथ कांग्रेस ने राज ठाकरे को पार्टी में शामिल होने का न्यौता भी दे दिया ।,-18.2424,-0.0101,-2.0704,3.8896,2.7288,-0.352,0.9829,1
train-s1066,सूत्रों के मुताबिक कांग्रेस अध्यक्ष और स्वयं एक महिला होने के नाते सोनिया गांधी चाहती हैं कि अखिल भारतीय महिला कांग्रेस के जरिए देश की महिला कार्यकर्ताओं को जागरूक और सशक्त बनाने का काम किया जाए ।,SOV,37,5,0.1645,0.5334,0.6087,14,बिहार में होने वाले विधानसभा चुनाव को ध्यान में रखते हुए कांग्रेस यह प्रशिक्षण शिविर अब बिहार में लगाने जा रही है ।,-1.2,0.0,-18.1013,-5.617,-8.9393,-17.6919,0.3979,1
train-s10660,एसटीएफ प्रमुख और तमिलनाडु के डीजीपी विजयकुमार ने कर्नाटक के मुख्यमंत्री धर्म सिंह और उप - मुख्यमंत्री सिद्धरमैया से मुलाकात के बाद यहां पत्रकारों से कहा कि मेरा काम पूरा हो गया है ।,SOV,34,23,-0.0288,0.5189,0.7778,14,यह बयान देकर मानव संसाधन मंत्री ने प्रधानमंत्री को भी इस बहस में शामिल कर लिया है ।,-16.1739,0.0,-9.4682,-0.6565,-1.236,-9.4682,-0.1945,1
train-s10665,वीरप्पन और उसके गिरोह के साथ एसटीएफ की मुठभेड़ को लेकर लगाई जा रही अटकलों के बारे में उन्होंने कहा कि ऐसी बातें अक्सर इस तरह के अभियानों के दौरान उठती हैं ।,SOV,33,1,0.0249,0.5258,0.5882,20,एसटीएफ प्रमुख और तमिलनाडु के डीजीपी विजयकुमार ने कर्नाटक के मुख्यमंत्री धर्म सिंह और उप - मुख्यमंत्री सिद्धरमैया से मुलाकात के बाद यहां पत्रकारों से कहा कि मेरा काम पूरा हो गया है ।,-17.0,-2.0,-7.4664,-14.0207,-9.8218,-7.3615,0.3991,1
train-s10668,तमिलनाडु की मुख्यमंत्री जयललिता की प्रशंसा करते हुए विजयकुमार ने कहा कि उन्होंने एसटीएफ पर पूरा भरोसा बनाए रखा ।,SOV,20,1,-0.0358,0.5197,0.5152,17,वीरप्पन और उसके गिरोह के साथ एसटीएफ की मुठभेड़ को लेकर लगाई जा रही अटकलों के बारे में उन्होंने कहा कि ऐसी बातें अक्सर इस तरह के अभियानों के दौरान उठती हैं ।,-6.0,0.0,5.0421,5.2776,3.5472,5.0468,0.8055,1
train-s10670,इस मौके पर विजयकुमार ने वीरप्पन को फर्जी मुठभेड़ में मारने के उसकी पत्नी मुत्तुलक्ष्मी के आरोप को आधारहीन बताया ।,SOV,21,23,0.1329,0.522,0.5,10,तमिलनाडु की मुख्यमंत्री जयललिता की प्रशंसा करते हुए विजयकुमार ने कहा कि उन्होंने एसटीएफ पर पूरा भरोसा बनाए रखा ।,2.6087,0.0,-21.3023,-8.8268,-11.2744,-20.4646,-2.5446,1
train-s10692,उन्होंने गुजरे सालों को याद करते हुए बताया कि उस समय बख्शी गुलाम मोहम्मद प्रधानमंत्री थे और शायद यह १९६२ या ६३ की बात है ।,SOV,26,1,-0.1804,0.5898,0.5238,11,इस मौके पर विजयकुमार ने वीरप्पन को फर्जी मुठभेड़ में मारने के उसकी पत्नी मुत्तुलक्ष्मी के आरोप को आधारहीन बताया ।,5.0,2.0,5.3845,6.2341,4.7845,5.2711,-1.8239,1
train-s10695,एक बार तो उन्होंने डल पर क्रिकेट का मैच भी आयोजित किया था ।,SOV,14,99,-0.0147,0.4891,0.4615,12,उन्होंने गुजरे सालों को याद करते हुए बताया कि उस समय बख्शी गुलाम मोहम्मद प्रधानमंत्री थे और शायद यह १९६२ या ६३ की बात है ।,-0.9798,-1.0,-11.007,-7.7067,-6.6702,-9.208,-5.2179,1
train-s107,मालवा के शासकों ने 16वीं शताब्दी में अपना राज जमाया ।,SOV,11,5,0.0178,0.4708,0.5833,7,मुस्लिम विजेताओं ने किले की मजबूत दीवार को नष्टभ्रष्ट कर दिया ।,-2.4,0.0,0.3136,-6.6696,-6.4737,0.3521,-2.3885,1
train-s10700,इराक में अमेरिकी गवर्नर एल. पॉल ब्रेमर ने भारी सुरक्षा के बीच एक समारोह में इराक के अंतरिम प्रधानमंत्री ईयाद अलावी को सत्ता हस्तांतरण संबंधी कानूनी दस्तावेज सौंपे ।,SOV,29,99,-0.0744,0.5232,0.5714,8,एक बार तो उन्होंने डल पर क्रिकेट का मैच भी आयोजित किया था ।,7.3333,0.0,-11.4283,-9.2331,-10.1712,-10.5661,-4.2777,1
train-s10703,अमेरिकी नेतृत्व वाली गठबंधन सेना द्वारा सोमवार को इराक की अंतरिम सरकार को सत्ता हस्तांतरित करने के बाद इराक की नई सरकार के सदस्यों ने एक समारोह में अपने हाथों में कुरान लेकर पद व गोपनीयता की शपथ ली ।,SOV,40,99,0.0603,0.5172,0.5172,15,इराक में अमेरिकी गवर्नर एल. पॉल ब्रेमर ने भारी सुरक्षा के बीच एक समारोह में इराक के अंतरिम प्रधानमंत्री ईयाद अलावी को सत्ता हस्तांतरण संबंधी कानूनी दस्तावेज सौंपे ।,-28.1414,0.0,-16.2913,-8.2715,-11.679,-10.1772,-5.7954,1
train-s10704,इस मौके पर अलावी ने अपने भाषण में कहा कि यह एक ऐतिहासिक दिन है ।,SOV,16,5,0.0714,0.5269,0.675,27,अमेरिकी नेतृत्व वाली गठबंधन सेना द्वारा सोमवार को इराक की अंतरिम सरकार को सत्ता हस्तांतरित करने के बाद इराक की नई सरकार के सदस्यों ने एक समारोह में अपने हाथों में कुरान लेकर पद व गोपनीयता की शपथ ली ।,0.0,0.0,-5.0837,0.9524,0.4466,-4.838,-0.3923,1
train-s10709,इस मौके पर ब्रेमर ने कहा कि जैसा आपने कहा हम उससे सहमत हैं कि आप सत्ता संभालने के लिए तैयार हैं ।,SOV,23,1,0.0124,0.5088,0.75,12,इस मौके पर अलावी ने अपने भाषण में कहा कि यह एक ऐतिहासिक दिन है ।,-1.0,0.0,-2.7196,2.9606,0.1879,-2.0919,-0.0597,1
train-s10713,अमेरिकी नेतृत्व वाली गठबंधन सेना के प्रेस ऑफिस के निदेशक रॉबर्ट टप्पन ने ब्रेमर के इराक छोड़ने की पुष्टि करते हुए कहा कि ब्रेमर दो बजे देश छोड़ चुके हैं ।,SOV,31,1,-0.0509,0.5386,0.3913,9,इस मौके पर ब्रेमर ने कहा कि जैसा आपने कहा हम उससे सहमत हैं कि आप सत्ता संभालने के लिए तैयार हैं ।,-5.0,0.0,-3.2662,3.3766,3.3999,-5.175,0.2577,1
train-s10714,इराक के उप प्रधानमंत्री बारहम सालेह ने सशस्त्र सुरक्षाकर्मियों के बीच ब्रेमर को विदा किया ।,SOV,16,23,-0.0284,0.5391,0.4839,15,अमेरिकी नेतृत्व वाली गठबंधन सेना के प्रेस ऑफिस के निदेशक रॉबर्ट टप्पन ने ब्रेमर के इराक छोड़ने की पुष्टि करते हुए कहा कि ब्रेमर दो बजे देश छोड़ चुके हैं ।,-10.4348,0.0,-8.5874,-9.6251,-10.9051,-7.9766,-3.9879,1
train-s10715,ब्रेमर ने अमेरिका के सैनिक विमान सी - 130 से रवाना होने से पहले सालेह से हाथ मिलाया और वहां मौजूद पत्रकारों से बिना कोई बात किए वह रवाना हो गए ।,SOV,32,23,-0.1868,0.4838,0.375,6,इराक के उप प्रधानमंत्री बारहम सालेह ने सशस्त्र सुरक्षाकर्मियों के बीच ब्रेमर को विदा किया ।,-6.7826,0.0,-15.9584,-10.0497,-8.0361,-14.761,-2.867,1
train-s10719,अब कल की बैठक में वह अर्जुन सिंह को अपने फैसले से अवगत कराएंगे ।,SOV,15,99,0.0236,0.5264,0.625,20,ब्रेमर ने अमेरिका के सैनिक विमान सी - 130 से रवाना होने से पहले सालेह से हाथ मिलाया और वहां मौजूद पत्रकारों से बिना कोई बात किए वह रवाना हो गए ।,-0.0404,1.0505,-24.3507,-20.9491,-20.468,-25.4357,-2.9723,1
train-s10729,मुंबई हाईकोर्ट के कार्यवाहक मुख्य न्यायाधीश ए. पी. शाह व न्यायमूर्ति एस. यू. कामदार की खंडपीठ याचिका पर अगली सुनवाई ३० जून को करेगी ।,SOV,25,23,0.1131,0.4997,0.6667,10,अब कल की बैठक में वह अर्जुन सिंह को अपने फैसले से अवगत कराएंगे ।,-20.3478,0.0,-0.0135,1.7697,-1.4315,-0.1533,-2.8959,1
train-s10731,"इस कार्यक्रम के लिए खासतौर पर संगीतकार सी. रामचंद्रन ने कवि प्रदीप से यह भावपूर्ण गीत 'ऐ मेरे वतन के लोगों, जरा आंख में भर लो पानी' लिखवाया था ।",SOV,33,99,0.0878,0.5235,0.32,8,मुंबई हाईकोर्ट के कार्यवाहक मुख्य न्यायाधीश ए. पी. शाह व न्यायमूर्ति एस. यू. कामदार की खंडपीठ याचिका पर अगली सुनवाई ३० जून को करेगी ।,27.3434,0.0,-3.0019,1.3342,0.0294,-2.99,0.9201,1
train-s10732,सी. रामचंद्रन ने ही इसे स्वरबद्ध किया था और स्वर दिया था लता मंगेशकर ने ।,SOV,16,5,0.1397,0.4952,0.5455,18,"इस कार्यक्रम के लिए खासतौर पर संगीतकार सी. रामचंद्रन ने कवि प्रदीप से यह भावपूर्ण गीत 'ऐ मेरे वतन के लोगों, जरा आंख में भर लो पानी' लिखवाया था ।",-3.6,-1.2,-1.8428,-2.5863,-2.6527,-2.0149,-0.2505,1
train-s10736,अमूमन दस फीसदी रॉयल्टी देने वाली कंपनी ने तब इस देशभक्ति से ओतप्रोत गाने पर १५ फीसदी रॉयल्टी देना मंजूर किया था ।,SOV,23,99,-0.2862,0.5121,0.5,8,सी. रामचंद्रन ने ही इसे स्वरबद्ध किया था और स्वर दिया था लता मंगेशकर ने ।,-10.9697,-1.0202,-14.6443,-9.6515,-9.9123,-13.0765,-4.7406,1
train-s10738,याचिका - कर्ता ने शिकायत की है कि इसके बाद स्वर कोकिला लता मंगेशकर ने लंदन स्थित रायॅल अल्बर्ट हॉल में भी इसी गीत को गाया था व सारेगामा कंपनी ने रिकार्डिंग की थी ।,SOV,35,1,0.1081,0.5217,0.5652,13,अमूमन दस फीसदी रॉयल्टी देने वाली कंपनी ने तब इस देशभक्ति से ओतप्रोत गाने पर १५ फीसदी रॉयल्टी देना मंजूर किया था ।,-3.0,0.0,-11.0415,-13.1224,-21.57,-11.0415,-5.2164,1
train-s10741,कश्मीर मुद्दे पर केंद्र सरकार से वार्ता के कारण हुर्रियत के नरमपंथी नेताओं को निशाना बनाए जाने की आशंका के बीच संगठन के नेता मीरवाइज फारूक ने कहा कि हम में से ही कुछ लोग शांति प्रक्रिया में बाधा पैदा कर रहे हैं ।,SOV,44,23,-0.0655,0.5219,0.5429,19,याचिका - कर्ता ने शिकायत की है कि इसके बाद स्वर कोकिला लता मंगेशकर ने लंदन स्थित रायॅल अल्बर्ट हॉल में भी इसी गीत को गाया था व सारेगामा कंपनी ने रिकार्डिंग की थी ।,10.9565,0.0,-8.4089,-0.9434,-8.3671,-8.4087,-1.9903,1
train-s10744,मीरवाइज के चाचा व आवामी एक्शन कमेटी के नेता मौलवी मुश्ताक को श्रीनगर में 29 मई को अज्ञात हमलावरों ने गोली मार दी ।,DOSV,24,99,0.0458,0.5085,0.7045,31,कश्मीर मुद्दे पर केंद्र सरकार से वार्ता के कारण हुर्रियत के नरमपंथी नेताओं को निशाना बनाए जाने की आशंका के बीच संगठन के नेता मीरवाइज फारूक ने कहा कि हम में से ही कुछ लोग शांति प्रक्रिया में बाधा पैदा कर रहे हैं ।,-20.3434,0.0,-18.3021,-9.8905,-7.7161,-17.7293,-3.9731,1
train-s10756,रक्षा मंत्री प्रणव मुखर्जी की अध्यक्षता में जीओएम ने दिल्ली और मुंबई हवाई अड्डों के पुनर्गठन और आधुनिकीकरण के लिए संयुक्त उद्यमों में अधिसूचित भारतीय विमान कंपनियों की १० प्रतिशत भागीदारी के प्रस्ताव को भी हरी झंडी दे दी ।,SOV,40,99,-0.0814,0.5438,0.5417,13,मीरवाइज के चाचा व आवामी एक्शन कमेटी के नेता मौलवी मुश्ताक को श्रीनगर में 29 मई को अज्ञात हमलावरों ने गोली मार दी ।,-0.6364,0.0,-18.2893,-16.8006,-21.3892,-18.2783,-4.1559,1
train-s10760,मुंबई को गोवा से रेल के जरिए जोड़ने वाले कोंकण रेलवे कॉरपोरेशन लिमिटेड (केआरसी) ने हरियाणा को स्काई - बस - मेट्रो (एसबीएम) के निर्माण का प्रस्ताव किया है ।,SOV,34,5,0.0747,0.5022,0.625,25,रक्षा मंत्री प्रणव मुखर्जी की अध्यक्षता में जीओएम ने दिल्ली और मुंबई हवाई अड्डों के पुनर्गठन और आधुनिकीकरण के लिए संयुक्त उद्यमों में अधिसूचित भारतीय विमान कंपनियों की १० प्रतिशत भागीदारी के प्रस्ताव को भी हरी झंडी दे दी ।,-6.0,0.0,-12.2771,0.1003,-0.5926,-9.82,-3.9851,1
train-s10762,टाउन एंड कंट्री प्लानिंग और हरियाणा शहरी विकास प्राधिकरण के अधिकारियों ने सोमवार को यहां बताया कि उप महाप्रबंधक एम. श्रीनिवास के नेतृत्व में एसबीएम के एक प्रतिनिधिमंडल ने महत्वाकांक्षी परियोजना का खाका हरियाणा राज्य औद्योगिक विकास निगम (एचएसआईडीसी) और लोक निर्माण (इमारत और सड़क) से जुड़े अन्य विभागों के अधिकारियों के समक्ष पेश किया ।,SOV,60,5,0.0422,0.5378,0.4118,14,मुंबई को गोवा से रेल के जरिए जोड़ने वाले कोंकण रेलवे कॉरपोरेशन लिमिटेड (केआरसी) ने हरियाणा को स्काई - बस - मेट्रो (एसबीएम) के निर्माण का प्रस्ताव किया है ।,-13.2,0.0,-9.6843,-10.9013,-7.2982,-9.6762,0.4158,1
train-s10772,जिसके चलते मारगांव में मेट्रो प्रोजेक्ट को हरी झंडी भी मिल गई है ।,IOSV,14,23,0.032,0.5135,0.5833,35,टाउन एंड कंट्री प्लानिंग और हरियाणा शहरी विकास प्राधिकरण के अधिकारियों ने सोमवार को यहां बताया कि उप महाप्रबंधक एम. श्रीनिवास के नेतृत्व में एसबीएम के एक प्रतिनिधिमंडल ने महत्वाकांक्षी परियोजना का खाका हरियाणा राज्य औद्योगिक विकास निगम (एचएसआईडीसी) और लोक निर्माण (इमारत और सड़क) से जुड़े अन्य विभागों के अधिकारियों के समक्ष पेश किया ।,2.087,1.0435,-13.1417,-9.0415,-8.7732,-13.1417,-4.5625,1
train-s10775,अफसरों के घरों की ड्यूटी पर तैनात इस अमले पर सरकार पांच करोड़ रुपये सालाना खर्च कर रही है ।,SOV,20,23,0.0371,0.5,0.4286,6,जिसके चलते मारगांव में मेट्रो प्रोजेक्ट को हरी झंडी भी मिल गई है ।,-11.4783,0.0,-11.1258,-13.5812,-12.6748,-11.1258,-3.2864,1
train-s10793,"पुलिस उपाधीक्षक से लेकर ऊपर तक सारे अफसरों के घरों में तैनात ये पुलिसकर्मी सब्जी लाने, खाना बनाने से लेकर मेम साहब का हर हुक्म बजाने तक का सारा काम करते हैं ।",SOV,34,1,-0.049,0.4706,0.7,14,अफसरों के घरों की ड्यूटी पर तैनात इस अमले पर सरकार पांच करोड़ रुपये सालाना खर्च कर रही है ।,3.0,0.0,-5.8224,-13.7603,-9.3525,-5.8224,-4.8305,1
train-s108,राणा सांगा ने यहाँ रहकर अपनी फौज को मजबूत किया ।,SOV,11,23,0.0389,0.5319,0.4545,5,मालवा के शासकों ने 16वीं शताब्दी में अपना राज जमाया ।,-2.6087,0.0,-12.316,-20.8447,-20.2918,-12.898,-4.9785,1
train-s10805,आम सहमति के अभाव में कर्मचारी भविष्य निधि के न्यासी बोर्ड (सीबीटी) ने यह फैसला बहुमत के आधार पर किया ।,SOV,23,23,0.1536,0.5191,0.5,17,"पुलिस उपाधीक्षक से लेकर ऊपर तक सारे अफसरों के घरों में तैनात ये पुलिसकर्मी सब्जी लाने, खाना बनाने से लेकर मेम साहब का हर हुक्म बजाने तक का सारा काम करते हैं ।",-5.7391,0.0,3.1643,3.0807,3.3868,2.1809,0.2911,1
train-s10822,केंद्र सरकार ने शनिवार को औपचारिक रूप से असम के सबसे शक्तिशाली अलगाववादी संगठन उल्फा को शांति वार्ता के लिए निमंत्रण दिया है ।,SOV,24,99,0.075,0.4504,0.6522,15,आम सहमति के अभाव में कर्मचारी भविष्य निधि के न्यासी बोर्ड (सीबीटी) ने यह फैसला बहुमत के आधार पर किया ।,1.4444,0.0,-16.799,-11.1151,-11.9513,-16.7739,-4.9271,1
train-s10823,सरकार और उल्फा ने बातचीत के माध्यम के लिए ज्ञानपीठ पुरस्कार से सम्मानित इंदिरा गोस्वामी को चुना है ।,SOV,19,5,0.0953,0.4859,0.6667,16,केंद्र सरकार ने शनिवार को औपचारिक रूप से असम के सबसे शक्तिशाली अलगाववादी संगठन उल्फा को शांति वार्ता के लिए निमंत्रण दिया है ।,3.6,0.0,-6.9801,-2.3666,-2.826,-6.7848,-1.6949,1
train-s10827,गोस्वामी ने स्वीकार किया कि उन्हें प्रधानमंत्री कार्यालय का पत्र मिल गया है ।,SOV,14,1,0.0921,0.5169,0.6316,12,सरकार और उल्फा ने बातचीत के माध्यम के लिए ज्ञानपीठ पुरस्कार से सम्मानित इंदिरा गोस्वामी को चुना है ।,-1.0,0.0,-24.3701,-17.8635,-13.5545,-17.0822,-4.8191,1
train-s10829,गोस्वामी ने इतना कहा कि उसकी भाषा काफी उत्साहजनक तथा सकारात्मक है ।,SOV,13,1,0.0172,0.4598,0.7143,10,गोस्वामी ने स्वीकार किया कि उन्हें प्रधानमंत्री कार्यालय का पत्र मिल गया है ।,-1.0,0.0,-1.3703,-7.1509,-9.2609,2.8277,1.7047,1
train-s10833,असम के मुख्यमंत्री तरुण गोगोई ने केंद्र सरकार द्वारा उल्फा को शांति वार्ता के लिए भेजे गए पत्र की प्रशंसा करते हुए कहा कि इससे राज्य में जारी हिंसा के स्थायी खातमे की आशा बढ़ गई है ।,SOV,38,1,0.0627,0.5771,0.6154,8,गोस्वामी ने इतना कहा कि उसकी भाषा काफी उत्साहजनक तथा सकारात्मक है ।,10.0,0.0,-6.9336,-8.1352,-8.742,-6.9273,0.1286,1
train-s10835,गुजरात के पंचमहल जिले के लुनावड़ा गांव में सामूहिक कब्र में बड़ी संख्या में नरकंकालों के मिलने की खबर ने एक बार फिर देश का ध्यान गुजरात दंगों की ओर खींचा है ।,SOV,33,23,0.0992,0.4813,0.6316,24,असम के मुख्यमंत्री तरुण गोगोई ने केंद्र सरकार द्वारा उल्फा को शांति वार्ता के लिए भेजे गए पत्र की प्रशंसा करते हुए कहा कि इससे राज्य में जारी हिंसा के स्थायी खातमे की आशा बढ़ गई है ।,-25.0435,0.0,-7.2212,-1.5151,-0.7626,-7.1857,-0.123,1
train-s10836,"इस मामले को गंभीरता से लेते हुए केंद्र ने जहां राज्य सरकार से रिपोर्ट मांगी, वहीं राष्ट्रीय मानवाधिकार आयोग ने गुजरात के डीजीपी और सीबीआई निदेशक से इस बारे में दो हफ्ते के अंदर रिपोर्ट तलब की है ।",SOV,40,99,0.0244,0.4935,0.6667,22,गुजरात के पंचमहल जिले के लुनावड़ा गांव में सामूहिक कब्र में बड़ी संख्या में नरकंकालों के मिलने की खबर ने एक बार फिर देश का ध्यान गुजरात दंगों की ओर खींचा है ।,-54.5556,0.0505,-26.5487,-17.9275,-17.1547,-21.5708,-3.7384,1
train-s1084,इसलिए सरकार आठ किलो का पैसा किसान को दे दे ।,SOV,11,23,0.1617,0.495,0.5946,22,सूत्रों के मुताबिक कांग्रेस अध्यक्ष और स्वयं एक महिला होने के नाते सोनिया गांधी चाहती हैं कि अखिल भारतीय महिला कांग्रेस के जरिए देश की महिला कार्यकर्ताओं को जागरूक और सशक्त बनाने का काम किया जाए ।,3.1304,1.0435,-4.471,1.4952,1.8334,-4.4457,-2.2968,1
train-s10841,हमसे शिनाख्त के लिए परिजनों ने कई बार मुलाकात की है ।,DOSV,12,23,0.0059,0.4968,0.625,25,"इस मामले को गंभीरता से लेते हुए केंद्र ने जहां राज्य सरकार से रिपोर्ट मांगी, वहीं राष्ट्रीय मानवाधिकार आयोग ने गुजरात के डीजीपी और सीबीआई निदेशक से इस बारे में दो हफ्ते के अंदर रिपोर्ट तलब की है ।",2.6087,1.0435,-5.6401,-11.3057,-11.0489,-5.17,-3.7106,1
train-s10852,इधर गुजरात हाईकोर्ट के जस्टिस वी. के. बुच की अदालत में पंडरावड़ा गांव के निवासी अमीन हबीब रसूल ने याचिका दायर की ।,SOV,23,99,-0.014,0.4667,0.5833,7,हमसे शिनाख्त के लिए परिजनों ने कई बार मुलाकात की है ।,-9.7778,0.0,-15.9912,-17.3704,-13.7046,-16.7623,-5.4323,1
train-s10854,इस मामले में एक अन्य याचिका 'सिटीजंस फॉर जस्टिस एंड पीस' नाम के एनजीओ ने दाखिल की है ।,DOSV,21,23,0.0421,0.4978,0.3913,9,इधर गुजरात हाईकोर्ट के जस्टिस वी. के. बुच की अदालत में पंडरावड़ा गांव के निवासी अमीन हबीब रसूल ने याचिका दायर की ।,1.0435,0.0,-3.0439,-4.5248,-4.5168,-2.3396,-2.7126,1
train-s1086,"पड़ोस के राज्य में गन्ने का न्यूनतम मूल्य १३५ रुपये क्विंटल सरकार ने घोषित कर रखा है, जबकि उत्तर प्रदेश में यह अधिकतम १२० रुपये क्विंटल है ।",DOSV,29,23,0.0997,0.4113,0.8182,9,इसलिए सरकार आठ किलो का पैसा किसान को दे दे ।,-7.3043,0.0,-6.1544,-9.9993,-11.2863,-7.5929,-2.1683,1
train-s10860,गुजरात के मुख्यमंत्री नरेंद्र मोदी ने मंगलवार को गृह मंत्री शिवराज पाटिल से मुलाकात कर आईएएस और आईपीएस की तर्ज पर राष्ट्रीय स्तर पर एक खुफिया सेवा शुरू करने का अनुरोध किया ।,SOV,33,99,-0.0143,0.4678,0.5238,11,इस मामले में एक अन्य याचिका 'सिटीजंस फॉर जस्टिस एंड पीस' नाम के एनजीओ ने दाखिल की है ।,5.899,0.0,-23.4987,-20.6801,-20.3437,-22.3797,-7.6745,1
train-s10865,पाटिल के साथ मुलाकात को शिष्टाचार बैठक बताते हुए मोदी ने कहा कि उन्होंने गुजरात के 1600 किमी लंबे समुद्री तट की सुरक्षा के लिए 400 करोड़ रुपये के तटीय विकास की योजना दी है ।,SOV,36,1,0.0379,0.4821,0.6364,21,गुजरात के मुख्यमंत्री नरेंद्र मोदी ने मंगलवार को गृह मंत्री शिवराज पाटिल से मुलाकात कर आईएएस और आईपीएस की तर्ज पर राष्ट्रीय स्तर पर एक खुफिया सेवा शुरू करने का अनुरोध किया ।,-7.0,0.0,-3.8993,-0.6998,-1.38,-0.9652,-0.1304,1
train-s10868,गृह मंत्री ने राज्य के तटीय इलाकों के दौरे के निमंत्रण को भी स्वीकार कर लिया है ।,SOV,18,5,0.1462,0.4542,0.6111,22,पाटिल के साथ मुलाकात को शिष्टाचार बैठक बताते हुए मोदी ने कहा कि उन्होंने गुजरात के 1600 किमी लंबे समुद्री तट की सुरक्षा के लिए 400 करोड़ रुपये के तटीय विकास की योजना दी है ।,-2.4,0.0,-19.9332,-13.3063,-15.3388,-19.9239,-8.2033,1
train-s10869,हालांकि इस मौके पर मोदी ने हाल में पुलिस मुठभेड़ में मारे गए लश्कर - ए - ताइबा के चार आतंकवादियों के बारे में किसी सवाल का जवाब देने से इनकार कर दिया ।,SOV,34,99,-0.0094,0.4684,0.7222,13,गृह मंत्री ने राज्य के तटीय इलाकों के दौरे के निमंत्रण को भी स्वीकार कर लिया है ।,19.1919,0.0,-41.7341,-24.8601,-25.8891,-38.8518,-13.1937,1
train-s10878,पुलिस ने मौके से छह खाली कारतूस बरामद किए हैं ।,SOV,11,23,-0.1158,0.5446,0.6176,21,हालांकि इस मौके पर मोदी ने हाल में पुलिस मुठभेड़ में मारे गए लश्कर - ए - ताइबा के चार आतंकवादियों के बारे में किसी सवाल का जवाब देने से इनकार कर दिया ।,-1.0435,0.0,-30.3228,-16.3748,-17.5791,-22.8655,-6.0703,1
train-s10880,पुलिस के देरी से पहुंचने पर गुस्साए ग्रामीणों ने आधे घंटे तक राष्ट्रीय राजमार्ग जाम रखा ।,SOV,17,99,-0.2762,0.5675,0.6364,7,पुलिस ने मौके से छह खाली कारतूस बरामद किए हैं ।,-11.303,0.0,-11.1763,-6.0663,-4.8861,-10.2344,-1.7801,1
train-s10881,महम पुलिस ने हत्या का मामला दर्ज कर लिया है ।,SOV,11,5,-0.1262,0.5133,0.7059,12,पुलिस के देरी से पहुंचने पर गुस्साए ग्रामीणों ने आधे घंटे तक राष्ट्रीय राजमार्ग जाम रखा ।,-2.4,0.0,-21.9041,-15.1706,-15.5753,-22.1908,-5.9806,1
train-s10882,पुलिस ने शवों को पोस्टमार्टम के लिए पीजीआई भेज दिया है ।,SOV,12,23,-0.269,0.5768,0.6364,7,महम पुलिस ने हत्या का मामला दर्ज कर लिया है ।,-1.0435,0.0,-14.0827,-3.8229,-3.5238,-12.7357,-0.7452,1
train-s10886,हमलावरों ने सीमा को चारपाई में बांधकर पेट्रोल छिड़ककर जला दिया ।,SOV,12,5,-0.1745,0.555,0.4167,5,पुलिस ने शवों को पोस्टमार्टम के लिए पीजीआई भेज दिया है ।,3.6,0.0,-2.7734,0.5061,-0.0557,-2.9396,-1.6014,1
train-s1089,उन्होंने अपना फार्मूला सुझाया है ।,SOV,6,1,0.0515,0.4684,0.7241,21,"पड़ोस के राज्य में गन्ने का न्यूनतम मूल्य १३५ रुपये क्विंटल सरकार ने घोषित कर रखा है, जबकि उत्तर प्रदेश में यह अधिकतम १२० रुपये क्विंटल है ।",1.0,2.0,-18.185,-4.2788,-3.0105,-18.1815,-3.6175,1
train-s10897,रणधीर ने हमलावरों को ललकारा पर वे मोटरसाइकिलों पर सवार होकर फरार हो गए ।,SOV,15,1,-0.2385,0.5721,0.6667,8,हमलावरों ने सीमा को चारपाई में बांधकर पेट्रोल छिड़ककर जला दिया ।,0.0,0.0,-14.1085,-4.7162,-6.8917,-12.9845,-3.7503,1
train-s10899,रणधीर ने पुलिस को बताया कि अमरदीप बिना कुछ बोले ही उसके सीने से लिपट गया तथा रोने लगा ।,SOV,20,1,-0.2621,0.6259,0.4667,7,रणधीर ने हमलावरों को ललकारा पर वे मोटरसाइकिलों पर सवार होकर फरार हो गए ।,0.0,0.0,-12.0205,-1.2444,-5.6644,-6.3428,-2.2405,1
train-s10901,उसके बाद ग्रामीणों ने अमरदीप को रात में ही पीजीआई में भर्ती कराया ।,SOV,14,99,-0.1168,0.5248,0.6,12,रणधीर ने पुलिस को बताया कि अमरदीप बिना कुछ बोले ही उसके सीने से लिपट गया तथा रोने लगा ।,-1.5455,1.0101,-17.9473,-14.9481,-13.8687,-17.7318,-4.0229,1
train-s10908,पुलिस अधिकारियों के आश्वासन के बाद ग्रामीणों ने जाम खोला ।,SOV,11,5,0.0133,0.4913,0.6429,9,उसके बाद ग्रामीणों ने अमरदीप को रात में ही पीजीआई में भर्ती कराया ।,-6.0,0.0,-8.487,-4.1428,-4.7519,-6.8055,-4.9829,1
train-s10909,सतलुज - यमुना लिंक नहर मामले में पंजाब के मुख्यमंत्री कैप्टन अमरिंदर सिंह के बयान पर भाजपा ने कड़ी आपत्ति जताई है ।,SOV,23,23,-0.0974,0.5342,0.6364,7,पुलिस अधिकारियों के आश्वासन के बाद ग्रामीणों ने जाम खोला ।,-11.4783,0.0,-17.9516,-15.6126,-12.9798,-17.9225,-4.3266,1
train-s10911,अमरिंदर सिंह ने एक समाचार से बातचीत में कहा था कि अदालत का फैसला अगर राज्य सरकार के खिलाफ जाता है तो 'पंजाब में आतंकवाद दोबारा पैदा हो जाएगा,SOV,30,5,-0.0558,0.5337,0.4783,11,सतलुज - यमुना लिंक नहर मामले में पंजाब के मुख्यमंत्री कैप्टन अमरिंदर सिंह के बयान पर भाजपा ने कड़ी आपत्ति जताई है ।,-1.2,0.0,-7.5745,-5.4564,-2.2319,-4.8203,-0.1111,1
train-s10912,भाजपा अध्यक्ष वेंकैया नायडू ने मंगलवार को संवाददाताओं को संबोधन में कहा कि कैप्टन अमरिंदर सिंह के इस बयान से देश की एकता को ठेस पहुंची है ।,SOV,28,23,0.0877,0.5523,0.6333,19,अमरिंदर सिंह ने एक समाचार से बातचीत में कहा था कि अदालत का फैसला अगर राज्य सरकार के खिलाफ जाता है तो 'पंजाब में आतंकवाद दोबारा पैदा हो जाएगा,-4.6957,0.0,-5.909,-2.4474,-2.6228,-5.431,-1.575,1
train-s1092,सरकार दो किलोग्राम का खर्चा काटकर आठ किलोग्राम का भाव १८० रुपये किसान को दे ।,SOV,16,23,0.042,0.441,0.1667,1,उन्होंने अपना फार्मूला सुझाया है ।,2.087,0.0,0.4292,1.8583,0.7042,-1.3095,1.2322,1
train-s10925,कुछ महीने पहले सरकार ने ऐसी संपत्ति का स्टेटमेंट भेजने की जिम्मेदारी सब रजिस्ट्रार को दी थी लेकिन अब यह व्यवस्था बदल दी गई है ।,SOV,26,23,0.0761,0.512,0.6429,18,भाजपा अध्यक्ष वेंकैया नायडू ने मंगलवार को संवाददाताओं को संबोधन में कहा कि कैप्टन अमरिंदर सिंह के इस बयान से देश की एकता को ठेस पहुंची है ।,2.6087,0.0,1.5255,1.3258,-0.8083,1.5779,-2.7521,1
train-s10927,सोमवार से सब रजिस्ट्रार आयकर विभाग द्वारा जारी की गई गाइड लाइन के मुताबिक काम करेंगे ।,SOV,17,23,0.0549,0.5017,0.6538,17,कुछ महीने पहले सरकार ने ऐसी संपत्ति का स्टेटमेंट भेजने की जिम्मेदारी सब रजिस्ट्रार को दी थी लेकिन अब यह व्यवस्था बदल दी गई है ।,2.6087,0.0,-15.6003,-4.9519,-5.4016,-15.7344,-3.8862,1
train-s10928,आयकर विभाग ने पूर्व में यह व्यवस्था कर रखी थी कि बीस लाख या उससे अधिक की संपत्ति खरीदने पर अनुमति लेनी होगी ।,SOV,24,5,0.1313,0.4842,0.4706,8,सोमवार से सब रजिस्ट्रार आयकर विभाग द्वारा जारी की गई गाइड लाइन के मुताबिक काम करेंगे ।,-1.2,0.0,-12.1657,-8.1594,-8.3927,-10.511,-1.6236,1
train-s10931,आयकर विभाग ने एक बार फिर अचल संपत्ति की खरीद - फरोख्त पर शिकंजा कसना शुरू कर दिया है ।,SOV,20,23,0.0909,0.4805,0.625,15,आयकर विभाग ने पूर्व में यह व्यवस्था कर रखी थी कि बीस लाख या उससे अधिक की संपत्ति खरीदने पर अनुमति लेनी होगी ।,0.0,0.0,-29.9961,-9.3934,-10.8146,-24.8817,-4.972,1
train-s10935,यह फार्म सब रजिस्ट्रार आयकर विभाग के सतर्कता आयुक्त को भेजेंगे ।,DOSV,12,5,0.0311,0.4917,0.75,15,आयकर विभाग ने एक बार फिर अचल संपत्ति की खरीद - फरोख्त पर शिकंजा कसना शुरू कर दिया है ।,4.8,0.0,-9.3537,-1.276,1.7223,-4.8494,0.6131,1
train-s10938,सब रजिस्ट्रार फार्म को भेजने का काम करेगा ।,SOV,9,1,0.1553,0.4703,0.5833,7,यह फार्म सब रजिस्ट्रार आयकर विभाग के सतर्कता आयुक्त को भेजेंगे ।,3.0,0.0,-11.0659,-9.569,-8.5952,-7.2197,-2.8305,1
train-s10944,अभी २००४ के शेष नौ माह का विवरण और भेजना बाकी है ।,SOV,13,5,0.1042,0.5054,0.7778,7,सब रजिस्ट्रार फार्म को भेजने का काम करेगा ।,0.0,1.2,1.0595,-8.9864,-8.9309,1.1502,-2.4868,1
train-s10945,मोबाइल सेवा देने वाली निजी क्षेत्र की कंपनी एयरटेल ने पश्चिमी उत्तर प्रदेश और उत्तरांचल के लिए नया पैकेज ऑफर किया है ।,SOV,23,23,-0.0094,0.4268,0.6923,9,अभी २००४ के शेष नौ माह का विवरण और भेजना बाकी है ।,-16.6957,0.0,-3.8928,-8.8076,-6.7337,-3.885,-2.6213,1
train-s10948,इसके अलावा कंपनी ने एक और शुरुआती ऑफर दिया है जिसके तहत 331 या उससे ज्यादा के पहले रिचार्ज पर उपभोक्ता को 50 रुपये का अतिरिक्त टॉक टाइम मिलेगा ।,SOV,30,5,0.0401,0.4836,0.5652,13,मोबाइल सेवा देने वाली निजी क्षेत्र की कंपनी एयरटेल ने पश्चिमी उत्तर प्रदेश और उत्तरांचल के लिए नया पैकेज ऑफर किया है ।,2.4,1.2,-9.8383,-4.0553,-4.9217,-9.7066,-3.6116,1
train-s10953,उ.प्र. ने केंद्र सरकार को यह अहसास दिलाने की कोशिश की है कि यदि गांवों के तेज विकास का लक्ष्य हासिल करना है तो केंद्र को राज्यों की आर्थिक मदद के लिए आगे आना होगा ।,SOV,36,1,-0.0482,0.5154,0.5,15,इसके अलावा कंपनी ने एक और शुरुआती ऑफर दिया है जिसके तहत 331 या उससे ज्यादा के पहले रिचार्ज पर उपभोक्ता को 50 रुपये का अतिरिक्त टॉक टाइम मिलेगा ।,6.0,0.0,-11.9526,-25.3903,-21.2842,-13.711,-6.1953,1
train-s10954,उ.प्र. ने केंद्र के सामने 18 हजार करोड़ रुपये से ज्यादा के विशेष पैकेज की मांग रखी है ।,SOV,19,5,0.1516,0.5121,0.8056,29,उ.प्र. ने केंद्र सरकार को यह अहसास दिलाने की कोशिश की है कि यदि गांवों के तेज विकास का लक्ष्य हासिल करना है तो केंद्र को राज्यों की आर्थिक मदद के लिए आगे आना होगा ।,10.8,0.0,-5.1277,-8.6005,-7.7212,-1.1612,-4.0304,1
train-s1096,भारत सरकार ने रविवार को ही इन कैदियों को रिहा कर दिया था ।,SOV,14,23,0.0864,0.3995,0.75,12,सरकार दो किलोग्राम का खर्चा काटकर आठ किलोग्राम का भाव १८० रुपये किसान को दे ।,-3.1304,0.0,-24.5241,-18.4974,-18.3511,-24.502,-4.6684,1
train-s10969,उन्होंने ऋण देने में बैंकों की हिचक पर भी गंभीर चिंता जताई ।,SOV,13,23,0.0614,0.5049,0.6316,12,उ.प्र. ने केंद्र के सामने 18 हजार करोड़ रुपये से ज्यादा के विशेष पैकेज की मांग रखी है ।,2.6087,1.0435,-18.0087,-11.4945,-7.7629,-18.7541,-5.8024,1
train-s1097,इन कैदियों को आज सीमा सुरक्षा बल बीएसएफ के असिस्टेंट कमांडर लखीराम यादव ने पाकिस्तान रेंजर्स के मेजर अब्दुल सुमेधी को सौंपा ।,DOSV,23,23,-0.1004,0.4659,0.5,7,भारत सरकार ने रविवार को ही इन कैदियों को रिहा कर दिया था ।,10.9565,0.0,2.8868,-0.8128,1.8073,2.3437,-0.6329,1
train-s10970,उन्होंने ऋण वितरण को प्रोत्साहित करने के लिए ऋण का 10 फीसदी रिस्क फंड के रूप में उपलब्ध कराने पर भी बल दिया ।,SOV,24,23,-0.1108,0.5789,0.4615,6,उन्होंने ऋण देने में बैंकों की हिचक पर भी गंभीर चिंता जताई ।,3.1304,1.0435,-14.7166,-9.8374,-12.3607,-11.7707,-6.22,1
train-s10976,"जम्मू - कश्मीर के पुलिस महानिदेशक गोपाल शर्मा ने पत्रकारों को बताया कि इन आतंकियों की मुंबई के स्टॉक एक्सचेंज व दिल्ली, अहमदाबाद और पुणे में महत्वपूर्ण ठिकानों पर हमले की योजना थी ।",SOV,35,1,0.1669,0.5066,0.5417,13,उन्होंने ऋण वितरण को प्रोत्साहित करने के लिए ऋण का 10 फीसदी रिस्क फंड के रूप में उपलब्ध कराने पर भी बल दिया ।,-7.0,0.0,-5.5305,-9.2092,-3.1321,-5.525,-1.0845,1
train-s10993,यह समिति राज्यों के मुख्यमंत्रियों और प्रभारी महासचिवों को भी इस बैठक में शरीक करने जा रही है ।,SOV,19,23,0.0271,0.5497,0.3714,13,"जम्मू - कश्मीर के पुलिस महानिदेशक गोपाल शर्मा ने पत्रकारों को बताया कि इन आतंकियों की मुंबई के स्टॉक एक्सचेंज व दिल्ली, अहमदाबाद और पुणे में महत्वपूर्ण ठिकानों पर हमले की योजना थी ।",-4.1739,0.0,-8.4341,-9.6524,-9.4834,-8.4404,-1.4499,1
train-s10997,"कई राज्यों में आशंकित मंत्रियों ने तो इस पर सवाल भी खड़े करना शुरू कर दिए हैं, क्योंकि इस तरह असंतुष्ट खेमों के मंत्रियों को निशाना बनाया जा सकता है ।",SOV,32,23,-0.0368,0.5059,0.5789,11,यह समिति राज्यों के मुख्यमंत्रियों और प्रभारी महासचिवों को भी इस बैठक में शरीक करने जा रही है ।,-2.087,0.0,-23.8496,-11.954,-14.4088,-22.4007,-4.338,1
train-s11,इसे चार्ल्स कोरिया ने डिजाइन किया है ।,DOSV,8,5,0.2389,0.4737,0.6875,11,यहाँ लगने वाला तीन दिन का इज्तिमा पूरे देश के लोगों को आमंत्रित करता है ।,0.0,1.2,-4.646,2.7314,3.0894,-4.6116,-1.2475,1
train-s11008,विश्व के सर्वाधिक भ्रष्ट देशों में भारत को ९०वां स्थान मिला है ।,IOSV,13,5,-0.0766,0.5181,0.625,20,"कई राज्यों में आशंकित मंत्रियों ने तो इस पर सवाल भी खड़े करना शुरू कर दिए हैं, क्योंकि इस तरह असंतुष्ट खेमों के मंत्रियों को निशाना बनाया जा सकता है ।",-4.8,0.0,-7.742,-4.0533,-3.5422,-7.7131,-2.7823,1
train-s11010,ट्रांसपेरेंसी इंटरनेशनल (टीआई) ने सूचकांक बनाने के इस काम को अंजाम दिया ।,SOV,15,5,-0.0147,0.5146,0.6154,8,विश्व के सर्वाधिक भ्रष्ट देशों में भारत को ९०वां स्थान मिला है ।,-6.0,0.0,-17.9628,-17.3851,-12.6833,-17.0891,-6.3919,1
train-s11012,शून्य से दस के स्केल पर भारत ने इस वर्ष २.८ अंक अर्जित करके ९०वां स्थान पाया ।,SOV,18,99,-0.1834,0.4895,0.4,6,ट्रांसपेरेंसी इंटरनेशनल (टीआई) ने सूचकांक बनाने के इस काम को अंजाम दिया ।,-6.2626,0.0,-8.3097,-6.4216,-2.7392,-7.1081,-2.1804,1
train-s11021,उसे सबसे कम रैंक १४५ मिला है और सूचकांक अंक है १.५ ।,IOSV,13,5,-0.1447,0.4666,0.5,9,शून्य से दस के स्केल पर भारत ने इस वर्ष २.८ अंक अर्जित करके ९०वां स्थान पाया ।,0.0,1.2,-3.6762,1.5471,2.484,-3.6762,-1.0951,1
train-s11022,बुधवार को यहाँ रिपोर्ट जारी करते हुए टीआई के अध्यक्ष एडमिरल (अवकाश प्राप्त) आर. एच. तहिलयानी ने बताया कि गरीब देशों में भ्रष्ट्राचार बहुत अधिक है ।,SOV,29,5,-0.0692,0.4372,0.6154,8,उसे सबसे कम रैंक १४५ मिला है और सूचकांक अंक है १.५ ।,12.0,0.0,-0.4362,1.2321,-0.1127,-0.4362,0.6412,1
train-s11025,जबकि नाइजीरिया ने इससे थोड़ा ही बेहतर प्रदर्शन करके १४४ रैंक के साथ १.६ अंक अर्जित किए हैं ।,SOV,19,99,0.0261,0.5029,0.5517,16,बुधवार को यहाँ रिपोर्ट जारी करते हुए टीआई के अध्यक्ष एडमिरल (अवकाश प्राप्त) आर. एच. तहिलयानी ने बताया कि गरीब देशों में भ्रष्ट्राचार बहुत अधिक है ।,-1.4343,0.0,-22.2882,-17.14,-16.4696,-22.2974,-10.3974,1
train-s11026,रिपोर्ट के अनुसार भ्रष्टाचार के क्षेत्र में पड़ोसी देश चीन ने ७१वाँ रैंक हासिल कर ३.४ अंक सुरक्षित किए हैं ।,SOV,21,99,0.0148,0.4484,0.5263,10,जबकि नाइजीरिया ने इससे थोड़ा ही बेहतर प्रदर्शन करके १४४ रैंक के साथ १.६ अंक अर्जित किए हैं ।,-7.1111,0.0,-3.7903,-6.9097,-8.7434,-3.6228,-2.1159,1
train-s11040,"भारतीय क्रिकेटरों के हमेशा चोटिल रहने की समस्या के बारे में बोर्ड के चिकित्सा सलाहकार ने कहा, 'यह समस्या समूचे विश्व के क्रिकेटरों की है ।",SOV,28,1,0.0835,0.4784,0.7143,15,रिपोर्ट के अनुसार भ्रष्टाचार के क्षेत्र में पड़ोसी देश चीन ने ७१वाँ रैंक हासिल कर ३.४ अंक सुरक्षित किए हैं ।,-6.0,0.0,-0.656,1.6658,-1.0146,-0.6539,3.9281,1
train-s11043,आंध्र प्रदेश में शिक्षा एवं सरकारी नौकरियों में मुसलमानों के लिए पाँच प्रतिशत आरक्षण के मामले पर सुनवाई को आंध्र प्रदेश हाईकोर्ट ने २ अगस्त तक के लिए टाल दिया है ।,DOSV,32,99,0.083,0.4501,0.5,14,"भारतीय क्रिकेटरों के हमेशा चोटिल रहने की समस्या के बारे में बोर्ड के चिकित्सा सलाहकार ने कहा, 'यह समस्या समूचे विश्व के क्रिकेटरों की है ।",2.8889,0.0,-17.4069,-5.381,-6.3341,-17.405,-0.3212,1
train-s11045,"न्यायमूर्ति बी सुदर्शन रेड्डी, न्यायमूर्ति जे. चलमेश्वर, न्यायमूर्ति गुलाम मोहम्मद, न्यायमूर्ति ए. गोपाल रेड्डी और न्यायमूर्ति के. सी. भानू की पूर्ण पीठ ने सुनवाई को दो अगस्त तक के लिए टाल दिया ।",SOV,36,5,0.0596,0.4724,0.5312,17,आंध्र प्रदेश में शिक्षा एवं सरकारी नौकरियों में मुसलमानों के लिए पाँच प्रतिशत आरक्षण के मामले पर सुनवाई को आंध्र प्रदेश हाईकोर्ट ने २ अगस्त तक के लिए टाल दिया है ।,-25.2,0.0,-9.8626,-10.3745,-15.255,-4.3093,-0.1212,1
train-s11051,इसी रिपोर्ट के आधार पर सरकार ने मुसलमानों को आरक्षण देने का फैसला लिया था ।,SOV,16,5,0.0459,0.4967,0.5758,19,"बहरहाल, याचिका कर्ताओं की ओर से अदालत में मौजूद हुए वकील डी. वी. सीताराम मूर्ति ने कहा कि 'अल्पसंख्यक कल्याण रिपोर्ट' को पीठ के समक्ष पेश किया गया था ।",1.2,0.0,-6.567,-8.6652,-5.3426,-5.4807,-4.6323,1
train-s11055,एक मॉडल व अभिनेत्री से दुष्कर्म के आरोप के मामले में अदालत ने पुलिस को यह हिदायत दी ।,SOV,19,23,-0.0389,0.4744,0.625,10,इसी रिपोर्ट के आधार पर सरकार ने मुसलमानों को आरक्षण देने का फैसला लिया था ।,-14.087,0.0,-21.9748,-8.6218,-8.4653,-21.659,-1.0281,1
train-s1106,चुनाव आयोग के सूत्रों के मुताबिक आयोग चुनाव कराने के लिए तैयार है ।,SOV,14,23,0.0563,0.4907,0.4783,11,इन कैदियों को आज सीमा सुरक्षा बल बीएसएफ के असिस्टेंट कमांडर लखीराम यादव ने पाकिस्तान रेंजर्स के मेजर अब्दुल सुमेधी को सौंपा ।,-6.2609,0.0,-19.0109,-10.822,-11.9661,-18.9,-6.9706,1
train-s11061,पदभार ग्रहण करने के बाद जम्मू - कश्मीर के सीमावर्ती क्षेत्रों में अपने पहले दौरे पर सोमवार को रक्षा मंत्री प्रणव मुखर्जी ने कहा कि पाकिस्तान को सभी विवादों को खत्म करने के लिए पूरी ईमानदारी से प्रयास करने होंगे ।,SOV,41,99,-0.0262,0.5372,0.7895,15,एक मॉडल व अभिनेत्री से दुष्कर्म के आरोप के मामले में अदालत ने पुलिस को यह हिदायत दी ।,-4.6566,0.0,-8.3292,4.3708,2.5935,-8.3297,-1.408,1
train-s11062,उन्होंने भारत - पाक सीमा पर सेना की तैनाती में कटौती से भी साफ इन्कार किया ।,SOV,17,99,0.0643,0.5264,0.5366,22,पदभार ग्रहण करने के बाद जम्मू - कश्मीर के सीमावर्ती क्षेत्रों में अपने पहले दौरे पर सोमवार को रक्षा मंत्री प्रणव मुखर्जी ने कहा कि पाकिस्तान को सभी विवादों को खत्म करने के लिए पूरी ईमानदारी से प्रयास करने होंगे ।,0.0808,0.9899,-25.8854,-20.3356,-21.7037,-25.7832,-4.3732,1
train-s11067,इससे पूर्व उन्होंने सीमा पर जवानों को संबोधित करते हुए कहा कि भारत की शांति पहल पर पाकिस्तान को पूरी ईमानदारी से जवाब देना चाहिए ।,SOV,26,5,0.0464,0.5198,0.7059,12,उन्होंने भारत - पाक सीमा पर सेना की तैनाती में कटौती से भी साफ इन्कार किया ।,6.0,0.0,-8.0117,-0.0028,-1.0312,-8.4671,-1.3877,1
train-s11069,यहां जवानों की हौसला अफजाई करते हुए उन्होंने कहा कि सीमा पार से आतंकी गतिविधियों को रोकने के लिए सभी आवश्यक कदम उठाए जाएंगे ।,SOV,25,1,0.124,0.4573,0.6923,18,इससे पूर्व उन्होंने सीमा पर जवानों को संबोधित करते हुए कहा कि भारत की शांति पहल पर पाकिस्तान को पूरी ईमानदारी से जवाब देना चाहिए ।,-6.0,-2.0,-1.5513,0.6585,-1.8429,-2.035,0.3329,1
train-s1107,मतदाता सूची के संशोधन का कार्य पूरा होने पर आयोग उपचुनाव के बारे में निर्णय ले सकता है ।,SOV,19,23,0.1314,0.4799,0.6429,9,चुनाव आयोग के सूत्रों के मुताबिक आयोग चुनाव कराने के लिए तैयार है ।,-10.9565,0.0,-11.614,-7.6599,-8.0567,-9.8795,-2.2728,1
train-s11071,रक्षा मंत्री ने सीमा पर तैनात भारतीय जवानों के साथ 'बड़ा खाना' खाया ।,SOV,16,5,0.0777,0.494,0.52,13,यहां जवानों की हौसला अफजाई करते हुए उन्होंने कहा कि सीमा पार से आतंकी गतिविधियों को रोकने के लिए सभी आवश्यक कदम उठाए जाएंगे ।,1.2,0.0,-1.3257,2.1013,3.0207,-1.6183,-3.2704,1
train-s11072,सेना प्रमुख एन. सी. विज और अन्य वरिष्ठ अधिकारियों ने उन्हें नियंत्रण रेखा के हालात और घुसपैठ रोकने के लिए उठाए गए कदमों के बारे में जानकारी दी ।,SOV,29,23,0.0105,0.4982,0.6875,11,रक्षा मंत्री ने सीमा पर तैनात भारतीय जवानों के साथ 'बड़ा खाना' खाया ।,-6.7826,-1.0435,-14.4225,-12.2938,-10.5172,-13.017,-4.0753,1
train-s11094,बिजली मंत्रालय की बैठक में हिस्सा लेने गए पावर कारपोरेशन के सीएमडी दीपक सिंघल दिल्ली से लगातार स्थिति का जायजा लेकर अधिकारियों को जरूरी निर्देश देते रहे ।,SOV,28,23,-0.0642,0.4945,0.5172,15,सेना प्रमुख एन. सी. विज और अन्य वरिष्ठ अधिकारियों ने उन्हें नियंत्रण रेखा के हालात और घुसपैठ रोकने के लिए उठाए गए कदमों के बारे में जानकारी दी ।,-21.3913,0.0,-1.1384,-5.036,-5.8105,-2.3513,-4.7474,1
train-s111,मुगल शासक शाह आलम ने 1754 में जयपुर के महाराजा सवाई माधोसिंह प्रथम को यह किला पुरस्कार स्वरूप दिया ।,SOV,20,99,0.1021,0.4192,0.5455,6,राणा सांगा ने यहाँ रहकर अपनी फौज को मजबूत किया ।,-5.8586,0.0,-1.8979,-8.5913,-10.983,-1.0902,-3.281,1
train-s11111,केंद्रीय प्रशासनिक ट्रिब्यूनल (कैट) ने मंगलवार को गुजरात सरकार को वरिष्ठ पुलिस अधिकारी आर. बी. श्रीकुमार की मुख्य याचिका में संशोधन का जवाब देने के लिए दो सप्ताह का समय दिया है ।,SOV,35,99,0.1354,0.4971,0.5357,15,बिजली मंत्रालय की बैठक में हिस्सा लेने गए पावर कारपोरेशन के सीएमडी दीपक सिंघल दिल्ली से लगातार स्थिति का जायजा लेकर अधिकारियों को जरूरी निर्देश देते रहे ।,8.0404,0.0,-9.1498,-8.8076,-9.1677,-9.1491,-4.5726,1
train-s11112,श्रीकुमार ने अपनी याचिका में सील कवर तरीके को चुनौती दी है ।,SOV,13,23,0.0512,0.4757,0.6571,23,केंद्रीय प्रशासनिक ट्रिब्यूनल (कैट) ने मंगलवार को गुजरात सरकार को वरिष्ठ पुलिस अधिकारी आर. बी. श्रीकुमार की मुख्य याचिका में संशोधन का जवाब देने के लिए दो सप्ताह का समय दिया है ।,-1.0435,0.0,-16.2562,-14.8628,-12.2952,-14.3961,-5.0826,1
train-s11113,इसकी वजह से राज्य सरकार ने उनकी पदोन्नति रोक दी थी ।,SOV,12,5,0.1,0.5142,0.6923,9,श्रीकुमार ने अपनी याचिका में सील कवर तरीके को चुनौती दी है ।,-1.2,1.2,-6.503,-3.496,-0.9932,-6.3422,-2.662,1
train-s11114,राज्य सरकार के वकील ने जवाब देने के लिए समय माँगा था ।,SOV,13,5,-0.0946,0.5587,0.5833,7,इसकी वजह से राज्य सरकार ने उनकी पदोन्नति रोक दी थी ।,-4.8,0.0,-9.1618,-3.7231,-3.7334,-8.9957,-5.7331,1
train-s11115,इसके बाद कैट ने मामले की अगली सुनवाई १६ सितंबर तय की है ।,SOV,14,99,-0.0586,0.4801,0.6154,8,राज्य सरकार के वकील ने जवाब देने के लिए समय माँगा था ।,-1.899,1.0606,-21.0035,-10.7783,-9.1419,-21.0626,-4.4306,1
train-s11117,इसमें उनके वकील आनंद याज्ञनिक ने सील कवर तरीके को चुनौती दी थी ।,SOV,14,23,0.0322,0.5025,0.5,7,इसके बाद कैट ने मामले की अगली सुनवाई १६ सितंबर तय की है ।,-0.5217,1.0435,-18.1625,-11.3693,-9.0887,-18.1625,-6.8747,1
train-s11118,राज्य सरकार ने श्रीकुमार के खिलाफ आपराधिक मामला दर्ज होने के बावजूद उन्हें पहले तीन बार पदोन्नति दी थी ।,SOV,20,99,0.0914,0.5647,0.5,7,इसमें उनके वकील आनंद याज्ञनिक ने सील कवर तरीके को चुनौती दी थी ।,-9.4747,-0.0404,-1.7428,-2.4223,-3.8712,0.3779,-3.8241,1
train-s11127,दागी मंत्रियों के मुद्दे पर उन्होंने कहा कि भाजपा उनके खिलाफ कार्रवाई करना चाहती थी ।,SOV,16,1,-0.0666,0.5108,0.6,12,राज्य सरकार ने श्रीकुमार के खिलाफ आपराधिक मामला दर्ज होने के बावजूद उन्हें पहले तीन बार पदोन्नति दी थी ।,-4.0,-2.0,-12.9475,-6.3768,-3.5003,-12.9475,-1.1808,1
train-s11129,यादव ने स्वीकार किया कि इन दोनों मसलों पर भाजपा और जनता दल (यू) की राय अलग - अलग थी ।,SOV,23,1,0.0985,0.6093,0.3125,5,दागी मंत्रियों के मुद्दे पर उन्होंने कहा कि भाजपा उनके खिलाफ कार्रवाई करना चाहती थी ।,-1.0,0.0,-24.4644,-19.851,-14.8434,-23.1561,-4.9272,1
train-s11132,आडवाणी द्वारा गुजरात के मुख्यमंत्री नरेंद्र मोदी की प्रशंसा के मुद्दे पर पूछे गए एक सवाल के जवाब में यादव ने कहा कि यह भाजपा का आंतरिक मामला है ।,SOV,30,1,-0.1042,0.4836,0.5217,12,यादव ने स्वीकार किया कि इन दोनों मसलों पर भाजपा और जनता दल (यू) की राय अलग - अलग थी ।,-17.0,0.0,-0.0034,6.0726,0.9772,-2.794,-2.8269,1
train-s11133,शिवसेना के पूर्व नेता राज ठाकरे ने शुक्रवार को भाजपा के वरिष्ठ नेताओं अटल बिहारी वाजपेयी व एल. के. आडवाणी से मुलाकात की ।,SOV,24,23,0.0577,0.4886,0.5667,17,आडवाणी द्वारा गुजरात के मुख्यमंत्री नरेंद्र मोदी की प्रशंसा के मुद्दे पर पूछे गए एक सवाल के जवाब में यादव ने कहा कि यह भाजपा का आंतरिक मामला है ।,-4.1739,0.0,-29.6007,-19.1095,-17.7134,-24.4918,-5.9471,1
train-s11134,मुलाकात के बाद उन्होंने कहा कि मैं वाजपेयी व आडवाणी का आशीर्वाद लेने यहां आया था ।,SOV,17,1,0.1095,0.5007,0.5417,13,शिवसेना के पूर्व नेता राज ठाकरे ने शुक्रवार को भाजपा के वरिष्ठ नेताओं अटल बिहारी वाजपेयी व एल. के. आडवाणी से मुलाकात की ।,-2.0,-2.0,-6.5898,-5.2976,-7.8344,-2.566,-1.3143,1
train-s11135,राज ने अपने चचेरे भाई व शिवसेना के कार्यकारी अध्यक्ष उद्घव ठाकरे से मतभेद के बाद पार्टी छोड़ दी थी ।,SOV,21,5,0.1646,0.4893,0.4706,8,मुलाकात के बाद उन्होंने कहा कि मैं वाजपेयी व आडवाणी का आशीर्वाद लेने यहां आया था ।,-1.2,0.0,-3.446,-3.78,-3.0665,-3.446,-2.5467,1
train-s11136,भाजपा के रजत जयंती समारोह के अंतिम दिन उन्होंने वाजपेयी व आडवाणी से मुलाकात की ।,SOV,16,23,-0.0073,0.5102,0.619,13,राज ने अपने चचेरे भाई व शिवसेना के कार्यकारी अध्यक्ष उद्घव ठाकरे से मतभेद के बाद पार्टी छोड़ दी थी ।,-9.3913,-1.0435,-23.1147,-19.6395,-20.2227,-19.1358,-4.6869,1
train-s11137,नए राजनीतिक दल गठित करने से पूर्व राज अगले महीने से राज्यव्यापी अभियान शुरू कर रहे हैं ।,SOV,18,99,0.2843,0.4957,0.5625,9,भाजपा के रजत जयंती समारोह के अंतिम दिन उन्होंने वाजपेयी व आडवाणी से मुलाकात की ।,-10.9596,0.0,-9.6924,-9.4843,-13.0689,-9.6924,-3.311,1
train-s11140,मुलाकात के दौरान भाजपा के साथ किसी तरह के गठजोड़ पर चर्चा होने से उन्होंने इनकार किया ।,DOSV,18,99,0.2063,0.543,0.6111,11,नए राजनीतिक दल गठित करने से पूर्व राज अगले महीने से राज्यव्यापी अभियान शुरू कर रहे हैं ।,-9.1515,-0.0303,-27.1597,-16.0942,-15.0896,-26.0274,-5.5368,1
train-s11151,बिहार के सीवान से राजद सांसद मोहम्मद शहाबुद्दीन एक बार फिर विवादों से घिर गए हैं ।,SOV,17,23,-0.0392,0.5053,0.7222,13,मुलाकात के दौरान भाजपा के साथ किसी तरह के गठजोड़ पर चर्चा होने से उन्होंने इनकार किया ।,-3.6522,0.0,-15.8654,-1.5849,0.6576,-15.8402,-2.0549,1
train-s11152,एक आपराधिक मामले में स्थानीय अदालत ने उनके खिलाफ गैर - जमानती वारंट जारी कर दिया है ।,SOV,18,99,0.0165,0.5403,0.3529,6,बिहार के सीवान से राजद सांसद मोहम्मद शहाबुद्दीन एक बार फिर विवादों से घिर गए हैं ।,-4.9798,0.0101,-24.5836,-13.2792,-12.6258,-24.118,-5.0105,1
train-s11153,पुलिस अधीक्षक रतन संजय ने सोमवार को बताया कि पुलिस को राजद सांसद के खिलाफ जारी गिरफ्तारी वारंट की एक प्रतिलिपि मिली है ।,SOV,24,1,-0.1334,0.5107,0.6111,11,एक आपराधिक मामले में स्थानीय अदालत ने उनके खिलाफ गैर - जमानती वारंट जारी कर दिया है ।,-3.0,0.0,-4.5839,-3.1708,-1.5812,-4.5839,0.9817,1
train-s1116,भाजपा में एक खेमा इस समय बाबू लाल गौर के खिलाफ राजनीतिक अभियान चला रहा है ।,SOV,17,99,0.1233,0.4768,0.7895,15,मतदाता सूची के संशोधन का कार्य पूरा होने पर आयोग उपचुनाव के बारे में निर्णय ले सकता है ।,2.9697,0.0,-11.7319,-3.8074,-5.2574,-11.7075,-2.1567,1
train-s1118,लेकिन मंत्रालय के अधिकारी मानते हैं कि आंध्र प्रदेश और महाराष्ट्र में ज्यादा बारिश के कारण फसलों को नुकसान हुआ है ।,SOV,22,1,-0.0327,0.5028,0.5882,10,भाजपा में एक खेमा इस समय बाबू लाल गौर के खिलाफ राजनीतिक अभियान चला रहा है ।,2.0,0.0,-14.5071,-7.238,-8.265,-14.5097,-5.7363,1
train-s11183,एयर इंडिया के प्रवक्ता जितेंद्र भार्गव ने यह जानकारी दी ।,SOV,11,1,-0.0234,0.5062,0.6667,16,पुलिस अधीक्षक रतन संजय ने सोमवार को बताया कि पुलिस को राजद सांसद के खिलाफ जारी गिरफ्तारी वारंट की एक प्रतिलिपि मिली है ।,-5.0,0.0,-12.7794,-17.0715,-15.1285,-10.8894,-2.8096,1
train-s11185,एक ही दिन पाकिस्तान सरकार को संसद में दो बार पराजय का मुंह देखना पड़ा ।,SOV,16,99,0.019,0.4701,0.4545,5,एयर इंडिया के प्रवक्ता जितेंद्र भार्गव ने यह जानकारी दी ।,-0.8889,0.0,-22.8775,-3.5977,-4.9048,-22.8775,-2.7556,1
train-s11194,ब्रिटिश प्रधानमंत्री टोनी ब्लेयर ने सोमवार को चेताया कि फ्रांस के यूरोपीय यूनियन (ईयू) के नए संविधान और संधित को खारिज करने के बाद से यूरोप के भविष्य पर गंभीर सवालिया निशान लग गया है ।,SOV,38,1,0.0411,0.48,0.8125,13,एक ही दिन पाकिस्तान सरकार को संसद में दो बार पराजय का मुंह देखना पड़ा ।,-3.0,0.0,-3.0194,-7.1972,-1.5256,-3.0187,-0.1774,1
train-s11196,इटली में छुट्टी मना रहे ब्लेयर ने बुधवार को इस दस्तावेज के भाग्य का फैसला करने के लिए नीदरलैंड में होने वाले जनमत संग्रह या फिर जून मध्य में यूरोपीय यूनियन के नेताओं के तिमाही सम्मेलन होने से पूर्व बहुत सोच - विचार करने की बात कही है ।,SOV,49,23,-0.0462,0.5028,0.5526,21,ब्रिटिश प्रधानमंत्री टोनी ब्लेयर ने सोमवार को चेताया कि फ्रांस के यूरोपीय यूनियन (ईयू) के नए संविधान और संधित को खारिज करने के बाद से यूरोप के भविष्य पर गंभीर सवालिया निशान लग गया है ।,5.2174,0.0,-14.781,-7.7795,-5.8533,-14.7614,-3.8374,1
train-s11199,फ्रांस के 55 फीसदी मतदाताओं के इस नए दस्तावेज को खारिज करने के एक दिन बाद सैन गिमिगनानो स्थित टस्कन होटल में टोनी ब्लेयर ने कहा कि वह उम्मीद करते हैं कि नीदरलैंड इस दस्तावेज का समर्थन करेगा ।,SOV,39,5,0.1573,0.4812,0.6122,30,इटली में छुट्टी मना रहे ब्लेयर ने बुधवार को इस दस्तावेज के भाग्य का फैसला करने के लिए नीदरलैंड में होने वाले जनमत संग्रह या फिर जून मध्य में यूरोपीय यूनियन के नेताओं के तिमाही सम्मेलन होने से पूर्व बहुत सोच - विचार करने की बात कही है ।,-15.6,0.0,-5.8412,2.5445,3.9187,-5.8442,-2.2402,1
train-s11201,भारत अपनी सीमा में बंगलादेशी घुसपैठ रोकने के लिए जल्द ही अमेरिका से खोजी सेंसर और फ्लडलाइट मंगा सकता है ।,SOV,21,99,0.0036,0.481,0.5385,21,फ्रांस के 55 फीसदी मतदाताओं के इस नए दस्तावेज को खारिज करने के एक दिन बाद सैन गिमिगनानो स्थित टस्कन होटल में टोनी ब्लेयर ने कहा कि वह उम्मीद करते हैं कि नीदरलैंड इस दस्तावेज का समर्थन करेगा ।,-0.1616,0.0,-3.4668,-1.4416,-1.8847,-3.4668,0.4499,1
train-s11203,सीमा सुरक्षा बल के एक वरिष्ठ अधिकारी ने अपना नाम गुप्त रखने की शर्त पर बताया कि गृह मंत्रालय विशेषज्ञों की एक टीम अमेरिका रवाना करने वाला है ।,SOV,29,1,-0.0166,0.5117,0.619,13,भारत अपनी सीमा में बंगलादेशी घुसपैठ रोकने के लिए जल्द ही अमेरिका से खोजी सेंसर और फ्लडलाइट मंगा सकता है ।,-1.0,0.0,-3.7068,0.1145,-3.1845,-2.4787,2.0388,1
train-s11207,भारतीय प्रतिनिधिमंडल के सदस्य इस संस्थान के विशेषज्ञों से भी घुसपैठ के विभिन्न पहलुओं पर बातचीत करेंगे ।,SOV,18,23,0.0577,0.4787,0.7931,23,सीमा सुरक्षा बल के एक वरिष्ठ अधिकारी ने अपना नाम गुप्त रखने की शर्त पर बताया कि गृह मंत्रालय विशेषज्ञों की एक टीम अमेरिका रवाना करने वाला है ।,-5.2174,0.0,-14.5084,-12.5937,-11.4524,-14.5077,-4.3166,1
train-s11217,उन्होंने सिंगापुर की कंपनियों से भारत में बुनियादी ढांचा क्षेत्र में बढ़ - चढ़कर निवेश करने की अपील की है ।,SOV,21,5,-0.0063,0.5172,0.6667,12,भारतीय प्रतिनिधिमंडल के सदस्य इस संस्थान के विशेषज्ञों से भी घुसपैठ के विभिन्न पहलुओं पर बातचीत करेंगे ।,14.4,1.2,-15.3117,-11.6465,-15.9934,-15.3117,-4.0994,1
train-s11218,लूंग ने भारतीय नौकरशाही को आड़े हाथों लेते हुए कहा कि यह बहुत ही जटिल है और विदेशियों के लिए इसे समझने में बहुत समय लगता है ।,SOV,28,1,0.2196,0.4934,0.5714,12,उन्होंने सिंगापुर की कंपनियों से भारत में बुनियादी ढांचा क्षेत्र में बढ़ - चढ़कर निवेश करने की अपील की है ।,5.0,0.0,-3.3701,-8.0099,-7.347,-3.3701,-1.7867,1
train-s11219,इसके अलावा बैंकिंग क्षेत्र में सिंगापुर की कंपनियों को भारत ७४ प्रतिशत शेयर की अनुमति देगा ।,IOSV,17,99,-0.0598,0.5511,0.6429,18,लूंग ने भारतीय नौकरशाही को आड़े हाथों लेते हुए कहा कि यह बहुत ही जटिल है और विदेशियों के लिए इसे समझने में बहुत समय लगता है ।,4.0909,1.0,-14.7918,-8.4742,-9.2119,-14.9488,-3.6601,1
train-s11220,प्रधानमंत्री मनमोहन सिंह ने सिंगापुर के प्रधानमंत्री ली सिएन लूंग के सम्मान में बुधवार रात हैदराबाद हाउस में दिए गए एक भोज में कहा कि सिंगापुर की कंपनियां भारत में बुनियादी ढांचा क्षेत्र में सुधार में प्रभावशाली भूमिका निभा सकती हैं ।,SOV,42,1,0.1933,0.453,0.5294,9,इसके अलावा बैंकिंग क्षेत्र में सिंगापुर की कंपनियों को भारत ७४ प्रतिशत शेयर की अनुमति देगा ।,15.0,0.0,4.5389,7.6796,4.9827,2.3745,0.494,1
train-s11221,हम देश में बुनियादी ढांचे के विकास में सिंगापुर की कंपनियों की मदद चाहते हैं ।,SOV,16,23,0.2222,0.4925,0.5238,22,प्रधानमंत्री मनमोहन सिंह ने सिंगापुर के प्रधानमंत्री ली सिएन लूंग के सम्मान में बुधवार रात हैदराबाद हाउस में दिए गए एक भोज में कहा कि सिंगापुर की कंपनियां भारत में बुनियादी ढांचा क्षेत्र में सुधार में प्रभावशाली भूमिका निभा सकती हैं ।,7.8261,1.0435,-12.6052,-4.8717,-4.1669,-9.3673,-3.4198,1
train-s11225,प्रधानमंत्री ने ली के साथ व्यापक आर्थिक सहयोग समझौते (सीईसीए) पर हस्ताक्षर के बाद अपने बयान में कहा कि आर्थिक क्षेत्र में दोनों देशों के बीच सहयोग की भरपूर गुंजाइश है ।,SOV,34,99,0.2958,0.4817,0.625,10,हम देश में बुनियादी ढांचे के विकास में सिंगापुर की कंपनियों की मदद चाहते हैं ।,2.1818,0.0,-12.2676,-4.2845,-2.1232,-11.4807,0.3262,1
train-s11228,प्रधानमंत्री ने सीईसीए को दोनों देशों के रिश्ते में मील का पत्थर करार दिया ।,SOV,15,99,0.1231,0.4913,0.7059,24,प्रधानमंत्री ने ली के साथ व्यापक आर्थिक सहयोग समझौते (सीईसीए) पर हस्ताक्षर के बाद अपने बयान में कहा कि आर्थिक क्षेत्र में दोनों देशों के बीच सहयोग की भरपूर गुंजाइश है ।,-1.202,0.0,-19.9605,-14.6172,-15.3023,-17.2805,-5.8814,1
train-s1123,जबकि कृषि वैज्ञानिक मानते हैं कि बारिश से फसलों को नुकसान पहुंचा है ।,SOV,14,1,0.0323,0.5147,0.5455,12,लेकिन मंत्रालय के अधिकारी मानते हैं कि आंध्र प्रदेश और महाराष्ट्र में ज्यादा बारिश के कारण फसलों को नुकसान हुआ है ।,1.0,0.0,-5.2189,-3.158,-5.851,-4.3792,-8.5284,1
train-s11233,भारत इस शोध में पूरी मदद देने को तैयार है ।,SOV,11,5,-0.0046,0.5022,0.5333,8,प्रधानमंत्री ने सीईसीए को दोनों देशों के रिश्ते में मील का पत्थर करार दिया ।,0.0,0.0,-20.8666,-13.4005,-13.1313,-20.7985,-6.1049,1
train-s11234,"आइसलैंड के राष्ट्रपति ओलाफुर रैगनार ग्रिमसन द्वारा कलाम के सम्मान में आयोजित कार्यक्रम में कलाम ने कहा कि भारत - आइसलैंड में बहुआयामी लोकतंत्र, मानवाधिकार और सामाजिक पर्यावरण में सहिष्णुता व आजादी जैसी कई बातें व सामाजिक मूल्य समान हैं ।",SOV,42,1,0.1777,0.4789,0.6364,7,भारत इस शोध में पूरी मदद देने को तैयार है ।,-12.0,0.0,-0.487,3.2649,-0.7619,-0.487,-3.4246,1
train-s11237,एक अन्य कार्यक्रम में कलाम ने आइसलैंड के वैज्ञानिकों को संबोधित करते हुए कहा कि सूचना प्रौद्योगिकी व उपग्रह संचार का इस्तेमाल भूकंप संबंधी भविष्यवाणियों के लिए किया जाना चाहिए ।,SOV,31,5,0.1704,0.5097,0.5,21,"आइसलैंड के राष्ट्रपति ओलाफुर रैगनार ग्रिमसन द्वारा कलाम के सम्मान में आयोजित कार्यक्रम में कलाम ने कहा कि भारत - आइसलैंड में बहुआयामी लोकतंत्र, मानवाधिकार और सामाजिक पर्यावरण में सहिष्णुता व आजादी जैसी कई बातें व सामाजिक मूल्य समान हैं ।",3.6,0.0,0.3005,1.5281,1.3291,-2.1876,-0.6216,1
train-s11238,उन्होंने दोनों देशों के लिए आपदा प्रबंधन में भारतीय उपग्रहों की मदद लेने को भी कहा ।,SOV,17,5,-0.013,0.4939,0.5161,16,एक अन्य कार्यक्रम में कलाम ने आइसलैंड के वैज्ञानिकों को संबोधित करते हुए कहा कि सूचना प्रौद्योगिकी व उपग्रह संचार का इस्तेमाल भूकंप संबंधी भविष्यवाणियों के लिए किया जाना चाहिए ।,10.8,1.2,-2.5504,-5.1304,-4.2996,-4.7231,-0.5954,1
train-s11240,"गरीबी रेखा से नीचे रहने वाले बुजुर्गों को शारीरिक, मानसिक और आर्थिक सुरक्षा देने के लिए कानून बनाने के प्रस्ताव पर सभी राज्यों ने अपनी मुहर लगा दी है ।",SOV,31,23,0.0482,0.5455,0.5294,9,उन्होंने दोनों देशों के लिए आपदा प्रबंधन में भारतीय उपग्रहों की मदद लेने को भी कहा ।,-24.5217,0.0,-23.9474,-7.6969,-9.9963,-23.9474,-1.5439,1
train-s11241,सामाजिक न्याय एवं अधिकारिता मंत्रालय ने इस कानून को अमलीजामा पहनाने से पहले सभी राज्यों से इस संबंध में उनके सुझाव और सहमति माँगी थी ।,SOV,26,99,0.0298,0.4962,0.6452,20,"गरीबी रेखा से नीचे रहने वाले बुजुर्गों को शारीरिक, मानसिक और आर्थिक सुरक्षा देने के लिए कानून बनाने के प्रस्ताव पर सभी राज्यों ने अपनी मुहर लगा दी है ।",-7.9798,0.0,-13.2223,-10.864,-10.6961,-12.0567,-3.9072,1
train-s11250,माकपा ने शनिवार को भारत - अमेरिका परमाणु समझौते पर अपनी आपत्ति जताई है ।,SOV,15,23,0.0161,0.5306,0.6538,17,सामाजिक न्याय एवं अधिकारिता मंत्रालय ने इस कानून को अमलीजामा पहनाने से पहले सभी राज्यों से इस संबंध में उनके सुझाव और सहमति माँगी थी ।,2.087,0.0,-23.7255,-18.221,-18.6549,-23.676,-4.5619,1
train-s11252,"विशेषकर, बहुआयामी अभियानों और परमाणु परस्पर सिद्धांत में इसकी भागीदारी को लेकर, पार्टी पोलित ब्यूरो सदस्य और वरिष्ठ नेता सीताराम येचुरी ने यहां पोलित ब्यूरो की बैठक के समापन पर पत्रकारों से कहा कि प्रधानमंत्री के स्पष्टीकरण के बावजूद भारत को सतर्क रहना होगा ।",SOV,47,99,-0.1104,0.5466,0.5333,8,माकपा ने शनिवार को भारत - अमेरिका परमाणु समझौते पर अपनी आपत्ति जताई है ।,-27.0606,-0.0101,-6.2876,-12.9765,-9.2452,-6.2876,-0.0623,1
train-s11254,हालांकि पूर्व मुख्यमंत्री ज्योति बसु ने प्रधानमंत्री के बयान को सही करार दिया था ।,SOV,15,23,0.0795,0.4991,0.5532,26,"विशेषकर, बहुआयामी अभियानों और परमाणु परस्पर सिद्धांत में इसकी भागीदारी को लेकर, पार्टी पोलित ब्यूरो सदस्य और वरिष्ठ नेता सीताराम येचुरी ने यहां पोलित ब्यूरो की बैठक के समापन पर पत्रकारों से कहा कि प्रधानमंत्री के स्पष्टीकरण के बावजूद भारत को सतर्क रहना होगा ।",1.0435,0.0,-26.7837,-19.7558,-21.4155,-25.1223,-10.8966,1
train-s11265,प्रतिष्ठित अंतर्राष्ट्रीय साप्ताहिक पत्रिका 'बिजनेस वीक' ने इससे संबंधित एक लेख प्रकाशित करते हुए कहा है कि मदर टेरेसा के मित्र और मुंबई के आर्कबिशप डिवॉन डॉयज भी इस पद के प्रबल उत्तराधिकारी हैं ।,SOV,37,1,-0.0143,0.488,0.5333,8,हालांकि पूर्व मुख्यमंत्री ज्योति बसु ने प्रधानमंत्री के बयान को सही करार दिया था ।,-2.0,0.0,-4.4873,-4.9722,-3.0895,-4.4873,0.9388,1
train-s11270,क्योंकि नए पोप को दुनिया भर में १.१ बिलियन कैथोलिक्स को नेतृत्व देना है ।,SOV,15,99,0.0504,0.4815,0.5946,22,प्रतिष्ठित अंतर्राष्ट्रीय साप्ताहिक पत्रिका 'बिजनेस वीक' ने इससे संबंधित एक लेख प्रकाशित करते हुए कहा है कि मदर टेरेसा के मित्र और मुंबई के आर्कबिशप डिवॉन डॉयज भी इस पद के प्रबल उत्तराधिकारी हैं ।,1.1414,0.0,-2.0837,-8.0666,-9.8799,-2.0994,-6.7377,1
train-s11275,"उदाहरण के तौर पर माराडिगा, स्पैनिश, अंग्रेजी, इटैलियन, फ्रेंच, पुर्तगीज, जर्मन और ग्रीक भाषाएं बोलना जानते हैं ।",SOV,24,5,0.2973,0.489,0.6,9,क्योंकि नए पोप को दुनिया भर में १.१ बिलियन कैथोलिक्स को नेतृत्व देना है ।,13.2,0.0,-9.3071,5.945,1.9751,-9.3071,-2.3572,1
train-s11276,जबकि भारत के डॉयज १६ भाषाएं बोल सकते हैं ।,SOV,10,5,-0.0466,0.4625,0.2917,7,"उदाहरण के तौर पर माराडिगा, स्पैनिश, अंग्रेजी, इटैलियन, फ्रेंच, पुर्तगीज, जर्मन और ग्रीक भाषाएं बोलना जानते हैं ।",1.2,0.0,-5.6148,-0.5535,1.2373,-5.0624,-5.3595,1
train-s11282,राज्यसभा में विशेष उल्लेख के तहत इस मामले को उठाते हुए हरीश रावत ने कहा कि यह राजमार्ग पश्चिमी उत्तर प्रदेश व उत्तरांचल की अर्थव्यवस्था के लिए बेहद महत्वपूर्ण है ।,SOV,31,1,0.0721,0.4365,0.3,3,जबकि भारत के डॉयज १६ भाषाएं बोल सकते हैं ।,-8.0,0.0,4.1097,11.1279,10.1625,4.1097,0.0044,1
train-s11284,"इसके चलते गंगोत्री, यमुनोत्री, केदारनाथ व हरिद्वार की यात्रा पर जाने वाले करोड़ों श्रद्धालुओं को कष्ट उठाना पड़ता है ।",SOV,22,5,0.0467,0.5032,0.5161,16,राज्यसभा में विशेष उल्लेख के तहत इस मामले को उठाते हुए हरीश रावत ने कहा कि यह राजमार्ग पश्चिमी उत्तर प्रदेश व उत्तरांचल की अर्थव्यवस्था के लिए बेहद महत्वपूर्ण है ।,-1.2,1.2,-13.0873,-4.6808,-6.3726,-13.0873,-3.9778,1
train-s11287,केंद्र सरकार को इस पर ध्यान देना चाहिए ।,SOV,9,5,0.0371,0.5472,0.3636,8,"इसके चलते गंगोत्री, यमुनोत्री, केदारनाथ व हरिद्वार की यात्रा पर जाने वाले करोड़ों श्रद्धालुओं को कष्ट उठाना पड़ता है ।",-2.4,-1.2,-18.5035,-10.4766,-12.187,-18.5357,-2.5178,1
train-s11288,सीबीआई ने शुक्रवार को भ्रष्ट अधिकारियों के खिलाफ देशव्यापी छापे मारे ।,SOV,12,23,0.0155,0.4835,0.8889,8,केंद्र सरकार को इस पर ध्यान देना चाहिए ।,1.0435,0.0,-20.4766,-7.4873,-7.7125,-21.284,-4.6803,1
train-s11291,"जांच एजेंसी ने ७० सरकारी अफसरों के खिलाफ आय से अधिक संपत्ति रखने, अमानत में खयानत, घूस लेने और जालसाजी व आपराधिक षड्यंत्र रचने के ५८ मामले दर्ज किए ।",SOV,32,23,-0.2743,0.5712,0.5833,7,सीबीआई ने शुक्रवार को भ्रष्ट अधिकारियों के खिलाफ देशव्यापी छापे मारे ।,5.2174,0.0,-21.7394,-16.9003,-17.54,-22.8563,-5.3737,1
train-s113,"महाराजा ने ही यहाँ पदम तालाब, राजा बाँध और मिलक तालाब बनवाए ।",SOV,14,5,0.1796,0.5281,0.45,9,मुगल शासक शाह आलम ने 1754 में जयपुर के महाराजा सवाई माधोसिंह प्रथम को यह किला पुरस्कार स्वरूप दिया ।,6.0,-1.2,-1.6388,-3.2269,-0.795,0.1693,0.3877,1
train-s11301,सीबीआई निदेशक उमाकांत मिश्र ने देशव्यापी छापों की जानकारी मीडिया को दी ।,SOV,13,5,-0.0932,0.5461,0.5312,17,"जांच एजेंसी ने ७० सरकारी अफसरों के खिलाफ आय से अधिक संपत्ति रखने, अमानत में खयानत, घूस लेने और जालसाजी व आपराधिक षड्यंत्र रचने के ५८ मामले दर्ज किए ।",-3.6,0.0,-4.6401,1.7132,1.9606,-4.0824,-1.5752,1
train-s11308,कांग्रेस ने जाति का नाम लिखकर उम्मीदवारों की सूची जारी करने से भी इनकार किया है ।,SOV,17,23,0.0426,0.4682,0.5385,7,सीबीआई निदेशक उमाकांत मिश्र ने देशव्यापी छापों की जानकारी मीडिया को दी ।,0.0,0.0,-27.0536,-20.4174,-20.3874,-26.9839,-6.9053,1
train-s11323,सूत्रों के मुताबिक चंद्रशेखर राव ने बसपा प्रमुख मायावती से सोमवार की शाम उनके घर जाकर मुलाकात की और मायावती ने राव को साथ खड़े रहने का भरोसा दिया है ।,SOV,31,99,-0.061,0.4811,0.7647,13,कांग्रेस ने जाति का नाम लिखकर उम्मीदवारों की सूची जारी करने से भी इनकार किया है ।,-5.3434,0.0,-6.1689,-12.7297,-15.3097,-5.5108,-5.7886,1
train-s11332,सैर - सपाटे के लिए विदेश जाने वाले भारतीय अन्य देशों के पर्यटकों के मुकाबले ज्यादा धन खर्च करते हैं ।,SOV,21,99,0.0574,0.4934,0.5484,17,सूत्रों के मुताबिक चंद्रशेखर राव ने बसपा प्रमुख मायावती से सोमवार की शाम उनके घर जाकर मुलाकात की और मायावती ने राव को साथ खड़े रहने का भरोसा दिया है ।,-10.1515,0.0,-15.3193,-16.9865,-16.019,-15.3193,-3.9217,1
train-s11333,"सिंगापुर टूरिज्म बोर्ड के मुताबिक, आमतौर पर भारतीय पर्यटक प्रतिदिन तीन हजार सिंगापुर डॉलर खर्च करता है ।",SOV,19,99,0.1317,0.529,0.4762,10,सैर - सपाटे के लिए विदेश जाने वाले भारतीय अन्य देशों के पर्यटकों के मुकाबले ज्यादा धन खर्च करते हैं ।,-9.6566,0.0,-19.702,-13.2856,-9.8958,-15.25,-3.1286,1
train-s11334,"लिहाजा, भारतीय पर्यटकों को लुभाने व बेहतर टूर पैकेज उपलब्ध कराने के लिए सिंगापुर टूरिज्म बोर्ड ने राजधानी में अपना क्षेत्रीय कार्यालय खोला है ।",SOV,26,99,0.1477,0.4418,0.5263,10,"सिंगापुर टूरिज्म बोर्ड के मुताबिक, आमतौर पर भारतीय पर्यटक प्रतिदिन तीन हजार सिंगापुर डॉलर खर्च करता है ।",-8.3636,0.0,-18.3205,-5.886,-5.1394,-16.7564,-1.2527,1
train-s11340,लालू ने 18 अक्टूबर को होने वाले प्रथम चरण के चुनाव के लिए राजद के 51 प्रत्याशियों की सूची भी जारी कर दी है ।,SOV,25,23,0.1226,0.508,0.4615,12,"लिहाजा, भारतीय पर्यटकों को लुभाने व बेहतर टूर पैकेज उपलब्ध कराने के लिए सिंगापुर टूरिज्म बोर्ड ने राजधानी में अपना क्षेत्रीय कार्यालय खोला है ।",-3.6522,0.0,-17.1632,-11.8598,-11.4248,-17.0725,-6.5838,1
train-s11341,लालू ने शुक्रवार को यहां एक प्रेस कांफ्रेंस में अपने चिर - परिचित अंदाज में कहा कि हर कोई समझता है कि यूपीए की ओर से मुख्यमंत्री पद का दावेदार कौन होगा ।,SOV,33,99,0.021,0.4869,0.56,14,लालू ने 18 अक्टूबर को होने वाले प्रथम चरण के चुनाव के लिए राजद के 51 प्रत्याशियों की सूची भी जारी कर दी है ।,10.404,0.0202,-13.3213,-10.8108,-9.534,-11.9134,0.6963,1
train-s11349,हम दलित मुस्लिमों को आरक्षण दिलाने के लिए संविधान में संशोधन किए जाने के हामी हैं ।,SOV,17,5,0.0585,0.5261,0.5455,18,लालू ने शुक्रवार को यहां एक प्रेस कांफ्रेंस में अपने चिर - परिचित अंदाज में कहा कि हर कोई समझता है कि यूपीए की ओर से मुख्यमंत्री पद का दावेदार कौन होगा ।,7.2,1.2,-3.643,-4.027,-2.7941,-3.5238,-3.8401,1
train-s11353,हालांकि निजी तौर पर उन्होंने स्वीकार किया कि नालंदा सीट पर जनता दल (यू) प्रत्याशी श्रवण सिंह की पराजय सुनिश्चित करने की रणनीति के तहत यह सीट रामनरेश के लिए छोड़ी गई है ।,SOV,36,23,0.0871,0.4883,0.5882,10,हम दलित मुस्लिमों को आरक्षण दिलाने के लिए संविधान में संशोधन किए जाने के हामी हैं ।,-1.0435,0.0,-22.7843,-15.1902,-14.0352,-22.7843,-7.0975,1
train-s11354,प्रधानमंत्री मनमोहन सिंह ने धार्मिक आधार पर देश के एक और विभाजन या सीमा फिर से तय करने की संभावना को दृढ़ता से खारिज कर दिया है ।,SOV,28,23,0.0773,0.4764,0.5833,21,हालांकि निजी तौर पर उन्होंने स्वीकार किया कि नालंदा सीट पर जनता दल (यू) प्रत्याशी श्रवण सिंह की पराजय सुनिश्चित करने की रणनीति के तहत यह सीट रामनरेश के लिए छोड़ी गई है ।,-12.5217,0.0,-14.3154,-12.6531,-12.5581,-14.3154,-4.7579,1
train-s11361,प्रधानमंत्री ने स्वीकार किया कि दोनों देशों के लोगों के बीच संपर्क बढ़ाकर बहुत कुछ किया जा सकता है ।,SOV,20,1,0.0067,0.5153,0.7857,22,प्रधानमंत्री मनमोहन सिंह ने धार्मिक आधार पर देश के एक और विभाजन या सीमा फिर से तय करने की संभावना को दृढ़ता से खारिज कर दिया है ।,-1.0,0.0,-31.314,-15.09,-12.0713,-22.254,-7.5825,1
train-s11365,करीब एक घंटे चले सवाल - जवाब में उन्होंने कहा कि दोनों देशों की शांति प्रक्रिया आगे बढ़ रही है ।,SOV,21,1,-0.0239,0.503,0.7,14,प्रधानमंत्री ने स्वीकार किया कि दोनों देशों के लोगों के बीच संपर्क बढ़ाकर बहुत कुछ किया जा सकता है ।,-7.0,-2.0,-9.3132,-7.8354,-8.9904,-9.3097,-1.555,1
train-s11371,'नई उमा' भाजपा अध्यक्ष लालकृष्ण आडवाणी और पूर्व प्रधानमंत्री अटल बिहारी वाजपेयी को पिता समान बता रही हैं ।,SOV,21,5,0.1681,0.484,0.619,13,करीब एक घंटे चले सवाल - जवाब में उन्होंने कहा कि दोनों देशों की शांति प्रक्रिया आगे बढ़ रही है ।,-2.4,0.0,1.0547,-5.6636,-4.0427,1.0781,0.4726,1
train-s11373,हालांकि उन्होंने बुधवार को भी भगवा ध्वज के साथ अयोध्या की 'राम - रोटी पदयात्रा' जारी रखी ।,SOV,20,99,0.1391,0.4668,0.381,8,'नई उमा' भाजपा अध्यक्ष लालकृष्ण आडवाणी और पूर्व प्रधानमंत्री अटल बिहारी वाजपेयी को पिता समान बता रही हैं ।,11.2525,-0.9495,-14.5995,-7.6775,-5.2877,-14.5888,-10.4235,1
train-s11375,साध्वी ने अपने निलंबन और नोटिस के बारे में प्रतिक्रिया व्यक्त करते हुए कहा कि 'व्यक्तिगत दुश्मनी' और गैर - जिम्मेदाराना बयानबाजी से ऊपर उठकर इस मुद्दे को सुलझाने की जरूरत है ।,SOV,35,1,0.1038,0.4686,0.35,7,हालांकि उन्होंने बुधवार को भी भगवा ध्वज के साथ अयोध्या की 'राम - रोटी पदयात्रा' जारी रखी ।,9.0,0.0,-12.6792,-7.3335,-6.1963,-12.6792,-1.2784,1
train-s11377,अयोध्या मार्च के दौरान पत्रकारों के सामने बड़ी सावधानी से लिखे अपने बयान को पढ़ते हुए उमा ने कहा कि दोनों पक्षों के बीच बातचीत की गुंजाइश है ।,SOV,29,5,-0.1069,0.5374,0.5143,18,साध्वी ने अपने निलंबन और नोटिस के बारे में प्रतिक्रिया व्यक्त करते हुए कहा कि 'व्यक्तिगत दुश्मनी' और गैर - जिम्मेदाराना बयानबाजी से ऊपर उठकर इस मुद्दे को सुलझाने की जरूरत है ।,-2.4,0.0,-5.6835,-0.6441,0.3153,-5.5057,-1.1055,1
train-s11382,"'राम - रोटी पदयात्रा' के बाद नई पार्टी बनाने की बात से इनकार करते हुए उमा ने कहा कि यह गैर - राजनीतिक पदयात्रा है, जिसे वे और पार्टी महासचिव अरुण जेटली आंध्र प्रदेश के करीमनगर से शुरू करने वाले थे ।",SOV,45,1,0.0064,0.5014,0.5862,17,अयोध्या मार्च के दौरान पत्रकारों के सामने बड़ी सावधानी से लिखे अपने बयान को पढ़ते हुए उमा ने कहा कि दोनों पक्षों के बीच बातचीत की गुंजाइश है ।,-15.0,0.0,-5.5746,-2.7545,-5.795,-3.9237,-0.7242,1
train-s11384,"बकौल उमा, लेकिन आडवाणी ने मेरे खराब स्वास्थ्य पर 'एक पिता की तरह चिंता' जताते हुए यात्रा स्थगित कर दी थी ।",SOV,25,99,-0.0016,0.5259,0.4,18,"'राम - रोटी पदयात्रा' के बाद नई पार्टी बनाने की बात से इनकार करते हुए उमा ने कहा कि यह गैर - राजनीतिक पदयात्रा है, जिसे वे और पार्टी महासचिव अरुण जेटली आंध्र प्रदेश के करीमनगर से शुरू करने वाले थे ।",1.7273,0.0,-29.1885,-19.0335,-15.0402,-29.3289,-6.6603,1
train-s11385,"यह पूछे जाने पर कि क्या उनके लिए दिल्ली का रास्ता अयोध्या से होकर जाता है, साध्वी ने कहा कि उनके जीवन का हर रास्ता अयोध्या से होकर जाता है ।",SOV,32,1,-0.0675,0.512,0.52,13,"बकौल उमा, लेकिन आडवाणी ने मेरे खराब स्वास्थ्य पर 'एक पिता की तरह चिंता' जताते हुए यात्रा स्थगित कर दी थी ।",-15.0,0.0,-13.002,-2.554,-7.4786,-13.0576,-10.8426,1
train-s11390,"यह पूछे जाने पर कि क्या उनके लिए दिल्ली का रास्ता अयोध्या से होकर जाता है, उमा ने कहा कि मेरे जीवन के सारे रास्ते अयोध्या से होकर ही गुजरते हैं",SOV,32,1,0.0354,0.5301,0.5312,17,"यह पूछे जाने पर कि क्या उनके लिए दिल्ली का रास्ता अयोध्या से होकर जाता है, साध्वी ने कहा कि उनके जीवन का हर रास्ता अयोध्या से होकर जाता है ।",-15.0,0.0,-16.3107,-5.9821,-10.9612,-9.3854,-9.3611,1
train-s11391,दागी मंत्रियों के सवाल पर संसद में भाजपा का मुकाबला करने के लिए कांग्रेस अब पिछले सत्र की तरह ही भाजपा के वरिष्ठ नेताओं को निशाना बनाती रहेगी ।,SOV,29,99,0.0233,0.528,0.5312,17,"यह पूछे जाने पर कि क्या उनके लिए दिल्ली का रास्ता अयोध्या से होकर जाता है, उमा ने कहा कि मेरे जीवन के सारे रास्ते अयोध्या से होकर ही गुजरते हैं",-22.6263,0.101,-14.4088,-11.6668,-8.2836,-14.4064,-4.983,1
train-s11404,कांग्रेस प्रवक्ता ने बुधवार को इस मामले में जूदेव का भी हवाला दिया है ।,SOV,15,23,0.0299,0.4934,0.6207,18,दागी मंत्रियों के सवाल पर संसद में भाजपा का मुकाबला करने के लिए कांग्रेस अब पिछले सत्र की तरह ही भाजपा के वरिष्ठ नेताओं को निशाना बनाती रहेगी ।,2.087,0.0,-18.9819,-12.8147,-11.711,-17.7539,-3.9262,1
train-s11407,गुजरात के मुख्यमंत्री नरेंद्र मोदी के खिलाफ छिड़ी मुहिम को पार्टी आलाकमान ने काफी गंभीरता से लिया है ।,DOSV,19,5,-0.0551,0.5296,0.6,9,कांग्रेस प्रवक्ता ने बुधवार को इस मामले में जूदेव का भी हवाला दिया है ।,-8.4,0.0,-13.1535,-0.3509,0.0808,-13.1294,-0.1672,1
train-s1141,"चतुर्वेदी के मुताबिक, मुलायम सरकार राज्यपाल को वहां जाने से क्यों रोकना चाहती थी ।",SOV,16,99,0.093,0.497,0.5714,8,जबकि कृषि वैज्ञानिक मानते हैं कि बारिश से फसलों को नुकसान पहुंचा है ।,-3.0606,0.0,-12.5045,-17.0144,-12.9525,-12.5172,-3.4293,1
train-s11412,"पार्टी अध्यक्ष से मुलाकात के लिए दिल्ली पहुंचे वरिष्ठ भाजपा नेता केशुभाई पटेल, सुरेश मेहता व काशीराम राणा ने आपस में मुलाकात कर रणनीति तैयार की ।",SOV,28,99,-0.1081,0.5322,0.4211,8,गुजरात के मुख्यमंत्री नरेंद्र मोदी के खिलाफ छिड़ी मुहिम को पार्टी आलाकमान ने काफी गंभीरता से लिया है ।,-14.8384,0.0,-18.4277,-19.883,-18.1246,-18.086,-4.0043,1
train-s11418,मुख्यमंत्री नरेंद्र मोदी ने मंगलवार को पूर्व प्रधानमंत्री अटल बिहारी वाजपेयी से मुलाकात की थी ।,SOV,16,23,0.2205,0.512,0.5,14,"पार्टी अध्यक्ष से मुलाकात के लिए दिल्ली पहुंचे वरिष्ठ भाजपा नेता केशुभाई पटेल, सुरेश मेहता व काशीराम राणा ने आपस में मुलाकात कर रणनीति तैयार की ।",-2.6087,0.0,-25.0682,-15.3066,-17.4044,-21.1083,-6.2396,1
train-s11419,मुलाकात के दौरान वाजपेयी ने मोदी को सभी को साथ लेकर चलने की हिदायत दी ।,SOV,16,23,-0.0205,0.4709,0.5,8,मुख्यमंत्री नरेंद्र मोदी ने मंगलवार को पूर्व प्रधानमंत्री अटल बिहारी वाजपेयी से मुलाकात की थी ।,6.2609,0.0,-15.4212,-10.5482,-10.8372,-9.7282,-4.1703,1
train-s1142,राष्ट्रपति का नुमाइंदा होने के नाते राज्यपाल को प्रदेश के किसी भी हिस्से में जाने का हक हासिल है ।,SOV,20,23,0.0089,0.516,0.5,8,"चतुर्वेदी के मुताबिक, मुलायम सरकार राज्यपाल को वहां जाने से क्यों रोकना चाहती थी ।",-4.1739,0.0,-19.0931,-6.7698,-10.0644,-14.2438,-5.4947,1
train-s11422,इसके अलावा संघ भी लगातार दबाव बनाए हुए है ।,SOV,10,23,0.1262,0.4896,0.625,10,मुलाकात के दौरान वाजपेयी ने मोदी को सभी को साथ लेकर चलने की हिदायत दी ।,-2.087,1.0435,-26.9124,-5.9495,-3.6783,-26.9124,-6.8951,1
train-s11429,इस मौके पर हुड्डा ने श्रमिकों को संबोधित करते हुए कहा कि वे पुरानी बातें भुलाकर उत्पादन कार्य में जुट जाएं ।,SOV,22,5,0.1186,0.4626,0.6,6,इसके अलावा संघ भी लगातार दबाव बनाए हुए है ।,2.4,0.0,-4.7032,-1.2171,-1.4759,-4.7032,-0.3364,1
train-s11435,मजदूर नेता सुरेश गौड़ के नेतृत्व में शुक्रवार को होंडा के श्रमिकों ने सोनिया गांधी से मुलाकात की ।,SOV,19,99,-0.0912,0.5303,0.4091,9,इस मौके पर हुड्डा ने श्रमिकों को संबोधित करते हुए कहा कि वे पुरानी बातें भुलाकर उत्पादन कार्य में जुट जाएं ।,-11.2727,0.0,-24.5833,-17.3665,-17.7543,-20.9008,-4.4841,1
train-s11439,समझौता होने के बाद शनिवार सुबह मुख्यमंत्री हुड्डा खुद ही मजदूरों को फैक्टरी में दाखिल कराने पहुंच गए ।,SOV,19,99,0.1977,0.5312,0.5789,11,मजदूर नेता सुरेश गौड़ के नेतृत्व में शुक्रवार को होंडा के श्रमिकों ने सोनिया गांधी से मुलाकात की ।,-6.5051,0.0,-5.4607,-2.5503,-2.5255,-5.4659,-3.5932,1
train-s11445,मुख्यमंत्री ने कंपनी प्रबंधकों और कर्मचारियों के नेताओं को प्रदेश के हित में सौहार्दपूर्ण समझौता करने पर मुबारकबाद दी ।,SOV,20,23,0.109,0.4806,0.5789,11,समझौता होने के बाद शनिवार सुबह मुख्यमंत्री हुड्डा खुद ही मजदूरों को फैक्टरी में दाखिल कराने पहुंच गए ।,-1.0435,0.0,-11.9561,1.6063,1.6833,-10.2075,-3.1947,1
train-s11446,"हुड्डा ने श्रमिकों पर दंगा भड़काने, जानलेवा हमला करने एवं सरकारी संपत्ति को नुकसान पहुंचाने को लेकर किए गए मुकदमे के बारे में पूछे गए एक सवाल के जवाब में बताया कि न्यायिक जांच में जो दोषी पाया जाएगा उसे दंडित किया जाएगा ।",SOV,45,23,-0.0451,0.5156,0.45,9,मुख्यमंत्री ने कंपनी प्रबंधकों और कर्मचारियों के नेताओं को प्रदेश के हित में सौहार्दपूर्ण समझौता करने पर मुबारकबाद दी ।,6.7826,0.0,-16.4742,-6.9884,-4.9443,-16.1781,-2.1008,1
train-s11447,मजदूरों को संबोधित करने के बाद मुख्यमंत्री ने होंडा परिसर में समझौते की निशानी के रूप में एक पौधा लगाया ।,SOV,21,99,-0.0935,0.564,0.5778,26,"हुड्डा ने श्रमिकों पर दंगा भड़काने, जानलेवा हमला करने एवं सरकारी संपत्ति को नुकसान पहुंचाने को लेकर किए गए मुकदमे के बारे में पूछे गए एक सवाल के जवाब में बताया कि न्यायिक जांच में जो दोषी पाया जाएगा उसे दंडित किया जाएगा ।",-3.8586,0.0,-5.6044,0.888,-4.109,-5.0932,-1.8273,1
train-s1146,कांग्रेस ने उप्र सरकार को सलाह दी है कि उसे इस तरह की राजनीति करने के बजाए कानून -JOIN व्यवस्था व बुनियादी सुविधाओं की तरफ ध्यान देना चाहिए ।,SOV,29,5,0.1323,0.515,0.75,15,राष्ट्रपति का नुमाइंदा होने के नाते राज्यपाल को प्रदेश के किसी भी हिस्से में जाने का हक हासिल है ।,-1.2,0.0,-16.0173,-15.3326,-14.8408,-15.9833,-5.4069,1
train-s11466,सीबीटी की बैठक के बाद पत्रकारों से बातचीत में केंद्रीय श्रम मंत्री शीशराम ओला ने कहा कि ब्याज दरों को लेकर व्यापक चर्चा हुई ।,IOSV,25,23,0.027,0.4566,0.5714,12,मजदूरों को संबोधित करने के बाद मुख्यमंत्री ने होंडा परिसर में समझौते की निशानी के रूप में एक पौधा लगाया ।,1.5652,0.0,-12.5274,-7.5001,-5.4401,-12.5045,-0.6562,1
train-s11470,"बहरहाल, श्रम मंत्री ने इस बारे में कुछ भी स्पष्ट करने से इनकार कर दिया कि सरकार ईपीएफ ब्याज दर में क्या बदलाव कर सकती है?",SOV,28,23,0.0518,0.5394,0.64,16,सीबीटी की बैठक के बाद पत्रकारों से बातचीत में केंद्रीय श्रम मंत्री शीशराम ओला ने कहा कि ब्याज दरों को लेकर व्यापक चर्चा हुई ।,1.0435,0.0,-39.0763,-23.615,-27.0317,-37.1443,-8.0327,1
train-s11473,हालांकि सूत्रों के मुताबिक सरकार ८.५ से ९.० तक ब्याज दर आसानी से दे सकती है ।,SOV,17,99,-0.0303,0.5417,0.6429,18,"बहरहाल, श्रम मंत्री ने इस बारे में कुछ भी स्पष्ट करने से इनकार कर दिया कि सरकार ईपीएफ ब्याज दर में क्या बदलाव कर सकती है?",4.798,0.0,-10.9707,-1.8046,-6.8821,-9.9307,-5.3991,1
train-s11475,वामपंथी श्रमिक संगठन और भारतीय मजदूर संघ जहां १२ फीसदी ब्याज दर की मांग कर रहे हैं वहीं कुछ संगठन चाहते हैं कि ९.५ की ब्याज दर बरकरार रहनी चाहिए ।,SOV,31,1,0.1268,0.4861,0.4706,8,हालांकि सूत्रों के मुताबिक सरकार ८.५ से ९.० तक ब्याज दर आसानी से दे सकती है ।,-16.0,0.0,-3.1968,0.5621,4.4006,-3.1968,-3.7264,1
train-s11476,सीबीटी में शामिल भारतीय मजदूर संघ के प्रतिनिधि हंसुभाई दवे के मुताबिक सरकार १२ फीसदी ब्याज दर दे सकती है ।,SOV,21,5,0.1745,0.5138,0.4194,13,वामपंथी श्रमिक संगठन और भारतीय मजदूर संघ जहां १२ फीसदी ब्याज दर की मांग कर रहे हैं वहीं कुछ संगठन चाहते हैं कि ९.५ की ब्याज दर बरकरार रहनी चाहिए ।,-9.6,0.0,-3.0854,-8.7722,-6.6423,-3.5599,-2.5269,1
train-s11483,हालांकि सूत्रों ने इसमें किसी तरह की कमी आने की संभावना से इनकार किया है ।,SOV,16,23,0.1669,0.4526,0.4286,9,सीबीटी में शामिल भारतीय मजदूर संघ के प्रतिनिधि हंसुभाई दवे के मुताबिक सरकार १२ फीसदी ब्याज दर दे सकती है ।,3.6522,0.0,-25.8139,-20.899,-21.6127,-25.7906,-10.3064,1
train-s11485,पेट्रोलियम मंत्री मणिशंकर अय्यर ने आतंकी हमले के जोखिम को कम करने के लिए ४.१६ अरब डॉलर वाले ईरान - भारत गैस पाइपलाइन को पाकिस्तान की घनी आबादी वाले इलाकों से ले जाने का सुझाव दिया है ।,SOV,38,5,-0.1083,0.5005,0.75,12,हालांकि सूत्रों ने इसमें किसी तरह की कमी आने की संभावना से इनकार किया है ।,19.2,0.0,-10.6065,-10.4113,-4.1614,-10.5807,-4.5427,1
train-s11487,पाकिस्तान से गुजरने वाली ७६० किमी लंबी ट्रांजिट पाइपलाइन के लिए ईरान पाक सरकार से अलग से करार करेगा ।,SOV,20,99,-0.0008,0.5195,0.5526,21,पेट्रोलियम मंत्री मणिशंकर अय्यर ने आतंकी हमले के जोखिम को कम करने के लिए ४.१६ अरब डॉलर वाले ईरान - भारत गैस पाइपलाइन को पाकिस्तान की घनी आबादी वाले इलाकों से ले जाने का सुझाव दिया है ।,-18.0909,0.0,-6.1093,-6.8407,-6.0835,-2.1919,-3.9734,1
train-s11493,"सरकार संसद के शीतकालीन सत्र में बुजुर्गों की देखभाल, भरण - पोषण और सुरक्षा सुनिश्चित करने के लिए एक व्यापक विधेयक पेश करने वाली है ।",SOV,27,99,0.0415,0.5295,0.6,12,पाकिस्तान से गुजरने वाली ७६० किमी लंबी ट्रांजिट पाइपलाइन के लिए ईरान पाक सरकार से अलग से करार करेगा ।,-1.4141,0.0,-20.3044,-18.4819,-14.6202,-19.0672,-4.436,1
train-s11494,सामाजिक न्याय और अधिकारिता मंत्रालय बुजुर्गों की समस्याओं पर ज्यादा ध्यान दे रहा है ।,SOV,15,5,0.1483,0.4988,0.6667,18,"सरकार संसद के शीतकालीन सत्र में बुजुर्गों की देखभाल, भरण - पोषण और सुरक्षा सुनिश्चित करने के लिए एक व्यापक विधेयक पेश करने वाली है ।",-3.6,0.0,-16.7957,-10.2046,-11.7286,-17.7911,-3.5123,1
train-s11503,सूत्रों के मुताबिक सामाजिक न्याय और अधिकारिता मंत्रालय की पहल पर दूसरे मंत्रालयों और विभागों ने वरिष्ठ नागरिकों के कल्याण के लिए कई प्रकार की रियायतें देने का प्रस्ताव दिया है ।,SOV,32,99,0.0286,0.5254,0.6667,10,सामाजिक न्याय और अधिकारिता मंत्रालय बुजुर्गों की समस्याओं पर ज्यादा ध्यान दे रहा है ।,6.0,0.0,-16.9791,-16.0542,-15.9838,-17.2775,-6.2817,1
train-s11506,कारोबार में इजाफा करने के लिए मशहूर कंपनियां अपना 'ब्रांड एंबेसडर' बनाती रही हैं ।,SOV,17,5,0.0218,0.4748,0.625,20,सूत्रों के मुताबिक सामाजिक न्याय और अधिकारिता मंत्रालय की पहल पर दूसरे मंत्रालयों और विभागों ने वरिष्ठ नागरिकों के कल्याण के लिए कई प्रकार की रियायतें देने का प्रस्ताव दिया है ।,-1.2,0.0,-6.8484,-6.981,-6.2867,-6.8484,-0.4882,1
train-s11524,इसीलिए लोगों में पर्यटन के प्रति जागरूकता लाने और देश में पर्यटन को बढ़ावा देने के लिए पर्यटन राज्य मंत्री ब्रांड एंबेसडर बनाना चाहती हैं ।,SOV,26,23,0.2222,0.4827,0.5714,16,"हालांकि, पर्यटन उद्योग से जुड़े कई लोगों ने सचिन तेंदुलकर व शतरंज की दुनिया के बादशाह कहे जाने वाले विश्वनाथ आनंद सहित कई नाम सुझाए हैं ।",-3.6522,1.0435,-13.0131,-13.0166,-13.3464,-11.6546,-1.9016,1
train-s11526,ब्रांड एंबेसडर के लिए मंत्रालय पैसा खर्च करने के लिए भी तैयार है ।,SOV,14,23,0.2325,0.5089,0.6538,17,इसीलिए लोगों में पर्यटन के प्रति जागरूकता लाने और देश में पर्यटन को बढ़ावा देने के लिए पर्यटन राज्य मंत्री ब्रांड एंबेसडर बनाना चाहती हैं ।,-2.087,0.0,-9.4173,-8.1858,-10.999,-8.6325,-4.0002,1
train-s11530,इस संबंध में सेना पुलिस ने छावनी के थाना सदर में बृहस्पतिवार की देर शाम फाइलें चोरी जाने की रिपोर्ट दर्ज करा दी ।,SOV,24,99,0.0168,0.4572,0.5714,8,ब्रांड एंबेसडर के लिए मंत्रालय पैसा खर्च करने के लिए भी तैयार है ।,-1.4949,0.0,-23.4081,-16.5203,-17.2166,-23.4129,-5.7209,1
train-s11531,पुलिस सूत्रों के मुताबिक आर्मी के सब एरिया यूनिट के दफ्तर से फाइलों का गुम होना आश्चर्यजनक बात है ।,SOV,20,5,-0.049,0.5374,0.625,15,इस संबंध में सेना पुलिस ने छावनी के थाना सदर में बृहस्पतिवार की देर शाम फाइलें चोरी जाने की रिपोर्ट दर्ज करा दी ।,-2.4,0.0,-10.6444,-8.7709,-10.3156,-7.8394,-3.9175,1
train-s11532,सेना पुलिस ने अपने दम पर पूरी छानबीन करने के बाद मामला सिविल पुलिस को सौंपा है ।,SOV,18,23,0.093,0.5298,0.6,12,पुलिस सूत्रों के मुताबिक आर्मी के सब एरिया यूनिट के दफ्तर से फाइलों का गुम होना आश्चर्यजनक बात है ।,-3.6522,0.0,-7.7694,-5.9974,-5.508,-7.7496,-2.5698,1
train-s11542,सेना के अधिकारियों ने एफआईआर में लिखवाया है कि मंगलवार की देर शाम किसी अज्ञात व्यक्ति ने सब एरिया के कार्यालय का शीशा तोड़कर चोरी की ।,SOV,27,1,-0.1715,0.5666,0.7222,13,सेना पुलिस ने अपने दम पर पूरी छानबीन करने के बाद मामला सिविल पुलिस को सौंपा है ।,-2.0,0.0,-6.9807,-2.7921,-1.3683,-7.1008,1.1991,1
train-s11544,भारतीय जनता पार्टी के वरिष्ठ नेता संजय जोशी को विवादास्पद सीडी के मामले में मध्यप्रदेश की पुलिस ने क्लीन चिट दे दी है ।,IOSV,24,23,-0.1195,0.4732,0.7407,20,सेना के अधिकारियों ने एफआईआर में लिखवाया है कि मंगलवार की देर शाम किसी अज्ञात व्यक्ति ने सब एरिया के कार्यालय का शीशा तोड़कर चोरी की ।,-11.4783,0.0,-7.7622,-7.5304,-8.0445,-7.7822,-2.1089,1
train-s1155,शनिवार को बनारस में अटकने के बाद मानसून ने आज फिर रफ्तार पकड़ ली ।,SOV,15,99,0.0384,0.4802,0.6552,19,कांग्रेस ने उप्र सरकार को सलाह दी है कि उसे इस तरह की राजनीति करने के बजाए कानून -JOIN व्यवस्था व बुनियादी सुविधाओं की तरफ ध्यान देना चाहिए ।,-13.6566,0.0,-4.0563,-3.2367,-4.241,-3.7727,-3.5444,1
train-s11563,प्रधानमंत्री ने मॉरिशस के एक प्रमुख दैनिक समाचार 'ली मारिसिशियन' को दिए गए साक्षात्कार में कहा कि जम्मू कश्मीर मामले पर हमें व्यवहारिक व यथार्थवादी नजरिया रखना होगा ।,SOV,31,1,0.0383,0.5047,0.5833,14,भारतीय जनता पार्टी के वरिष्ठ नेता संजय जोशी को विवादास्पद सीडी के मामले में मध्यप्रदेश की पुलिस ने क्लीन चिट दे दी है ।,13.0,0.0,1.8557,1.9771,1.9368,1.8801,1.5966,1
train-s11567,इस बीच भारतीय पत्रकारों से उन्होंने कहा कि श्रीनगर - मुजफ्फराबाद बस सेवा में आने वाली सारी बाधाएं दूर कर दी गई हैं और पहली बस ७ अप्रैल को रवाना हो जाएगी ।,IOSV,33,5,0.0528,0.5367,0.4194,13,प्रधानमंत्री ने मॉरिशस के एक प्रमुख दैनिक समाचार 'ली मारिसिशियन' को दिए गए साक्षात्कार में कहा कि जम्मू कश्मीर मामले पर हमें व्यवहारिक व यथार्थवादी नजरिया रखना होगा ।,-1.2,0.0,-13.0933,-1.9054,-0.8336,-12.3515,-2.7884,1
train-s11572,प्रधानमंत्री ने मॉरिशस को भारत के लिए उपयोगी भागीदार और दोस्त भी बताया ।,SOV,14,23,-0.0695,0.5183,0.5152,17,इस बीच भारतीय पत्रकारों से उन्होंने कहा कि श्रीनगर - मुजफ्फराबाद बस सेवा में आने वाली सारी बाधाएं दूर कर दी गई हैं और पहली बस ७ अप्रैल को रवाना हो जाएगी ।,5.2174,0.0,0.5186,-5.9612,-7.1155,0.1581,-3.0692,1
train-s11583,धुरंधर धोनी भी बाहर जाती गेंद को छेड़ बैठे ।,SOV,10,1,-0.0867,0.5263,0.5,7,प्रधानमंत्री ने मॉरिशस को भारत के लिए उपयोगी भागीदार और दोस्त भी बताया ।,1.0,0.0,-3.0404,-3.7992,-1.7144,-3.0404,-0.8366,1
train-s11585,सात रन की बढ़त के साथ पाक बल्लेबाजों ने दूसरी पारी में संभलकर खेलना शुरू किया ।,SOV,17,99,-0.1083,0.5873,0.5,5,धुरंधर धोनी भी बाहर जाती गेंद को छेड़ बैठे ।,-11.303,0.0,-18.0583,-15.9554,-16.4968,-18.3543,-4.122,1
train-s11586,ओपनर इमरान फरहत और सलमान बट ने शानदार हाफ सेंचुरी बनाई ।,SOV,12,1,0.2078,0.4836,0.6471,11,सात रन की बढ़त के साथ पाक बल्लेबाजों ने दूसरी पारी में संभलकर खेलना शुरू किया ।,-4.0,0.0,-0.1334,-3.2384,-3.6777,1.2229,-1.616,1
train-s11602,आडवाणी ने अपनी टीम में उपाध्यक्ष और महासचिव का एक - एक पद खाली रखा है ।,SOV,17,23,-0.1609,0.6096,0.4167,5,ओपनर इमरान फरहत और सलमान बट ने शानदार हाफ सेंचुरी बनाई ।,1.0435,0.0,-21.2132,-13.15,-13.3127,-21.3933,-5.5701,1
train-s11605,नकवी ने आज भाजपा की नई कार्यकारिणी की सूची जारी की ।,SOV,12,23,-0.0265,0.5036,0.7647,13,आडवाणी ने अपनी टीम में उपाध्यक्ष और महासचिव का एक - एक पद खाली रखा है ।,1.0435,0.0,-18.2672,-15.8101,-14.2143,-17.7022,-7.3716,1
train-s11615,पर उन्हें राष्ट्रीय कार्यकारिणी की सदस्यता से संतोष करना पड़ा है ।,SOV,12,23,0.1554,0.4696,0.6667,8,नकवी ने आज भाजपा की नई कार्यकारिणी की सूची जारी की ।,2.087,-1.0435,-11.6956,-9.5246,-7.0403,-11.808,-3.2552,1
train-s11628,गुप्तचर ब्यूरो ने शनिवार सुबह ही एक मोबाइल फोन की कॉल को इंटरसेप्ट किया था ।,SOV,16,23,0.2382,0.5065,0.6667,8,पर उन्हें राष्ट्रीय कार्यकारिणी की सदस्यता से संतोष करना पड़ा है ।,-1.5652,0.0,-12.8181,-4.3995,-4.2284,-12.8181,-3.0513,1
train-s11633,इसके बावजूद पुलिस ने तत्काल बाजारों में विस्फोट सामग्री की तलाश शुरू कर दी ।,SOV,15,99,0.0076,0.4759,0.6875,11,गुप्तचर ब्यूरो ने शनिवार सुबह ही एक मोबाइल फोन की कॉल को इंटरसेप्ट किया था ।,0.697,1.0404,-35.2377,-20.2651,-18.6318,-35.1964,-6.9151,1
train-s11634,पहाड़गंज के मुख्य बाजार में धमाके के समय भी कुछ दूरी पर पुलिस डॉग स्क्वॉड की मदद से विस्फोटक तलाश रही थी ।,SOV,23,99,-0.0332,0.5685,0.6,9,इसके बावजूद पुलिस ने तत्काल बाजारों में विस्फोट सामग्री की तलाश शुरू कर दी ।,-10.0404,0.0,0.441,-2.0138,-1.1401,-0.8944,-2.3817,1
train-s11642,पुलिस ने आईबी से जानकारी मिलने के बाद ही समूची दिल्ली में पीसीओ से की गईं अंतर्राष्ट्रीय कॉलों का विवरण जुटाना शुरू कर दिया था ।,SOV,26,99,-0.0035,0.5366,0.6957,16,पहाड़गंज के मुख्य बाजार में धमाके के समय भी कुछ दूरी पर पुलिस डॉग स्क्वॉड की मदद से विस्फोटक तलाश रही थी ।,-0.9293,0.0,-14.0184,-16.7586,-16.9004,-11.7703,-5.1653,1
train-s11657,लंबे समय तक विदेशों से वापसी के अपने अनुभव के बारे में पूछने पर उन्होंने कहा कि मैं लंदन में दो फिल्मों की शूटिंग के लिए गया था ।,SOV,29,1,0.02,0.4985,0.5769,15,पुलिस ने आईबी से जानकारी मिलने के बाद ही समूची दिल्ली में पीसीओ से की गईं अंतर्राष्ट्रीय कॉलों का विवरण जुटाना शुरू कर दिया था ।,-13.0,-2.0,-12.9872,-5.9115,-9.0133,-12.9872,-1.3778,1
train-s11662,"बृहस्पतिवार को लखनऊ में एलआईसी 'बीमा गोल्ड' पॉलिसी की शुरुआत करते हुए प्रधानमंत्री ने कहा कि 'देश की वित्तीय हालत के बारे में मैं बहुत चिंतित हूं, क्योंकि केंद्र व राज्यों का सम्मिलित वित्तीय घाटा राष्ट्रीय आय का 9 - 10 प्रतिशत हो गया है' ।",SOV,51,1,0.0311,0.5298,0.6552,19,लंबे समय तक विदेशों से वापसी के अपने अनुभव के बारे में पूछने पर उन्होंने कहा कि मैं लंदन में दो फिल्मों की शूटिंग के लिए गया था ।,-12.0,0.0,-1.796,-0.3223,3.7108,-1.7975,0.642,1
train-s11666,मैं सभी भारतीयों से 'बड़ा' सोचने और अपनी रचनात्मक क्षमता का भरपूर उपयोग करने की अपील करता हूं,SOV,20,5,0.1235,0.5106,0.5294,27,"बृहस्पतिवार को लखनऊ में एलआईसी 'बीमा गोल्ड' पॉलिसी की शुरुआत करते हुए प्रधानमंत्री ने कहा कि 'देश की वित्तीय हालत के बारे में मैं बहुत चिंतित हूं, क्योंकि केंद्र व राज्यों का सम्मिलित वित्तीय घाटा राष्ट्रीय आय का 9 - 10 प्रतिशत हो गया है' ।",15.6,1.2,-13.5773,-7.3455,-5.1819,-11.7257,-5.0865,1
train-s11667,मनमोहन सिंह ने इस संबंध में राज्यों से अपनी प्रतिबद्घताओं को पूरा करने की अपील की है ।,SOV,18,23,0.2973,0.5104,0.7,14,मैं सभी भारतीयों से 'बड़ा' सोचने और अपनी रचनात्मक क्षमता का भरपूर उपयोग करने की अपील करता हूं,5.7391,0.0,-12.0045,-20.1077,-16.7036,-12.3071,-5.088,1
train-s11670,प्रधानमंत्री ने सभी राजनीतिक दलों से इस बात की अपील की है कि वे देश की बढ़ती ऊर्जा जरूरतों को पूरा करने के उपायों व साधनों के बारे में सोचें ।,SOV,31,5,0.1185,0.5321,0.7222,13,मनमोहन सिंह ने इस संबंध में राज्यों से अपनी प्रतिबद्घताओं को पूरा करने की अपील की है ।,2.4,0.0,-17.4662,-19.494,-21.7111,-16.2814,-4.4355,1
train-s11676,बचत पर विशेष रूप से जोर देते हुए उन्होंने कहा कि बचत राशि का उपयोग ढांचागत सुविधाओं के विकास में किया जा सकता है ।,SOV,25,1,0.167,0.5347,0.6129,19,प्रधानमंत्री ने सभी राजनीतिक दलों से इस बात की अपील की है कि वे देश की बढ़ती ऊर्जा जरूरतों को पूरा करने के उपायों व साधनों के बारे में सोचें ।,-7.0,-2.0,-4.6734,-6.2299,-3.9825,-4.6736,1.1881,1
train-s11679,केंद्र की यूपीए सरकार में शामिल द्रमुक के अध्यक्ष करुणानिधि ने शनिवार को पत्रकारों से बातचीत में कहा कि यह बयान वाजपेयी के अच्छे राजनीतिक संस्कारों को दर्शाता है ।,SOV,30,23,0.0869,0.5148,0.68,17,बचत पर विशेष रूप से जोर देते हुए उन्होंने कहा कि बचत राशि का उपयोग ढांचागत सुविधाओं के विकास में किया जा सकता है ।,-14.087,0.0,-12.7667,-7.5017,-8.6918,-12.7569,-0.829,1
train-s11681,"तीन साल पहले जब हम एक ही प्लेटफार्म पर थे, तब भी उन्होंने द्रविड़ आंदोलन और अन्नादुरई के योगदान के बारे में बहुत कुछ कहा था ।",SOV,28,23,0.0838,0.5245,0.6667,20,केंद्र की यूपीए सरकार में शामिल द्रमुक के अध्यक्ष करुणानिधि ने शनिवार को पत्रकारों से बातचीत में कहा कि यह बयान वाजपेयी के अच्छे राजनीतिक संस्कारों को दर्शाता है ।,-13.0435,0.0,-4.8588,-4.1397,-2.226,-4.6466,-2.4039,1
train-s11697,इस दौरान दिन में वह अपने दोस्तों के साथ ज्यादातर क्रिकेट और टेनिस खेलते रहे ।,SOV,16,99,-0.0088,0.5064,0.5357,15,"तीन साल पहले जब हम एक ही प्लेटफार्म पर थे, तब भी उन्होंने द्रविड़ आंदोलन और अन्नादुरई के योगदान के बारे में बहुत कुछ कहा था ।",2.2323,0.0404,-6.2723,-10.9295,-11.0716,-6.2208,-4.362,1
train-s11703,बाद में पुलिस ने सुरक्षाकर्मियों के खिलाफ शिकायत दर्ज की ।,SOV,11,99,-0.0084,0.4981,0.5625,9,इस दौरान दिन में वह अपने दोस्तों के साथ ज्यादातर क्रिकेट और टेनिस खेलते रहे ।,-2.9394,0.0,-22.4689,-17.016,-16.6902,-24.5615,-7.8465,1
train-s11712,शनि के वलयों (रिंग्स) को सफलतापूर्वक पार करने के बाद कैसिनी ने इस विशालकाय ग्रह का चक्कर लगाना शुरू कर दिया है ।,SOV,25,23,-0.1443,0.5522,0.6364,7,बाद में पुलिस ने सुरक्षाकर्मियों के खिलाफ शिकायत दर्ज की ।,-15.1304,0.0,-18.5037,-19.5853,-16.1335,-18.4441,-4.4417,1
train-s11722,शनि के सबसे करीबी बिंदु पर होने के कारण कैसिनी ने इस ग्रह के बारे में अध्ययन का अवसर मुहैया कराया है ।,SOV,23,99,-0.0686,0.5038,0.6,15,शनि के वलयों (रिंग्स) को सफलतापूर्वक पार करने के बाद कैसिनी ने इस विशालकाय ग्रह का चक्कर लगाना शुरू कर दिया है ।,-15.1818,0.0,-17.3971,-19.3585,-22.9998,-14.097,-4.5513,1
train-s11724,३.३ अरब डॉलर के इस अभियान के लिए अमेरिकी और यूरोपीयन स्पेस एजेंसियों ने धन मुहैया कराया है ।,SOV,19,23,0.0915,0.4807,0.6957,16,शनि के सबसे करीबी बिंदु पर होने के कारण कैसिनी ने इस ग्रह के बारे में अध्ययन का अवसर मुहैया कराया है ।,-13.5652,0.0,-15.8027,-15.041,-17.3976,-6.1105,-4.0714,1
train-s11731,अज़ीज़ पहले इस्लामिक आर्थिक मंच को संबोधित कर रहे थे ।,SOV,11,5,-0.0265,0.5557,0.4737,9,३.३ अरब डॉलर के इस अभियान के लिए अमेरिकी और यूरोपीयन स्पेस एजेंसियों ने धन मुहैया कराया है ।,0.0,0.0,-20.2401,-12.7653,-11.0393,-20.2401,-5.2048,1
train-s11734,"उन्होंने इन देशों में सहयोग का आह्वान करते हुए कहा, इस्लाम के पुनर्जागरण के लिए हमें काफी मेहनत करने की जरूरत है ।",SOV,24,1,-0.0057,0.4323,0.4545,5,अज़ीज़ पहले इस्लामिक आर्थिक मंच को संबोधित कर रहे थे ।,7.0,2.0,5.0685,-0.2357,1.8786,5.0685,0.3592,1
train-s11735,इस्लाम को आतंकवाद से जोड़कर देखा जाना मौजूदा दौर में हमारे लिए बड़ी चुनौती है ।,SOV,16,23,0.153,0.5355,0.4583,11,"उन्होंने इन देशों में सहयोग का आह्वान करते हुए कहा, इस्लाम के पुनर्जागरण के लिए हमें काफी मेहनत करने की जरूरत है ।",-8.3478,0.0,-7.5711,-3.3736,-1.3574,-5.9965,-2.0246,1
train-s11736,दो दिवसीय सम्मेलन के उद्घाटन के अवसर पर अज़ीज़ ४४ देशों के प्रतिनिधियों को संबोधित कर रहे थे ।,SOV,19,23,0.0889,0.533,0.5,8,इस्लाम को आतंकवाद से जोड़कर देखा जाना मौजूदा दौर में हमारे लिए बड़ी चुनौती है ।,-8.8696,0.0,-21.2271,-11.1977,-16.3008,-21.2271,-3.3845,1
train-s11738,"अज़ीज़ ने इस मौके पर कहा, हमें कट्टरपंथी और उग्रवादी समझा जा रहा है ।",SOV,16,1,0.1104,0.5188,0.5263,10,दो दिवसीय सम्मेलन के उद्घाटन के अवसर पर अज़ीज़ ४४ देशों के प्रतिनिधियों को संबोधित कर रहे थे ।,1.0,0.0,6.0277,-4.2727,-1.4759,9.7378,-2.7869,1
train-s11740,हम यह नकारात्मक छवि अपनी क्षमताओं को पूरा इस्तेमाल करके और मुस्लमानों का जीवन स्तर सुधार कर ही ठीक कर सकते हैं ।,SOV,23,23,-0.3143,0.5855,0.5,8,"अज़ीज़ ने इस मौके पर कहा, हमें कट्टरपंथी और उग्रवादी समझा जा रहा है ।",5.7391,1.0435,-6.2798,-6.6113,-4.727,-6.2798,-0.8475,1
train-s11742,पाकिस्तान के प्रधानमंत्री ने इस अवसर पर मुस्लिम जगत की तरक्की के लिए एक १० सूत्री खाका पेश किया ।,SOV,20,99,0.1098,0.4466,0.6522,15,हम यह नकारात्मक छवि अपनी क्षमताओं को पूरा इस्तेमाल करके और मुस्लमानों का जीवन स्तर सुधार कर ही ठीक कर सकते हैं ।,-5.4242,0.0,-28.1876,-17.8314,-18.4304,-28.0332,-5.9889,1
train-s11743,"इनमें इन देशों के बीच एकता को बढ़ावा देना, जनता की भागीदारी से बेहतर शासन व्यवस्था, उदारीकरण व निजीकरण, स्वास्थ्य व शिक्षा पर जोर, अंतर्राष्ट्रीय पूंजी को बढ़ावा देने के लिए विश्व स्तर के पूंजी बाजार का निर्माण, सार्वजनिक व निजी क्षेत्र के बीच साझेदारी, इस्लामिक विकास बैंक के पुनर्गठन, ओआईसी के पुनर्गठन और इस्लाम के पुनर्जागरण के लिए ज़रूरी बौद्धिक वातावरण का निर्माण शामिल है ।",SOV,74,5,0.0083,0.4989,0.6,12,पाकिस्तान के प्रधानमंत्री ने इस अवसर पर मुस्लिम जगत की तरक्की के लिए एक १० सूत्री खाका पेश किया ।,-78.0,0.0,-20.0509,-6.2715,-3.0201,-19.8795,-7.5479,1
train-s1175,नसीम कौसर की आंख से बहने वाला एक -JOIN एक कतरा उनकी पीड़ा को बयां कर रहा था ।,SOV,19,5,-0.0428,0.4925,0.6667,10,शनिवार को बनारस में अटकने के बाद मानसून ने आज फिर रफ्तार पकड़ ली ।,-12.0,0.0,-7.2169,-1.5571,-0.3789,-7.2169,-1.7882,1
train-s1176,वे पैंतालीस सालों के बाद पाकिस्तान में रहने वाले अपने मामा से मिल रही थीं ।,SOV,16,5,-0.0731,0.4996,0.4211,8,नसीम कौसर की आंख से बहने वाला एक -JOIN एक कतरा उनकी पीड़ा को बयां कर रहा था ।,7.2,1.2,-3.1762,-0.8561,0.3933,-3.1762,-1.5985,1
train-s11762,पाकिस्तान के राष्ट्रपति जनरल परवेज मुशर्रफ ने बुधवार को नए प्रधानमंत्री शौकत अजीज की अगुवाई वाले ३२ सदस्यीय मंत्रिमंडल को शपथ दिलाई ।,SOV,23,23,0.2224,0.4963,0.6486,48,"इनमें इन देशों के बीच एकता को बढ़ावा देना, जनता की भागीदारी से बेहतर शासन व्यवस्था, उदारीकरण व निजीकरण, स्वास्थ्य व शिक्षा पर जोर, अंतर्राष्ट्रीय पूंजी को बढ़ावा देने के लिए विश्व स्तर के पूंजी बाजार का निर्माण, सार्वजनिक व निजी क्षेत्र के बीच साझेदारी, इस्लामिक विकास बैंक के पुनर्गठन, ओआईसी के पुनर्गठन और इस्लाम के पुनर्जागरण के लिए ज़रूरी बौद्धिक वातावरण का निर्माण शामिल है ।",-4.6957,0.0,-25.3616,-15.9933,-15.8991,-26.8685,-7.2468,1
train-s11772,अय्यर को कार्यकर्ताओं ने काले झंडे दिखाए और उनके खिलाफ जमकर नारेबाजी की ।,IOSV,14,5,0.0391,0.5493,0.3478,8,पाकिस्तान के राष्ट्रपति जनरल परवेज मुशर्रफ ने बुधवार को नए प्रधानमंत्री शौकत अजीज की अगुवाई वाले ३२ सदस्यीय मंत्रिमंडल को शपथ दिलाई ।,0.0,0.0,-11.9232,-4.4956,-2.4306,-11.9259,-1.9527,1
train-s11773,कुछ कार्यकर्ताओं ने कांग्रेस भवन की दीवारों पर अय्यर विरोधी पोस्टर लगाए थे ।,SOV,14,5,-0.1822,0.4779,0.4286,6,अय्यर को कार्यकर्ताओं ने काले झंडे दिखाए और उनके खिलाफ जमकर नारेबाजी की ।,0.0,0.0,-3.3067,-2.9258,-5.8819,-4.4212,-4.3784,1
train-s11774,सिक्किम प्रदेश कांग्रेस कमेटी (एसपीसीसी) के उपाध्यक्ष मेजर टी. ग्यात्सो ने पत्रकारों से बातचीत में कहा कि राज्य में पंचायती राज प्रणाली की तारीफ करने के कारण पार्टी की कार्यकारी समिति ने अय्यर के कार्यक्रमों का बहिष्कार करने का निर्णय लिया है ।,SOV,45,5,-0.1386,0.5191,0.5714,8,कुछ कार्यकर्ताओं ने कांग्रेस भवन की दीवारों पर अय्यर विरोधी पोस्टर लगाए थे ।,-13.2,0.0,-11.9076,-7.7528,-5.318,-11.9076,-0.2374,1
train-s11780,साहित्य अकादमी के स्वर्ण जयंती समारोह में प्रधानमंत्री मनमोहन सिंह ने सोमवार को पांच युवा लेखकों को पुरस्कृत किया ।,SOV,20,99,-0.18,0.6162,0.3333,8,"बहरहाल, ग्यात्सो ने कहा कि 'अय्यर के बयान से हम वाकई बहुत आहत हैं क्योंकि हम जमीनी हकीकत को जानते हैं ।",-11.9091,0.0,-13.5268,-18.4801,-19.4603,-14.4101,-4.5867,1
train-s11785,उन्होंने अकादमी की स्वर्ण जयंती को देश के सांस्कृतिक इतिहास का अहम पड़ाव बताया ।,SOV,15,5,0.2835,0.5084,0.75,15,साहित्य अकादमी के स्वर्ण जयंती समारोह में प्रधानमंत्री मनमोहन सिंह ने सोमवार को पांच युवा लेखकों को पुरस्कृत किया ।,7.2,1.2,-0.3621,-4.7966,-3.777,-2.1419,-2.6708,1
train-s11788,प्रधानमंत्री ने सभी साहित्यकारों को अंग वस्त्र व ताम्र पत्र प्रदान किया ।,SOV,13,23,0.3376,0.4663,0.7333,11,उन्होंने अकादमी की स्वर्ण जयंती को देश के सांस्कृतिक इतिहास का अहम पड़ाव बताया ।,-0.5217,0.0,-20.6603,-16.3537,-17.6232,-20.4774,-4.9215,1
train-s11791,उनकी ओर से उनकी पौत्री शिल्पी क्वात्रा ने पुरस्कार ग्रहण किया ।,SOV,12,23,0.0507,0.479,0.5385,7,प्रधानमंत्री ने सभी साहित्यकारों को अंग वस्त्र व ताम्र पत्र प्रदान किया ।,-5.2174,1.0435,-15.8093,-13.2438,-14.2628,-13.6749,-2.1345,1
train-s11794,"पुरस्कार पाने वालों में बांग्ला रचनाकार मंदाक्रांता सेन, अंग्रेजी रचनाकार रणजीत होस्केटे, हिंदी लेखिका नीलाक्षी सिंह, कन्नड़ रचनाकार अब्दुल रशीद व मलयालम साहित्यकार एस. सितारा शामिल हैं ।",SOV,31,5,0.1156,0.5005,0.5,6,उनकी ओर से उनकी पौत्री शिल्पी क्वात्रा ने पुरस्कार ग्रहण किया ।,-3.6,0.0,-8.9464,-7.9647,-5.8398,-6.3994,-3.2965,1
train-s118,राष्ट्रीय वन्य जीव उद्यान में घुमाने के लिए 30 खुली जिप्सी और 15 केंटर अनुबंधित हैं ।,SOV,17,23,-0.2174,0.4639,0.5714,8,"महाराजा ने ही यहाँ पदम तालाब, राजा बाँध और मिलक तालाब बनवाए ।",-4.6957,0.0,-0.47,-1.1035,-2.3627,-0.4345,-2.4294,1
train-s11800,जबकि सुनामी प्रभावित इलाकों में बोर्ड अप्रैल अथवा मई - जून के बीच परीक्षा आयोजित करेगा ।,SOV,17,99,0.4653,0.5935,0.2903,9,"पुरस्कार पाने वालों में बांग्ला रचनाकार मंदाक्रांता सेन, अंग्रेजी रचनाकार रणजीत होस्केटे, हिंदी लेखिका नीलाक्षी सिंह, कन्नड़ रचनाकार अब्दुल रशीद व मलयालम साहित्यकार एस. सितारा शामिल हैं ।",-1.1818,0.0,-10.3238,-5.7888,-6.6107,-10.2137,-8.3422,1
train-s11807,"अपने बचाव में सांसद महोदय दलीलें दे रहे हैं, इससे संसद की सुरक्षा व्यवस्था की पोल खुल गई हैं ।",SOV,21,5,-0.0334,0.5203,0.5882,10,जबकि सुनामी प्रभावित इलाकों में बोर्ड अप्रैल अथवा मई - जून के बीच परीक्षा आयोजित करेगा ।,-2.4,0.0,-7.861,-3.7242,-3.9718,-7.861,-1.73,1
train-s11811,इसके लिए वह सुरक्षा अधिकारियों को ही जिम्मेदार ठहराते हैं ।,SOV,11,23,0.1201,0.4885,0.5714,12,"अपने बचाव में सांसद महोदय दलीलें दे रहे हैं, इससे संसद की सुरक्षा व्यवस्था की पोल खुल गई हैं ।",0.0,0.0,-17.154,-13.6887,-12.4174,-17.881,-6.7752,1
train-s11812,"दरअसल, असली स्टीकर लगी कार (डीडीवाई - 97) के खराब होने के बाद दूसरी कार के लिए उन्होंने सुरक्षा अधिकारियों से स्टीकर मांगा था ।",SOV,28,99,0.1484,0.4586,0.2727,3,इसके लिए वह सुरक्षा अधिकारियों को ही जिम्मेदार ठहराते हैं ।,-22.2626,0.0,-7.3726,-15.4617,-12.5212,-8.1275,-6.0744,1
train-s11824,सरकार ने बृहस्पतिवार को इस बात की घोषणा की कि स्वर्णिम चतुर्भुज योजना के तहत दिल्ली - मुंबई राजमार्ग का काम पूरा हो गया है ।,SOV,26,5,0.0296,0.5237,0.3929,11,"दरअसल, असली स्टीकर लगी कार (डीडीवाई - 97) के खराब होने के बाद दूसरी कार के लिए उन्होंने सुरक्षा अधिकारियों से स्टीकर मांगा था ।",2.4,0.0,-18.8888,-16.1304,-18.8974,-18.8888,-4.2729,1
train-s11825,"शिपिंग, रोड, ट्रांसपोर्ट व हाईवे मंत्री टी. आर. बालू ने प्रश्नकाल के दौरान राज्यसभा में बताया कि दिल्ली - मुंबई राजमार्ग का काम पूरा हो गया है ।",SOV,30,5,0.0934,0.4921,0.6538,17,सरकार ने बृहस्पतिवार को इस बात की घोषणा की कि स्वर्णिम चतुर्भुज योजना के तहत दिल्ली - मुंबई राजमार्ग का काम पूरा हो गया है ।,-12.0,0.0,6.9076,-6.0194,-2.5885,6.9062,1.0604,1
train-s1183,जिसने अपने नाना को पहली बार देखा ।,SOV,8,5,-0.0109,0.5391,0.375,6,वे पैंतालीस सालों के बाद पाकिस्तान में रहने वाले अपने मामा से मिल रही थीं ।,1.2,1.2,-7.8442,-4.4042,-1.5268,-7.1702,0.2899,1
train-s11834,अमेरिकी गुप्तचरों ने पिछले दो महीने से राजधानी में डेरा डाला हुआ है ।,SOV,14,23,0.0413,0.5139,0.4333,13,"शिपिंग, रोड, ट्रांसपोर्ट व हाईवे मंत्री टी. आर. बालू ने प्रश्नकाल के दौरान राज्यसभा में बताया कि दिल्ली - मुंबई राजमार्ग का काम पूरा हो गया है ।",-4.1739,0.0,-16.148,-10.346,-13.6794,-16.142,-3.5387,1
train-s11835,इन गुप्तचरों ने मौर्य शेरटन होटल को लगभग सील कर दिया है ।,SOV,13,23,-0.0013,0.4685,0.7143,10,अमेरिकी गुप्तचरों ने पिछले दो महीने से राजधानी में डेरा डाला हुआ है ।,-4.6957,0.0,-12.8815,-12.4791,-14.4099,-11.8549,-1.2713,1
train-s11838,दिल्ली पुलिस ने नागरिकों के अलावा परीक्षा देने वाले छात्रों से कहा है कि वे अपने परीक्षा केंद्रों पर सुबह साढ़े आठ बजे ही पहुंच जाएं ।,SOV,27,5,-0.0405,0.4653,0.4615,6,इन गुप्तचरों ने मौर्य शेरटन होटल को लगभग सील कर दिया है ।,2.4,0.0,-0.1308,0.1032,0.3712,-0.081,-0.6711,1
train-s11852,बिहार के दो केंद्रीय मंत्रियों लालू यादव व रामविलास पासवान द्वारा सार्वजनिक रूप से एक दूसरे के खिलाफ आरोप - प्रत्यारोप से दुखी प्रधानमंत्री मनमोहन सिंह ने बुधवार को दोनों नेताओं से अलग अलग बातचीत की ।,SOV,37,99,-0.0702,0.5436,0.5185,14,दिल्ली पुलिस ने नागरिकों के अलावा परीक्षा देने वाले छात्रों से कहा है कि वे अपने परीक्षा केंद्रों पर सुबह साढ़े आठ बजे ही पहुंच जाएं ।,-54.0404,0.0,-19.9268,-19.5161,-18.5641,-18.1485,-5.1388,1
train-s11854,बुधवार को मनमोहन सिंह ने दोनों नेताओं को अलग अलग बुलाकर एक दूसरे के खिलाफ़ संयम बरतने व आरोप - प्रत्यारोप से बचने की सलाह दी ।,SOV,27,23,-0.0719,0.5427,0.5135,19,बिहार के दो केंद्रीय मंत्रियों लालू यादव व रामविलास पासवान द्वारा सार्वजनिक रूप से एक दूसरे के खिलाफ आरोप - प्रत्यारोप से दुखी प्रधानमंत्री मनमोहन सिंह ने बुधवार को दोनों नेताओं से अलग अलग बातचीत की ।,20.3478,0.0,-5.5911,-5.7515,-7.8948,-5.2138,-4.3036,1
train-s11855,भारतीय जनता पार्टी द्वारा बृहस्पतिवार को इस मामले को संसद में उठाने की रिपोर्टों के बाद प्रधानमंत्री ने यह काम किया ।,SOV,22,5,-0.0866,0.5226,0.4815,13,बुधवार को मनमोहन सिंह ने दोनों नेताओं को अलग अलग बुलाकर एक दूसरे के खिलाफ़ संयम बरतने व आरोप - प्रत्यारोप से बचने की सलाह दी ।,-16.8,0.0,-5.9392,-6.3064,-7.0392,-6.9649,-1.1728,1
train-s11857,संसदीय कार्य मंत्री गुलाम नबी आजाद ने भी बुधवार को संसद के केंद्रीय कक्ष में रेल मंत्री लालू यादव से मुलाकात की ।,SOV,23,99,-0.0021,0.4963,0.5909,13,भारतीय जनता पार्टी द्वारा बृहस्पतिवार को इस मामले को संसद में उठाने की रिपोर्टों के बाद प्रधानमंत्री ने यह काम किया ।,-10.7677,0.0,-26.2074,-22.1151,-21.8515,-20.0703,-4.8774,1
train-s11860,केंद्रीय मंत्रिमंडल की बैठक के बाद पत्रकारों से बातचीत करते हुए लालू प्रसाद ने कहा कि उन्होंने प्रधानमंत्री से पासवान को लेकर विरोध दर्ज कराया है ।,SOV,27,5,0.0405,0.5212,0.8261,19,संसदीय कार्य मंत्री गुलाम नबी आजाद ने भी बुधवार को संसद के केंद्रीय कक्ष में रेल मंत्री लालू यादव से मुलाकात की ।,-3.6,0.0,-5.4075,0.7495,1.7202,-5.9741,-1.4303,1
train-s11867,पीसीबी अध्यक्ष शहरयार खान ने मंगलवार को बताया कि उन्होंने दुबई में बीसीसीआई के प्रतिनिधि जगमोहन डालमिया से प्रस्तावित कार्यक्रम में एक या दो आयोजन स्थलों को बदलने का आग्रह किया है ।,SOV,33,1,-0.0047,0.5318,0.4815,13,केंद्रीय मंत्रिमंडल की बैठक के बाद पत्रकारों से बातचीत करते हुए लालू प्रसाद ने कहा कि उन्होंने प्रधानमंत्री से पासवान को लेकर विरोध दर्ज कराया है ।,-3.0,0.0,-4.4541,-5.2372,-3.3716,-4.4535,-2.0905,1
train-s11880,उन्होंने बीसीसीआई से बातचीत करने के बाद मुझे सूचित करने का आश्वासन दिया है ।,SOV,15,23,0.0318,0.5075,0.6061,20,पीसीबी अध्यक्ष शहरयार खान ने मंगलवार को बताया कि उन्होंने दुबई में बीसीसीआई के प्रतिनिधि जगमोहन डालमिया से प्रस्तावित कार्यक्रम में एक या दो आयोजन स्थलों को बदलने का आग्रह किया है ।,2.087,1.0435,-13.8297,-15.5052,-13.7062,-14.8325,-8.8112,1
train-s1189,शैला का चेहरा भी उसकी खुशी बयां कर रहा था ।,SOV,11,5,-0.0246,0.4855,0.625,5,जिसने अपने नाना को पहली बार देखा ।,-3.6,0.0,-4.6603,0.3768,-0.1515,-4.6603,-1.1323,1
train-s11898,सूत्रों के मुताबिक इस बैठक से ठीक पहले मुकेश ने अनिल व १२ निदेशकों के साथ अलग से बैठक की थी ।,SOV,22,99,0.1775,0.4898,0.6,9,उन्होंने बीसीसीआई से बातचीत करने के बाद मुझे सूचित करने का आश्वासन दिया है ।,-6.1212,0.0,-23.3525,-16.3583,-16.2083,-23.2905,-6.0182,1
train-s11899,इसमें बीएसईएस और रिलायंस दिल्ली पॉवर प्राइवेट लिमिटेड को मुकेश ने रिलायंस इंडस्ट्रीज से ५००० करोड़ रुपये निवेश / कर्ज का प्रस्ताव किया था ।,IOSV,25,99,-0.0007,0.4933,0.5909,13,सूत्रों के मुताबिक इस बैठक से ठीक पहले मुकेश ने अनिल व १२ निदेशकों के साथ अलग से बैठक की थी ।,9.202,0.9899,-12.8595,-4.7053,-5.4726,-13.6056,-4.0966,1
train-s11901,यह जानकारी म्यूनिख की एक पत्रिका ने दी है ।,DOSV,10,1,-0.0487,0.5361,0.4,10,इसमें बीएसईएस और रिलायंस दिल्ली पॉवर प्राइवेट लिमिटेड को मुकेश ने रिलायंस इंडस्ट्रीज से ५००० करोड़ रुपये निवेश / कर्ज का प्रस्ताव किया था ।,3.0,0.0,11.9387,12.6224,10.9787,11.9387,2.8714,1
train-s11902,"नया वायरस बैगल, एआई खुद को संक्रमित कंप्यूटर के ई - मेल से जोड़ लेता है और उसके ऐड्रस बुक में दर्ज सभी ई - मेल पतों पर पहुंच जाता है ।",SOV,33,5,0.0587,0.4365,0.7,7,यह जानकारी म्यूनिख की एक पत्रिका ने दी है ।,2.4,-1.2,1.2061,2.1134,4.3197,1.2061,0.8008,1
train-s11904,यह कुछ एंटी वायरस स्कैनरों समेत कंप्यूटरों के कुछ सुरक्षा उपायों को बंद करने में सक्षम है ।,SOV,18,5,0.0558,0.4989,0.6061,20,"नया वायरस बैगल, एआई खुद को संक्रमित कंप्यूटर के ई - मेल से जोड़ लेता है और उसके ऐड्रस बुक में दर्ज सभी ई - मेल पतों पर पहुंच जाता है ।",0.0,1.2,-19.945,-7.7618,-8.8641,-18.1644,-5.2782,1
train-s11910,"अलबत्ता नॉनवेज के शौकीन बुश, उनकी पत्नी लॉरा बुश और प्रतिष्ठित मेहमानों को भारत के लजीज मटन कबाब, मटन कोरमा और फिश करी से ही काम चलाना पडेगा ।",SOV,31,23,0.1614,0.4679,0.6667,12,यह कुछ एंटी वायरस स्कैनरों समेत कंप्यूटरों के कुछ सुरक्षा उपायों को बंद करने में सक्षम है ।,0.0,0.0,-16.7416,-6.5349,-5.9201,-16.7238,-5.7063,1
train-s11911,राष्ट्रपति भवन ने अपने प्रभावशाली मेहमानों के खाने का मीनू तैयार कर लिया है ।,SOV,15,5,0.0054,0.5163,0.4194,13,"अलबत्ता नॉनवेज के शौकीन बुश, उनकी पत्नी लॉरा बुश और प्रतिष्ठित मेहमानों को भारत के लजीज मटन कबाब, मटन कोरमा और फिश करी से ही काम चलाना पडेगा ।",-2.4,0.0,-16.1841,-11.0444,-11.3306,-16.1841,-7.3968,1
train-s11919,यह बात कश्मीर मुद्दे पर आयोजित सम्मेलन में भाग लेने वाले भारत व पाक अधिकृत कश्मीर (पीओके) के प्रतिनिधिमंडल में शामिल प्रतिनिधियों ने कही ।,DOSV,27,1,0.0627,0.5252,0.7333,11,राष्ट्रपति भवन ने अपने प्रभावशाली मेहमानों के खाने का मीनू तैयार कर लिया है ।,21.0,0.0,18.0,10.8859,11.5109,15.1047,1.6019,1
train-s1192,शैली ने पहली बार अपने नाना को देखा है तथा वह चाहती है कि वह भी पाकिस्तान जाकर उनके पूरे परिवार से मिले ।,SOV,24,5,0.0534,0.4572,0.4545,5,शैला का चेहरा भी उसकी खुशी बयां कर रहा था ।,1.2,0.0,-1.7353,-7.8271,-3.5764,-1.7353,-1.9297,1
train-s11920,सम्मेलन में शामिल होने आए पीओके सुप्रीमकोर्ट के चीफ जस्टिस अब्दुल माजिद मलिक ने पत्रकारों से बातचीत में कहा कि सम्मेलन की रिपोर्ट भारत व पाकिस्तान के नीति निर्धारकों को सौंपी जाएगी ।,SOV,33,5,0.1435,0.538,0.4815,13,यह बात कश्मीर मुद्दे पर आयोजित सम्मेलन में भाग लेने वाले भारत व पाक अधिकृत कश्मीर (पीओके) के प्रतिनिधिमंडल में शामिल प्रतिनिधियों ने कही ।,-14.4,0.0,-12.3772,-6.5974,-8.5994,-8.5783,0.1996,1
train-s11928,मानवाधिकार पर संयुक्त राष्ट्र आयोग की प्रतिनिधि असमां जहांगीर ने फ्रांस की यात्रा के बाद इस संबंध में चिंता जताई है ।,SOV,22,23,0.1338,0.5531,0.4848,16,सम्मेलन में शामिल होने आए पीओके सुप्रीमकोर्ट के चीफ जस्टिस अब्दुल माजिद मलिक ने पत्रकारों से बातचीत में कहा कि सम्मेलन की रिपोर्ट भारत व पाकिस्तान के नीति निर्धारकों को सौंपी जाएगी ।,-15.1304,0.0,-11.4001,-14.2762,-16.5659,-11.4023,-4.0381,1
train-s11939,एमडीएमके महासचिव वाइको और आठ अन्य लोगों के खिलाफ पोटा मामला वापस लेने के तमिलनाडु सरकार के आदेश की प्रति की मांग करते हुए विशेष अदालत ने बुधवार को अपना फैसला ३ सितंबर तक टाल दिया है ।,SOV,38,99,0.0691,0.5242,0.7727,17,मानवाधिकार पर संयुक्त राष्ट्र आयोग की प्रतिनिधि असमां जहांगीर ने फ्रांस की यात्रा के बाद इस संबंध में चिंता जताई है ।,-32.8889,0.0,-12.7016,-10.2224,-8.3864,-12.7016,-2.8828,1
train-s11941,इससे पहले २६ अगस्त को पोटा जज एल. राजेंद्रन ने अभियोजन पक्ष की ओर से दायर याचिका पर फैसला सुनाने की आज की तारीख तय की थी ।,SOV,28,99,0.0116,0.4653,0.6316,24,एमडीएमके महासचिव वाइको और आठ अन्य लोगों के खिलाफ पोटा मामला वापस लेने के तमिलनाडु सरकार के आदेश की प्रति की मांग करते हुए विशेष अदालत ने बुधवार को अपना फैसला ३ सितंबर तक टाल दिया है ।,9.9293,0.9798,-23.1424,-17.8555,-20.3787,-19.5492,-7.4877,1
train-s11947,राज्यपाल ने जिलाधिकारी एस. के. मिश्रा को प्रभावित इलाकों में युद्धस्तर पर राहत कार्य शुरू करने के निर्देश दिए हैं और बुधवार को सीतामढ़ी जिले में नौका हादसे में मारे गए व्यक्ति के नजदीकी रिश्तेदार को ५०००० मुआवजा देने की घोषणा की ।,SOV,43,5,0.0784,0.4807,0.5714,16,इससे पहले २६ अगस्त को पोटा जज एल. राजेंद्रन ने अभियोजन पक्ष की ओर से दायर याचिका पर फैसला सुनाने की आज की तारीख तय की थी ।,10.8,0.0,-12.9818,-14.46,-8.8731,-12.9478,-5.2723,1
train-s11949,पश्चिम चंपारण जिले के सुस्ता में नेपाल और भारत के किसानों के बीच किसानों में संघर्ष के बारे में एक सवाल पर उन्होंने अधिकारियों को सीमा पर स्तंभ लगाने के निर्देश दिए ।,SOV,33,99,0.0656,0.5038,0.5581,24,राज्यपाल ने जिलाधिकारी एस. के. मिश्रा को प्रभावित इलाकों में युद्धस्तर पर राहत कार्य शुरू करने के निर्देश दिए हैं और बुधवार को सीतामढ़ी जिले में नौका हादसे में मारे गए व्यक्ति के नजदीकी रिश्तेदार को ५०००० मुआवजा देने की घोषणा की ।,-21.1111,0.0101,-15.3404,-14.4594,-15.285,-12.3308,-4.3658,1
train-s11951,रक्षा सूत्रों ने बुधवार को यह जानकारी दी ।,SOV,9,5,0.0095,0.4893,0.6061,20,पश्चिम चंपारण जिले के सुस्ता में नेपाल और भारत के किसानों के बीच किसानों में संघर्ष के बारे में एक सवाल पर उन्होंने अधिकारियों को सीमा पर स्तंभ लगाने के निर्देश दिए ।,-1.2,0.0,-11.8176,-11.5927,-10.6718,-11.1057,-2.1685,1
train-s11952,सूत्रों के मुताबिक खुफिया जानकारी के आधार पर ५२वीं राष्ट्रीय राइफल के जवान और स्पेशल ऑपरेशन ग्रुप के पुलिसकर्मियों ने छनखन - सोपोर गांव की एक मस्जिद में छिपे आतंकियों को पकड़ने के लिए पूरे गांव को घेर लिया ।,SOV,40,99,0.0545,0.5129,0.5556,5,रक्षा सूत्रों ने बुधवार को यह जानकारी दी ।,9.6465,0.0,-20.344,-10.6675,-3.785,-15.5123,-2.5065,1
train-s11956,अभी तक तो विज्ञानियों को इस सवाल का नकारात्मक ही जवाब मिला है लेकिन दो ग्रहों की ताजा खोज ने विज्ञानियों की उम्मीदें बढ़ा दी हैं ।,IOSV,27,5,-0.0252,0.5175,0.5,20,सूत्रों के मुताबिक खुफिया जानकारी के आधार पर ५२वीं राष्ट्रीय राइफल के जवान और स्पेशल ऑपरेशन ग्रुप के पुलिसकर्मियों ने छनखन - सोपोर गांव की एक मस्जिद में छिपे आतंकियों को पकड़ने के लिए पूरे गांव को घेर लिया ।,3.6,1.2,-0.0739,-4.277,-4.7549,-0.0246,-4.3334,1
train-s11978,श्रीनगर से लेह तक के दुरूह रास्ते में ऑप्टिकल फाइबर बिछाने का काम बीएसएनएल ने सेना और सीमा सड़क संगठन के साथ मिल कर पूरा किया है ।,DOSV,28,99,0.0772,0.4624,0.7037,19,अभी तक तो विज्ञानियों को इस सवाल का नकारात्मक ही जवाब मिला है लेकिन दो ग्रहों की ताजा खोज ने विज्ञानियों की उम्मीदें बढ़ा दी हैं ।,-24.3939,0.0,-11.4917,-7.1495,-7.4584,-11.4998,-2.8645,1
train-s11980,पुलिस ने बृहस्पतिवार को चार वरिष्ठ अलगाववादी नेताओं को अनंतनाग जिले के खानाबल इलाके में हिरासत में ले लिया ।,SOV,20,99,0.0582,0.4836,0.75,21,श्रीनगर से लेह तक के दुरूह रास्ते में ऑप्टिकल फाइबर बिछाने का काम बीएसएनएल ने सेना और सीमा सड़क संगठन के साथ मिल कर पूरा किया है ।,3.8081,0.0,-6.9414,-6.4031,-6.127,-6.9417,-1.9247,1
train-s11982,माकपा ने शनिवार को कहा कि राजग गंभीर राजनीतिक संकट में है ।,SOV,13,1,0.0074,0.4971,0.6,12,पुलिस ने बृहस्पतिवार को चार वरिष्ठ अलगाववादी नेताओं को अनंतनाग जिले के खानाबल इलाके में हिरासत में ले लिया ।,0.0,0.0,-4.628,-2.2171,-0.1275,-4.5822,-1.656,1
train-s11987,२९ सितंबर को कई बड़े कर्मचारी संगठनों की ओर से प्रस्तावित राष्ट्रव्यापी हड़ताल को पूरा समर्थन जताते हुए येचुरी ने कहा कि भोजन और रोजगार के मुद्दे पर जल्द ही सभी राज्यों में एक बड़ा अभियान छेड़ा जाएगा ।,SOV,39,5,-0.1763,0.5851,0.6154,8,माकपा ने शनिवार को कहा कि राजग गंभीर राजनीतिक संकट में है ।,-1.2,0.0,-4.5507,3.0571,2.1827,-3.4964,-0.4918,1
train-s1199,उन्होंने यह भी मांग की कि पिछले दिनों न्यूयार्क में प्रधानमंत्री मनमोहन सिंह और पाकिस्तान के राष्ट्रपति परवेज मुशर्रफ के बीच हुई बातचीत का भी खुलासा किया जाना चाहिए ।,SOV,30,1,0.0252,0.5118,0.5833,14,शैली ने पहली बार अपने नाना को देखा है तथा वह चाहती है कि वह भी पाकिस्तान जाकर उनके पूरे परिवार से मिले ।,2.0,2.0,-22.6873,-10.7113,-11.6838,-20.2313,-4.5486,1
train-s11992,कांग्रेस अध्यक्ष सोनिया गांधी और पेट्रोलियम मंत्री मणिशंकर अय्यर से शुक्रवार सुबह श्रीलंका की राष्ट्रपति चंद्रिका कुमारतुंग ने मुलाकात की ।,DOSV,21,23,0.0758,0.4934,0.5897,23,२९ सितंबर को कई बड़े कर्मचारी संगठनों की ओर से प्रस्तावित राष्ट्रव्यापी हड़ताल को पूरा समर्थन जताते हुए येचुरी ने कहा कि भोजन और रोजगार के मुद्दे पर जल्द ही सभी राज्यों में एक बड़ा अभियान छेड़ा जाएगा ।,-12.0,0.0,-6.2869,-11.0325,-10.3085,-3.7526,-4.9873,1
train-s11996,श्रीलंका की राष्ट्रपति तीन दिन की सरकारी यात्रा पर बृहस्पतिवार को यहां पहुंची ।,SOV,14,23,0.1197,0.5124,0.619,13,कांग्रेस अध्यक्ष सोनिया गांधी और पेट्रोलियम मंत्री मणिशंकर अय्यर से शुक्रवार सुबह श्रीलंका की राष्ट्रपति चंद्रिका कुमारतुंग ने मुलाकात की ।,-5.2174,0.0,-10.8038,-5.3363,-4.6697,-7.9361,-0.1302,1
train-s11997,बृहस्पतिवार रात वे प्रधानमंत्री मनमोहन सिंह से मिलीं ।,SOV,9,5,0.2027,0.5157,0.6429,9,श्रीलंका की राष्ट्रपति तीन दिन की सरकारी यात्रा पर बृहस्पतिवार को यहां पहुंची ।,2.4,-1.2,1.6077,-3.6523,-3.9953,3.9535,-0.6367,1
train-s11998,उन्होंने प्रधानमंत्री को लिट्टे के साथ जारी शांति प्रक्रिया के बारे में बताया ।,SOV,14,5,0.1932,0.5833,0.3333,3,बृहस्पतिवार रात वे प्रधानमंत्री मनमोहन सिंह से मिलीं ।,9.6,1.2,-0.2173,1.6545,-0.3747,-1.928,-0.6344,1
train-s12,विशाल क्षेत्र में फैले इस भवन के आस - पास का प्राकृतिक सौंदर्य इसे और भी भव्य बनाता है ।,SOV,20,5,-0.1975,0.4969,0.5,4,इसे चार्ल्स कोरिया ने डिजाइन किया है ।,-12.0,-1.2,-2.0135,-0.4602,0.1702,-3.8315,-1.8231,1
train-s12001,माकपा महासचिव प्रकाश करात भी बुधवार को श्रीलंकाई राष्ट्रपति से मिले ।,SOV,12,5,0.1709,0.4475,0.5714,8,उन्होंने प्रधानमंत्री को लिट्टे के साथ जारी शांति प्रक्रिया के बारे में बताया ।,-2.4,0.0,-8.8901,-1.5265,-3.1496,-9.227,0.7516,1
train-s12013,बिहार विधानसभा चुनाव के ऐलान के साथ ही कांग्रेस ने संयुक्त प्रगतिशील गठबंधन को एकजुट रखने की आखिरी कोशिश शुरू कर दी है ।,SOV,24,23,0.1225,0.5914,0.4167,5,माकपा महासचिव प्रकाश करात भी बुधवार को श्रीलंकाई राष्ट्रपति से मिले ।,-7.3043,0.0,-22.9834,-14.7205,-16.3528,-22.9834,-5.2885,1
train-s12014,कांग्रेस ने लोक जनशक्ति पार्टी को साफ कर दिया है कि उसे अगले सप्ताह के अंत तक चुनावी गठबंधन के बारे में अंतिम फैसला करना होगा ।,SOV,27,5,0.0793,0.4971,0.7083,17,बिहार विधानसभा चुनाव के ऐलान के साथ ही कांग्रेस ने संयुक्त प्रगतिशील गठबंधन को एकजुट रखने की आखिरी कोशिश शुरू कर दी है ।,-1.2,0.0,-14.4402,-13.2453,-12.8424,-9.1475,-4.3109,1
train-s12015,लोजपा को लेकर माकपा ने भी कांग्रेस पर दबाव तेज कर दिया है ।,SOV,14,99,0.0577,0.4694,0.6296,17,कांग्रेस ने लोक जनशक्ति पार्टी को साफ कर दिया है कि उसे अगले सप्ताह के अंत तक चुनावी गठबंधन के बारे में अंतिम फैसला करना होगा ।,-6.0101,0.0,-15.3127,-16.1242,-14.1436,-11.9746,-4.3804,1
train-s12023,कांग्रेस अध्यक्ष सोनिया गांधी अगस्त के अंत तक ही गठबंधन के बारे में फैसला चाहती थी पर केंद्रीय मंत्री पासवान के कहने पर इस समय सीमा को दस दिन के लिए बढ़ाया गया है ।,SOV,35,23,-0.1498,0.5652,0.6429,9,लोजपा को लेकर माकपा ने भी कांग्रेस पर दबाव तेज कर दिया है ।,-5.2174,0.0,-9.7929,-2.1833,-0.1238,-8.2562,-4.7666,1
train-s12031,पाकिस्तानी विपक्षी दलों की मांग पर मुशर्रफ ने उनके आरोपों को खारिज करते हुए यह बातें कही ।,SOV,18,23,0.0659,0.4675,0.7143,25,कांग्रेस अध्यक्ष सोनिया गांधी अगस्त के अंत तक ही गठबंधन के बारे में फैसला चाहती थी पर केंद्रीय मंत्री पासवान के कहने पर इस समय सीमा को दस दिन के लिए बढ़ाया गया है ।,-4.1739,0.0,-1.9655,-5.42,-3.3572,-2.0002,-0.4787,1
train-s12032,शनिवार को क्वेटा कमान व स्टाफ कॉलेज के शताब्दी समारोह के उद्धधाटन अवसर पर राष्ट्रपति मुशर्रफ ने कहा कि सरकार जनता के चुने हुए प्रतिनिधि चला रहे हैं ।,SOV,29,5,-0.168,0.5298,0.3889,7,पाकिस्तानी विपक्षी दलों की मांग पर मुशर्रफ ने उनके आरोपों को खारिज करते हुए यह बातें कही ।,1.2,0.0,3.7366,0.4586,3.5588,3.5238,-3.195,1
train-s12039,संसदीय समिति द्वारा हलके लड़ाकू विमान (एलसीए) जैसी महत्वपूर्ण परियोजनाओं की खामियों का पता लगाने के लिए डीआरडीओ के प्रदर्शन के परीक्षण पर जोर दिए जाने के मद्देनजर रक्षा मंत्री प्रणव मुखर्जी ने मंगलवार को कहा कि जरूरतों के आधार पर एलसीए तेजस को बेड़े में शामिल करने के सभी प्रयास किए जा रहे हैं ।,SOV,58,5,0.0781,0.5148,0.5517,16,शनिवार को क्वेटा कमान व स्टाफ कॉलेज के शताब्दी समारोह के उद्धधाटन अवसर पर राष्ट्रपति मुशर्रफ ने कहा कि सरकार जनता के चुने हुए प्रतिनिधि चला रहे हैं ।,-33.6,0.0,-2.3811,-6.7094,-2.8936,-2.003,-1.9092,1
train-s12041,अपने मंत्रालय से जुड़ी संसदीय सलाहकार समिति को संबोधित करते हुए मुखर्जी ने आश्वासन दिया कि देसी लड़ाकू विमान को विकसित करने की प्रक्रिया जारी है और इस पर सही तरीके से काम चल रहा है ।,SOV,37,5,0.0612,0.5352,0.6034,35,संसदीय समिति द्वारा हलके लड़ाकू विमान (एलसीए) जैसी महत्वपूर्ण परियोजनाओं की खामियों का पता लगाने के लिए डीआरडीओ के प्रदर्शन के परीक्षण पर जोर दिए जाने के मद्देनजर रक्षा मंत्री प्रणव मुखर्जी ने मंगलवार को कहा कि जरूरतों के आधार पर एलसीए तेजस को बेड़े में शामिल करने के सभी प्रयास किए जा रहे हैं ।,-12.0,0.0,-15.2837,-8.7908,-11.3223,-13.9166,-2.6617,1
train-s12043,"भारतीय वायुसेना ने सरकार से कहा है कि उसके लिए १२६ बहुउपयोगी लड़ाकू विमानों को बेड़े में शामिल करना बहुत ही जरूरी है, क्योंकि वर्ष २००६ - ०७ तक मिग - २१ को चरणबद्ध तरीके से बेड़े से बाहर करना है ।",SOV,43,1,0.0366,0.5163,0.7297,27,अपने मंत्रालय से जुड़ी संसदीय सलाहकार समिति को संबोधित करते हुए मुखर्जी ने आश्वासन दिया कि देसी लड़ाकू विमान को विकसित करने की प्रक्रिया जारी है और इस पर सही तरीके से काम चल रहा है ।,-1.0,0.0,-5.9279,-1.8909,-2.0284,-5.8326,-1.4179,1
train-s12044,ऐसे में वायुसेना की संचालन क्षमता को बनाए रखने के लिए ऐसा करना बहुत ही जरूरी है ।,SOV,18,5,0.018,0.5548,0.5581,24,"भारतीय वायुसेना ने सरकार से कहा है कि उसके लिए १२६ बहुउपयोगी लड़ाकू विमानों को बेड़े में शामिल करना बहुत ही जरूरी है, क्योंकि वर्ष २००६ - ०७ तक मिग - २१ को चरणबद्ध तरीके से बेड़े से बाहर करना है ।",-9.6,0.0,-18.3075,-5.063,-8.8877,-16.9399,-7.8497,1
train-s12045,रक्षा मंत्री ने संसद सदस्यों से कहा कि तेजस का विकास एअरोनॉटिकल डेवलपमेंट एजेंसी (एडीए) ने किया है ।,SOV,21,1,0.14,0.5103,0.6667,12,ऐसे में वायुसेना की संचालन क्षमता को बनाए रखने के लिए ऐसा करना बहुत ही जरूरी है ।,0.0,0.0,0.3862,1.6525,4.7257,0.3862,-0.9335,1
train-s12049,प्रधानमंत्री मनमोहन सिंह के साथ मॉरिशस दौरे पर गए एक वरिष्ठ अधिकारी ने पत्रकारों को बताया कि भारत सरकार परिषद के लिए निश्चित दिशा निर्देश जारी करने पर विचार कर रही है ।,SOV,33,1,-0.0304,0.5399,0.5714,12,रक्षा मंत्री ने संसद सदस्यों से कहा कि तेजस का विकास एअरोनॉटिकल डेवलपमेंट एजेंसी (एडीए) ने किया है ।,-11.0,0.0,-6.4258,-3.2887,-3.1998,-6.4256,-0.6792,1
train-s12060,अमेरिका द्वारा भारत को एफ - १६ और एफ - १८ लड़ाकू विमान देने की पेशकश पर प्रतिक्रिया व्यक्त करते हुए अधिकारी ने कहा कि भारत सरकार दूसरे देशों से मिले प्रस्ताव पर भी विचार - विमर्श कर रही है ।,SOV,41,1,0.0428,0.4874,0.6364,21,प्रधानमंत्री मनमोहन सिंह के साथ मॉरिशस दौरे पर गए एक वरिष्ठ अधिकारी ने पत्रकारों को बताया कि भारत सरकार परिषद के लिए निश्चित दिशा निर्देश जारी करने पर विचार कर रही है ।,-19.0,0.0,2.7577,8.7016,7.2264,-0.2756,-0.2745,1
train-s12061,"भारत को स्वीडन, फ्रांस और रूस ने अत्याधुनिक लड़ाकू विमान बेचने की पेशकश की है ।",DOSV,17,5,-0.0792,0.5713,0.4634,19,अमेरिका द्वारा भारत को एफ - १६ और एफ - १८ लड़ाकू विमान देने की पेशकश पर प्रतिक्रिया व्यक्त करते हुए अधिकारी ने कहा कि भारत सरकार दूसरे देशों से मिले प्रस्ताव पर भी विचार - विमर्श कर रही है ।,4.8,0.0,-2.5743,-11.8168,-13.4278,-1.1766,-5.6363,1
train-s12065,राजधानी बगदाद में विद्रोहियों ने तेल मंत्रालय के एक वरिष्ठ अधिकारी को उड़ा दिया ।,SOV,15,5,-0.1196,0.5522,0.4706,8,"भारत को स्वीडन, फ्रांस और रूस ने अत्याधुनिक लड़ाकू विमान बेचने की पेशकश की है ।",4.8,0.0,-3.2787,-2.2509,-5.2119,-3.2808,-0.2483,1
train-s12068,"सूत्रों के अनुसार, उन्हें काफी समय से धमकियां मिल रही थीं ।",IOSV,13,23,-0.1206,0.5179,0.8,12,राजधानी बगदाद में विद्रोहियों ने तेल मंत्रालय के एक वरिष्ठ अधिकारी को उड़ा दिया ।,-3.6522,-1.0435,-25.7351,-11.4488,-13.7242,-25.7078,-3.6882,1
train-s12069,हालांकि अपहर्ताओं ने उनके साथ पकड़े दो इराकी गार्ड को मुक्त कर दिया है ।,SOV,15,23,0.0588,0.5373,0.4615,6,"सूत्रों के अनुसार, उन्हें काफी समय से धमकियां मिल रही थीं ।",2.6087,0.0,-14.3824,-10.9474,-11.7427,-14.3824,-8.3498,1
train-s1207,पासवान की मुस्लिम मुख्यमंत्री की शर्त के बारे में दिग्विजय सिंह ने कहा कि पासवान को पहले कांग्रेस व सहयोगी दलों के साथ मिलकर चुनाव लड़ना होगा ।,SOV,28,1,0.0025,0.5313,0.6333,19,उन्होंने यह भी मांग की कि पिछले दिनों न्यूयार्क में प्रधानमंत्री मनमोहन सिंह और पाकिस्तान के राष्ट्रपति परवेज मुशर्रफ के बीच हुई बातचीत का भी खुलासा किया जाना चाहिए ।,-6.0,0.0,-5.2652,0.8742,1.7579,-5.2291,-2.7824,1
train-s12072,भारतीय अंतरिक्ष अनुसंधान केंद्र (इसरो) ने ग्रामीण जनता को उनकी जरूरत की सभी जानकारियां उपलब्ध कराने के लिए गांवों में ग्रामीण संसाधन केंद्र (वीआरसी) की स्थापना की योजना बनाई है ।,SOV,35,23,-0.031,0.4909,0.6,9,हालांकि अपहर्ताओं ने उनके साथ पकड़े दो इराकी गार्ड को मुक्त कर दिया है ।,-2.087,0.0,-14.757,-7.2922,-7.8497,-14.5855,-3.9383,1
train-s12073,इसरो के अध्यक्ष जी. माधवन नायर ने बुधवार को कहा कि अंतरिक्ष तकनीक की मदद से गांवों में लोगों को एक ही सेंटर से कई तरह की जानकारियां मिल सकेंगी ।,SOV,31,1,0.208,0.4658,0.6,21,भारतीय अंतरिक्ष अनुसंधान केंद्र (इसरो) ने ग्रामीण जनता को उनकी जरूरत की सभी जानकारियां उपलब्ध कराने के लिए गांवों में ग्रामीण संसाधन केंद्र (वीआरसी) की स्थापना की योजना बनाई है ।,-5.0,0.0,-3.0162,-1.7244,-0.0483,0.2707,-0.2387,1
train-s12077,नायर ने मुख्यमंत्री से कहा कि अगर उनकी सरकार भूमि और बुनियादी सुविधाएं उपलब्ध कराती है तो इसरो इस तरह के केंद्र खोलने को तैयार है ।,SOV,27,1,0.1231,0.5275,0.6452,20,इसरो के अध्यक्ष जी. माधवन नायर ने बुधवार को कहा कि अंतरिक्ष तकनीक की मदद से गांवों में लोगों को एक ही सेंटर से कई तरह की जानकारियां मिल सकेंगी ।,0.0,0.0,-3.7508,-8.4201,-7.6894,0.9019,-0.8364,1
train-s12079,सुनामी पीड़ितों की मदद में जुटे फिल्म अभिनेता विवेक ओबेरॉय कुड्डालोर के देवनामपट्टिनम गाँव को 'प्रोजेक्ट होप' के जरिए संवारने के बाद वह अब पॉंडिचेरी के कराईकल गांव को सजाएंगे ।,SOV,33,23,-0.002,0.4784,0.6296,17,नायर ने मुख्यमंत्री से कहा कि अगर उनकी सरकार भूमि और बुनियादी सुविधाएं उपलब्ध कराती है तो इसरो इस तरह के केंद्र खोलने को तैयार है ।,-29.7391,-1.0435,-0.071,-3.2849,-4.6136,-0.071,-0.7826,1
train-s12089,१० से ११ करोड़ की लागत वाली इस परियोजना में सरकार ने २५ एकड़ की भूमि चिन्हित कर ली है ।,SOV,21,23,0.0784,0.4988,0.4848,16,सुनामी पीड़ितों की मदद में जुटे फिल्म अभिनेता विवेक ओबेरॉय कुड्डालोर के देवनामपट्टिनम गाँव को 'प्रोजेक्ट होप' के जरिए संवारने के बाद वह अब पॉंडिचेरी के कराईकल गांव को सजाएंगे ।,-13.0435,0.0,-6.9755,-10.5965,-11.2251,-6.9755,-3.1095,1
train-s12098,पुलिस प्रवक्ता के मुताबिक शनिवार तड़के पुलवामा जिले के जैनापोरा के निकट सीआरपीएफ और स्थानीय पुलिस के संयुक्त दल ने धमाके के सरगना हिज्ब आतंकी आदिल पठान को मार गिराया ।,SOV,31,99,-0.0155,0.4903,0.7143,15,१० से ११ करोड़ की लागत वाली इस परियोजना में सरकार ने २५ एकड़ की भूमि चिन्हित कर ली है ।,14.1212,0.0,-15.4689,-10.6295,-10.1116,-15.4689,-2.9908,1
train-s1210,पासवान ने आज साफ कहा कि अगर राष्ट्रीय जनता दल मुस्लिम मुख्यमंत्री की शर्त को मानने को तैयार है तो वह गठबंधन पर विचार कर सकते हैं ।,SOV,28,5,0.0672,0.5093,0.5714,16,पासवान की मुस्लिम मुख्यमंत्री की शर्त के बारे में दिग्विजय सिंह ने कहा कि पासवान को पहले कांग्रेस व सहयोगी दलों के साथ मिलकर चुनाव लड़ना होगा ।,-1.2,0.0,-16.7337,-5.7589,-6.0039,-12.8181,0.6831,1
train-s12102,वह तृंगा गांव का रहने वाला है ।,SOV,8,1,-0.1399,0.5352,0.5484,17,पुलिस प्रवक्ता के मुताबिक शनिवार तड़के पुलवामा जिले के जैनापोरा के निकट सीआरपीएफ और स्थानीय पुलिस के संयुक्त दल ने धमाके के सरगना हिज्ब आतंकी आदिल पठान को मार गिराया ।,4.0,2.0,-9.4024,-1.0673,-0.291,-9.3802,-2.5367,1
train-s12103,"वहीं, डोडा जिले में किशतवाड़ के डछान क्षेत्र में डुंग - डूरु और सौरबाठी के बीच आतंकियों ने लोगों के समूह पर अंधाधुंध गोलियां बरसाईं ।",SOV,27,99,0.1078,0.4946,0.25,2,वह तृंगा गांव का रहने वाला है ।,-0.5758,0.0,-17.906,-4.0653,-5.7195,-18.6088,-4.9993,1
train-s12106,केंद्र सरकार द्वारा १९८४ के दंगा पीड़ितों को हाल में दिए गए मुआवजे को भाजपा अध्यक्ष राजनाथ सिंह ने 'ऊंट के मुंह में जीरा' करार दिया ।,IOSV,29,23,-0.0316,0.5221,0.4444,12,"वहीं, डोडा जिले में किशतवाड़ के डछान क्षेत्र में डुंग - डूरु और सौरबाठी के बीच आतंकियों ने लोगों के समूह पर अंधाधुंध गोलियां बरसाईं ।",-19.3043,0.0,-14.3912,-4.7164,-6.8715,-13.5658,-3.7635,1
train-s12108,वह उनके जख्मों को बड़े हल्के में ले रही है ।,SOV,11,5,0.0392,0.5138,0.5517,16,केंद्र सरकार द्वारा १९८४ के दंगा पीड़ितों को हाल में दिए गए मुआवजे को भाजपा अध्यक्ष राजनाथ सिंह ने 'ऊंट के मुंह में जीरा' करार दिया ।,2.4,1.2,-2.7252,0.5882,0.6604,-2.7252,-1.7384,1
train-s1211,पासवान ने कांग्रेस को यह दलील देते हुए भी अपनी शर्त पर राजी करने की कोशिश की कि कांग्रेस धर्मनिरपेक्षता के लिए बड़ी - बड़ी कुर्बानी देती रही है ।,SOV,30,1,0.0778,0.4843,0.6071,17,पासवान ने आज साफ कहा कि अगर राष्ट्रीय जनता दल मुस्लिम मुख्यमंत्री की शर्त को मानने को तैयार है तो वह गठबंधन पर विचार कर सकते हैं ।,12.0,0.0,-24.8501,-24.4898,-21.0751,-12.2852,-4.811,1
train-s12110,उन्होंने अपना धरना अकाली नेता सुखदेव सिंह ढींढसा द्वारा इस मुद्दे पर सरकार से बातचीत करने के आश्वासन के बाद समाप्त किया ।,SOV,23,23,0.1912,0.4525,0.5455,6,वह उनके जख्मों को बड़े हल्के में ले रही है ।,7.8261,1.0435,-8.133,-6.5604,-8.7803,-8.9,-2.9699,1
train-s12112,उन्होंने ८४ के दंगे को आजाद भारत के इतिहास की सबसे दुर्भाग्यपूर्ण घटना बताया ।,SOV,15,5,0.0328,0.5188,0.6087,14,उन्होंने अपना धरना अकाली नेता सुखदेव सिंह ढींढसा द्वारा इस मुद्दे पर सरकार से बातचीत करने के आश्वासन के बाद समाप्त किया ।,8.4,1.2,-5.5775,-2.4181,-0.9726,-0.9207,-2.5506,1
train-s12116,राजनाथ सिंह ने सबसे पहले गुरुद्वारा में मत्था टेका ।,SOV,10,23,0.0776,0.5592,0.6,9,उन्होंने ८४ के दंगे को आजाद भारत के इतिहास की सबसे दुर्भाग्यपूर्ण घटना बताया ।,-3.1304,0.0,-7.7216,-2.462,-3.3704,-7.655,-2.0703,1
train-s12118,सीमा पार से घुसपैठ की कोशिश का मुंहतोड़ जवाब देते हुए सुरक्षा बलों ने शनिवार को तड़के हुई मुठभेड़ में छह आतंकियों को मार गिराया ।,SOV,26,5,-0.0399,0.5896,0.5,5,राजनाथ सिंह ने सबसे पहले गुरुद्वारा में मत्था टेका ।,-13.2,0.0,-12.4472,-9.5406,-9.313,-12.4472,-0.7314,1
train-s12120,इसके अलावा अनंतनाग जिले में सेना के वाहन पर ग्रेनेड हमला कर आतंकियों ने २३ लोगों को जख्मी कर दिया ।,SOV,21,99,-0.0099,0.566,0.6538,17,सीमा पार से घुसपैठ की कोशिश का मुंहतोड़ जवाब देते हुए सुरक्षा बलों ने शनिवार को तड़के हुई मुठभेड़ में छह आतंकियों को मार गिराया ।,-8.9091,1.0404,-20.1403,-12.0009,-11.7037,-20.9679,-7.1534,1
train-s12121,सूत्रों के अनुसार कुपवाड़ा जिले के मचियाल सेक्टर में सेना ने घुसपैठ की कोशिश को नाक़ाम कर दिया ।,SOV,19,99,-0.1284,0.5995,0.5714,12,इसके अलावा अनंतनाग जिले में सेना के वाहन पर ग्रेनेड हमला कर आतंकियों ने २३ लोगों को जख्मी कर दिया ।,-6.0707,0.0,-23.6273,-8.6879,-10.8951,-21.2044,-4.3536,1
train-s12122,शुक्रवार रात से चल रही इस मुठभेड़ में सेना ने कल रात तीन आतंकियों को मार गिराया था ।,SOV,19,23,-0.0316,0.5418,0.5789,11,सूत्रों के अनुसार कुपवाड़ा जिले के मचियाल सेक्टर में सेना ने घुसपैठ की कोशिश को नाक़ाम कर दिया ।,-7.8261,0.0,-17.8826,-11.0814,-10.9289,-16.5857,-1.5725,1
train-s12125,कुपवाड़ा के अलावा बारामुला जिले के बांदीपोरा इलाके के रिशिपोरा में भी सेना ने तीन आतंकियों को मार गिराया ।,SOV,20,23,-0.0109,0.5396,0.7368,14,शुक्रवार रात से चल रही इस मुठभेड़ में सेना ने कल रात तीन आतंकियों को मार गिराया था ।,-3.6522,0.0,-5.3591,-7.7766,-10.4693,-2.4732,-1.2307,1
train-s12130,कुलगाम इलाके के कटरासू में आतंकियों ने एक लड़की को घर में घुसकर मार डाला ।,SOV,16,23,-0.0924,0.5271,0.55,11,कुपवाड़ा के अलावा बारामुला जिले के बांदीपोरा इलाके के रिशिपोरा में भी सेना ने तीन आतंकियों को मार गिराया ।,-2.6087,0.0,-3.1939,-4.2289,-6.4441,-0.0429,-0.9454,1
train-s12136,जानकारों के मुताबिक़ बजट पेश होने से पहले तक कई घरेलू फंड इसके प्रावधानों को लेकर सशंकित थे ।,SOV,19,99,-0.0077,0.4961,0.6875,11,कुलगाम इलाके के कटरासू में आतंकियों ने एक लड़की को घर में घुसकर मार डाला ।,-6.3333,0.0,-8.7293,-4.6871,-8.4397,-8.6599,1.2041,1
train-s12140,घरेलू व विदेशी फंडों का रुख भांपते हुए छोटे निवेशकों ने भी ख़रीदारी बढ़ा दी ।,SOV,16,1,0.1182,0.4554,0.6842,13,जानकारों के मुताबिक़ बजट पेश होने से पहले तक कई घरेलू फंड इसके प्रावधानों को लेकर सशंकित थे ।,-11.0,0.0,0.4048,1.3103,3.2794,0.0149,1.7234,1
train-s12142,अपनी विवादास्पद टिथी के मद्देनज़र भाजपा उपाध्यक्ष मुख्तार अब्बास नक़वी ने मंगलवार को पार्टी अध्यक्ष लाल कृष्ण आडवाणी से मुलाक़ात की और टिथी से उपजी भ्रांतियों को दूर करने का प्रयास किया ।,SOV,33,99,-0.2011,0.5369,0.375,6,घरेलू व विदेशी फंडों का रुख भांपते हुए छोटे निवेशकों ने भी ख़रीदारी बढ़ा दी ।,-8.0909,0.0,-15.7014,-8.1708,-5.4129,-15.7014,-3.1155,1
train-s12143,आडवाणी ने नक़वी को विवादास्पद बयानों से बचने की सख्त नसीहत दी है ।,SOV,14,5,0.0102,0.5161,0.5758,19,अपनी विवादास्पद टिथी के मद्देनज़र भाजपा उपाध्यक्ष मुख्तार अब्बास नक़वी ने मंगलवार को पार्टी अध्यक्ष लाल कृष्ण आडवाणी से मुलाक़ात की और टिथी से उपजी भ्रांतियों को दूर करने का प्रयास किया ।,6.0,0.0,-6.656,-9.1734,-9.5929,-5.2186,-5.815,1
train-s12144,उन्होंने पार्टी अध्यक्ष को आश्वासन दिया कि वह भविष्य में इस तरह के बयानों से परहेज करेंगे ।,SOV,18,5,-0.0881,0.5531,0.5714,8,आडवाणी ने नक़वी को विवादास्पद बयानों से बचने की सख्त नसीहत दी है ।,0.0,1.2,-14.1179,-11.8562,-10.5361,-14.1179,-3.6203,1
train-s12147,'नक़वी ने आडवाणी के नेतृत्व में अपना पूरा विश्वास जताया है ।,SOV,13,5,0.145,0.5245,0.6111,11,उन्होंने पार्टी अध्यक्ष को आश्वासन दिया कि वह भविष्य में इस तरह के बयानों से परहेज करेंगे ।,0.0,0.0,-23.2146,-12.1342,-12.5039,-23.1924,-3.0267,1
train-s12149,इसीलिए सभी मुद्दों को रफा - दफा करने के लिए नक़वी आडवाणी से आमने - सामने मिलना चाहते थे ।,SOV,20,23,0.1821,0.5265,0.5385,7,'नक़वी ने आडवाणी के नेतृत्व में अपना पूरा विश्वास जताया है ।,3.6522,1.0435,-8.8288,-7.0627,-4.7354,-11.3183,-2.7809,1
train-s12157,सोनीपत जिले के गोहाना कस्बे में दलितों के घर जलाए जाने की घटना के तीन दिन बाद सरकार ने वहाँ के जिला उपायुक्त और पुलिस अधीक्षक को हटा दिया है ।,SOV,31,23,0.2343,0.5303,0.35,7,इसीलिए सभी मुद्दों को रफा - दफा करने के लिए नक़वी आडवाणी से आमने - सामने मिलना चाहते थे ।,-1.5652,0.0,-13.0646,-9.1647,-8.3541,-13.0667,-0.6583,1
train-s1216,शनिवार की शाम ग्रेटर नोएडा स्थित जेपी ग्रीन गोल्फ कोर्स क्लब में राजस्व इंटेलीजेंस निदेशालय (डीआरआई) की टीम ने छापा मार कर जेपी समूह की २८ आयातित कारों को जब्त कर लिया ।,SOV,35,99,-0.0094,0.5199,0.6333,19,पासवान ने कांग्रेस को यह दलील देते हुए भी अपनी शर्त पर राजी करने की कोशिश की कि कांग्रेस धर्मनिरपेक्षता के लिए बड़ी - बड़ी कुर्बानी देती रही है ।,-10.0,0.0,-23.2811,-17.3727,-14.0127,-23.2281,-4.4299,1
train-s12166,एक और आदेश के तहत सरकार ने कराधान विभाग के वित्तायुक्त एल. एस. एम. सालिंस को वन विभाग के वित्तायुक्त का अतिरिक्त प्रभार दिया है ।,SOV,26,23,-0.0574,0.5146,0.7097,22,सोनीपत जिले के गोहाना कस्बे में दलितों के घर जलाए जाने की घटना के तीन दिन बाद सरकार ने वहाँ के जिला उपायुक्त और पुलिस अधीक्षक को हटा दिया है ।,6.7826,0.0,-2.0439,-6.7823,-2.6453,-0.271,-3.3395,1
train-s12169,इस बीच सोनीपत के पुलिस अधीक्षक (निवर्तमान) अनिल राव ने बताया कि वाल्मीकि बस्ती में आग लगाने व लूटपाट करने के आरोप में नामजद रामपाल पुत्र धूप सिंह निवासी नूरन खेड़ा तथा राजेश पुत्र दयानंद निवासी छतेहरा को गिरफ्तार कर उपमंडल न्यायिक दंडाधिकारी की अदालत में पेश किया गया ।,SOV,52,1,0.0324,0.479,0.5769,15,एक और आदेश के तहत सरकार ने कराधान विभाग के वित्तायुक्त एल. एस. एम. सालिंस को वन विभाग के वित्तायुक्त का अतिरिक्त प्रभार दिया है ।,8.0,0.0,-16.1195,-0.143,2.4832,-16.0438,-1.4668,1
train-s12170,कोर्ट ने उन्हें १० सितंबर तक रिमांड पर पुलिस को सौंप दिया ।,SOV,13,99,0.0117,0.5131,0.5192,27,इस बीच सोनीपत के पुलिस अधीक्षक (निवर्तमान) अनिल राव ने बताया कि वाल्मीकि बस्ती में आग लगाने व लूटपाट करने के आरोप में नामजद रामपाल पुत्र धूप सिंह निवासी नूरन खेड़ा तथा राजेश पुत्र दयानंद निवासी छतेहरा को गिरफ्तार कर उपमंडल न्यायिक दंडाधिकारी की अदालत में पेश किया गया ।,1.0909,-1.0202,-12.807,-8.9671,-7.4527,-12.6585,-2.0775,1
train-s12174,बिहार में १८ अक्तूबर से चार चरणों में विधानसभा चुनाव कराने की चुनाव आयोग की घोषणा का स्वागत करते हुए राजद सुप्रीमो लालू प्रसाद यादव ने कहा कि उनकी पार्टी 'जंग के लिए तैयार है,SOV,36,1,-0.1581,0.62,0.4615,6,कोर्ट ने उन्हें १० सितंबर तक रिमांड पर पुलिस को सौंप दिया ।,-14.0,0.0,0.9551,2.7648,3.3094,0.9551,1.0865,1
train-s12175,अररिया में एक सरकारी कार्यक्रम में भाग लेने गए रेल मंत्री लालू प्रसाद ने फोन पर हुई बातचीत में कहा कि मैं १८ अक्तूबर से राज्य में चार चरणों में चुनाव कराने की आयोग की घोषणा का स्वागत करता हूं ।,SOV,41,1,0.1231,0.5137,0.5,18,बिहार में १८ अक्तूबर से चार चरणों में विधानसभा चुनाव कराने की चुनाव आयोग की घोषणा का स्वागत करते हुए राजद सुप्रीमो लालू प्रसाद यादव ने कहा कि उनकी पार्टी 'जंग के लिए तैयार है,-9.0,0.0,-3.6604,0.6854,-1.1038,-3.6978,1.2568,1
train-s12197,सुप्रीम कोर्ट ने भूकंप से बचाव की व्यवस्था के बग़ैर शहरों में बन रही तमाम ऊंची बहुमंजिला इमारतों से खतरे के संबंध में एक जनहित याचिका पर केंद्र सरकार को दो सप्ताह में शपथ पर विस्तृत रिपोर्ट पेश करने को कहा ।,SOV,42,99,0.1554,0.5245,0.6829,28,अररिया में एक सरकारी कार्यक्रम में भाग लेने गए रेल मंत्री लालू प्रसाद ने फोन पर हुई बातचीत में कहा कि मैं १८ अक्तूबर से राज्य में चार चरणों में चुनाव कराने की आयोग की घोषणा का स्वागत करता हूं ।,-1.7475,0.0,-15.1989,-11.4847,-11.0452,-11.5623,-2.4168,1
train-s12198,हालांकि केंद्र ने शुक्रवार को अदालत को बताया कि वह देश के शहरी इलाकों में सुरक्षित निर्माण कार्य के लिए राष्ट्रीय भवन संहिता बनाने की तैयारी कर रही है ।,SOV,30,23,0.031,0.5502,0.8095,34,सुप्रीम कोर्ट ने भूकंप से बचाव की व्यवस्था के बग़ैर शहरों में बन रही तमाम ऊंची बहुमंजिला इमारतों से खतरे के संबंध में एक जनहित याचिका पर केंद्र सरकार को दो सप्ताह में शपथ पर विस्तृत रिपोर्ट पेश करने को कहा ।,1.5652,0.0,-15.2657,-3.2382,-2.0576,-13.6899,-4.8595,1
train-s12202,"मुख्य न्यायाधीश वाई. के. सब्बरवाल, जस्टिस सी. के. ठक्कर, जस्टिस आर. वी. रवींद्रन और जस्टिस लोकेश्वर सिंह पांटा की खंडपीठ ने एक स्वयंसेवी संस्था सोसाइटी फॉर सेफ स्ट्रकचर की जनहित याचिका पर विचार करने के समय केंद्र सरकार से कहा कि दो सप्ताह में विस्तृत रिपोर्ट शपथ पर पेश करे और चार सप्ताह बाद याचिका पर सुनवाई की जाएगी ।",SOV,62,5,0.1384,0.4761,0.7,21,हालांकि केंद्र ने शुक्रवार को अदालत को बताया कि वह देश के शहरी इलाकों में सुरक्षित निर्माण कार्य के लिए राष्ट्रीय भवन संहिता बनाने की तैयारी कर रही है ।,-24.0,0.0,-3.297,-0.1519,0.17,-3.7175,-0.9054,1
train-s12205,सत्र अदालत ने इस मामले को दुर्लभ से दुर्लभतम मामला मानते हुए मृत्यु दंड की सजा दी थी पर राजस्थान हाईकोर्ट की जोधबपुर पीठ ने मृत्यु दंड की सजा को आजीवन कारावास की सजा में तब्दील कर दिया था ।,SOV,40,5,0.0082,0.5072,0.5645,35,"मुख्य न्यायाधीश वाई. के. सब्बरवाल, जस्टिस सी. के. ठक्कर, जस्टिस आर. वी. रवींद्रन और जस्टिस लोकेश्वर सिंह पांटा की खंडपीठ ने एक स्वयंसेवी संस्था सोसाइटी फॉर सेफ स्ट्रकचर की जनहित याचिका पर विचार करने के समय केंद्र सरकार से कहा कि दो सप्ताह में विस्तृत रिपोर्ट शपथ पर पेश करे और चार सप्ताह बाद याचिका पर सुनवाई की जाएगी ।",1.2,0.0,-16.5455,-10.0289,-11.7729,-16.5455,-4.7285,1
train-s12206,राजस्थान हाईकोर्ट के फैसले को चुनौती देने वाली राजस्थान सरकार की विशेष अनुमति याचिका पर अदालत ने संबंधित अपराधी को नोटिस जारी किया है ।,SOV,25,99,-0.1698,0.5272,0.65,26,सत्र अदालत ने इस मामले को दुर्लभ से दुर्लभतम मामला मानते हुए मृत्यु दंड की सजा दी थी पर राजस्थान हाईकोर्ट की जोधबपुर पीठ ने मृत्यु दंड की सजा को आजीवन कारावास की सजा में तब्दील कर दिया था ।,-29.899,0.0,-23.5131,-12.614,-12.703,-19.4061,-6.06,1
train-s12208,प्रधानमंत्री मनमोहन सिंह ने अल्पसंख्यकों को भरोसा दिलाया है कि यूपीए सरकार उनके हितों के संरक्षण के लिए प्रतिबद्ध है ।,SOV,21,5,-0.0386,0.5419,0.72,18,राजस्थान हाईकोर्ट के फैसले को चुनौती देने वाली राजस्थान सरकार की विशेष अनुमति याचिका पर अदालत ने संबंधित अपराधी को नोटिस जारी किया है ।,-3.6,0.0,-22.4316,-14.1807,-17.1269,-22.4168,-5.4363,1
train-s12214,सेमिनार का उद्घाटन करते हुए प्रधानमंत्री मनमोहन सिंह ने कहा कि यूपीए सरकार ने शिक्षा के जरिए लोगों को सामाजिक और आर्थिक स्तर पर सशक्त बनाने के महत्व को समझा है ।,SOV,32,1,0.0621,0.5124,0.5714,12,प्रधानमंत्री मनमोहन सिंह ने अल्पसंख्यकों को भरोसा दिलाया है कि यूपीए सरकार उनके हितों के संरक्षण के लिए प्रतिबद्ध है ।,-1.0,0.0,-2.6586,-3.0675,0.3138,-3.7731,-0.1087,1
train-s12217,इसी क्रम में दो राष्ट्रीय आयोगों का गठन किए जाने की बात भी उन्होंने कही ।,DOSV,16,1,0.0196,0.5347,0.6875,22,सेमिनार का उद्घाटन करते हुए प्रधानमंत्री मनमोहन सिंह ने कहा कि यूपीए सरकार ने शिक्षा के जरिए लोगों को सामाजिक और आर्थिक स्तर पर सशक्त बनाने के महत्व को समझा है ।,-12.0,-2.0,6.7485,7.0107,3.6096,7.2108,6.216,1
train-s12221,प्रधानमंत्री ने राष्ट्रीय अल्पसंख्यक विकास एवं वित्त निगम के काम - काज को सुचारू रूप से आगे बढ़ाने के लिए उसे आवंटित की जाने वाली धनराशि को बढ़ाने की घोषणा की ।,SOV,32,23,0.1874,0.4342,0.6875,11,इसी क्रम में दो राष्ट्रीय आयोगों का गठन किए जाने की बात भी उन्होंने कही ।,10.4348,0.0,-20.088,-20.894,-22.6903,-14.3251,-5.7104,1
train-s12232,"इसके साथ ही यादव ने कहा कि दिल्ली, हरियाणा और पंजाब में अगले एक - दो दिन में मानसून पूर्व बारिश और तूफान की उम्मीद है ।",SOV,28,1,0.1043,0.4907,0.7812,25,प्रधानमंत्री ने राष्ट्रीय अल्पसंख्यक विकास एवं वित्त निगम के काम - काज को सुचारू रूप से आगे बढ़ाने के लिए उसे आवंटित की जाने वाली धनराशि को बढ़ाने की घोषणा की ।,-1.0,2.0,-5.1668,2.4547,0.4196,-5.1915,-2.7267,1
train-s12235,कम दबाव का यह क्षेत्र मानसून को गर्मी की मार झेल रहे इन इलाकों में पहुंचाएगा ।,SOV,17,5,-0.04,0.5099,0.6071,17,"इसके साथ ही यादव ने कहा कि दिल्ली, हरियाणा और पंजाब में अगले एक - दो दिन में मानसून पूर्व बारिश और तूफान की उम्मीद है ।",3.6,0.0,6.6007,1.5313,2.9018,1.8358,1.7836,1
train-s12252,"लिहाजा, बुश को इससे सबक लेना चाहिए ।",SOV,9,23,0.0502,0.5199,0.6471,11,कम दबाव का यह क्षेत्र मानसून को गर्मी की मार झेल रहे इन इलाकों में पहुंचाएगा ।,-2.087,0.0,-30.5091,-12.0321,-11.544,-30.5136,-2.2348,1
train-s12270,"पाकिस्तान, उत्तरी कोरिया और चीन द्वारा परमाणु अप्रसार संधि के उल्लंधन पर क्लिंटन और बुश दोनों की ही नीतियां निराश करने वाली रही हैं ।",SOV,26,23,0.0966,0.482,0.4444,4,"लिहाजा, बुश को इससे सबक लेना चाहिए ।",-5.7391,0.0,-5.0067,-3.982,-5.9504,-7.3084,-0.8519,1
train-s12278,अमर उजाला को यह शुक्रवार को डाक से प्राप्त हुआ ।,IOSV,11,99,-0.1689,0.5247,0.4615,12,"पाकिस्तान, उत्तरी कोरिया और चीन द्वारा परमाणु अप्रसार संधि के उल्लंधन पर क्लिंटन और बुश दोनों की ही नीतियां निराश करने वाली रही हैं ।",-2.9899,-0.9798,-8.5089,-7.3579,-9.9464,-9.2153,-2.8124,1
train-s12285,इस धमकी भरे खत से उलेमा नाइत्तेफाकी रखते हैं ।,DOSV,10,5,0.2374,0.5096,0.7273,8,अमर उजाला को यह शुक्रवार को डाक से प्राप्त हुआ ।,-4.8,0.0,-3.1951,2.8634,0.5448,-3.1951,-1.7477,1
train-s12286,उलेमा ने इसे गलत मानसिकता वाले लोगों की हरकत बताया है ।,SOV,12,5,-0.287,0.659,0.3,3,इस धमकी भरे खत से उलेमा नाइत्तेफाकी रखते हैं ।,4.8,-1.2,-13.8629,-7.5499,0.0862,-12.4768,-1.5248,1
train-s1229,प्यार को पाने का यह अनूठा तरीका नौगावां सादात थाना क्षेत्र के गांव सिकरिया निवासी बाइस वर्षीय साबिरा खातून ने अपनाया ।,DOSV,22,5,0.0366,0.5082,0.5429,19,शनिवार की शाम ग्रेटर नोएडा स्थित जेपी ग्रीन गोल्फ कोर्स क्लब में राजस्व इंटेलीजेंस निदेशालय (डीआरआई) की टीम ने छापा मार कर जेपी समूह की २८ आयातित कारों को जब्त कर लिया ।,0.0,0.0,3.4257,-1.5092,-1.5428,3.4911,2.7846,1
train-s12292,अमर उजाला अखबार ने हमेशा ऐसे मुद्दों से परहेज किया है ।,SOV,12,23,-0.0334,0.5332,0.6667,8,उलेमा ने इसे गलत मानसिकता वाले लोगों की हरकत बताया है ।,-3.6522,0.0,-11.7958,-12.4226,-12.9459,-11.8766,-2.1251,1
train-s12296,इसने हमेशा अपनी जिम्मेदारियों को समझा है ।,SOV,8,5,-0.0218,0.5035,0.6667,8,अमर उजाला अखबार ने हमेशा ऐसे मुद्दों से परहेज किया है ।,2.4,1.2,-8.1043,1.4997,-4.5507,-5.9919,-0.2044,1
train-s12299,आईजी मेरठ जोन ने पूरे मामले को गंभीरता से लिया ।,SOV,11,5,0.1803,0.4217,0.5,4,इसने हमेशा अपनी जिम्मेदारियों को समझा है ।,-2.4,0.0,-19.3677,-10.9683,-11.8147,-20.5262,-3.178,1
train-s12304,इस बात का खुलासा राजधानी के दौरे पर आए रेल राज्यमंत्री एम. आर. वेलू ने पत्रकारों से बातचीत के दौरान किया ।,SOV,22,23,-0.1285,0.535,0.4545,5,आईजी मेरठ जोन ने पूरे मामले को गंभीरता से लिया ।,-6.2609,0.0,-5.9839,-5.0234,-1.7048,-5.1072,1.4986,1
train-s12307,उन्होंने वहां की सभी आठ प्रयोगशालाओं का निरीक्षण कर उनकी बेहतरी के लिए सुझाव प्राप्त किए ।,SOV,17,99,-0.0208,0.5351,0.5909,13,इस बात का खुलासा राजधानी के दौरे पर आए रेल राज्यमंत्री एम. आर. वेलू ने पत्रकारों से बातचीत के दौरान किया ।,-6.8182,0.9798,-14.4424,-12.9095,-13.0998,-14.5757,-7.0958,1
train-s1231,उसने तालिब की मां खुशनूदा से कहा: अम्मी मैं आज से आपकी बहू हूं ।,SOV,16,1,0.0798,0.4975,0.4545,10,प्यार को पाने का यह अनूठा तरीका नौगावां सादात थाना क्षेत्र के गांव सिकरिया निवासी बाइस वर्षीय साबिरा खातून ने अपनाया ।,4.0,2.0,2.1851,4.502,-0.0922,2.1851,-0.1847,1
train-s12327,धर्मेद्र ने यूनिवर्सिटी को आर्थिक मदद देने की बात को मनगढ़ंत बताया ।,SOV,13,5,0.1911,0.4548,0.5294,9,उन्होंने वहां की सभी आठ प्रयोगशालाओं का निरीक्षण कर उनकी बेहतरी के लिए सुझाव प्राप्त किए ।,-1.2,0.0,-0.055,-4.8366,-5.0183,3.0141,-1.4212,1
train-s1233,खुशनूदा ने उसे काफी समझाया ।,SOV,6,5,0.269,0.4993,0.4375,7,उसने तालिब की मां खुशनूदा से कहा: अम्मी मैं आज से आपकी बहू हूं ।,-1.2,-1.2,0.8101,-8.3879,-7.4855,0.1124,-1.7144,1
train-s12339,हालात पर काबू पाने को पुलिस ने आंसू गैस के गोले छोड़े और फायरिंग की ।,SOV,16,5,0.0736,0.4717,0.6154,8,धर्मेद्र ने यूनिवर्सिटी को आर्थिक मदद देने की बात को मनगढ़ंत बताया ।,-1.2,0.0,-23.2905,-3.3424,-5.0781,-23.2619,-0.0975,1
train-s1234,लेकिन साबिरा ने कह दिया: अगर आपने मुझे भेजा तो मैं यहीं जान दे दूंगी ।,SOV,17,1,-0.4612,0.652,0.3333,2,खुशनूदा ने उसे काफी समझाया ।,1.0,0.0,-15.5527,-3.0868,1.4393,-15.5527,-10.7697,1
train-s12340,पुलिस ने अभी तक दस युवकों को गिरफ्तार किया है ।,SOV,11,23,-0.2061,0.5876,0.8125,13,हालात पर काबू पाने को पुलिस ने आंसू गैस के गोले छोड़े और फायरिंग की ।,-1.0435,-1.0435,-22.8145,-14.9915,-12.0738,-20.6039,-6.5615,1
train-s12342,उग्र भीड़ ने तीन रोडवेज बस फूंकने के साथ ही दो दर्जन से भी ज्यादा गाड़ियां तोड़ डालीं और रेलवे यातायात ठप कर दिया ।,SOV,25,5,-0.0574,0.4991,0.7273,8,पुलिस ने अभी तक दस युवकों को गिरफ्तार किया है ।,3.6,0.0,-7.0957,-5.3335,-6.9388,-7.0957,-1.8484,1
train-s12344,देर शाम प्रमुख गृह सचिव आलोक सिन्हा ने दावा किया कि मेरठ में स्थिति पूरी तरह शांतिपूर्ण एवं नियंत्रण में है ।,SOV,22,5,-0.0862,0.5448,0.72,18,उग्र भीड़ ने तीन रोडवेज बस फूंकने के साथ ही दो दर्जन से भी ज्यादा गाड़ियां तोड़ डालीं और रेलवे यातायात ठप कर दिया ।,-1.2,0.0,-19.6351,-12.7507,-14.0277,-19.6351,-6.0894,1
train-s12348,मेरठ के पौदीवाड़ा - महमूदनगर में बाल्मीकि समुदाय की बारात में छेड़छाड़ को लेकर बृहस्पतिवार रात पथराव और फायरिंग से शुरू हुए बवाल की आंच ने शुक्रवार को पूरे दिन शहर की कानून - व्यवस्था चौपट कर दी ।,SOV,39,99,0.0235,0.4757,0.7727,17,देर शाम प्रमुख गृह सचिव आलोक सिन्हा ने दावा किया कि मेरठ में स्थिति पूरी तरह शांतिपूर्ण एवं नियंत्रण में है ।,-40.1515,0.0,-9.3016,-17.6903,-12.8631,-8.1363,-3.8177,1
train-s1235,इतना कहने के बाद उसने खुद को एक कमरे के भीतर बंद कर लिया ।,SOV,15,99,0.0615,0.5122,0.3529,6,लेकिन साबिरा ने कह दिया: अगर आपने मुझे भेजा तो मैं यहीं जान दे दूंगी ।,-2.9899,-1.0,-17.7181,-19.0291,-15.9444,-17.7181,-2.7854,1
train-s12351,पुलिस ने आंसू गैस छोड़ी और फायरिंग की ।,SOV,9,1,0.0979,0.5255,0.5897,23,मेरठ के पौदीवाड़ा - महमूदनगर में बाल्मीकि समुदाय की बारात में छेड़छाड़ को लेकर बृहस्पतिवार रात पथराव और फायरिंग से शुरू हुए बवाल की आंच ने शुक्रवार को पूरे दिन शहर की कानून - व्यवस्था चौपट कर दी ।,0.0,0.0,-17.7509,-3.978,-3.2983,-17.7312,-0.7874,1
train-s12353,डीएम रामकृष्ण ने शनिवार को भी सभी शिक्षण संस्थाएं बंद करने के आदेश दिए हैं ।,SOV,16,5,-0.3385,0.6122,0.7778,7,पुलिस ने आंसू गैस छोड़ी और फायरिंग की ।,4.8,0.0,-12.0843,-12.7149,-10.117,-12.0843,-3.8143,1
train-s12358,घंटों चले हंगामे के बाद देर रात मामला शांत होने पर खुद एसएसपी ने अपने सामने फेरों की रस्म अदा कराई थी और सुबह करीब सात बजे दुल्हन समेत बारात की बस को पुलिस सुरक्षा में जिले की सीमा से बाहर छुड़वाया गया ।,SOV,44,99,0.0085,0.5167,0.5,8,डीएम रामकृष्ण ने शनिवार को भी सभी शिक्षण संस्थाएं बंद करने के आदेश दिए हैं ।,-11.9394,0.0606,-20.4753,-26.8596,-21.8882,-20.4753,-1.3709,1
train-s12378,नतीजतन बचाव में उन्हें गोलियां चलानी पड़ी ।,SOV,8,23,0.0604,0.4913,0.6818,30,घंटों चले हंगामे के बाद देर रात मामला शांत होने पर खुद एसएसपी ने अपने सामने फेरों की रस्म अदा कराई थी और सुबह करीब सात बजे दुल्हन समेत बारात की बस को पुलिस सुरक्षा में जिले की सीमा से बाहर छुड़वाया गया ।,-0.5217,0.0,-13.577,-10.7345,-11.4506,-13.5753,-1.5841,1
train-s12382,वे लोग इंटर - कॉलेज यूथ फेस्टिवल में हिस्सा लेने जा रही थी ।,SOV,14,5,0.2142,0.5582,0.25,2,नतीजतन बचाव में उन्हें गोलियां चलानी पड़ी ।,-1.2,0.0,-14.8036,-5.0816,-7.643,-14.8036,-4.1855,1
train-s12383,लेकिन चलती ट्रेन में ही जवानों ने कुछ लड़कियों से कथित तौर पर दुष्कर्म और छेड़छाड़ की ।,SOV,18,99,0.0897,0.5184,0.5,7,वे लोग इंटर - कॉलेज यूथ फेस्टिवल में हिस्सा लेने जा रही थी ।,3.9798,0.0,0.4749,-7.4406,-6.5078,0.3273,-2.5311,1
train-s12385,इस घटना के बाद लड़कियों ने मोबाइल फोन से कोकराझार में अपने साथियों को जानकारी दी ।,SOV,17,99,-0.1533,0.5542,0.8333,15,लेकिन चलती ट्रेन में ही जवानों ने कुछ लड़कियों से कथित तौर पर दुष्कर्म और छेड़छाड़ की ।,-6.5657,0.0,-13.4353,-10.5454,-10.379,-13.2044,-4.3923,1
train-s12388,इसके बाद वहां से ९ किलोमीटर दूर सालाकाटी में कार्यकर्ताओं ने रेलवे ट्रैक पर अवरोध खड़ा कर गाड़ी को जबरन रोक लिया और जवानों को बाहर निकालने की मांग करने लगे ।,SOV,32,99,-0.0577,0.5375,0.7059,12,इस घटना के बाद लड़कियों ने मोबाइल फोन से कोकराझार में अपने साथियों को जानकारी दी ।,-7.8384,0.9293,-23.6592,-11.3797,-11.4351,-23.5069,-4.877,1
train-s12389,लेकिन जवानों ने ट्रेन के दरवाजे और खिड़कियों को बंद कर लिया ।,SOV,13,23,-0.1114,0.532,0.6562,21,इसके बाद वहां से ९ किलोमीटर दूर सालाकाटी में कार्यकर्ताओं ने रेलवे ट्रैक पर अवरोध खड़ा कर गाड़ी को जबरन रोक लिया और जवानों को बाहर निकालने की मांग करने लगे ।,2.087,0.0,-14.2346,-15.7892,-15.3136,-13.8009,-9.8092,1
train-s1239,उन्होंने साबिरा से दरवाजा खोलने को कहा ।,SOV,8,5,-0.0761,0.4743,0.6667,10,इतना कहने के बाद उसने खुद को एक कमरे के भीतर बंद कर लिया ।,2.4,1.2,-10.8767,-3.3827,-5.6121,-6.6164,-2.9517,1
train-s12390,इसके आधे घंटे बाद लगभग दस बजे जवानों ने दरवाजा खोलकर स्टेशन पर खड़े कार्यकर्ताओं पर गोली चला दी ।,SOV,20,99,-0.1862,0.4525,0.6923,9,लेकिन जवानों ने ट्रेन के दरवाजे और खिड़कियों को बंद कर लिया ।,-4.2222,0.0,-20.038,-10.7906,-10.2964,-21.3968,-6.6217,1
train-s12396,वहीं हरियाणा के अतिरिक्त पुलिस महानिदेशक डॉ. जॉन वी. जॉर्ज ने बताया कि आईआरबी भौंडसी (गुड़गांव) की बटालियन में से २०० जवानों को असम राइफल्स के पास ट्रेनिंग के लिए भेजा गया था ।,SOV,36,1,-0.105,0.448,0.65,13,इसके आधे घंटे बाद लगभग दस बजे जवानों ने दरवाजा खोलकर स्टेशन पर खड़े कार्यकर्ताओं पर गोली चला दी ।,9.0,0.0,-14.6525,-2.3208,-1.1388,-14.6525,-5.2556,1
train-s12399,हरियाणा पुलिस के जवानों ने उन्हें रोका ।,SOV,8,1,0.0159,0.5175,0.4444,16,वहीं हरियाणा के अतिरिक्त पुलिस महानिदेशक डॉ. जॉन वी. जॉर्ज ने बताया कि आईआरबी भौंडसी (गुड़गांव) की बटालियन में से २०० जवानों को असम राइफल्स के पास ट्रेनिंग के लिए भेजा गया था ।,-4.0,-2.0,-14.1926,-6.7369,-4.715,-10.4313,-1.8672,1
train-s12401,बचाव में हरियाणा पुलिस के जवानों ने भी गोलियां चला दी ।,SOV,12,5,-0.2827,0.5143,0.5,4,हरियाणा पुलिस के जवानों ने उन्हें रोका ।,-1.2,0.0,-17.6729,-4.3693,-6.7478,-15.8471,-2.9296,1
train-s1241,जब उन्होंने बाहर खड़े होकर उसे समझाया तो वह मान गई और बाहर निकल आई ।,SOV,16,23,0.0588,0.5849,0.25,2,उन्होंने साबिरा से दरवाजा खोलने को कहा ।,1.0435,0.0,-6.7801,-4.9791,-4.2662,-5.6741,-1.3355,1
train-s12410,विदेश सचिव श्याम सरन ने शनिवार को कहा कि हम लोग मध्यम दूरी के लड़ाकू विमान और पांचवीं पीढ़ी के लड़ाकू विमान की खरीदारी पर विचार विमर्श कर रहे हैं ।,SOV,31,1,-0.1763,0.5047,0.6667,8,बचाव में हरियाणा पुलिस के जवानों ने भी गोलियां चला दी ।,-3.0,0.0,-2.89,-3.9441,-2.5785,-2.89,-0.132,1
train-s12419,प्रधानमंत्री अपनी यात्रा के दौरान इस मुद्दे को भी उठा सकते हैं ।,SOV,13,5,0.0053,0.5228,0.6774,21,विदेश सचिव श्याम सरन ने शनिवार को कहा कि हम लोग मध्यम दूरी के लड़ाकू विमान और पांचवीं पीढ़ी के लड़ाकू विमान की खरीदारी पर विचार विमर्श कर रहे हैं ।,3.6,0.0,-10.1869,-2.0656,-3.3768,-10.1869,-1.2419,1
train-s12424,वह पाकिस्तान के पेट्रोलियम मंत्री अमानुल्ला खान जादून तथा वाणिज्य मंत्री हुमायूं अख्तर से बातचीत करेंगे ।,SOV,17,5,0.1394,0.4955,0.5385,7,प्रधानमंत्री अपनी यात्रा के दौरान इस मुद्दे को भी उठा सकते हैं ।,0.0,1.2,-16.4864,-11.3134,-11.9119,-16.3327,-5.9345,1
train-s12428,अमेरिकी प्रशासन ने ईरान को अराजक देशों की श्रेणी में रखा है ।,SOV,13,5,0.1008,0.5087,0.4706,8,वह पाकिस्तान के पेट्रोलियम मंत्री अमानुल्ला खान जादून तथा वाणिज्य मंत्री हुमायूं अख्तर से बातचीत करेंगे ।,2.4,0.0,-11.8396,-2.2917,-1.7726,-11.8396,-2.9168,1
train-s12432,दूसरी ओर पाकिस्तान भारत को इस परियोजना की सुरक्षा का आश्वासन देता रहा है ।,SOV,15,23,-0.0924,0.548,0.6923,9,अमेरिकी प्रशासन ने ईरान को अराजक देशों की श्रेणी में रखा है ।,6.7826,0.0,-19.5166,-9.5385,-10.2949,-19.4674,-4.537,1
train-s12435,महानगर में कई दिन तक होने वाली भारी बारिश के बाद उपनगरीय रेलगाड़ियों की आवा - जाही कम होने से आक्रोशित लोगों ने लगातार दूसरे दिन रेल रोको अभियान जारी रखा ।,SOV,32,99,0.257,0.4596,0.5333,8,दूसरी ओर पाकिस्तान भारत को इस परियोजना की सुरक्षा का आश्वासन देता रहा है ।,-44.202,0.0,-24.5656,-14.5086,-19.7277,-26.0162,-3.7145,1
train-s1244,बात बढ़ने पर थानाध्यक्ष साबिरा को थाने ले आए ।,SOV,10,23,-0.0158,0.4928,0.4375,7,जब उन्होंने बाहर खड़े होकर उसे समझाया तो वह मान गई और बाहर निकल आई ।,-2.6087,0.0,-10.9543,-1.6829,-2.8363,-10.9543,-0.1537,1
train-s12447,प्रदर्शनकारियों ने कई डिब्बों को क्षति - ग्रस्त कर दिया ।,SOV,11,5,0.0694,0.5137,0.7188,23,महानगर में कई दिन तक होने वाली भारी बारिश के बाद उपनगरीय रेलगाड़ियों की आवा - जाही कम होने से आक्रोशित लोगों ने लगातार दूसरे दिन रेल रोको अभियान जारी रखा ।,1.2,0.0,-12.0544,-6.3002,-9.6453,-11.419,-1.9873,1
train-s12450,असम के मुख्यमंत्री तरुण गोगोई ने शनिवार को यहाँ पत्रकारों से कहा कि उनकी सरकार वार्ता के लिए प्रधानमंत्री कार्यालय की ओर से हाल में दिए निमंत्रण पर फैसला करने के लिए उल्फा की केंद्रीय कार्यकारिणी बैठक में शामिल होने के लिए सदस्यों को रिहा करने को तैयार है ।,SOV,50,23,-0.3296,0.516,0.4545,5,प्रदर्शनकारियों ने कई डिब्बों को क्षति - ग्रस्त कर दिया ।,-6.7826,0.0,-14.8856,-10.1036,-9.7657,-14.8843,-0.861,1
train-s12451,राष्ट्रीय उपभोक्ता आयोग (एनसीसी) ने परिपक्वता की अवधि से पहले पॉलिसी बंद करने वाले बीमा धारकों के हक़ में फैसला सुनाते हुए डाक विभाग को ग्राहकों की पूरी रक़म लौटाने का आदेश दिया है ।,SOV,37,23,0.0845,0.485,0.54,27,असम के मुख्यमंत्री तरुण गोगोई ने शनिवार को यहाँ पत्रकारों से कहा कि उनकी सरकार वार्ता के लिए प्रधानमंत्री कार्यालय की ओर से हाल में दिए निमंत्रण पर फैसला करने के लिए उल्फा की केंद्रीय कार्यकारिणी बैठक में शामिल होने के लिए सदस्यों को रिहा करने को तैयार है ।,-7.3043,0.0,-9.9448,-13.9215,-12.286,-9.9161,-5.5099,1
train-s12453,"इस मामले में महाराष्ट्र राज्य उपभोक्ता आयोग के फैसले को बहाल रखते हुए जस्टिस एस. एन. कपूर और जस्टिस बी. के. तामिनी की खंडपीठ ने डाक विभाग को दीपक शेल्का, मारोती सावंत और हरिश सी. गोरखनाथ के पैसे लौटाने के आदेश दिए ।",SOV,44,23,0.1566,0.4738,0.6216,23,राष्ट्रीय उपभोक्ता आयोग (एनसीसी) ने परिपक्वता की अवधि से पहले पॉलिसी बंद करने वाले बीमा धारकों के हक़ में फैसला सुनाते हुए डाक विभाग को ग्राहकों की पूरी रक़म लौटाने का आदेश दिया है ।,-3.1304,0.0,-15.3227,-7.4461,-11.6002,-13.0766,-5.0327,1
train-s12454,इन तीनों ने तीन वर्ष से अधिक समय तक पैसे जमाकर पॉलिसी बंद कर दी थी ।,SOV,17,23,0.0782,0.474,0.4545,20,"इस मामले में महाराष्ट्र राज्य उपभोक्ता आयोग के फैसले को बहाल रखते हुए जस्टिस एस. एन. कपूर और जस्टिस बी. के. तामिनी की खंडपीठ ने डाक विभाग को दीपक शेल्का, मारोती सावंत और हरिश सी. गोरखनाथ के पैसे लौटाने के आदेश दिए ।",-6.7826,0.0,-17.4499,-8.3765,-8.3934,-17.4499,-5.1024,1
train-s12459,इससे पहले राज्य उपभोक्ता आयोग ने भी तीनों ग्राहकों की रक़म लौटाने के आदेश दिए थे ।,SOV,17,5,-0.0741,0.4859,0.5882,10,इन तीनों ने तीन वर्ष से अधिक समय तक पैसे जमाकर पॉलिसी बंद कर दी थी ।,6.0,1.2,-18.086,-10.2949,-9.3712,-20.7269,-7.0579,1
train-s12467,इस बारे में जानकारी देते हुए उन्होंने बताया कि जून से जुलाई के पहले हफ्ते तक सेना ने घुसपैठ की १२ कोशिशों को नाक़ाम किया है ।,SOV,27,5,-0.0104,0.4867,0.7059,12,इससे पहले राज्य उपभोक्ता आयोग ने भी तीनों ग्राहकों की रक़म लौटाने के आदेश दिए थे ।,-2.4,1.2,-6.4145,-4.7228,-6.7755,-6.4145,-3.1552,1
train-s12473,सेना में सेवा शर्तों को बढ़ाए जाने के लिए बग्गा समिति की रिपोर्ट लागू किए जाने के संबंध में जनरल विज ने कहा कि नए रक्षा मंत्री को इस सिफारिश के बारे में जानकारी दे दी गई है ।,SOV,39,5,-0.006,0.524,0.5556,15,इस बारे में जानकारी देते हुए उन्होंने बताया कि जून से जुलाई के पहले हफ्ते तक सेना ने घुसपैठ की १२ कोशिशों को नाक़ाम किया है ।,-7.2,0.0,-7.4422,-1.6785,-2.5219,-6.2912,-3.26,1
train-s12477,यह जानकारी रविवार को आधिकारिक सूत्रों ने दी ।,DOSV,9,5,0.1196,0.5099,0.6667,26,सेना में सेवा शर्तों को बढ़ाए जाने के लिए बग्गा समिति की रिपोर्ट लागू किए जाने के संबंध में जनरल विज ने कहा कि नए रक्षा मंत्री को इस सिफारिश के बारे में जानकारी दे दी गई है ।,1.2,0.0,7.6227,9.8578,9.8777,6.5598,1.6273,1
train-s12480,नई दिल्ली लंबे समय से पाकिस्तान पर २० से अधिक अपराधियों व आतंकियों को सौंपने के लिए दबाव डाल रहा है ।,SOV,22,99,0.1094,0.4441,0.6667,6,यह जानकारी रविवार को आधिकारिक सूत्रों ने दी ।,4.1717,0.0,-17.3424,-6.5693,-3.4307,-17.3424,-1.5749,1
train-s12487,शिरोमणि अकाली दल की दिल्ली इकाई के अध्यक्ष परमजीत सिंह सरना ने सोमवार को दावा किया कि पाकिस्तान सरकार ने भारत से सिख समुदाय के एक दल को लाहौर में ऐतिहासिक गुरुद्वारे की मरम्मत की अनुमति दे दी है ।,SOV,40,5,-0.0124,0.5431,0.5,11,नई दिल्ली लंबे समय से पाकिस्तान पर २० से अधिक अपराधियों व आतंकियों को सौंपने के लिए दबाव डाल रहा है ।,-13.2,0.0,-22.5396,-14.6721,-13.6733,-22.5372,-4.1174,1
train-s12488,शिरोमणि अकाली दल (दिल्ली) के अध्यक्ष परमजीत सिंह सरना ने यहां पत्रकारों से कहा कि पाकिस्तान की पंजाब प्रांत की सरकार और वक्फ बोर्ड ने हमें लाहौर स्थित चूना मंडी में गुरुद्वारा रामदास की मरम्मत और इसके साथ ही गुरुद्वारा ननकाना साहिब से जुड़े कॉलेज में तीर्थ यात्रियों के लिए यात्री निवास बनाने की अनुमति दे दी है ।,SOV,61,5,0.0478,0.5132,0.625,25,शिरोमणि अकाली दल की दिल्ली इकाई के अध्यक्ष परमजीत सिंह सरना ने सोमवार को दावा किया कि पाकिस्तान सरकार ने भारत से सिख समुदाय के एक दल को लाहौर में ऐतिहासिक गुरुद्वारे की मरम्मत की अनुमति दे दी है ।,-12.0,-1.2,-9.6404,-6.2305,-7.5359,-6.4737,-0.7059,1
train-s12490,इस कार सेवा के लिए हम यहां से लोगों के दल भेजने की योजना बना रहे हैं ।,SOV,18,5,0.1107,0.4996,0.541,33,शिरोमणि अकाली दल (दिल्ली) के अध्यक्ष परमजीत सिंह सरना ने यहां पत्रकारों से कहा कि पाकिस्तान की पंजाब प्रांत की सरकार और वक्फ बोर्ड ने हमें लाहौर स्थित चूना मंडी में गुरुद्वारा रामदास की मरम्मत और इसके साथ ही गुरुद्वारा ननकाना साहिब से जुड़े कॉलेज में तीर्थ यात्रियों के लिए यात्री निवास बनाने की अनुमति दे दी है ।,3.6,-1.2,-15.2835,-6.5977,-8.5757,-15.0378,-1.4965,1
train-s12499,मंगलवार को कोर्ट ने सैद्धांतिक रूप से तय कर दिया कि देश की सभी जेलों में मोबाइल फोन जैमर लगाए जाने चाहिए ।,SOV,23,23,0.1698,0.5203,0.5556,10,इस कार सेवा के लिए हम यहां से लोगों के दल भेजने की योजना बना रहे हैं ।,-1.0435,0.0,-13.8518,-13.8098,-13.8652,-13.8518,-4.9591,1
train-s12501,इसके लिए अदालत ने भारत संचार निगम लिमिटेड व रिलायंस इंफोकॉम को ११ जनवरी तक इन उपकरणों की जानकारी उपलब्ध कराने को कहा है ।,SOV,25,23,0.0732,0.518,0.7826,18,मंगलवार को कोर्ट ने सैद्धांतिक रूप से तय कर दिया कि देश की सभी जेलों में मोबाइल फोन जैमर लगाए जाने चाहिए ।,15.6522,1.0435,-4.5281,-9.7376,-5.5512,-4.5338,-5.0538,1
train-s12503,सुप्रीम कोर्ट ने हाईकोर्ट के आदेश पर रोक लगाते हुए पप्पू यादव को बेउर जेल भेज दिया था ।,SOV,19,23,0.0939,0.4624,0.44,11,इसके लिए अदालत ने भारत संचार निगम लिमिटेड व रिलायंस इंफोकॉम को ११ जनवरी तक इन उपकरणों की जानकारी उपलब्ध कराने को कहा है ।,-3.6522,0.0,-22.7527,-13.9458,-15.4349,-22.7527,-0.8152,1
train-s12504,माकपा विधायक अजीत सरकार की हत्या के मामले में बंद पप्पू यादव को सीबीआई बिहार से बाहर भेजना चाहती है ।,DOSV,21,5,-0.1188,0.5933,0.4737,9,सुप्रीम कोर्ट ने हाईकोर्ट के आदेश पर रोक लगाते हुए पप्पू यादव को बेउर जेल भेज दिया था ।,-10.8,0.0,-4.0854,-9.9289,-8.019,-4.0854,-0.1225,1
train-s12507,न्यायमूर्ति एन. संतोष हेगड़े और न्यायमूर्ति एस. बी. सिन्हा की पीठ ने बेउर जेल में पप्पू यादव के दरबार और ७ दिसंबर को मारे गए छापे में उनके पास बरामद सेल फोन को देखते हुए जैमर लगाने का महत्वपूर्ण निर्देश जारी कर दिया ।,SOV,44,23,-0.0268,0.5435,0.5714,12,माकपा विधायक अजीत सरकार की हत्या के मामले में बंद पप्पू यादव को सीबीआई बिहार से बाहर भेजना चाहती है ।,-26.6087,0.0,-18.3574,-18.4336,-18.1532,-18.3574,-6.5607,1
train-s12508,रिलायंस इंफोकॉम ने कोर्ट को बताया कि पटना की बेउर जेल से बरामद दो मोबाइल फोन में से एक पप्पू यादव की बहन के नाम से जारी है ।,SOV,29,1,-0.0261,0.5321,0.5227,23,न्यायमूर्ति एन. संतोष हेगड़े और न्यायमूर्ति एस. बी. सिन्हा की पीठ ने बेउर जेल में पप्पू यादव के दरबार और ७ दिसंबर को मारे गए छापे में उनके पास बरामद सेल फोन को देखते हुए जैमर लगाने का महत्वपूर्ण निर्देश जारी कर दिया ।,-1.0,0.0,-4.8713,1.5872,0.8657,-4.8088,-2.5246,1
train-s12512,अदालत ने इस पर भी सुनवाई ११ जनवरी को तय कर दी ।,SOV,13,99,0.0495,0.5418,0.6897,20,रिलायंस इंफोकॉम ने कोर्ट को बताया कि पटना की बेउर जेल से बरामद दो मोबाइल फोन में से एक पप्पू यादव की बहन के नाम से जारी है ।,-1.7576,-1.0,-14.1379,-12.4258,-10.7846,-14.1239,-3.9855,1
train-s12526,इराक में अमेरिकी नौसेना के जवानों द्वारा इराकियों के साथ हुए अत्याचार की करीब ४० और तस्वीरों के प्रकाश में आने के बाद अमेरिकी सेना ने जांच शुरू कर दी है ।,SOV,32,23,-0.1283,0.5493,0.6923,9,अदालत ने इस पर भी सुनवाई ११ जनवरी को तय कर दी ।,-35.4783,0.0,-27.6965,-13.3844,-14.1217,-24.7575,-4.8667,1
train-s1253,मैने उसके पिता से बात करने के लिए अपने घर वालों को भेजा भी था लेकिन उन्होंने रिश्ते से साफ इंकार कर दिया ।,SOV,24,5,0.11,0.5093,0.4,4,बात बढ़ने पर थानाध्यक्ष साबिरा को थाने ले आए ।,3.6,1.2,-0.3329,-3.0475,-3.9426,-0.3329,1.1165,1
train-s12533,यह ४० तस्वीरें एपी के संवाददाता को एक वेबसाइट पर मिली हैं ।,SOV,13,5,-0.0287,0.5354,0.6875,22,इराक में अमेरिकी नौसेना के जवानों द्वारा इराकियों के साथ हुए अत्याचार की करीब ४० और तस्वीरों के प्रकाश में आने के बाद अमेरिकी सेना ने जांच शुरू कर दी है ।,0.0,0.0,-2.0949,1.3067,2.9251,-2.3908,-0.3919,1
train-s12539,अमेरिकी नेवी के कमांडर जेफ बेंडर ने अपने लिखित जवाब में कहा है कि इन तस्वीरों से इराकी कैदियों और बंधकों के साथ हुए बरताव से जुड़े अनेक सवाल पैदा होते हैं ।,SOV,33,1,0.0565,0.5041,0.5385,7,यह ४० तस्वीरें एपी के संवाददाता को एक वेबसाइट पर मिली हैं ।,-3.0,0.0,-3.5525,-4.7489,-3.85,-3.5525,1.3572,1
train-s12542,सर्वेयरों और समुद्र अध्ययन विशेषज्ञों का एक दल १० जनवरी से इस केंद्र शासित प्रदेश का व्यापक सर्वे शुरू कर रहा है ।,SOV,23,23,0.0355,0.534,0.5455,18,अमेरिकी नेवी के कमांडर जेफ बेंडर ने अपने लिखित जवाब में कहा है कि इन तस्वीरों से इराकी कैदियों और बंधकों के साथ हुए बरताव से जुड़े अनेक सवाल पैदा होते हैं ।,-8.8696,0.0,-3.5478,-8.313,-6.8985,-3.5478,-0.7152,1
train-s12543,ये विशेषज्ञ इस बात का पता लगाएंगे कि २६ दिसंबर को आई प्रलयंकारी लहरों से इस खूबसूरत द्वीप के भूगोल पर किस तरह का असर पड़ा?,SOV,27,1,0.0755,0.4748,0.5652,13,सर्वेयरों और समुद्र अध्ययन विशेषज्ञों का एक दल १० जनवरी से इस केंद्र शासित प्रदेश का व्यापक सर्वे शुरू कर रहा है ।,2.0,0.0,-25.2397,-19.9146,-19.8311,-25.2892,-1.1326,1
train-s12545,यह पोत कार निकोबार जैसे बुरी तरह प्रभावित इलाकों में पानी के भीतर की तस्वीरें उतारेगा ।,SOV,17,23,0.1326,0.4941,0.6296,17,ये विशेषज्ञ इस बात का पता लगाएंगे कि २६ दिसंबर को आई प्रलयंकारी लहरों से इस खूबसूरत द्वीप के भूगोल पर किस तरह का असर पड़ा?,5.7391,0.0,-3.6403,-1.4596,0.4534,-3.6375,-3.3879,1
train-s12546,सर्वेयर जनरल ऑफ इंडिया डॉ पृथ्वीस नाग ने मंगलवार को टेलीफोन से बताया कि अब तक उपग्रह से मिली तस्वीरों से द्वीपों के आबादी वाले इलाकों के नुकसान की ही जानकारी मिलती है ।,SOV,34,5,0.0382,0.5135,0.6471,11,यह पोत कार निकोबार जैसे बुरी तरह प्रभावित इलाकों में पानी के भीतर की तस्वीरें उतारेगा ।,-7.2,0.0,-1.3723,-3.794,-3.6711,-1.3723,-0.8987,1
train-s12571,यूपीए समवन्य समिति की बैठक में वामदलों ने गृहमंत्री पर सीधा निशाना साधा था ।,SOV,15,23,-0.0018,0.4997,0.5588,19,सर्वेयर जनरल ऑफ इंडिया डॉ पृथ्वीस नाग ने मंगलवार को टेलीफोन से बताया कि अब तक उपग्रह से मिली तस्वीरों से द्वीपों के आबादी वाले इलाकों के नुकसान की ही जानकारी मिलती है ।,-6.2609,0.0,-7.1044,-10.0908,-10.8434,-7.1073,-4.6741,1
train-s12583,इसके तहत उपभोक्ता घर बैठे किसी भी राशि का कूपन इलेक्ट्रॉनिक तरीके से रिचार्ज कर सकते हैं ।,SOV,18,99,0.1468,0.4865,0.6316,12,"क्योंकि, सत्र के दौरान मंत्रियों को सदन में मंत्रालय से संबंधित प्रश्नों का जवाब देना होता है ।",2.3838,1.0909,-4.4162,-1.145,-2.4676,-4.4162,-3.6206,1
train-s12589,छोटे भाई ने मुकेश अंबानी के एक बाल सखा व आईपीसीएल में निदेशक आनंद जैन पर निशाना साधते हुए इस कंपनी से कल इस्तीफा दे दिया था ।,SOV,28,99,0.0582,0.4997,0.5556,10,इसके तहत उपभोक्ता घर बैठे किसी भी राशि का कूपन इलेक्ट्रॉनिक तरीके से रिचार्ज कर सकते हैं ।,-18.6566,0.0,-16.4231,-15.712,-13.4853,-16.4231,-3.5368,1
train-s12590,अनिल ने आनंद पर अंबानी परिवार में दरार डालने की साजिश रचने व उनके व्यक्तिगत चरित्र हनन का अभियान छेड़ने का आरोप लगाया था ।,SOV,25,5,0.0422,0.4793,0.5357,15,छोटे भाई ने मुकेश अंबानी के एक बाल सखा व आईपीसीएल में निदेशक आनंद जैन पर निशाना साधते हुए इस कंपनी से कल इस्तीफा दे दिया था ।,19.2,0.0,-14.8129,-11.7298,-13.2932,-13.144,-4.6037,1
train-s12599,दोनों देश अब भारत - जापान अंतर्राष्ट्रीय साझेदारी में सुरक्षा के बिंदु पर विशेष ध्यान देंगे ।,SOV,17,99,0.1236,0.5446,0.56,14,अनिल ने आनंद पर अंबानी परिवार में दरार डालने की साजिश रचने व उनके व्यक्तिगत चरित्र हनन का अभियान छेड़ने का आरोप लगाया था ।,3.4949,-1.0303,-15.2519,-10.1799,-13.0454,-15.3228,-4.9234,1
train-s12606,ईरान के परमाणु मामले को संयुक्त राष्ट्र सुरक्षा परिषद में भेजने के अंतर्राष्ट्रीय परमाणु ऊर्जा एजेंसी (आईएईए) के प्रस्ताव के पक्ष में वोट देने के मुद्दे पर भाजपा ने सरकार से सफाई मांगी है ।,SOV,37,23,0.2485,0.4532,0.6471,11,दोनों देश अब भारत - जापान अंतर्राष्ट्रीय साझेदारी में सुरक्षा के बिंदु पर विशेष ध्यान देंगे ।,-43.8261,0.0,-14.0869,-11.1855,-13.2121,-14.0789,-3.5145,1
train-s12607,वामपंथी पार्टियों ने भी अपनी नाराजगी जाहिर करते हुए रविवार को इस मुद्दे पर विचार करने के लिए बैठक बुलाई है ।,SOV,22,99,0.125,0.5022,0.7027,26,ईरान के परमाणु मामले को संयुक्त राष्ट्र सुरक्षा परिषद में भेजने के अंतर्राष्ट्रीय परमाणु ऊर्जा एजेंसी (आईएईए) के प्रस्ताव के पक्ष में वोट देने के मुद्दे पर भाजपा ने सरकार से सफाई मांगी है ।,-4.0202,0.0,-18.8593,-13.3853,-11.1855,-18.7445,-4.2122,1
train-s12611,वामपंथी पार्टियों ने भी हाल ही में प्रधानमंत्री मनमोहन सिंह से मिलकर कहा था कि सरकार को इस तरह के प्रस्ताव को रोकने के लिए गुट निरपेक्ष देशों से विचार विमर्श कर सर्वसम्मति से फैसला लेना चाहिए ।,SOV,38,5,0.0056,0.4754,0.5455,12,वामपंथी पार्टियों ने भी अपनी नाराजगी जाहिर करते हुए रविवार को इस मुद्दे पर विचार करने के लिए बैठक बुलाई है ।,1.2,0.0,-2.6134,-1.4705,0.4479,-1.3532,0.9961,1
train-s12621,संसद भवन पर 13 दिसंबर 2001 को हुए हमले के साजिशकर्ता जैश - ए - मोहम्मद के आतंकी मोहम्मद अफजल को मिली मौत की सजा सुप्रीम कोर्ट ने बहाल रखी है ।,DOSV,32,5,0.0252,0.5273,0.6842,26,वामपंथी पार्टियों ने भी हाल ही में प्रधानमंत्री मनमोहन सिंह से मिलकर कहा था कि सरकार को इस तरह के प्रस्ताव को रोकने के लिए गुट निरपेक्ष देशों से विचार विमर्श कर सर्वसम्मति से फैसला लेना चाहिए ।,-28.8,0.0,-2.8591,-0.6747,-2.324,-2.8591,0.0519,1
train-s12623,बाद में दिल्ली हाईकोर्ट ने मोहम्मद अफजल और शौकत हुसैन को मृत्युदंड की पुष्टि करते हुए अकाट्य साक्ष्यों के अभाव में गिलानी और नवजोत संधू को बरी कर दिया था ।,SOV,31,99,-0.1316,0.5607,0.4348,10,"यद्यपि, कोर्ट ने दूसरे आतंकी शौकत हुसैन गुरु को मिले मृत्युदंड को 10 वर्ष के सश्रम कारावास में तब्दील कर दिया ।",-1.0505,0.0,-22.1601,-14.6985,-18.7063,-19.8189,-7.3401,1
train-s12625,लगभग छह महीने तक अपीलों पर सुनवाई करने के बाद सुप्रीम कोर्ट ने गत 4 मई को अपना फैसला सुरक्षित रख लिया था ।,SOV,24,99,-0.0411,0.5156,0.4194,13,बाद में दिल्ली हाईकोर्ट ने मोहम्मद अफजल और शौकत हुसैन को मृत्युदंड की पुष्टि करते हुए अकाट्य साक्ष्यों के अभाव में गिलानी और नवजोत संधू को बरी कर दिया था ।,-18.9293,0.0,-24.7414,-8.7638,-9.4214,-24.7414,-6.1875,1
train-s12643,"पर रिजर्व बैंक ने 7 ज़िला मध्यवर्ती सहकारी बैंकों - मधेपुरा - सुपौल (बिहार), डाल्टेनगंज (झारखंड), छपरा (बिहार), सिबसागर (असम), गोंडा (उत्तरप्रदेश), रायगढ़ (छत्तीसगढ़), और दरभंगा (बिहार) को उनकी गिरती आर्थिक स्थिति के कारण लाइसेंस देने से मना कर दिया है ।",SOV,62,99,0.0714,0.4978,0.5833,14,लगभग छह महीने तक अपीलों पर सुनवाई करने के बाद सुप्रीम कोर्ट ने गत 4 मई को अपना फैसला सुरक्षित रख लिया था ।,-11.4545,0.0,-23.0455,-21.2081,-22.9419,-20.794,-4.7528,1
train-s12649,रूस के राष्ट्रपति व्लादिमीर पुतिन ने अपनी गलती सुधारते हुए शनिवार को स्पष्ट कर दिया कि वह सुरक्षा परिषद में भारत को वीटो की शक्ति से लैस करने के पक्ष में हैं ।,SOV,33,23,-0.0947,0.4793,0.2581,16,"पर रिजर्व बैंक ने 7 ज़िला मध्यवर्ती सहकारी बैंकों - मधेपुरा - सुपौल (बिहार), डाल्टेनगंज (झारखंड), छपरा (बिहार), सिबसागर (असम), गोंडा (उत्तरप्रदेश), रायगढ़ (छत्तीसगढ़), और दरभंगा (बिहार) को उनकी गिरती आर्थिक स्थिति के कारण लाइसेंस देने से मना कर दिया है ।",-8.8696,0.0,-19.4101,-16.0464,-17.3629,-17.8759,-3.0275,1
train-s1265,इस कारण साबिरा के घर वाले निकाह से इंकार कर रहे थे ।,SOV,13,23,0.0623,0.4726,0.5417,13,मैने उसके पिता से बात करने के लिए अपने घर वालों को भेजा भी था लेकिन उन्होंने रिश्ते से साफ इंकार कर दिया ।,-2.6087,0.0,-16.9395,-13.9639,-16.8887,-10.4469,-5.5846,1
train-s12651,"पुतिन ने आज उपराष्ट्रपति भैरो सिंह शेखावत, और विपक्ष के नेता लालकृष्ण आडवाणी से मुलाकात की ।",SOV,18,23,0.141,0.5044,0.6364,21,रूस के राष्ट्रपति व्लादिमीर पुतिन ने अपनी गलती सुधारते हुए शनिवार को स्पष्ट कर दिया कि वह सुरक्षा परिषद में भारत को वीटो की शक्ति से लैस करने के पक्ष में हैं ।,4.1739,0.0,-21.3391,-16.9487,-15.518,-14.1747,-6.8635,1
train-s12652,रक्षा मंत्री प्रणब मुखर्जी भी पुतिन से मिले ।,SOV,9,1,0.0727,0.545,0.5,9,"पुतिन ने आज उपराष्ट्रपति भैरो सिंह शेखावत, और विपक्ष के नेता लालकृष्ण आडवाणी से मुलाकात की ।",-3.0,0.0,-0.5356,-5.2217,-2.8488,-5.1041,0.7005,1
train-s12653,विदेश मंत्रालय के प्रवक्ता ने आज बताया कि शेखावत से भेंट के दौरान पुतिन ने कहा कि भारत को यदि सुरक्षा परिषद की स्थायी सदस्यता हासिल होती है तो उसे वीटो का भी अधिकार मिलना चाहिए ।,SOV,37,1,0.0858,0.5956,0.4444,4,रक्षा मंत्री प्रणब मुखर्जी भी पुतिन से मिले ।,-4.0,0.0,-2.781,-1.6344,-0.4677,-2.781,1.5358,1
train-s12657,पुतिन ने आज कहा कि सुरक्षा परिषद के नए सदस्यों को वीटो पावर से वंचित करना दुनिया में संयुक्त राष्ट्र का प्रभाव और महत्व कम करना होगा ।,SOV,28,1,0.1248,0.4893,0.7297,27,विदेश मंत्रालय के प्रवक्ता ने आज बताया कि शेखावत से भेंट के दौरान पुतिन ने कहा कि भारत को यदि सुरक्षा परिषद की स्थायी सदस्यता हासिल होती है तो उसे वीटो का भी अधिकार मिलना चाहिए ।,-1.0,0.0,-7.0412,-3.0341,-1.0987,-1.117,0.8336,1
train-s12663,ब्रिटेन के सबसे धनी व्यक्ति लक्ष्मी मित्तल के स्वामित्व वाली मित्तल स्टील कंपनी झारखंड में एक स्टील प्लांट खोलने की योजना बना रही है ।,SOV,25,5,0.1263,0.5012,0.7857,22,पुतिन ने आज कहा कि सुरक्षा परिषद के नए सदस्यों को वीटो पावर से वंचित करना दुनिया में संयुक्त राष्ट्र का प्रभाव और महत्व कम करना होगा ।,-8.4,0.0,-22.7081,-10.9486,-9.1482,-22.6967,-4.5408,1
train-s12664,अच्छी गुणवत्ता वाले लौह अयस्क के खनन अधिकार के बदले में टाटा समेत अन्य स्थानीय कंपनियों से प्रतिस्पर्धा के बावजूद कंपनी स्टील प्लांट खोलने की इच्छुक है.,SOV,28,99,0.1786,0.4954,0.52,13,ब्रिटेन के सबसे धनी व्यक्ति लक्ष्मी मित्तल के स्वामित्व वाली मित्तल स्टील कंपनी झारखंड में एक स्टील प्लांट खोलने की योजना बना रही है ।,-27.3434,0.0,-17.7447,-18.9521,-22.2626,-16.6533,-1.9626,1
train-s12677,कंपनियों के इस उद्देश्य को पूरा करने के लिए यहां के एक ज्योतिषि ने अनूठी सेवा शुरू की है ।,SOV,20,23,0.261,0.4566,0.6071,17,अच्छी गुणवत्ता वाले लौह अयस्क के खनन अधिकार के बदले में टाटा समेत अन्य स्थानीय कंपनियों से प्रतिस्पर्धा के बावजूद कंपनी स्टील प्लांट खोलने की इच्छुक है.,-14.087,0.0,-19.0178,-13.8942,-12.9407,-15.0825,-3.9184,1
train-s12678,ज्योतिषी ने कंपनियों को बायोडाटा के साथ ही नियुक्त किए जाने वाले कर्मचारी की जन्म कुंडली भी मांगने की सलाह दी है ।,SOV,23,5,0.0587,0.4804,0.65,13,कंपनियों के इस उद्देश्य को पूरा करने के लिए यहां के एक ज्योतिषि ने अनूठी सेवा शुरू की है ।,16.8,0.0,-11.0075,-10.9641,-12.7864,-11.4037,-3.0041,1
train-s12686,भट्ट ने दावा किया कि किसी भी उम्मीदवार के बारे में उनकी भविष्यवाणी ७० फीसदी तक सही होती है ।,SOV,20,1,0.08,0.4781,0.6957,16,ज्योतिषी ने कंपनियों को बायोडाटा के साथ ही नियुक्त किए जाने वाले कर्मचारी की जन्म कुंडली भी मांगने की सलाह दी है ।,-1.0,0.0,-22.7269,-19.7808,-20.6592,-22.7186,-4.6432,1
train-s12688,इसके बाद वह संबंधित कंपनी को उम्मीदवार के गुणों व कमियों के बारे में बताते हैं ।,SOV,17,23,0.0061,0.5143,0.65,13,भट्ट ने दावा किया कि किसी भी उम्मीदवार के बारे में उनकी भविष्यवाणी ७० फीसदी तक सही होती है ।,10.4348,0.0,-11.3391,-6.1004,-5.9486,-11.415,-2.5072,1
train-s127,यूँ तो आपने यश चोपड़ा की फिल्मों में इस खूबसूरत देश के कई नयनाभिराम दृश्य देखे होंगे ।,SOV,18,23,0.0147,0.5082,0.3529,6,राष्ट्रीय वन्य जीव उद्यान में घुमाने के लिए 30 खुली जिप्सी और 15 केंटर अनुबंधित हैं ।,9.913,-1.0435,-4.3685,-3.5663,-3.5738,-4.3685,-1.8431,1
train-s12712,फंड का पोर्टफोलियो भविष्य में होने वाले लाभ की पूर्व सूचना देता है ।,SOV,14,1,0.1582,0.4836,0.5294,9,इसके बाद वह संबंधित कंपनी को उम्मीदवार के गुणों व कमियों के बारे में बताते हैं ।,5.0,0.0,0.7451,-5.5924,-4.7473,0.7342,4.0632,1
train-s12713,'सेंसेक्स में उछाल आते ही कुछ म्यूचुअल फंड लाभांश संबंधी घोषणाओं की झड़ी लगा देते हैं ।,SOV,18,5,0.2426,0.452,0.7857,11,फंड का पोर्टफोलियो भविष्य में होने वाले लाभ की पूर्व सूचना देता है ।,-1.2,0.0,-9.4536,-0.9136,5.7336,-9.4536,-1.1763,1
train-s1272,"कारण, उसे ताजा -JOIN ताजा दो हजार कुल्हड़ बनाने का आर्डर मिला है ।",IOSV,15,5,-0.0812,0.4922,0.5385,7,इस कारण साबिरा के घर वाले निकाह से इंकार कर रहे थे ।,8.4,-1.2,-11.3536,-5.4185,-5.6258,-7.8609,-2.6718,1
train-s1275,"कोई मिट्टी गूंथ रहा है, कोई ताजे बने कुल्हड़ों को धूप में सुखाने के लिए ले जा रहा है तो कोई सूखे कुल्हड़ों को समेटने में जुटा है.",SOV,30,1,0.2801,0.4169,0.4667,7,"कारण, उसे ताजा -JOIN ताजा दो हजार कुल्हड़ बनाने का आर्डर मिला है ।",0.0,2.0,-2.6449,-0.2245,-2.5408,-2.6449,-1.2079,1
train-s12753,हरियाणा विद्यालय शिक्षा बोर्ड की दसवीं की परीक्षा में लड़कियों ने फिर अपना झंडा बुलंद किया है ।,SOV,18,99,0.1634,0.4632,0.4444,8,'सेंसेक्स में उछाल आते ही कुछ म्यूचुअल फंड लाभांश संबंधी घोषणाओं की झड़ी लगा देते हैं ।,-15.8586,0.0,-16.424,-12.323,-9.4533,-16.424,-1.7402,1
train-s12759,शिक्षा बोर्ड के सचिव राजीव रंजन ने बुधवार को यहां बताया कि इस बार दसवीं का परिणाम आठ दिन पहले ही घोषित किया जा रहा है ।,SOV,27,5,0.1343,0.4631,0.7222,13,हरियाणा विद्यालय शिक्षा बोर्ड की दसवीं की परीक्षा में लड़कियों ने फिर अपना झंडा बुलंद किया है ।,-7.2,0.0,-9.3134,-6.4396,-4.2871,-7.6436,0.6933,1
train-s12772,दुनिया के किसी भी हिस्से में शुरू होने वाली डॉट ओआरजी वेबसाइट इसी सर्वर के जरिए काम कर सकेगी ।,SOV,20,23,-0.0138,0.4715,0.7037,19,शिक्षा बोर्ड के सचिव राजीव रंजन ने बुधवार को यहां बताया कि इस बार दसवीं का परिणाम आठ दिन पहले ही घोषित किया जा रहा है ।,-8.8696,0.0,-3.5233,-5.8772,-7.1435,-3.5195,-3.915,1
train-s12773,"इसका फायदा भारत से चलने वाली वेबसाइटों को अधिक मिलेगा, क्योंकि उनकी रफ्तार बहुत तेज हो जाएगी ।",SOV,19,5,0.0778,0.4603,0.75,15,दुनिया के किसी भी हिस्से में शुरू होने वाली डॉट ओआरजी वेबसाइट इसी सर्वर के जरिए काम कर सकेगी ।,-1.2,0.0,0.7576,1.8601,1.7582,0.7576,-2.9914,1
train-s12775,पीआईआर के फैसले की जानकारी इसके मुख्य कार्यकारी अधिकारी एडवर्ड विल्ज ने यहां दी ।,DOSV,15,5,0.052,0.5913,0.4737,9,"इसका फायदा भारत से चलने वाली वेबसाइटों को अधिक मिलेगा, क्योंकि उनकी रफ्तार बहुत तेज हो जाएगी ।",-4.8,0.0,4.2317,5.9438,5.5103,4.058,3.0486,1
train-s12779,इसके अलावा आपदाओं के समय ये इंटरनेट के जरिए ज्यादा तेजी से काम कर सकेंगे ।,SOV,16,99,0.0577,0.4569,0.4667,7,पीआईआर के फैसले की जानकारी इसके मुख्य कार्यकारी अधिकारी एडवर्ड विल्ज ने यहां दी ।,-1.3232,0.9697,-23.1782,-8.8918,-8.5205,-19.6059,-5.844,1
train-s12780,"यूं तो डॉट ओआरजी वेबसाइट कोई भी व्यक्ति या संस्था रजिस्टर करवा सकता है, लेकिन इसकी पहचान गैर व्यावसायिक इरादों से काम करने वाली संस्थाओं और जानकारी पहुंचाने वाली संस्थाओं के लिए बनी है ।",DOSV,36,23,0.0929,0.5723,0.5625,9,इसके अलावा आपदाओं के समय ये इंटरनेट के जरिए ज्यादा तेजी से काम कर सकेंगे ।,-0.5217,0.0,-0.4966,2.6312,0.961,-0.4966,-1.8841,1
train-s12787,इस बीच सरकार ने ईडी की एक उच्च स्तरीय टीम को इराक भेजने का भी निर्णय लिया है ।,SOV,19,23,-0.004,0.4896,0.5278,19,"यूं तो डॉट ओआरजी वेबसाइट कोई भी व्यक्ति या संस्था रजिस्टर करवा सकता है, लेकिन इसकी पहचान गैर व्यावसायिक इरादों से काम करने वाली संस्थाओं और जानकारी पहुंचाने वाली संस्थाओं के लिए बनी है ।",7.3043,0.0,-23.7335,-14.3522,-12.0076,-23.7109,-7.5622,1
train-s12788,"उस पत्रिका के पत्रकार ने जो वादा किया था, उसे उसने और उसके समूह ने तोड़ा है ।",DOSV,19,1,-0.0524,0.5309,0.7368,14,इस बीच सरकार ने ईडी की एक उच्च स्तरीय टीम को इराक भेजने का भी निर्णय लिया है ।,-6.0,0.0,3.7163,-2.552,-5.389,3.705,-2.1247,1
train-s12790,वहीं से तीनों एजेंसियों के अधिकारियों ने उन्हें कवर कर लिया और अज्ञात स्थान पर ले गए ।,SOV,18,23,-0.1293,0.4532,0.6842,13,"उस पत्रिका के पत्रकार ने जो वादा किया था, उसे उसने और उसके समूह ने तोड़ा है ।",-3.6522,1.0435,-6.4699,-12.5961,-12.1804,-6.4699,-4.3138,1
train-s12798,उनके आवास पर सुरक्षा व्यवस्था बढ़ाए जाने की बाबत दिल्ली पुलिस के संयुक्त आयुक्त राजेश कुमार ने बताया कि मथेरानी की मां और परिवार के अन्य सदस्य बसंतकुंज वाले आवास में रह रहे हैं ।,SOV,35,5,-0.1492,0.4872,0.6111,11,वहीं से तीनों एजेंसियों के अधिकारियों ने उन्हें कवर कर लिया और अज्ञात स्थान पर ले गए ।,6.0,0.0,-8.075,-4.4629,-1.7584,-8.075,-3.9408,1
train-s12803,क्योंकि तीनों एजेंसियां बारी - बारी से पूछताछ कर रही हैं ।,SOV,12,23,0.1698,0.4635,0.6,21,उनके आवास पर सुरक्षा व्यवस्था बढ़ाए जाने की बाबत दिल्ली पुलिस के संयुक्त आयुक्त राजेश कुमार ने बताया कि मथेरानी की मां और परिवार के अन्य सदस्य बसंतकुंज वाले आवास में रह रहे हैं ।,1.0435,0.0,-14.1869,-14.469,-13.3572,-14.1869,-7.9046,1
train-s12804,सरकार के कुछ अन्य विभाग भी आने वाले दिनों में मथेरानी से पूछताछ करेंगे ।,SOV,15,23,-0.0872,0.5207,0.5,6,क्योंकि तीनों एजेंसियां बारी - बारी से पूछताछ कर रही हैं ।,-8.8696,0.0,-15.5389,-8.2261,-10.2499,-11.5938,-6.0009,1
train-s12807,"यात्रा के दौरान जिन अधिकारियों से उनकी बातचीत हुई थी, उन्हीं अधिकारियों से यह टीम भी बातचीत करेगी ।",DOSV,20,5,0.036,0.5172,0.6667,10,सरकार के कुछ अन्य विभाग भी आने वाले दिनों में मथेरानी से पूछताछ करेंगे ।,-15.6,0.0,-11.3383,-11.1457,-10.5939,-11.0078,-4.6631,1
train-s12809,मथेरानी ने पत्रिका से बातचीत के क्रम में कहा था कि इराक में संयुक्त राष्ट्र द्वारा चलाए जाने वाले तेल के बदले अनाज कार्यक्रम के सिलसिले में भारत से गए प्रतिनिधिमंडल में अपने बेटे जगतसिंह और उसके मित्र अंदलीब सहगल के साथ नटवर सिंह भी शामिल थे ।,SOV,48,5,0.1792,0.5431,0.5,10,"यात्रा के दौरान जिन अधिकारियों से उनकी बातचीत हुई थी, उन्हीं अधिकारियों से यह टीम भी बातचीत करेगी ।",2.4,0.0,-6.3719,-6.1002,-5.4591,-3.7376,0.367,1
train-s12812,बिजली की अनियमित आपूर्ति से गुस्साए लोगों ने बृहस्पतिवार को अलग - अलग स्थानों पर जाम लगा दिया ।,SOV,19,23,0.0995,0.4813,0.6042,29,मथेरानी ने पत्रिका से बातचीत के क्रम में कहा था कि इराक में संयुक्त राष्ट्र द्वारा चलाए जाने वाले तेल के बदले अनाज कार्यक्रम के सिलसिले में भारत से गए प्रतिनिधिमंडल में अपने बेटे जगतसिंह और उसके मित्र अंदलीब सहगल के साथ नटवर सिंह भी शामिल थे ।,-9.3913,0.0,-17.9172,-7.5358,-8.712,-17.9172,-5.9457,1
train-s12813,पलवल के पृथला में पुलिस ने लाठियां भांज कर जाम लगा रहे लोगों को खदेड़ दिया ।,SOV,17,23,-0.0655,0.5653,0.6842,13,बिजली की अनियमित आपूर्ति से गुस्साए लोगों ने बृहस्पतिवार को अलग - अलग स्थानों पर जाम लगा दिया ।,2.087,0.0,-6.9941,-8.2865,-8.4491,-5.2264,-2.3971,1
train-s12816,कुरुक्षेत्र जिले में कई स्थानों पर लोगों ने जाम लगाया ।,SOV,11,23,-0.0284,0.5658,0.5294,9,पलवल के पृथला में पुलिस ने लाठियां भांज कर जाम लगा रहे लोगों को खदेड़ दिया ।,-3.6522,0.0,-14.6843,-2.1199,-2.4993,-11.4151,-3.0064,1
train-s12818,बिजली संकट से नाराज पलवल के पृथला के लोगों द्वारा राष्ट्रीय राजमार्ग पर जाम लगाने की रिपोर्ट थाने में दर्ज कराने के विरोध में ग्रामीणों ने बृहस्पतिवार को राष्ट्रीय राजमार्ग पर जाम लगा दिया ।,SOV,35,99,-0.0664,0.5746,0.5455,6,कुरुक्षेत्र जिले में कई स्थानों पर लोगों ने जाम लगाया ।,-46.4646,0.0,-22.4559,-3.2615,-6.0518,-19.1027,-3.9162,1
train-s1282,कुछ वेंडरों द्वारा प्लास्टिक के गिलास में चाय परोसने के सवाल पर मीना ने कहा कि ये लोग भी कुल्हड़ों का इंतजाम करने में लगे हैं और शाम तक पूरे स्टेशन पर कुल्हड़ों में ही चाय परोसी जाएगी ।,SOV,39,1,0.0034,0.4468,0.5667,17,"कोई मिट्टी गूंथ रहा है, कोई ताजे बने कुल्हड़ों को धूप में सुखाने के लिए ले जा रहा है तो कोई सूखे कुल्हड़ों को समेटने में जुटा है.",-10.0,0.0,2.5212,5.1282,0.4834,2.5212,-2.5324,1
train-s12820,"पुलिस ने इस मामले में बुधवार को करीब २५ लोगों के खिलाफ राष्ट्रीय राजमार्ग जाम करने, पुलिस कर्मियों के साथ मारपीट पर उतारू होने और वाहन चालकों को जान से मारने की धमकी देने की रिपोर्ट सदर थाने में दर्ज करा दी ।",SOV,44,99,-0.0435,0.5691,0.6286,22,बिजली संकट से नाराज पलवल के पृथला के लोगों द्वारा राष्ट्रीय राजमार्ग पर जाम लगाने की रिपोर्ट थाने में दर्ज कराने के विरोध में ग्रामीणों ने बृहस्पतिवार को राष्ट्रीय राजमार्ग पर जाम लगा दिया ।,25.0202,0.0,-23.9871,-16.4413,-15.3522,-20.852,-6.1841,1
train-s12823,करीब १.१५ बजे पुलिस ने जबरदस्ती जाम खुलवा दिया ।,SOV,10,23,0.0274,0.5672,0.5909,26,"पुलिस ने इस मामले में बुधवार को करीब २५ लोगों के खिलाफ राष्ट्रीय राजमार्ग जाम करने, पुलिस कर्मियों के साथ मारपीट पर उतारू होने और वाहन चालकों को जान से मारने की धमकी देने की रिपोर्ट सदर थाने में दर्ज करा दी ।",-3.6522,0.0,-1.1447,-3.3211,-4.0363,-0.7181,-0.9805,1
train-s12824,इस पर लोगों ने पुलिस पर पथराव शुरू कर दिया ।,SOV,11,99,-0.31,0.7076,0.4,4,करीब १.१५ बजे पुलिस ने जबरदस्ती जाम खुलवा दिया ।,-2.9697,1.0101,-37.8823,-17.0775,-16.7587,-34.3855,-4.7289,1
train-s12825,पुलिस ने भी इसका जवाब पत्थरों से दिया और लाठियां भांजकर लोगों को वहां से भगा दिया ।,SOV,18,5,-0.1337,0.5944,0.7273,8,इस पर लोगों ने पुलिस पर पथराव शुरू कर दिया ।,-1.2,0.0,-1.2645,3.9176,5.8226,-2.248,0.328,1
train-s12827,लोगों ने अंबेडकर चौक पर तीन घंटे तक जाम लगाए रखा ।,SOV,12,23,-0.077,0.6009,0.5,9,पुलिस ने भी इसका जवाब पत्थरों से दिया और लाठियां भांजकर लोगों को वहां से भगा दिया ।,-1.5652,0.0,-7.4755,-2.1945,0.8852,-5.6424,-4.2653,1
train-s12832,उन्होंने लोगों को आश्वासन देकर जाम खुलवाया ।,SOV,8,5,-0.0188,0.5082,0.75,9,लोगों ने अंबेडकर चौक पर तीन घंटे तक जाम लगाए रखा ।,0.0,1.2,-5.8964,-0.2807,-0.4832,-3.9651,-5.4535,1
train-s12833,वहीं बिजली - पानी की समस्या को लेकर भारतीय किसान यूनियन के नेता बलविंद्र सिंह बाजवा के नेतृत्व में १४ गांवों के लोगों ने कुरुक्षेत्र - पिहोवा मार्ग स्थित भौर सैयदां बस अड्डे के सामने सुबह छह बजे से दोपहर १२ बजे तक जाम लगाए रखा ।,SOV,47,99,0.2757,0.5329,0.5,4,उन्होंने लोगों को आश्वासन देकर जाम खुलवाया ।,3.596,0.0,-8.7209,-2.729,-8.3826,-4.0266,-4.4297,1
train-s12836,भीड़ ने सबस्टेशन के दरवाजे के शीशे व कूलर को क्षतिग्रस्त कर दिया ।,SOV,14,5,0.1215,0.5053,0.5319,25,वहीं बिजली - पानी की समस्या को लेकर भारतीय किसान यूनियन के नेता बलविंद्र सिंह बाजवा के नेतृत्व में १४ गांवों के लोगों ने कुरुक्षेत्र - पिहोवा मार्ग स्थित भौर सैयदां बस अड्डे के सामने सुबह छह बजे से दोपहर १२ बजे तक जाम लगाए रखा ।,-1.2,0.0,-12.9738,-11.3637,-11.1677,-12.9088,-2.8722,1
train-s12837,कर्मचारियों ने इसकी सूचना शहर थाना पुलिस को दी ।,SOV,10,5,-0.1951,0.5008,0.7143,10,भीड़ ने सबस्टेशन के दरवाजे के शीशे व कूलर को क्षतिग्रस्त कर दिया ।,2.4,0.0,-14.8529,3.643,2.1388,-13.1716,-0.3097,1
train-s12840,पुलिस ने इस मामले में १० - १५ लोगों के खिलाफ मामला दर्ज किया है ।,SOV,16,99,-0.0205,0.5886,0.5,5,कर्मचारियों ने इसकी सूचना शहर थाना पुलिस को दी ।,-3.899,0.0,-29.6127,-15.6035,-16.3406,-28.0418,-6.2933,1
train-s12841,तमिलनाडु सरकार ने बुधवार को सुप्रीम कोर्ट में मद्रास हाईकोर्ट के कांची शंकराचार्य को राधाकृष्णन हमले के मामले में जमानत देने के फैसले को चुनौती देते हुए याचिका दायर की ।,SOV,31,99,-0.0441,0.5152,0.5625,9,पुलिस ने इस मामले में १० - १५ लोगों के खिलाफ मामला दर्ज किया है ।,1.202,0.0,-22.1725,-20.6882,-20.1067,-23.5511,-5.5285,1
train-s12842,प्रधान न्यायाधीश आर. सी. लाहोटी के नेतृत्व वाली खंडपीठ के समक्ष बुधवार को शंकररमन हत्या के मामले में शंकाराचार्य की जमानत याचिका के साथ बृहस्पतिवार को विशेष अनुमति याचिका पर सुनवाई का अनुरोध करने पर खंडपीठ ने इससे इनकार कर दिया ।,SOV,42,99,0.0346,0.5529,0.5161,16,तमिलनाडु सरकार ने बुधवार को सुप्रीम कोर्ट में मद्रास हाईकोर्ट के कांची शंकराचार्य को राधाकृष्णन हमले के मामले में जमानत देने के फैसले को चुनौती देते हुए याचिका दायर की ।,-37.6364,0.0303,-30.0873,-14.5713,-16.3666,-28.6255,-3.2648,1
train-s12844,खंडपीठ ने तमिलनाडु सरकार के वकील के. टी. एस. तुलसी की दोनों विशेष अनुमति याचिकाओं पर बृहस्पतिवार को साथ सुनवाई करने की मांग खारिज कर दी ।,SOV,27,99,-0.0085,0.5395,0.6667,28,प्रधान न्यायाधीश आर. सी. लाहोटी के नेतृत्व वाली खंडपीठ के समक्ष बुधवार को शंकररमन हत्या के मामले में शंकाराचार्य की जमानत याचिका के साथ बृहस्पतिवार को विशेष अनुमति याचिका पर सुनवाई का अनुरोध करने पर खंडपीठ ने इससे इनकार कर दिया ।,-11.6162,0.0,-23.8174,-20.9041,-19.7582,-14.3559,-7.223,1
train-s12846,इससे पहले ३ दिसंबर को हाईकोर्ट ने इस मामले में शंकराचार्य की जमानत याचिका स्वीकार कर ली थी ।,SOV,19,99,0.0008,0.4869,0.5926,16,खंडपीठ ने तमिलनाडु सरकार के वकील के. टी. एस. तुलसी की दोनों विशेष अनुमति याचिकाओं पर बृहस्पतिवार को साथ सुनवाई करने की मांग खारिज कर दी ।,-0.8384,0.9394,-40.1103,-18.2262,-20.6823,-37.1703,-7.303,1
train-s12847,अय्यर को मंगलवार रात को विशेष जांच दल ने गिरफ्तार करने के बाद आधी रात को मजिस्ट्रेट के घर पेश किया ।,IOSV,22,99,-0.0156,0.477,0.6842,13,इससे पहले ३ दिसंबर को हाईकोर्ट ने इस मामले में शंकराचार्य की जमानत याचिका स्वीकार कर ली थी ।,-3.3535,0.0,-11.2116,-16.1827,-10.6376,-11.3954,-5.3175,1
train-s12848,मजिस्ट्रेट ने अय्यर को १९ जनवरी तक न्यायिक हिरासत में भेजने के आदेश दिए ।,SOV,15,23,0.0556,0.4683,0.7273,16,अय्यर को मंगलवार रात को विशेष जांच दल ने गिरफ्तार करने के बाद आधी रात को मजिस्ट्रेट के घर पेश किया ।,6.7826,0.0,-22.5265,-12.4062,-12.688,-19.4679,-4.9021,1
train-s12855,"अगर जीएसआई का आकंलन सही है तो २०८० में पूर्वी तटों की चट्टानों से सुनामी लहरें दोबारा टकरा सकती हैं, तो उन्होंने कहा कि यह बात बंगाल व उड़ीसा दोनों के लिए संभव है ।",SOV,36,5,0.0603,0.5189,0.6667,10,मजिस्ट्रेट ने अय्यर को १९ जनवरी तक न्यायिक हिरासत में भेजने के आदेश दिए ।,-24.0,0.0,-17.8326,-8.3169,-10.3194,-17.8326,-4.9491,1
train-s12856,"जब उनसे पूछा गया कि सुनामी लहरों ने इस बार पश्चिम बंगाल को कैसे बख्श दिया, तो उन्होंने बताया कि सुमात्रा में आए भूकंप से समुद्र तल में उठी लहरों का रुख दक्षिण तट पर परपेंडीकुलर था जबकि पश्चिम बंगाल तट एक्यूट एंगिल पर था ।",SOV,47,1,0.0841,0.5301,0.5,18,"अगर जीएसआई का आकंलन सही है तो २०८० में पूर्वी तटों की चट्टानों से सुनामी लहरें दोबारा टकरा सकती हैं, तो उन्होंने कहा कि यह बात बंगाल व उड़ीसा दोनों के लिए संभव है ।",-17.0,0.0,-19.1734,-15.8106,-16.5461,-19.0753,-6.3295,1
train-s12867,"पुलिस ने अश्लील फिल्म बनाने के आरोप में अनारा गुप्ता और एक केबल ऑपरेटर को ४ नवंबर, २००४ को गिरफ्तार किया था ।",SOV,24,99,-0.0139,0.5271,0.4894,23,"जब उनसे पूछा गया कि सुनामी लहरों ने इस बार पश्चिम बंगाल को कैसे बख्श दिया, तो उन्होंने बताया कि सुमात्रा में आए भूकंप से समुद्र तल में उठी लहरों का रुख दक्षिण तट पर परपेंडीकुलर था जबकि पश्चिम बंगाल तट एक्यूट एंगिल पर था ।",-3.3434,0.0,-7.2935,-12.3029,-12.9101,-7.2646,-4.2621,1
train-s12870,हाईकोर्ट के आदेश के खिलाफ अनारा ने ३ जनवरी को सुप्रीम कोर्ट का दरवाजा खटखटाया ।,SOV,16,23,-0.09,0.5562,0.5833,14,"पुलिस ने अश्लील फिल्म बनाने के आरोप में अनारा गुप्ता और एक केबल ऑपरेटर को ४ नवंबर, २००४ को गिरफ्तार किया था ।",-1.0435,0.0,-14.5793,-2.6064,-2.3305,-14.5934,-2.1071,1
train-s12872,"एक स्थानीय कोर्ट ने अनारा को दिल्ली जाने की इजाजत दे दी थी, लेकिन हाईकोर्ट ने इस पर रोक लगा दी थी ।",SOV,24,5,0.0238,0.5756,0.5,8,हाईकोर्ट के आदेश के खिलाफ अनारा ने ३ जनवरी को सुप्रीम कोर्ट का दरवाजा खटखटाया ।,0.0,0.0,-14.2752,-11.0297,-11.5388,-11.1593,-5.0295,1
train-s12873,अनारा ने राष्ट्रीय मानवाधिकार आयोग और राष्ट्रीय महिला आयोग से पुलिस उत्पीड़न और अवैध तरीके से गिरफ्तार करने की शिकायत करने के लिए दिल्ली जाने की इजाजत मांगी थी ।,SOV,30,23,-0.1318,0.53,0.5417,13,"एक स्थानीय कोर्ट ने अनारा को दिल्ली जाने की इजाजत दे दी थी, लेकिन हाईकोर्ट ने इस पर रोक लगा दी थी ।",5.7391,0.0,-10.5894,-13.248,-10.8893,-10.8915,-4.1945,1
train-s12876,उसे पुलिस ने फंसाया है ।,DOSV,6,1,0.0161,0.5478,0.6667,20,अनारा ने राष्ट्रीय मानवाधिकार आयोग और राष्ट्रीय महिला आयोग से पुलिस उत्पीड़न और अवैध तरीके से गिरफ्तार करने की शिकायत करने के लिए दिल्ली जाने की इजाजत मांगी थी ।,1.0,2.0,-1.3686,2.8754,4.8908,-1.4829,-0.1403,1
train-s12879,वह इस मामले में केंद्रीय गृहमंत्री को लिखने वाली हैं ।,SOV,11,5,-0.3077,0.6016,0.5,3,उसे पुलिस ने फंसाया है ।,2.4,1.2,-6.343,-1.4271,0.6599,-6.343,-1.2871,1
train-s12882,फिल्मों और टीवी सीरियलों में आपने अक्सर देखा होगा कि किसी दुर्घटनावश किसी पात्र की याद्दाश्त चली जाती है ।,SOV,20,5,0.0145,0.5445,0.4545,5,वह इस मामले में केंद्रीय गृहमंत्री को लिखने वाली हैं ।,-4.8,-1.2,-3.451,-0.4574,3.1772,-3.451,1.0492,1
train-s12886,कार्यकारिणी में आज पास प्रस्तावों से तो यही आभास मिलता है ।,DOSV,12,23,-0.0944,0.4526,0.5882,10,"लेकिन, उसे लोकसभा चुनावों की हार से पहले का सारा इतिहास शायद भूल गया है ।",1.5652,0.0,-14.5365,-7.7217,-7.1057,-14.5274,-3.6483,1
train-s12889,यूपीए के आंतरिक मतभेदों में भाजपा संभावनाएं तलाश रही है ।,SOV,11,5,0.2059,0.5008,0.5833,7,कार्यकारिणी में आज पास प्रस्तावों से तो यही आभास मिलता है ।,-4.8,0.0,-9.0436,-0.5401,-0.8694,-9.0436,-1.4459,1
train-s12896,ऐसे सभी लोगों को आज के प्रस्तावों से निराश होना स्वाभाविक है ।,SOV,13,5,0.1237,0.4562,0.4545,5,यूपीए के आंतरिक मतभेदों में भाजपा संभावनाएं तलाश रही है ।,-3.6,0.0,-16.7769,-10.024,-12.7458,-16.7915,-0.8173,1
train-s12902,क्या पार्टी उस समय भी मानती थी कि विचारधारा पर आधारित संगठन के विकास की अपनी सीमाएं हैं ।,SOV,19,5,0.1688,0.5301,0.7692,10,ऐसे सभी लोगों को आज के प्रस्तावों से निराश होना स्वाभाविक है ।,2.4,1.2,0.4433,0.5561,-1.45,0.4433,-0.8174,1
train-s12906,गंगा को प्रदूषण मुक्त करने के लिए भारत सरकार जापान से कर्ज लेगी ।,SOV,14,23,0.1468,0.5049,0.6316,12,क्या पार्टी उस समय भी मानती थी कि विचारधारा पर आधारित संगठन के विकास की अपनी सीमाएं हैं ।,-9.3913,0.0,-10.5148,-8.1815,-8.7903,-10.2682,-2.2765,1
train-s12908,"इसमें से वाराणसी के मास्टर प्लान को केंद्र सरकार ने अनुमोदित भी कर दिया है जबकि इलाहाबाद, कानपुर और लखनऊ का प्लान अभी विचाराधीन है ।",DOSV,27,5,-0.0231,0.5464,0.5714,8,गंगा को प्रदूषण मुक्त करने के लिए भारत सरकार जापान से कर्ज लेगी ।,-6.0,0.0,-4.9204,-5.7251,-5.7498,-4.7105,-2.7214,1
train-s12910,"गंगा में सर्वाधिक गंदगी फैलाने वाले इलाहाबाद, कानपुर, लखनऊ और वाराणसी में इस समस्या से निजात पाने के लिए राज्य सरकार की पहल पर भारत सरकार ने जापान सरकार से वित्तीय सहायता लेने का निर्णय बहुत पहले लिया था ।",SOV,42,99,-0.1131,0.4881,0.5185,14,"इसमें से वाराणसी के मास्टर प्लान को केंद्र सरकार ने अनुमोदित भी कर दिया है जबकि इलाहाबाद, कानपुर और लखनऊ का प्लान अभी विचाराधीन है ।",-47.5455,0.0,3.945,-6.5324,-5.2662,3.9897,-5.2491,1
train-s12916,इलाहाबाद उत्तरी के विधायक डॉ. नरेंद्र कुमार सिंह गौर ने २० मार्च २००६ को इस मसले को विधानसभा में उठाया था ।,SOV,22,23,-0.0213,0.5466,0.6429,27,"गंगा में सर्वाधिक गंदगी फैलाने वाले इलाहाबाद, कानपुर, लखनऊ और वाराणसी में इस समस्या से निजात पाने के लिए राज्य सरकार की पहल पर भारत सरकार ने जापान सरकार से वित्तीय सहायता लेने का निर्णय बहुत पहले लिया था ।",-13.0435,0.0,-1.5922,-4.569,-2.7908,-1.4773,-1.0486,1
train-s12917,जिस पर नगर विकास मंत्री आजम खाँ ने अपने जवाब में डॉ. गौर को यह जानकारी दी है तथा आश्वस्त किया है कि इस बारे में केन्द्र सरकार से लगातार पत्र व्यवहार किया जा रहा है ।,SOV,37,99,0.014,0.5187,0.5,11,इलाहाबाद उत्तरी के विधायक डॉ. नरेंद्र कुमार सिंह गौर ने २० मार्च २००६ को इस मसले को विधानसभा में उठाया था ।,-3.101,1.0,-17.1151,-10.8129,-11.9564,-14.8814,-5.562,1
train-s1292,पिछले तीन वर्षो में बैंकों ने लोन के दबाव में जमा का ९० फीसदी तक वितरित कर दिया था ।,SOV,20,99,0.035,0.4606,0.6154,24,कुछ वेंडरों द्वारा प्लास्टिक के गिलास में चाय परोसने के सवाल पर मीना ने कहा कि ये लोग भी कुल्हड़ों का इंतजाम करने में लगे हैं और शाम तक पूरे स्टेशन पर कुल्हड़ों में ही चाय परोसी जाएगी ।,-3.4141,0.0,-8.5645,-9.937,-12.6642,-9.068,-2.8182,1
train-s12922,यह कमाल बीते सप्ताह बाजार में आई एक साफ्टवेयर कंपनी ने किया है ।,DOSV,14,23,0.0441,0.4978,0.7568,28,जिस पर नगर विकास मंत्री आजम खाँ ने अपने जवाब में डॉ. गौर को यह जानकारी दी है तथा आश्वस्त किया है कि इस बारे में केन्द्र सरकार से लगातार पत्र व्यवहार किया जा रहा है ।,3.6522,0.0,-4.3376,0.2383,0.9978,-1.0013,1.0423,1
train-s12923,साफ्टवेयर कंपनी ने 'मल्टीफ्रेगरेंस' किट बाजार में उतारी है ।,SOV,12,5,0.1274,0.4649,0.7143,10,यह कमाल बीते सप्ताह बाजार में आई एक साफ्टवेयर कंपनी ने किया है ।,-1.2,0.0,-7.7315,-2.3265,0.122,-9.015,0.0308,1
train-s12924,साफ्टवेयर कंपनी ने प्यार करने वालों के लिए नायाब तोहफा तैयार किया है ।,SOV,14,23,0.0677,0.4606,0.5,6,साफ्टवेयर कंपनी ने 'मल्टीफ्रेगरेंस' किट बाजार में उतारी है ।,-4.6957,0.0,-0.2319,-13.4379,-14.1931,-0.1965,-5.4308,1
train-s12925,इसके जरिए सुदूर बैठकर भी कोई व्यक्ति अपने घर में मौजूद छोटी बच्ची से लेकर अपनी पत्नी या प्रेमिका को नेट के जरिए मनचाही सुगंध सैकड़ों में बिना किसी खर्च के भेज सकता है ।,SOV,35,99,0.129,0.4922,0.5714,8,साफ्टवेयर कंपनी ने प्यार करने वालों के लिए नायाब तोहफा तैयार किया है ।,-14.2424,0.0,-7.9795,1.5773,-0.3715,-8.1786,1.2925,1
train-s12927,कंप्यूटर साफ्टवेयर कंपनियों ने 'मल्टीफ्रेगरेंस' किट बाजार में उतारी हैं ।,SOV,13,5,0.1006,0.4552,0.5714,20,इसके जरिए सुदूर बैठकर भी कोई व्यक्ति अपने घर में मौजूद छोटी बच्ची से लेकर अपनी पत्नी या प्रेमिका को नेट के जरिए मनचाही सुगंध सैकड़ों में बिना किसी खर्च के भेज सकता है ।,-2.4,0.0,-6.8364,-2.4109,-1.4794,-6.8441,0.107,1
train-s12935,"मैसेंजर द्वारा उपलब्ध ओडीबल्स द्वारा आप मनपसंद आवाज में हाय, हेलो और बाय कह सकते हैं ।",SOV,18,23,0.0125,0.4719,0.3846,5,कंप्यूटर साफ्टवेयर कंपनियों ने 'मल्टीफ्रेगरेंस' किट बाजार में उतारी हैं ।,1.0435,-1.0435,5.6252,-0.7174,-0.4474,5.6252,1.2419,1
train-s12942,डेंपो स्पोर्टस क्लब के लिए क्रिस्टियनो ने दूसरा गोल दागा था ।,SOV,12,5,0.1822,0.4915,0.2778,5,"मैसेंजर द्वारा उपलब्ध ओडीबल्स द्वारा आप मनपसंद आवाज में हाय, हेलो और बाय कह सकते हैं ।",-3.6,0.0,-8.7176,-0.5529,-2.0834,-8.7176,-1.6254,1
train-s12947,क्रिस्टियनो ने ४२वें मिनट में अपनी टीम के लिए पहला गोल दागा ।,SOV,13,23,-0.0582,0.4698,0.4167,5,डेंपो स्पोर्टस क्लब के लिए क्रिस्टियनो ने दूसरा गोल दागा था ।,0.5217,0.0,-8.6772,-5.3732,-8.8237,-2.9802,-3.9888,1
train-s12953,जहाँ डॉक्टरों ने जूनियर को मृत घोषित कर दिया ।,SOV,10,99,0.1401,0.4496,0.6154,8,क्रिस्टियनो ने ४२वें मिनट में अपनी टीम के लिए पहला गोल दागा ।,-0.9899,1.0303,-29.7526,-15.4997,-15.226,-29.7339,-5.3662,1
train-s12956,भारत ने पहली बार खुलकर स्वीकार किया कि देश को परमाणु हमले का खतरा है ।,SOV,16,23,-0.2854,0.5472,0.5,5,जहाँ डॉक्टरों ने जूनियर को मृत घोषित कर दिया ।,-2.087,0.0,-20.2058,-13.3934,-10.7354,-19.9471,-4.6315,1
train-s12962,पाकिस्तान के साथ परस्पर विश्वास बढ़ाने के प्रयासों के तहत भारतीय सेना ने जम्मू - कश्मीर में तैनात अपने पंद्रह हजार जवानों को अग्रिम मोर्चों से वापस बुला लिया है ।,SOV,31,99,-0.0734,0.5607,0.6875,11,भारत ने पहली बार खुलकर स्वीकार किया कि देश को परमाणु हमले का खतरा है ।,-24.0606,0.0,-26.6617,-19.5243,-18.8239,-26.6617,-5.7293,1
train-s12963,सेना के उच्च पदस्थ सूत्रों ने रविवार को इसकी जानकारी देते हुए बताया कि वहाँ से एक ब्रिगेड और टुकड़ी वापस बुलाने के साथ - साथ कुछ ठिकानों के भी स्थान परिवर्तित किए गए हैं ।,SOV,36,5,0.0331,0.5061,0.6452,20,पाकिस्तान के साथ परस्पर विश्वास बढ़ाने के प्रयासों के तहत भारतीय सेना ने जम्मू - कश्मीर में तैनात अपने पंद्रह हजार जवानों को अग्रिम मोर्चों से वापस बुला लिया है ।,-2.4,0.0,-4.6777,-5.5935,-3.2921,-5.1598,0.3132,1
train-s12965,सूत्रों ने इस प्रक्रिया को रूटीन की प्रक्रिया बताया है ।,SOV,11,5,0.0172,0.5007,0.6111,22,सेना के उच्च पदस्थ सूत्रों ने रविवार को इसकी जानकारी देते हुए बताया कि वहाँ से एक ब्रिगेड और टुकड़ी वापस बुलाने के साथ - साथ कुछ ठिकानों के भी स्थान परिवर्तित किए गए हैं ।,1.2,0.0,-9.531,-4.3188,-6.1278,-5.3218,-3.5343,1
train-s1297,इसमें सामान्य जमाकर्ताओं को ९.५ प्रतिशत ब्याज दर मिल रहा है ।,IOSV,12,5,0.013,0.4839,0.55,11,पिछले तीन वर्षो में बैंकों ने लोन के दबाव में जमा का ९० फीसदी तक वितरित कर दिया था ।,3.6,1.2,0.2041,-1.3294,-0.5336,0.2041,-2.9461,1
train-s12973,पुलिस ने इस होटल को पूरी तरह सील कर दिया है ।,SOV,12,23,-0.0902,0.4762,0.7273,8,सूत्रों ने इस प्रक्रिया को रूटीन की प्रक्रिया बताया है ।,-2.087,0.0,-27.9987,-16.7006,-20.7893,-25.5932,-3.3832,1
train-s12979,इसके अलावा चंडीगढ़ के विभिन्न लोग भी पाकिस्तानी दर्शकों को अपने यहां ठहरा रहे हैं ।,SOV,16,23,-0.0625,0.5112,0.75,9,पुलिस ने इस होटल को पूरी तरह सील कर दिया है ।,-1.0435,1.0435,-12.896,-0.748,-0.9787,-12.896,-1.85,1
train-s12989,अमेरिकी विदेश मंत्री कोंडोलीजा राइस ने खलीलजाद की नियुक्ति को परिपक्व फैसला करार दिया है ।,SOV,16,23,-0.0794,0.5182,0.375,6,इसके अलावा चंडीगढ़ के विभिन्न लोग भी पाकिस्तानी दर्शकों को अपने यहां ठहरा रहे हैं ।,-8.8696,0.0,-14.3746,-11.9473,-11.615,-14.3746,-5.6428,1
train-s12992,पाकिस्तान के निर्वासित पूर्व प्रधानमंत्री नवाज़ शरीफ ने राष्ट्रपति परवेज़ मुशर्रफ के साथ किसी तरह की बातचीत या सौदेबाजी से साफ इन्कार किया है ।,SOV,25,23,0.1106,0.5107,0.5625,9,अमेरिकी विदेश मंत्री कोंडोलीजा राइस ने खलीलजाद की नियुक्ति को परिपक्व फैसला करार दिया है ।,-8.3478,0.0,-19.6043,-18.447,-18.1606,-19.5782,-4.9311,1
train-s12998,इसे उन्होंने रूटीन मामला बताया ।,DOSV,6,5,0.0285,0.494,0.68,17,पाकिस्तान के निर्वासित पूर्व प्रधानमंत्री नवाज़ शरीफ ने राष्ट्रपति परवेज़ मुशर्रफ के साथ किसी तरह की बातचीत या सौदेबाजी से साफ इन्कार किया है ।,1.2,0.0,-6.5005,3.0902,4.3827,-4.592,-2.1044,1
train-s13009,भारत ने अफ्रीकी संघ के रुख को खेदजनक करार दिया है ।,SOV,12,23,-0.1113,0.3542,0.5,3,इसे उन्होंने रूटीन मामला बताया ।,-3.6522,0.0,-20.9254,-20.3559,-18.0221,-20.9254,-5.0552,1
train-s13026,अभी भी इस परियोजना में हरियाणा और पंजाब के कई मज़दूर काम कर रहे हैं ।,SOV,16,23,-0.1105,0.4966,0.5833,7,भारत ने अफ्रीकी संघ के रुख को खेदजनक करार दिया है ।,0.0,1.0435,-8.2316,-6.3426,-6.0029,-8.2316,-3.0914,1
train-s13031,मानव संसाधन विकास मंत्री अर्जुन सिंह ने बुधवार को राज्य सरकारों से एकीकृत बाल विकास सेवा (आईसीडीएस) का वैश्वीकरण सुनिश्चिचत करने के लिए स्वयं प्रतिबद्ध रहने को कहा ।,SOV,31,99,-0.0231,0.4784,0.6875,11,अभी भी इस परियोजना में हरियाणा और पंजाब के कई मज़दूर काम कर रहे हैं ।,4.9596,0.0,-10.8248,0.6842,-1.9336,-8.7342,-1.126,1
train-s13033,इस मौके पर उन्होंने कहा कि यह हमारे अपने बच्चों का मामला है ।,SOV,14,1,0.1332,0.5095,0.5806,18,मानव संसाधन विकास मंत्री अर्जुन सिंह ने बुधवार को राज्य सरकारों से एकीकृत बाल विकास सेवा (आईसीडीएस) का वैश्वीकरण सुनिश्चिचत करने के लिए स्वयं प्रतिबद्ध रहने को कहा ।,-2.0,-2.0,-5.3601,-4.7435,-2.5799,-5.1952,0.6341,1
train-s1304,स्थानीय मराठी दैनिक तरुण भारत में प्रकाशित होने वाले अपने साप्ताहिक कॉलम में वैद्य ने कहा कि यदि वह सिर्फ एनएसी के अध्यक्ष पद से इस्तीफा देती तो भी उनका मकसद हल हो जाता ।,SOV,35,1,0.0772,0.435,0.4167,5,इसमें सामान्य जमाकर्ताओं को ९.५ प्रतिशत ब्याज दर मिल रहा है ।,-11.0,0.0,-7.4545,-0.3865,-4.6032,-7.4545,-1.6261,1
train-s13054,ग्रामीण ज्ञान केंद्र को उन्होंने रोजगार का एक अन्य स्त्रोत बताया ।,DOSV,12,5,0.0024,0.5089,0.6429,9,इस मौके पर उन्होंने कहा कि यह हमारे अपने बच्चों का मामला है ।,1.2,-1.2,2.5892,-1.5068,-3.8787,5.3988,-0.0798,1
train-s13058,ये दलित बौद्ध धर्म अपना रहे हैं और इसके चलते बौद्धों की संख्या में इजाफा भी हो रहा है ।,SOV,20,1,0.1782,0.3893,0.5833,7,ग्रामीण ज्ञान केंद्र को उन्होंने रोजगार का एक अन्य स्त्रोत बताया ।,0.0,0.0,-16.6017,-7.5319,-6.2155,-16.6017,-1.236,1
train-s13059,उत्तर प्रदेश में बहुजन समाज पार्टी के अभियान और महाराष्ट्र में अंबेडकर के प्रभाव ने 'बौद्ध आबादी' की प्रेरणा का काम किया ।,SOV,25,1,0.0338,0.4877,0.45,9,ये दलित बौद्ध धर्म अपना रहे हैं और इसके चलते बौद्धों की संख्या में इजाफा भी हो रहा है ।,-7.0,0.0,-4.6775,-2.0324,-4.6357,-5.9511,-8.2412,1
train-s13074,पिछले महीने राजस्थान में कोटा से मुंबई के एक शेयर ब्रोकर के बेटे वैभव अग्रवाल के अपहरण के मामले में पुलिस ने दो भाईयों को गिरफ्तार किया है ।,SOV,29,99,0.0843,0.5068,0.68,17,उत्तर प्रदेश में बहुजन समाज पार्टी के अभियान और महाराष्ट्र में अंबेडकर के प्रभाव ने 'बौद्ध आबादी' की प्रेरणा का काम किया ।,-0.1111,0.0,-27.8984,-12.6486,-15.7623,-26.2262,-6.051,1
train-s13078,पुलिस ने उसे 28 जून को गाज़ियाबाद के पटेल नगर में एक फ्लैट से खोज निकाला था ।,SOV,18,99,-0.0065,0.5104,0.6897,20,पिछले महीने राजस्थान में कोटा से मुंबई के एक शेयर ब्रोकर के बेटे वैभव अग्रवाल के अपहरण के मामले में पुलिस ने दो भाईयों को गिरफ्तार किया है ।,5.5758,-0.9899,-7.2262,-3.9742,-2.5496,-6.2842,-1.7209,1
train-s13080,सुदर्शन यहाँ रविवार रात को आरएसएस के तीसरे अखिल भारतीय प्रशिक्षण शिविर में कार्य - कर्ताओं को संबोधित कर रहे थे ।,SOV,22,99,-0.0062,0.5453,0.5,9,पुलिस ने उसे 28 जून को गाज़ियाबाद के पटेल नगर में एक फ्लैट से खोज निकाला था ।,8.4646,-1.0505,-18.4799,-17.2926,-15.7147,-18.4716,-3.1696,1
train-s13082,आरएसएस प्रमुख ने यह बात किसी नेता का नाम लिए बगैर कही ।,SOV,13,5,0.1747,0.459,0.5455,12,सुदर्शन यहाँ रविवार रात को आरएसएस के तीसरे अखिल भारतीय प्रशिक्षण शिविर में कार्य - कर्ताओं को संबोधित कर रहे थे ।,3.6,0.0,-4.5818,-2.239,0.4486,-0.0377,0.4275,1
train-s13084,भाजपा अध्यक्ष ने अपनी टिथी में पाकिस्तान के जनक मोहम्मद अली जिन्ना की छवि को 'धर्मनिरपेक्ष' और 'इतिहास निर्माता' बताकर सबको हैरान कर दिया ।,SOV,29,99,0.1542,0.4982,0.6154,8,आरएसएस प्रमुख ने यह बात किसी नेता का नाम लिए बगैर कही ।,-6.5657,0.0606,-19.537,-10.2867,-12.7375,-19.537,-3.1541,1
train-s1309,कांग्रेस को उनके इस्तीफे से लाभ ही मिलेगा ।,DOSV,9,5,0.0683,0.484,0.5714,20,स्थानीय मराठी दैनिक तरुण भारत में प्रकाशित होने वाले अपने साप्ताहिक कॉलम में वैद्य ने कहा कि यदि वह सिर्फ एनएसी के अध्यक्ष पद से इस्तीफा देती तो भी उनका मकसद हल हो जाता ।,0.0,0.0,3.8088,-6.6633,-6.4872,3.7179,-3.2021,1
train-s13090,ये सवाल खुफिया और सुरक्षा एजेंसिंयों को बुरी तरह मथ रहे हैं ।,SOV,13,5,0.0687,0.5122,0.6154,8,"बहरहाल, राज्य नेतृत्व इसे मानने से लगातार इंकार कर रहा है ।",0.0,0.0,2.3514,0.2521,1.6294,2.3514,-2.2463,1
train-s13112,इसके पहले उन्होंने सहरसा रेलवे स्टेशन पर सहरसा - अमृतसर जनसेवा एक्सप्रेस को झंडी दिखाकर रवाना भी किया ।,SOV,19,99,-0.125,0.5022,0.4615,6,ये सवाल खुफिया और सुरक्षा एजेंसिंयों को बुरी तरह मथ रहे हैं ।,4.4949,0.0505,-24.7656,-9.6054,-9.0977,-25.7641,-7.4927,1
train-s13122,इसी तरह पूर्व सरकार के कार्यकाल के दौरान न्यूयॉर्क में राजदूत का विशेष पद सृजित करने के लिए कैग ने उसे कटघरे में खड़ा किया है ।,SOV,27,99,-0.0299,0.5076,0.4211,8,इसके पहले उन्होंने सहरसा रेलवे स्टेशन पर सहरसा - अमृतसर जनसेवा एक्सप्रेस को झंडी दिखाकर रवाना भी किया ।,-17.6566,0.0202,-28.2945,-20.0425,-19.9125,-26.482,-6.3406,1
train-s13126,इन होटलों की बिक्री के लिए आरक्षित मूल्य निर्धारित करने के बारे में कैग ने कहा है कि आरक्षित मूल्य के निर्धारण के लिए अपनाई गई पद्धति में विसंगतियाँ मौजूद थीं ।,SOV,32,1,0.0335,0.4691,0.6296,17,इसी तरह पूर्व सरकार के कार्यकाल के दौरान न्यूयॉर्क में राजदूत का विशेष पद सृजित करने के लिए कैग ने उसे कटघरे में खड़ा किया है ।,-11.0,0.0,-7.1666,0.4434,-0.7588,-6.2546,-3.0632,1
train-s13135,वित्त मंत्रालय ने सितंबर 2002 में आर्थिक सुधारों के लाभों को उजागर करने और इन सुधारों को जनता के बीच में जागरुकता पैदा करने के लिए प्रस्ताव तो तैयार किया पर 2003 - 04 में कोई बजट प्रावधान लाने में असफल रहा ।,SOV,43,99,0.1379,0.4943,0.5625,18,इन होटलों की बिक्री के लिए आरक्षित मूल्य निर्धारित करने के बारे में कैग ने कहा है कि आरक्षित मूल्य के निर्धारण के लिए अपनाई गई पद्धति में विसंगतियाँ मौजूद थीं ।,-4.7273,0.0,-7.6564,-5.1786,-4.281,-7.6564,-7.1711,1
train-s13138,उन्होंने जोर देते हुए कहा है कि दोनों पक्षों को आपसी संबंधों को नया आधार देने और सशर्त बाध्यताओं से दूर जाने के लिए नए रास्ते खोलने होंगे ।,SOV,29,1,0.0587,0.4898,0.6279,27,वित्त मंत्रालय ने सितंबर 2002 में आर्थिक सुधारों के लाभों को उजागर करने और इन सुधारों को जनता के बीच में जागरुकता पैदा करने के लिए प्रस्ताव तो तैयार किया पर 2003 - 04 में कोई बजट प्रावधान लाने में असफल रहा ।,2.0,2.0,-8.661,-1.4677,1.5772,-8.661,-4.8813,1
train-s13139,"यह पूछे जाने पर कि दोनों देशों को क्षेत्र में व्यवस्था और द्विपक्षीय समझौतों को बनाए रखने के लिए इतिहास और अनुभवों से सीख लेनी चाहिए, उन्होंने कहा कि जम्मू और कश्मीर सहित सभी द्विपक्षीय मामलों पर हमें स्थाई समाधान की जरूरत है ।",SOV,45,1,0.0477,0.5169,0.5517,16,उन्होंने जोर देते हुए कहा है कि दोनों पक्षों को आपसी संबंधों को नया आधार देने और सशर्त बाध्यताओं से दूर जाने के लिए नए रास्ते खोलने होंगे ।,-26.0,-2.0,-18.8677,-9.7103,-12.2807,-15.6861,-9.2655,1
train-s13145,"नवंबर की अपनी नई दिल्ली यात्रा को उपयोगी और भारतीय नेताओं के साथ वार्ता को काफी रचनात्मक बताते हुए अज़ीज़ ने कहा कि रिश्तों में सुधार के लिए मजबूत फैसले लेने का हौसला हम में है और पुरानी मानसिकता से हटकर सोचना होगा, वर्ना वर्तमान मौका आसानी से चूक जाएगा ।",SOV,52,1,0.0812,0.5073,0.6667,30,"यह पूछे जाने पर कि दोनों देशों को क्षेत्र में व्यवस्था और द्विपक्षीय समझौतों को बनाए रखने के लिए इतिहास और अनुभवों से सीख लेनी चाहिए, उन्होंने कहा कि जम्मू और कश्मीर सहित सभी द्विपक्षीय मामलों पर हमें स्थाई समाधान की जरूरत है ।",-17.0,0.0,2.0902,7.3038,6.2368,2.0873,-1.7433,1
train-s13147,अगर भारत एक कदम आगे बढ़ता है तो पाकिस्तान दो कदम आगे बढ़ाएगा ।,SOV,14,99,0.1412,0.4858,0.6346,33,"नवंबर की अपनी नई दिल्ली यात्रा को उपयोगी और भारतीय नेताओं के साथ वार्ता को काफी रचनात्मक बताते हुए अज़ीज़ ने कहा कि रिश्तों में सुधार के लिए मजबूत फैसले लेने का हौसला हम में है और पुरानी मानसिकता से हटकर सोचना होगा, वर्ना वर्तमान मौका आसानी से चूक जाएगा ।",-10.9798,0.0,-18.9248,-7.8816,-8.7848,-18.9248,-9.5353,1
train-s13148,"पाकिस्तान से होकर गुज़रने वाली भारत - ईरान गैस पाइप लाइन के बारे में उन्होंने कहा कि आपसी भरोसा बढ़ाने में यह एक बड़ा कदम हो सकता है और आपसी सहयोग से हम पर्यटन, व्यापार और कई अन्य क्षेत्रों को बढ़ावा दे सकते हैं ।",SOV,46,1,0.1639,0.4855,0.5714,8,अगर भारत एक कदम आगे बढ़ता है तो पाकिस्तान दो कदम आगे बढ़ाएगा ।,-13.0,-2.0,-4.8446,-6.2059,-5.3311,-4.1688,-2.9809,1
train-s13155,भारत ने इसमें गहरी रुचि दिखाई है ।,SOV,8,5,0.1113,0.5152,0.6304,29,"पाकिस्तान से होकर गुज़रने वाली भारत - ईरान गैस पाइप लाइन के बारे में उन्होंने कहा कि आपसी भरोसा बढ़ाने में यह एक बड़ा कदम हो सकता है और आपसी सहयोग से हम पर्यटन, व्यापार और कई अन्य क्षेत्रों को बढ़ावा दे सकते हैं ।",0.0,-1.2,-19.8753,-7.9675,-8.6682,-18.7253,-2.9038,1
train-s1316,"भाजपा का बगैर नाम लिए वाम दलों की आलोचना करते हुए वैद्य ने कहा कि जो भी सांसद लाभ वाले पद पर आसीन होने के दायरे में आते हैं, उन्हें पद छोड़ देना चाहिए ।",SOV,36,5,0.0577,0.5029,0.5556,5,कांग्रेस को उनके इस्तीफे से लाभ ही मिलेगा ।,-3.6,0.0,-5.8388,-1.4641,-6.1523,-5.8388,-2.7294,1
train-s13160,उनके भारत दौरे की तारीख अभी तय होनी बाकी है ।,SOV,11,1,-0.0773,0.581,0.375,3,भारत ने इसमें गहरी रुचि दिखाई है ।,-7.0,0.0,-8.0046,-5.5371,-2.1419,-10.5494,-3.5115,1
train-s13165,उत्तरांचल के मुख्य सचिव आर. एस. टोलिया ने मंगलवार को बताया कि इन हालातों में बद्रीनाथ यात्रा २० दिन के लिए रोक दी गई है ।,SOV,26,1,0.1251,0.4561,0.3636,4,उनके भारत दौरे की तारीख अभी तय होनी बाकी है ।,-6.0,0.0,3.0424,-3.1862,-2.52,3.0424,0.166,1
train-s13174,बारिश ने क्षेत्र में जल और विद्युत आपूर्ति को भी प्रभावित किया ।,SOV,13,23,0.034,0.4739,0.5,13,उत्तरांचल के मुख्य सचिव आर. एस. टोलिया ने मंगलवार को बताया कि इन हालातों में बद्रीनाथ यात्रा २० दिन के लिए रोक दी गई है ।,0.5217,0.0,-8.3487,-10.3129,-9.0782,-8.3257,-3.3163,1
train-s13177,पाठ्यक्रम में बदलाव के बहाने हुए कथित भगवाकरण को दूर करने के बारे में वह अगले आठ - दस दिनों में ही कोई निर्णय ले लेंगे ।,SOV,27,23,-0.0379,0.5254,0.8462,11,बारिश ने क्षेत्र में जल और विद्युत आपूर्ति को भी प्रभावित किया ।,-15.6522,-1.0435,-14.6658,-6.7421,-10.013,-14.6368,-3.5089,1
train-s13181,मानव संसाधन विकास मंत्रालय में सचिव बी. एस बासवान ने मंगलवार को पत्रकारों से बातचीत में कहा कि पाठ्यक्रम की समीक्षा के लिए बने पैनल ने अपनी अंतरिम रिपोर्ट में किताबें बदलने की सिफारिश की है ।,SOV,37,99,0.0577,0.4756,0.6296,17,पाठ्यक्रम में बदलाव के बहाने हुए कथित भगवाकरण को दूर करने के बारे में वह अगले आठ - दस दिनों में ही कोई निर्णय ले लेंगे ।,-9.3636,0.0,-21.3448,-9.3021,-9.0071,-21.2885,-0.6117,1
train-s13183,पैनल ने सिफारिश की है कि किताबें अच्छी और धर्म - निरपेक्ष होनी चाहिए ।,SOV,15,1,0.1154,0.4783,0.7027,26,मानव संसाधन विकास मंत्रालय में सचिव बी. एस बासवान ने मंगलवार को पत्रकारों से बातचीत में कहा कि पाठ्यक्रम की समीक्षा के लिए बने पैनल ने अपनी अंतरिम रिपोर्ट में किताबें बदलने की सिफारिश की है ।,-1.0,0.0,-14.7026,-19.5382,-19.6346,-10.3597,-3.3141,1
train-s13187,हालाँकि उन्हें फिटनेस टेस्ट पास करना होगा ।,SOV,8,23,-0.0001,0.4995,0.6667,10,पैनल ने सिफारिश की है कि किताबें अच्छी और धर्म - निरपेक्ष होनी चाहिए ।,0.5217,-1.0435,-18.1739,-1.7864,0.6071,-18.1739,-5.3689,1
train-s13192,अंबानी बंधुओं के बीच छिड़ी कॉरपोरेट जंग के बाद अब लंदन स्थित स्टील महारथी लक्ष्मी मित्तल और उनके भाई प्रमोद मित्तल के बीच पश्चिम अफ्रीका में लौह अयस्क उद्योग को लेकर अप्रत्यक्ष रूप से विवाद शुरू हो गया है ।,SOV,40,99,0.427,0.4685,0.25,2,हालाँकि उन्हें फिटनेस टेस्ट पास करना होगा ।,-35.1414,-0.9596,-17.1929,-15.4096,-11.6776,-17.1929,-4.3658,1
train-s132,प्राकृतिक सुंदरता से भरपूर इस शहर में आप स्विट्जरलैंड के इतिहास और वर्तमान दोनों से मुलाकात कर सकते हैं ।,SOV,20,23,0.1838,0.4481,0.5556,10,यूँ तो आपने यश चोपड़ा की फिल्मों में इस खूबसूरत देश के कई नयनाभिराम दृश्य देखे होंगे ।,-6.2609,-1.0435,-11.5824,-10.5079,-11.0792,-11.589,-3.838,1
train-s13212,"इराक के मौजूदा सूरत - ए - हाल के संबंध में भाकपा के पी. के. वासुदेवन नायर ने कहा कि हालाँकि अमेरिका ने इराक़ में 'कठपुतली - सरकार' की स्थापना कर दी है, पर गठबंधन सैनिक अभी भी वहाँ डटे हैं और यह चिंता का विषय है ।",SOV,51,1,0.0078,0.4684,0.6,24,अंबानी बंधुओं के बीच छिड़ी कॉरपोरेट जंग के बाद अब लंदन स्थित स्टील महारथी लक्ष्मी मित्तल और उनके भाई प्रमोद मित्तल के बीच पश्चिम अफ्रीका में लौह अयस्क उद्योग को लेकर अप्रत्यक्ष रूप से विवाद शुरू हो गया है ।,-4.0,0.0,-3.5789,-1.0452,-0.9526,-3.5904,-4.0939,1
train-s13217,अमेरिका पर स्वार्थ - सिद्धि का आरोप लगाते हुए नायर ने कहा कि उसकी नज़र विश्व के दूसरे सबसे बड़े तेल उत्पादक देश की प्रचुर तेल संपदा पर है ।,SOV,30,1,-0.0086,0.5126,0.5686,29,"इराक के मौजूदा सूरत - ए - हाल के संबंध में भाकपा के पी. के. वासुदेवन नायर ने कहा कि हालाँकि अमेरिका ने इराक़ में 'कठपुतली - सरकार' की स्थापना कर दी है, पर गठबंधन सैनिक अभी भी वहाँ डटे हैं और यह चिंता का विषय है ।",-7.0,0.0,3.384,7.8405,2.2556,1.0982,1.5443,1
train-s13218,नायर ने आरोप लगाया कि सोवियत संघ के विघटन के बाद अमेरिका अपने आप को दुनिया का दादा समझने लगा है ।,SOV,22,1,0.0579,0.511,0.6333,19,अमेरिका पर स्वार्थ - सिद्धि का आरोप लगाते हुए नायर ने कहा कि उसकी नज़र विश्व के दूसरे सबसे बड़े तेल उत्पादक देश की प्रचुर तेल संपदा पर है ।,-1.0,0.0,-27.7746,-25.1305,-22.5219,-21.1008,-4.8455,1
train-s13224,'लॉस एंजिल्स टाइम्स' को दिए गए इंटरव्यू में वोल्कर ने कहा कि हालाँकि इसमें शुरुआत से ही इतना दम था ।,SOV,23,1,-0.0464,0.5139,0.8182,18,नायर ने आरोप लगाया कि सोवियत संघ के विघटन के बाद अमेरिका अपने आप को दुनिया का दादा समझने लगा है ।,-8.0,0.0,2.2517,-1.164,4.8014,2.2018,-0.7504,1
train-s13226,तब मैंने खुद को असहज पाया ।,SOV,7,23,-0.055,0.6002,0.3913,9,'लॉस एंजिल्स टाइम्स' को दिए गए इंटरव्यू में वोल्कर ने कहा कि हालाँकि इसमें शुरुआत से ही इतना दम था ।,0.5217,0.0,-17.6672,-10.5679,-10.0689,-17.307,-3.8221,1
train-s13227,इस अख़बार के मुताबिक़ सितंबर २००५ में इस रिपोर्ट के मसविदे के प्रकाशन से चंद घंटे पहले कोफी अन्नान और उनके वकील ने वोल्कर से कहा कि वह कोजो अन्नान के कारोबार पर रिपोर्ट में प्रयोग की गई भाषा को बदलें ।,SOV,42,99,0.0278,0.5149,0.2857,2,तब मैंने खुद को असहज पाया ।,-0.9495,0.0,-0.0026,1.3233,0.1092,-0.0026,-1.2806,1
train-s13229,वोल्कर ने अखबार को बताया कि वे तैयार हो गए ।,SOV,11,1,0.01,0.4913,0.6429,27,इस अख़बार के मुताबिक़ सितंबर २००५ में इस रिपोर्ट के मसविदे के प्रकाशन से चंद घंटे पहले कोफी अन्नान और उनके वकील ने वोल्कर से कहा कि वह कोजो अन्नान के कारोबार पर रिपोर्ट में प्रयोग की गई भाषा को बदलें ।,0.0,0.0,-13.1913,-0.0226,0.9576,-7.8373,-1.9807,1
train-s13255,अभिजात्य व उच्च वर्ग के पर्यटकों के लिए चलाई जाने वाली पैलेस ऑन व्हील्स अक्टूबर के दूसरे सप्ताह में अपना सफर शुरू करती है ।,SOV,25,23,-0.0217,0.5294,0.5455,6,वोल्कर ने अखबार को बताया कि वे तैयार हो गए ।,-21.913,0.0,-17.9395,-11.8954,-12.2918,-17.9395,-5.1464,1
train-s13268,सिन्हा ने यहां एक प्रेस कांफ्रेंस में कहा कि बिहार में विधानसभा चुनावों को देखते हुए विशिष्ट व्यक्तियों को दी गई सुरक्षा की समीक्षा की जा रही है ।,SOV,29,5,0.0575,0.4891,0.48,12,अभिजात्य व उच्च वर्ग के पर्यटकों के लिए चलाई जाने वाली पैलेस ऑन व्हील्स अक्टूबर के दूसरे सप्ताह में अपना सफर शुरू करती है ।,2.4,-1.2,-10.9627,-7.5349,-5.0694,-10.9627,0.1957,1
train-s13273,कांग्रेसी नेताओं को इस मार्च के जरिए राज्य के लोगों से संपर्क का सुनहरा अवसर मिला ।,IOSV,17,23,0.15,0.4987,0.5172,15,सिन्हा ने यहां एक प्रेस कांफ्रेंस में कहा कि बिहार में विधानसभा चुनावों को देखते हुए विशिष्ट व्यक्तियों को दी गई सुरक्षा की समीक्षा की जा रही है ।,1.5652,0.0,-8.4229,-9.5477,-11.4114,-8.78,-2.9883,1
train-s13277,मार्च को काफी पब्लिसिटी मिली और बापू के संदेश को जन जन तक पहुंचाया गया ।,IOSV,16,1,0.1009,0.4648,0.8235,14,कांग्रेसी नेताओं को इस मार्च के जरिए राज्य के लोगों से संपर्क का सुनहरा अवसर मिला ।,0.0,0.0,-3.2752,-1.8405,1.7221,-1.8642,-1.3395,1
train-s13279,कांग्रेसी नेताओं को इस मार्च के बहाने जनसंपर्क का सुनहरा अवसर मिला ।,IOSV,13,5,-0.0348,0.5389,0.6875,11,मार्च को काफी पब्लिसिटी मिली और बापू के संदेश को जन जन तक पहुंचाया गया ।,1.2,0.0,-5.7889,-6.121,-6.8197,-7.9889,-1.5485,1
train-s13284,हमें लोगों तक गांधीवादी संदेश पहुंचाने का मौका मिला ।,IOSV,10,1,-0.014,0.4713,0.7692,10,कांग्रेसी नेताओं को इस मार्च के बहाने जनसंपर्क का सुनहरा अवसर मिला ।,6.0,2.0,-16.7181,-7.7251,-10.3971,-13.6901,-4.3319,1
train-s13286,हम भविष्य में इस तरह के कई और जनसंपर्क अभियान चलाएंगे ।,SOV,12,5,0.2389,0.479,0.5,5,हमें लोगों तक गांधीवादी संदेश पहुंचाने का मौका मिला ।,7.2,1.2,-11.8687,-1.0131,-1.3249,-13.2499,-3.1358,1
train-s13291,"यूं तो दलाई लामा ने वेन जियाबाओ को एक एकाधिकारवादी देश का नेता करार दिया, लेकिन उन्होंने जियाबाओ को पूर्ववर्ती चीनी प्रधानमंत्रियों की तुलना में अधिक व्यावहारिक, उदार और दूरदर्शी नेता भी करार दिया ।",SOV,37,99,0.0203,0.528,0.6667,8,हम भविष्य में इस तरह के कई और जनसंपर्क अभियान चलाएंगे ।,-0.0505,0.0,-11.4064,-13.3268,-15.7045,-11.4064,-3.0391,1
train-s13293,अपने चार - दिवसीय भारत दौरे के दौरान वे भारतीय नेताओं से सीमा विवाद और अन्य द्विपक्षीय मसलों पर बातचीत करेंगे ।,SOV,22,99,0.1108,0.5077,0.5946,22,"यूं तो दलाई लामा ने वेन जियाबाओ को एक एकाधिकारवादी देश का नेता करार दिया, लेकिन उन्होंने जियाबाओ को पूर्ववर्ती चीनी प्रधानमंत्रियों की तुलना में अधिक व्यावहारिक, उदार और दूरदर्शी नेता भी करार दिया ।",-8.0505,-1.0101,-21.0828,-13.2136,-11.6363,-21.0462,-4.0138,1
train-s13295,उन्होंने इसे चीनियों का हृदय परिवर्तन करार दिया ।,SOV,9,23,-0.1003,0.4958,0.5,11,अपने चार - दिवसीय भारत दौरे के दौरान वे भारतीय नेताओं से सीमा विवाद और अन्य द्विपक्षीय मसलों पर बातचीत करेंगे ।,1.5652,0.0,-18.8521,-16.905,-14.3431,-18.7319,-4.2426,1
train-s1330,पाकिस्तान आतंकवादियों को समर्थन देना बंद कर देगा ।,SOV,9,5,-0.0182,0.5038,0.5,18,"भाजपा का बगैर नाम लिए वाम दलों की आलोचना करते हुए वैद्य ने कहा कि जो भी सांसद लाभ वाले पद पर आसीन होने के दायरे में आते हैं, उन्हें पद छोड़ देना चाहिए ।",0.0,0.0,-28.1047,-11.3311,-11.2958,-28.1047,-4.4445,1
train-s13304,उन्होंने यहां वेटिकन दूतावास में एक शोक पुस्तिका पर हस्ताक्षर कर पोप जॉन पॉल द्वितीय के निधन पर गहरा दुख प्रकट किया ।,SOV,23,99,0.1458,0.5559,0.5556,5,उन्होंने इसे चीनियों का हृदय परिवर्तन करार दिया ।,6.596,-0.0404,-42.2571,-27.1265,-29.1981,-37.7177,-6.2061,1
train-s1340,भारतीय जनता पार्टी के दिवंगत नेता प्रमोद महाजन की बहन प्रज्ञा मुंडे ने अपने दूसरे भाई प्रवीण महाजन की आलोचना करते हुए उसे झूठा करार दिया है ।,SOV,28,99,-0.1355,0.4723,0.6667,6,पाकिस्तान आतंकवादियों को समर्थन देना बंद कर देगा ।,-33.5354,0.0101,-28.0662,-23.8484,-21.1402,-28.0662,-8.7064,1
train-s1343,भाजपा के महासचिव गोपीनाथ मुंडे की पत्नी प्रज्ञा ने अदालत को बताया कि प्रवीण पैसे के लिए प्रमोद पर ही निर्भर था ।,SOV,23,1,0.1562,0.5049,0.5357,15,भारतीय जनता पार्टी के दिवंगत नेता प्रमोद महाजन की बहन प्रज्ञा मुंडे ने अपने दूसरे भाई प्रवीण महाजन की आलोचना करते हुए उसे झूठा करार दिया है ।,-7.0,0.0,-10.8121,-3.8081,-2.2785,-10.8112,-1.0118,1
train-s1353,सरकारी वकील उज्जवल निकम ने सुनवाई के बाद संवाददाताओं से कहा कि इस मामले में मुख्य गवाह प्रमोद महाजन का नौकर महेश वानखेड़े ८ मई को अपनी गवाही देगा ।,SOV,30,5,0.084,0.5238,0.5652,13,भाजपा के महासचिव गोपीनाथ मुंडे की पत्नी प्रज्ञा ने अदालत को बताया कि प्रवीण पैसे के लिए प्रमोद पर ही निर्भर था ।,-3.6,0.0,-11.5697,-1.9508,-1.3585,-11.5302,0.7436,1
train-s1354,कुवैत सरकार ने आगामी एक जुलाई से एयर इंडिया और इंडियन एयरलाइंस के विमानों को देश में प्रवेश पर रोक लगा दी है ।,SOV,24,99,0.1322,0.5346,0.6667,20,सरकारी वकील उज्जवल निकम ने सुनवाई के बाद संवाददाताओं से कहा कि इस मामले में मुख्य गवाह प्रमोद महाजन का नौकर महेश वानखेड़े ८ मई को अपनी गवाही देगा ।,-3.8485,0.0,-27.0482,-17.4775,-15.3192,-27.05,-5.9581,1
train-s1367,यह नोटिस कुवैत के विमान प्राधिकरण मंत्रालय के डायरेक्टर जनरल ने जारी किया है ।,DOSV,15,5,-0.0312,0.5224,0.625,15,कुवैत सरकार ने आगामी एक जुलाई से एयर इंडिया और इंडियन एयरलाइंस के विमानों को देश में प्रवेश पर रोक लगा दी है ।,-1.2,0.0,-11.5752,2.3247,1.052,-11.5414,-3.7861,1
train-s1368,"इस पर कुवैत एयरवेज के एक अधिकारी ने कहा, लंबे समय से भारत इस समझौते को लेकर उदासीन रवैया अपनाता रहा ।",SOV,23,1,0.0008,0.4885,0.6667,10,यह नोटिस कुवैत के विमान प्राधिकरण मंत्रालय के डायरेक्टर जनरल ने जारी किया है ।,4.0,2.0,-7.3437,1.6463,-2.448,-8.9486,-0.708,1
train-s1369,इस अधिकारी ने उम्मीद जताई कि कुवैत और भारत के अधिकारियों के बीच नई दिल्ली में होने वाली बैठक में इस समस्या का हल निकाल लिया जाएगा ।,SOV,28,1,-0.1332,0.5222,0.5652,13,"इस पर कुवैत एयरवेज के एक अधिकारी ने कहा, लंबे समय से भारत इस समझौते को लेकर उदासीन रवैया अपनाता रहा ।",-2.0,0.0,-27.1895,-20.3699,-21.5604,-22.0058,-5.2054,1
train-s1372,कुवैत सरकार की इस घोषणा के बाद भारतीय विमान सेवा ने अन्य एयरलाइंस से इमरजेंसी की स्थिति में इंतजाम करने के लिए बात शुरू कर दी है ।,SOV,28,99,-0.0216,0.5273,0.6786,19,इस अधिकारी ने उम्मीद जताई कि कुवैत और भारत के अधिकारियों के बीच नई दिल्ली में होने वाली बैठक में इस समस्या का हल निकाल लिया जाएगा ।,-18.1212,0.0,-16.3887,-16.1269,-15.6575,-14.442,-5.8479,1
train-s1373,वहीं एडवांस बुकिंग ले चुके कुछ लोगों ने टिकट कैंसिल कराना शुरू कर दिया है ।,SOV,16,23,0.0402,0.4891,0.6786,19,कुवैत सरकार की इस घोषणा के बाद भारतीय विमान सेवा ने अन्य एयरलाइंस से इमरजेंसी की स्थिति में इंतजाम करने के लिए बात शुरू कर दी है ।,-2.087,0.0,-18.9225,-11.2516,-13.2548,-15.2657,-5.131,1
train-s138,"ऐसा देश जिसे इतिहास बेहतरीन योद्धाओं, बैगपाइपर के अनोखे संगीत और स्कर्ट पहनने वाले पुरूषों के नाम से जानता है ।",DOSV,22,23,0.2668,0.4854,0.7,14,प्राकृतिक सुंदरता से भरपूर इस शहर में आप स्विट्जरलैंड के इतिहास और वर्तमान दोनों से मुलाकात कर सकते हैं ।,20.3478,-1.0435,-4.7422,-0.5147,0.8717,-2.5159,-1.7382,1
train-s1382,जिससे अधिकतर लोग इन्हीं फ्लाइटों में जाना पसंद करते हैं ।,SOV,11,23,0.0701,0.5058,0.5625,9,वहीं एडवांस बुकिंग ले चुके कुछ लोगों ने टिकट कैंसिल कराना शुरू कर दिया है ।,1.0435,1.0435,-14.7206,-14.7114,-14.0074,-14.7206,-3.7813,1
train-s1384,बी. टेक. कंप्यूटर साइंस अंतिम वर्ष के छात्र विपिन कुमार ने देश में कंप्यूटर की प्रोसेसिंग पावर बढ़ाने के क्षेत्र में चल रहे अनुसंधान को चुनौती देते हुए तीस कंप्यूटरों को क्लस्टर तकनीक से जोड़कर सुपर कंप्यूटर बनाने का गौरव हासिल किया है ।,SOV,44,99,0.3093,0.511,0.3636,4,जिससे अधिकतर लोग इन्हीं फ्लाइटों में जाना पसंद करते हैं ।,-32.8081,0.0,-28.3295,-18.2627,-19.7123,-28.3131,-7.5033,1
train-s1388,विशेषज्ञों ने भी विपिन के इस प्रयोग पर आश्चर्य व्यक्त किया ।,SOV,12,23,0.1652,0.5116,0.6364,28,बी. टेक. कंप्यूटर साइंस अंतिम वर्ष के छात्र विपिन कुमार ने देश में कंप्यूटर की प्रोसेसिंग पावर बढ़ाने के क्षेत्र में चल रहे अनुसंधान को चुनौती देते हुए तीस कंप्यूटरों को क्लस्टर तकनीक से जोड़कर सुपर कंप्यूटर बनाने का गौरव हासिल किया है ।,-5.2174,0.0,-22.2419,-21.5997,-21.554,-22.2235,-4.5343,1
train-s1390,जिलाधिकारी संतोष कुमार यादव ने विपिन के इस कारनामे को प्रोत्साहित करने के लिए प्रदेश शासन के सूचना एवं प्रौद्योगिकी विभाग को लिखा है ।,SOV,25,5,-0.0838,0.5812,0.6667,8,विशेषज्ञों ने भी विपिन के इस प्रयोग पर आश्चर्य व्यक्त किया ।,3.6,0.0,-2.7373,-3.6917,-3.1558,-4.7939,0.1015,1
train-s1410,जिलाधिकारी विपिन के कार्य के संबंध में प्रदेश शासन को लिखित रूप से अवगत कराएंगे ।,SOV,16,99,0.12,0.4996,0.56,14,जिलाधिकारी संतोष कुमार यादव ने विपिन के इस कारनामे को प्रोत्साहित करने के लिए प्रदेश शासन के सूचना एवं प्रौद्योगिकी विभाग को लिखा है ।,-2.3535,0.0,-20.3843,-23.4457,-25.2935,-17.8928,-0.8651,1
train-s1414,राजधानी पहुंचने के बाद खोखर ने वार्ताकारों से कहा कि वह पाकिस्तान सरकार और वहां की जनता की तरफ से भारत के लोगों को शुभकामनाएं देते हैं ।,SOV,28,5,0.1403,0.4679,0.6875,11,जिलाधिकारी विपिन के कार्य के संबंध में प्रदेश शासन को लिखित रूप से अवगत कराएंगे ।,-2.4,0.0,4.0833,2.3708,1.9698,4.141,-2.6395,1
train-s1435,इस दौरान वकीलों ने दो सरकारी वाहन एवं एक सिपाही की मोटरसाइकिल समेत ट्रैफिक बूथ जला डाला तो लगभग आपा खो चुके पीएसी के जवानों ने तीन कारें और आधा दर्जन मोटरसाइकिलें फूंक दीं ।,SOV,35,23,0.134,0.549,0.3529,6,"'2 बहरहाल, शनिवार को खोखर ने हुर्रियत नेता सैयद अली शाह गिलानी से मुलाकात की ।",3.6522,0.0,-3.239,-1.6677,-1.1265,-3.2608,-4.6053,1
train-s1437,वकीलों ने प्रेस फोटोग्राफरों के साथ भी अभद्रता की ।,SOV,10,5,-0.0363,0.4759,0.6571,23,इस दौरान वकीलों ने दो सरकारी वाहन एवं एक सिपाही की मोटरसाइकिल समेत ट्रैफिक बूथ जला डाला तो लगभग आपा खो चुके पीएसी के जवानों ने तीन कारें और आधा दर्जन मोटरसाइकिलें फूंक दीं ।,-1.2,0.0,-2.0405,-4.4678,-3.9733,-1.8586,-3.1752,1
train-s1439,हालांकि उन्होंने अपने साथ दुर्व्यवहार की घटना से इनकार किया है ।,SOV,12,99,-0.2118,0.5474,0.6,6,वकीलों ने प्रेस फोटोग्राफरों के साथ भी अभद्रता की ।,3.0909,-0.9596,-32.748,-29.0097,-31.6177,-32.7468,-9.9551,1
train-s1442,उन्होंने वहां मौजूद पुलिस वालों से रास्ता खोलने को कहा ।,SOV,11,5,-0.1834,0.5539,0.75,9,हालांकि उन्होंने अपने साथ दुर्व्यवहार की घटना से इनकार किया है ।,2.4,1.2,-15.2824,-4.0804,-3.9096,-8.1703,-3.85,1
train-s1448,इस पर न्यायाधीश ने उन्हें मुख्य न्यायाधीश के यहां जाने को कहा ।,SOV,13,23,0.1069,0.5326,0.4545,5,उन्होंने वहां मौजूद पुलिस वालों से रास्ता खोलने को कहा ।,5.7391,1.0435,-11.674,-4.6452,-3.7941,-6.9309,-1.555,1
train-s1450,सुनवाई पूरी होने के बाद उन्होंने अपनी बात बताई ।,SOV,10,5,-0.1075,0.5464,0.6923,9,इस पर न्यायाधीश ने उन्हें मुख्य न्यायाधीश के यहां जाने को कहा ।,-3.6,-1.2,-11.4056,-8.5182,-8.5969,-12.3793,-4.263,1
train-s1454,इसी दौरान कुछ लोगों ने सामने खड़ी पुलिस की टाटा सूमो (यूपी - ७० एजी / ००२६) को पलट दिया और नारेबाजी करने लगे ।,SOV,27,5,0.2208,0.4345,0.8,8,सुनवाई पूरी होने के बाद उन्होंने अपनी बात बताई ।,15.6,0.0,-9.2614,0.5158,-1.755,-9.2614,-3.2499,1
train-s1457,कुछ लोगों ने उन पर पत्थर भी फेंके ।,SOV,9,5,-0.0465,0.4932,0.4444,12,इसी दौरान कुछ लोगों ने सामने खड़ी पुलिस की टाटा सूमो (यूपी - ७० एजी / ००२६) को पलट दिया और नारेबाजी करने लगे ।,-1.2,-1.2,-5.8886,-7.3753,-7.6789,-6.4444,-3.187,1
train-s1460,जवानों ने गुस्से में वकीलों के वाहनों को शिकार बनाया ।,SOV,11,23,-0.1724,0.5801,0.6667,6,कुछ लोगों ने उन पर पत्थर भी फेंके ।,-0.5217,0.0,-12.3144,-7.5981,-8.5847,-11.8877,-4.2671,1
train-s1483,उन्होंने दोपहर बाद करीब चालीस मिनट तक मुख्य दरवाजा बंद रखा ।,SOV,12,99,-0.1283,0.5224,0.7273,8,जवानों ने गुस्से में वकीलों के वाहनों को शिकार बनाया ।,-0.1515,1.0,-13.3393,-4.8904,-4.83,-14.2684,-5.5703,1
train-s1485,इसके बाद पुलिस ने मामले में हस्तक्षेप करके दरवाज़ा खुलवाया ।,SOV,11,99,0.0171,0.4567,0.75,9,उन्होंने दोपहर बाद करीब चालीस मिनट तक मुख्य दरवाजा बंद रखा ।,-2.0404,0.9697,-18.9321,-5.0198,-7.6573,-18.7967,-5.9925,1
train-s1486,अतिक्रमण विरोधी अभियान दरगाह कमेटी ने उर्स के मौके पर दरगाह की सुरक्षा के लिए छेड़ा था ।,DOSV,18,23,-0.1699,0.5535,0.5455,6,इसके बाद पुलिस ने मामले में हस्तक्षेप करके दरवाज़ा खुलवाया ।,3.6522,0.0,5.8998,2.6801,2.3755,5.8998,0.1214,1
train-s1488,राज्यसभा में बुधवार को गृह राज्यमंत्री एस. रघुपति ने बताया कि भारत ने नेपाल से सुरक्षा संबंधी समस्याओं पर चिंता जताई है ।,SOV,23,5,-0.1084,0.5887,0.5,9,अतिक्रमण विरोधी अभियान दरगाह कमेटी ने उर्स के मौके पर दरगाह की सुरक्षा के लिए छेड़ा था ।,3.6,0.0,-1.4247,2.8513,-0.4054,-1.4247,0.3761,1
train-s1489,भारत सरकार ने नेपाल से कहा है कि पाकिस्तान के आतंकवादी भारत - नेपाल सीमा पर सुरक्षा खामियों का फ़ायदा उठाकर भारतीय क्षेत्र में घुसपैठ करते हैं ।,SOV,28,1,-0.0938,0.5786,0.4783,11,राज्यसभा में बुधवार को गृह राज्यमंत्री एस. रघुपति ने बताया कि भारत ने नेपाल से सुरक्षा संबंधी समस्याओं पर चिंता जताई है ।,-1.0,0.0,4.1957,0.0657,0.2975,3.6726,0.2234,1
train-s1491,पश्चिम बंगाल के मानवाधिकार आयोग ने एक डीआईजी पर पुरुष कांस्टेबल देबाशीष बनर्जी का यौन उत्पीड़न करने के आरोप की जांच करने के आदेश दिए हैं ।,SOV,27,1,-0.0741,0.5694,0.5357,15,भारत सरकार ने नेपाल से कहा है कि पाकिस्तान के आतंकवादी भारत - नेपाल सीमा पर सुरक्षा खामियों का फ़ायदा उठाकर भारतीय क्षेत्र में घुसपैठ करते हैं ।,12.0,0.0,-22.0948,-17.9433,-17.0776,-22.0921,-7.7452,1
train-s1497,स्थानीय पुलिस ने घटना के पीछे दीमा हाओलाम डाओगा संगठन के हाथ होने की आशंका जाहिर की ।,SOV,18,23,-0.0566,0.5643,0.6296,17,पश्चिम बंगाल के मानवाधिकार आयोग ने एक डीआईजी पर पुरुष कांस्टेबल देबाशीष बनर्जी का यौन उत्पीड़न करने के आरोप की जांच करने के आदेश दिए हैं ।,0.0,0.0,-21.6024,-17.5485,-16.6871,-24.8146,-4.4474,1
train-s1507,बुधवार को अतिरिक्त पुलिस अधीक्षक एस. पी. सिंह ने बताया कि प्रतिबंधित संगठन के वरिष्ठ कार्यकर्ताओं से मिली जानकारी के आधार पर मोहम्मद अमीन कुरैशी और मोहम्मद शफ़ीक को गिरफ़्तार किया गया है ।,SOV,34,1,-0.0194,0.5306,0.7778,14,स्थानीय पुलिस ने घटना के पीछे दीमा हाओलाम डाओगा संगठन के हाथ होने की आशंका जाहिर की ।,5.0,0.0,2.5831,3.3868,1.4758,2.3661,0.1416,1
train-s1514,जबकि दोनों कंपनियां रोस से बातचीत कर रहीं हैं जिसमें वे एशियाई देशों में दवा के विन और उत्पादन के लिए बातचीत कर रही हैं ।,SOV,26,23,-0.0432,0.5382,0.6471,22,बुधवार को अतिरिक्त पुलिस अधीक्षक एस. पी. सिंह ने बताया कि प्रतिबंधित संगठन के वरिष्ठ कार्यकर्ताओं से मिली जानकारी के आधार पर मोहम्मद अमीन कुरैशी और मोहम्मद शफ़ीक को गिरफ़्तार किया गया है ।,0.0,0.0,-21.811,-11.4585,-8.7675,-21.811,-8.1015,1
train-s1515,इस बीच स्वास्थ्य मंत्रालय ने कहा कि बर्ड फ्लू को लेकर एक -JOIN दो दिन में गृह मंत्री भी बैठक ले सकते हैं ।,SOV,24,1,0.0533,0.4897,0.4615,12,जबकि दोनों कंपनियां रोस से बातचीत कर रहीं हैं जिसमें वे एशियाई देशों में दवा के विन और उत्पादन के लिए बातचीत कर रही हैं ।,1.0,0.0,-5.4035,-1.5935,0.8895,-5.4035,-5.9764,1
train-s1519,कोलकता के अंग्रेजी अखबार ने (किंकर्तव्यविमूढ़) चैपल से सच उगलवा ही लिया ।,SOV,15,5,0.0311,0.4874,0.6667,16,इस बीच स्वास्थ्य मंत्रालय ने कहा कि बर्ड फ्लू को लेकर एक -JOIN दो दिन में गृह मंत्री भी बैठक ले सकते हैं ।,-4.8,0.0,2.0782,1.2212,2.8026,2.0782,-1.0617,1
train-s1523,चैपल ने कोलकता के लोगों के व्यवहार पर भी दुख प्रकट किया है ।,SOV,14,23,0.0086,0.4634,0.4667,7,कोलकता के अंग्रेजी अखबार ने (किंकर्तव्यविमूढ़) चैपल से सच उगलवा ही लिया ।,-4.6957,0.0,-23.9914,-22.3629,-20.2393,-21.2499,-4.6519,1
train-s1529,पत्रकारों के सवालों पर बालादित्य बार - बार कहते रहे कि चैपल केवल अपनी चोटिल उंगली दिखा रहे थे ।,SOV,20,5,-0.1003,0.4919,0.8571,12,चैपल ने कोलकता के लोगों के व्यवहार पर भी दुख प्रकट किया है ।,-1.2,0.0,-4.0518,0.6552,-0.811,-4.0443,-1.1956,1
train-s1533,एक स्थानीय चैनल के कैमरामैन ने यह तस्वीर ली थी और बाद में विभिन्न चैनलों को बेचा था ।,SOV,19,1,0.0648,0.4432,0.45,9,पत्रकारों के सवालों पर बालादित्य बार - बार कहते रहे कि चैपल केवल अपनी चोटिल उंगली दिखा रहे थे ।,-4.0,0.0,3.0693,-6.953,-9.4045,3.0693,-2.1034,1
train-s1534,वोल्कर रिपोर्ट पर सोमवार को लोकसभा में राजग की ओर से स्थगन प्रस्ताव लाने की संभावना के बीच विपक्ष के नेता लालकृष्ण आडवाणी ने रविवार को लोकसभा अध्यक्ष सोमनाथ चटर्जी को एक दस्तावेज भेजा ।,SOV,35,99,-0.0067,0.4523,0.7368,14,एक स्थानीय चैनल के कैमरामैन ने यह तस्वीर ली थी और बाद में विभिन्न चैनलों को बेचा था ।,-32.6263,0.0,0.3244,-10.9231,-9.2815,1.6481,-2.8909,1
train-s1537,इन खबरों के आधार पर आडवाणी ने रविवार को अपने भाषण में लोकसभा अध्यक्ष से अपील करते हुए कहा कि संसद में इस मुद्दे पर गंभीर और सार्थक विचार -JOIN विमर्श किया जाना चाहिए ।,SOV,35,99,0.1089,0.5126,0.5714,20,वोल्कर रिपोर्ट पर सोमवार को लोकसभा में राजग की ओर से स्थगन प्रस्ताव लाने की संभावना के बीच विपक्ष के नेता लालकृष्ण आडवाणी ने रविवार को लोकसभा अध्यक्ष सोमनाथ चटर्जी को एक दस्तावेज भेजा ।,3.2222,0.0,-0.8361,-6.5504,-5.8556,-2.0136,-1.312,1
train-s1543,इस बार जरूरी सूचनाओं से लैस अधिकारी दीपावली की खरीददारी में खुले हाथ से पैसा लुटाने वाले १ -JOIN १.५ करोड़ लोगों को एसएमएस भेजकर अंतिम समय सीमा ३१ अक्तूबर से पहले हर हाल में रिटर्न दाखिल करने को कहेंगे ।,SOV,41,99,0.0226,0.5136,0.6571,23,इन खबरों के आधार पर आडवाणी ने रविवार को अपने भाषण में लोकसभा अध्यक्ष से अपील करते हुए कहा कि संसद में इस मुद्दे पर गंभीर और सार्थक विचार -JOIN विमर्श किया जाना चाहिए ।,9.4141,0.0,-11.0716,-12.3556,-10.6732,-10.9337,-1.168,1
train-s1544,सरकार ने अगले साल से वेतन भोगियों को आयकर रिटर्न दाखिल करने से मुक्ति दिलाने के संकेत भी दिए हैं ।,SOV,21,1,0.0989,0.5072,0.561,23,इस बार जरूरी सूचनाओं से लैस अधिकारी दीपावली की खरीददारी में खुले हाथ से पैसा लुटाने वाले १ -JOIN १.५ करोड़ लोगों को एसएमएस भेजकर अंतिम समय सीमा ३१ अक्तूबर से पहले हर हाल में रिटर्न दाखिल करने को कहेंगे ।,14.0,0.0,-11.1261,-13.3395,-11.5276,-11.1261,-4.4286,1
train-s1545,बृहस्पतिवार को वार्ताकारों से बातचीत में वित्त मंत्री पी. चिदंबरम ने कहा कि वेतन भोगियों को रिटर्न दाखिल करने से मुक्ति दिलाने संबंधी प्रस्ताव पर विचार किया जा रहा है ।,IOSV,31,23,0.0016,0.5484,0.619,13,सरकार ने अगले साल से वेतन भोगियों को आयकर रिटर्न दाखिल करने से मुक्ति दिलाने के संकेत भी दिए हैं ।,4.6957,0.0,-3.867,-2.6493,-4.993,-3.8151,-0.1591,1
train-s1550,"कर अधिकारियों से मिली कुछ सूचनाओं के बारे में जानकारी देते हुए वित्त मंत्री ने बताया कि १,२७,५११ पार्टियों या लोगों ने एक साल के दौरान १० लाख रुपये से ज्यादा की नगद निकासी की है ।",SOV,37,1,0.0798,0.5526,0.6452,20,बृहस्पतिवार को वार्ताकारों से बातचीत में वित्त मंत्री पी. चिदंबरम ने कहा कि वेतन भोगियों को रिटर्न दाखिल करने से मुक्ति दिलाने संबंधी प्रस्ताव पर विचार किया जा रहा है ।,-9.0,0.0,5.0454,-9.8427,-12.1162,4.5671,0.1705,1
train-s1558,लेकिन लोगों को प्रेरित करने के उद्देश्य से उन्होंने यह फैसला किया है ।,SOV,14,23,0.0464,0.5121,0.5946,22,"कर अधिकारियों से मिली कुछ सूचनाओं के बारे में जानकारी देते हुए वित्त मंत्री ने बताया कि १,२७,५११ पार्टियों या लोगों ने एक साल के दौरान १० लाख रुपये से ज्यादा की नगद निकासी की है ।",-1.5652,0.0,-15.8417,-13.8961,-12.9196,-15.2982,-3.5102,1
train-s1568,राजा ने १९९९ -JOIN २००० में मुख्य कार्यकारी का पद संभाला था ।,SOV,13,5,0.182,0.5174,0.6429,9,लेकिन लोगों को प्रेरित करने के उद्देश्य से उन्होंने यह फैसला किया है ।,2.4,0.0,-16.1478,-11.6591,-7.539,-16.1478,-3.941,1
train-s1569,प्रधानमंत्री मनमोहन सिंह ने कृषि क्षेत्र के खराब प्रदर्शन पर चिंता जताते हुए इसे गंभीरता से लिए जाने को कहा है ।,SOV,22,5,0.0709,0.5207,0.5385,7,राजा ने १९९९ -JOIN २००० में मुख्य कार्यकारी का पद संभाला था ।,2.4,0.0,-3.2181,-4.8686,-5.0124,-3.2181,-2.1257,1
train-s1578,उन्होंने सिंचाई क्षेत्र की परियोजनाओं पर निराशा जताते हुए उन्हें पूरा करने की आवश्यकता बताई ।,SOV,16,5,-0.0989,0.5413,0.6818,15,प्रधानमंत्री मनमोहन सिंह ने कृषि क्षेत्र के खराब प्रदर्शन पर चिंता जताते हुए इसे गंभीरता से लिए जाने को कहा है ।,4.8,1.2,-13.7875,-11.2007,-9.6135,-14.72,-5.3393,1
train-s1604,वायुसेना के एक हेलीकॅप्टर ने किन्नौर जिले के पूह और रेकांग पियो इलाकों से छह विदेशियों समेत १४ पर्यटकों को निकाल लिया है ।,SOV,24,23,-0.0438,0.4714,0.5625,9,उन्होंने सिंचाई क्षेत्र की परियोजनाओं पर निराशा जताते हुए उन्हें पूरा करने की आवश्यकता बताई ।,-6.2609,0.0,-5.3087,-6.6715,-2.8033,-5.3087,-2.1055,1
train-s1609,घाटी में बे-लगाम हुए आतंकियों ने शनिवार को हंदवाड़ा के पास वन मंत्री गुलाम मोहिउद्दीन सोफी के काफिले पर गोलियां बरसाईं ।,SOV,22,99,-0.1341,0.4837,0.4583,11,वायुसेना के एक हेलीकॅप्टर ने किन्नौर जिले के पूह और रेकांग पियो इलाकों से छह विदेशियों समेत १४ पर्यटकों को निकाल लिया है ।,-3.9596,0.0,-16.5784,-10.8128,-10.5046,-17.2164,-2.8628,1
train-s161,इस मौसम की सुहानी सुबह में आपको फ्रेंच लोग पिस्त्रो में कॉफी और 'लोफ ब्रेड' का आनंद उठाते नजर आएंगे ।,SOV,23,99,0.1637,0.4759,0.5,11,"ऐसा देश जिसे इतिहास बेहतरीन योद्धाओं, बैगपाइपर के अनोखे संगीत और स्कर्ट पहनने वाले पुरूषों के नाम से जानता है ।",-0.101,-1.0101,-7.0785,-4.1661,-5.3517,-6.8354,-1.892,1
train-s1613,अचानक आतंकियों ने काफिले पर गोलियां चलाना शुरू कर दिया ।,SOV,11,23,-0.0097,0.5238,0.5455,12,घाटी में बे-लगाम हुए आतंकियों ने शनिवार को हंदवाड़ा के पास वन मंत्री गुलाम मोहिउद्दीन सोफी के काफिले पर गोलियां बरसाईं ।,1.0435,0.0,-28.1321,-16.2969,-17.8016,-25.0604,-4.9861,1
train-s1620,दूसरा आतंकी अछबल का ही रहने वाला था ।,SOV,9,1,-0.1088,0.5995,0.6364,7,अचानक आतंकियों ने काफिले पर गोलियां चलाना शुरू कर दिया ।,3.0,0.0,-6.6481,0.5808,2.8764,-7.2954,-2.9699,1
train-s1623,अनंतनाग में पुलिस ने १०२८ किलो विस्फोटक सामग्री बरामद की ।,SOV,11,23,-0.0671,0.4975,0.4444,4,दूसरा आतंकी अछबल का ही रहने वाला था ।,-0.5217,0.0,-18.0247,-12.0022,-13.3906,-15.2005,-5.276,1
train-s1625,ड्राइवर फारुख अहमद बट्ट से मिली जानकारी पर पुलिस ने अनंतनाग बस अड्डे के पास स्थित लोलू शापिंग कॉम्पलैक्स में एक दुकान पर छापा मारा ।,SOV,26,99,-0.216,0.611,0.7273,8,अनंतनाग में पुलिस ने १०२८ किलो विस्फोटक सामग्री बरामद की ।,-13.2828,0.0,-28.7988,-20.1864,-13.4902,-21.4404,-1.6048,1
train-s1628,इस सिलसिले में पुलिस ने दो लोगों को गिरफ्तार भी किया है ।,SOV,13,23,-0.0185,0.534,0.5385,14,ड्राइवर फारुख अहमद बट्ट से मिली जानकारी पर पुलिस ने अनंतनाग बस अड्डे के पास स्थित लोलू शापिंग कॉम्पलैक्स में एक दुकान पर छापा मारा ।,-1.0435,0.0,-18.2374,-9.1059,-8.3898,-17.071,-5.0445,1
train-s1630,पुलिस ने दुकान के मालिक मोहम्मद सद्दीक नाजिर को गिरफ्तार कर लिया है ।,SOV,14,5,-0.0528,0.5408,0.7692,10,इस सिलसिले में पुलिस ने दो लोगों को गिरफ्तार भी किया है ।,-1.2,0.0,-17.3069,-15.361,-17.9831,-13.2857,-4.9428,1
train-s1635,यासीन मलिक के रहस्योद्घाटन के बाद जेकेएलएफ के एक और पूर्व आतंकी अब्दुल अहद वजा ने कहा है कि रावलपिंडी में राशिद का बंगला १९८७ से ९२ के बीच कश्मीरी आतंकियों के लिए गेस्ट हाउस और हथियारों के गोदाम के रूप में इस्तेमाल होता था ।,SOV,46,1,-0.0371,0.5253,0.5714,8,पुलिस ने दुकान के मालिक मोहम्मद सद्दीक नाजिर को गिरफ्तार कर लिया है ।,4.0,0.0,-0.8162,3.2,0.4966,-0.2571,-3.0188,1
train-s1636,आतंकी ट्रेनिंग लेने के लिए शुरुआती दौर में ही नियंत्रण रेखा के पार जाने वाले कश्मीरियों में से वजा ने एक और सनसनीखेज जानकारी दी है ।,SOV,27,99,0.002,0.4819,0.6087,28,यासीन मलिक के रहस्योद्घाटन के बाद जेकेएलएफ के एक और पूर्व आतंकी अब्दुल अहद वजा ने कहा है कि रावलपिंडी में राशिद का बंगला १९८७ से ९२ के बीच कश्मीरी आतंकियों के लिए गेस्ट हाउस और हथियारों के गोदाम के रूप में इस्तेमाल होता था ।,-4.1414,0.0,-2.1752,-7.8703,-9.5765,-3.3135,-1.7232,1
train-s1651,इसे राष्ट्रीय जनादेश या जनभावना कहना गलत है ।,SOV,9,1,-0.0339,0.489,0.6667,18,आतंकी ट्रेनिंग लेने के लिए शुरुआती दौर में ही नियंत्रण रेखा के पार जाने वाले कश्मीरियों में से वजा ने एक और सनसनीखेज जानकारी दी है ।,-5.0,0.0,-16.3506,-4.2584,-5.2916,-14.59,-8.042,1
train-s1658,चुनावों में हार के मुद्दे पर उन्होंने कहा कि बेशक इससे भाजपा को गहरा झटका लगा है और इसकी समीक्षा की जाएगी ।,SOV,23,5,-0.0635,0.4724,0.4444,4,इसे राष्ट्रीय जनादेश या जनभावना कहना गलत है ।,-1.2,0.0,-15.911,-4.2695,-6.3929,-15.911,-1.0399,1
train-s1665,उन्होंने स्पष्ट किया कि विपक्ष में रहते हुए भी सही मुद्दों पर सरकार का सहयोग किया जाएगा ।,SOV,18,1,-0.0231,0.5029,0.6087,14,चुनावों में हार के मुद्दे पर उन्होंने कहा कि बेशक इससे भाजपा को गहरा झटका लगा है और इसकी समीक्षा की जाएगी ।,0.0,2.0,-31.5876,-15.1641,-15.5128,-22.9879,-8.7052,1
train-s1667,कोईराला के भतीजे और नेपाली कांग्रेस सदस्य शेखर कोइराला ने पत्रकारों को बताया है कि ब्रोंकाइटिस से पीड़ित कोईराला की तबियत में सुधार हो रहा है और वह शनिवार शपथ लेंगे ।,SOV,32,1,0.1074,0.5056,0.6667,12,उन्होंने स्पष्ट किया कि विपक्ष में रहते हुए भी सही मुद्दों पर सरकार का सहयोग किया जाएगा ।,-8.0,0.0,-14.298,-10.7638,-8.2088,-14.298,-1.7616,1
train-s1669,लोकतंत्र की बहाली के लिए नेपाल में विरोध प्रदर्शनों की अगुवाई करने वाले सात दलीय गठबंधन की ओर से चुने गए कोईराला को कल ही नेपाल नरेश ज्ञानेंद्र ने प्रधानमंत्री नियुक्त किया था ।,DOSV,34,99,-0.0511,0.5249,0.5312,17,कोईराला के भतीजे और नेपाली कांग्रेस सदस्य शेखर कोइराला ने पत्रकारों को बताया है कि ब्रोंकाइटिस से पीड़ित कोईराला की तबियत में सुधार हो रहा है और वह शनिवार शपथ लेंगे ।,-30.4646,0.0,-10.8456,-14.1879,-13.2448,-10.8608,0.0828,1
train-s1674,अमेरिका ने चीनी सेना के बढ़ते विस्तार पर गहरी चिंता जताते हुए इस सैन्य तैयारी को चीन की क्षेत्रीय सैन्य जरूरतों के अनुपात में अधिक व्यापक करार दिया है ।,SOV,30,99,0.0869,0.4809,0.5294,18,लोकतंत्र की बहाली के लिए नेपाल में विरोध प्रदर्शनों की अगुवाई करने वाले सात दलीय गठबंधन की ओर से चुने गए कोईराला को कल ही नेपाल नरेश ज्ञानेंद्र ने प्रधानमंत्री नियुक्त किया था ।,-0.697,0.0,-16.9763,-14.3809,-12.8948,-16.9253,-4.7647,1
train-s1675,वैसे अमेरिका ने चीन और पाकिस्तान के बीच हुए एटमी व रक्षा समझौतों को सामान्य द्विपक्षीय मामला करार दिया है ।,SOV,21,99,0.0184,0.5321,0.8,24,अमेरिका ने चीनी सेना के बढ़ते विस्तार पर गहरी चिंता जताते हुए इस सैन्य तैयारी को चीन की क्षेत्रीय सैन्य जरूरतों के अनुपात में अधिक व्यापक करार दिया है ।,2.2323,0.0,-24.7795,-18.1096,-18.336,-15.6981,-5.8633,1
train-s168,इस लिफ्ट तक पहुँचने के लिए आपको लंबी कतार से जूझना होगा ।,SOV,13,5,0.1246,0.4926,0.5652,13,इस मौसम की सुहानी सुबह में आपको फ्रेंच लोग पिस्त्रो में कॉफी और 'लोफ ब्रेड' का आनंद उठाते नजर आएंगे ।,-3.6,-1.2,-1.5161,-1.8633,-4.6981,0.3155,-0.5755,1
train-s1686,दिल्ली में हुए बेहद रोमांचक मुकाबले में भारत ने इंग्लैंड को ३९ रनों से हरा दिया ।,SOV,17,99,-0.0191,0.4587,0.6667,14,वैसे अमेरिका ने चीन और पाकिस्तान के बीच हुए एटमी व रक्षा समझौतों को सामान्य द्विपक्षीय मामला करार दिया है ।,-1.9899,0.0,-15.3424,-4.3732,-3.0587,-15.2486,-0.7656,1
train-s1692,गौतम गंभीर ने कुछ आकर्षक शॉट लगाए लेकिन वे भी २५ रनों के निजी स्कोर पर कबीर अली की गेंद का शिकार बन बैठे ।,SOV,25,1,-0.0057,0.5632,0.5294,9,दिल्ली में हुए बेहद रोमांचक मुकाबले में भारत ने इंग्लैंड को ३९ रनों से हरा दिया ।,0.0,0.0,-3.4847,-8.4645,-7.8498,-3.4847,-3.1533,1
train-s1694,युवराज को अली ने ही क्लीन बोल्ड किया ।,DOSV,9,5,-0.0097,0.5268,0.56,14,गौतम गंभीर ने कुछ आकर्षक शॉट लगाए लेकिन वे भी २५ रनों के निजी स्कोर पर कबीर अली की गेंद का शिकार बन बैठे ।,0.0,0.0,1.7228,-3.7546,-5.1228,-0.9522,-1.0048,1
train-s1698,रैना २४ पर ब्लैकविल की गेंद पर कॅलिंगवुड को कैच थमा बैठे ।,SOV,13,99,-0.2384,0.4918,0.4444,4,युवराज को अली ने ही क्लीन बोल्ड किया ।,0.0202,0.0,0.1202,2.7027,2.5129,0.1202,-1.8963,1
train-s170,और आप पेरिस की खूबसूरती का नया रूप देखेंगे ।,SOV,10,5,-0.0788,0.5272,0.6923,9,इस लिफ्ट तक पहुँचने के लिए आपको लंबी कतार से जूझना होगा ।,6.0,-1.2,1.2354,-2.8074,-7.859,1.9677,-1.7567,1
train-s1700,२० रन बनाने के बाद धोनी ने प्लंकेट की गेंद पर कॅलिंगवुड को कैच दे बैठे ।,SOV,17,99,0.0297,0.5664,0.3846,5,रैना २४ पर ब्लैकविल की गेंद पर कॅलिंगवुड को कैच थमा बैठे ।,-8.1818,0.0,-9.5366,-3.3016,-6.7848,-8.6842,-2.894,1
train-s1704,इसी ओवर में पठान ने शाह को भी पवेलियन लौटाया ।,SOV,11,23,-0.0596,0.5254,0.4706,8,२० रन बनाने के बाद धोनी ने प्लंकेट की गेंद पर कॅलिंगवुड को कैच दे बैठे ।,-2.6087,0.0,-0.4709,1.2152,0.5876,-0.3605,-2.0449,1
train-s1706,उसके बाद प्रियोर और पीटरसन ने मिलकर स्कोर को आगे बढ़ाया ।,SOV,12,99,-0.1719,0.5103,0.4545,5,इसी ओवर में पठान ने शाह को भी पवेलियन लौटाया ।,-3.9192,1.0202,-25.1576,-6.5395,-9.5237,-24.3596,-5.8399,1
train-s1708,प्रियोर के बाद आए कप्तान फ्लिंटॅफ ने पीटरसन के साथ मिलकर मजबूत साझेदारी निभाई ।,SOV,15,5,-0.0507,0.4662,0.75,9,उसके बाद प्रियोर और पीटरसन ने मिलकर स्कोर को आगे बढ़ाया ।,-6.0,0.0,0.8715,-6.6581,-10.1577,1.1337,-2.499,1
train-s1709,पीटरसन को ४६ रन के स्कोर पर युवराज ने आउट किया ।,DOSV,12,23,0.0688,0.4778,0.6,9,प्रियोर के बाद आए कप्तान फ्लिंटॅफ ने पीटरसन के साथ मिलकर मजबूत साझेदारी निभाई ।,-3.1304,0.0,-10.1599,-6.4608,-4.7364,-8.3876,-0.4974,1
train-s1711,प्लंकेट १४ पर पठान की गेंद पर गंभीर को कैच दे बैठे ।,SOV,13,99,-0.1855,0.5003,0.5833,7,पीटरसन को ४६ रन के स्कोर पर युवराज ने आउट किया ।,0.0606,0.0,-5.8672,0.0372,-0.6909,-5.8669,0.5612,1
train-s1714,युक्सी ने वरिष्ठ संपादकों के साथ एक विशेष मुलाकात में कहा कि दोनों देशों ने अपने रणनीतिक रिश्ते को सुधारने की सराहनीय पहल की है ।,SOV,26,5,0.0154,0.5316,0.5385,7,प्लंकेट १४ पर पठान की गेंद पर गंभीर को कैच दे बैठे ।,2.4,0.0,-7.4094,-5.8678,-5.0897,-7.4094,-0.0743,1
train-s1729,हाल ही में रूस के साथ सैन्य अभ्यास में हमने भारतीय पर्यवेक्षकों को आमंत्रित किया था ।,SOV,17,99,0.1102,0.5133,0.6923,18,युक्सी ने वरिष्ठ संपादकों के साथ एक विशेष मुलाकात में कहा कि दोनों देशों ने अपने रणनीतिक रिश्ते को सुधारने की सराहनीय पहल की है ।,-6.0404,0.0,-28.6567,-18.7557,-15.6305,-28.6527,-2.5724,1
train-s1732,सूत्रों के मुताबिक धनबाद के पहाड़ाबाद गांव के पास ८ युवकों ने इन लड़कियों के साथ बलात्कार किया ।,SOV,19,99,0.1632,0.4947,0.6471,11,हाल ही में रूस के साथ सैन्य अभ्यास में हमने भारतीय पर्यवेक्षकों को आमंत्रित किया था ।,-5.7374,0.0,-22.0574,-16.2727,-18.5133,-19.844,-3.5522,1
train-s1736,उन्होंने बंदूक की नोंक पर इन सभी को अपने कब्जे में कर लिया और फिर उन्हें पास के एक खेत में ले जाकर अपनी हवस का शिकार बनाया ।,SOV,29,23,-0.0714,0.5002,0.5263,10,सूत्रों के मुताबिक धनबाद के पहाड़ाबाद गांव के पास ८ युवकों ने इन लड़कियों के साथ बलात्कार किया ।,2.6087,1.0435,-12.5604,-3.4304,-0.7519,-11.2509,-1.1637,1
train-s1737,इन युवकों ने भुक्तभोगी लड़कियों से पैसे भी छीन लिए ।,SOV,11,5,0.0707,0.5284,0.7586,22,उन्होंने बंदूक की नोंक पर इन सभी को अपने कब्जे में कर लिया और फिर उन्हें पास के एक खेत में ले जाकर अपनी हवस का शिकार बनाया ।,-1.2,0.0,-4.6288,-6.5339,-4.7514,-4.1245,-2.5431,1
train-s1738,जाते वक्त उन्होंने लड़कियों को धमकी दी कि अगर उन्होंने मुंह खोला तो उन्हें और उनके परिवार वालों को मार दिया जाएगा ।,SOV,23,23,-0.1178,0.586,0.5455,6,इन युवकों ने भुक्तभोगी लड़कियों से पैसे भी छीन लिए ।,-1.0435,-1.0435,-14.1365,-15.9699,-17.1024,-13.4981,0.639,1
train-s1739,पुलिस ने सामूहिक बलात्कार का मामला दर्ज कर लिया है ।,SOV,11,5,0.0286,0.5558,0.4348,10,जाते वक्त उन्होंने लड़कियों को धमकी दी कि अगर उन्होंने मुंह खोला तो उन्हें और उनके परिवार वालों को मार दिया जाएगा ।,-1.2,0.0,-24.2215,-17.2256,-15.3747,-24.2215,-6.5885,1
train-s1749,गुजरात विद्यापीठ ने भी सकारात्मक सजा की एक यादगार मिसाल पेश की है ।,SOV,14,5,-0.2201,0.5517,0.7273,8,पुलिस ने सामूहिक बलात्कार का मामला दर्ज कर लिया है ।,-3.6,0.0,-17.7305,-16.5766,-12.8187,-17.4179,-5.5419,1
train-s175,"इस म्यूजियम में आप मोनालिसा की पेंटिग, विक्ट्री ऑफ सेमोथरेस, मिस्र के पिरामिड की दुर्लभ वस्तुओं, वीनस के स्टेच्यू से लेकर कई विश्वप्रसिद्ध कलाकृतियों को निहार सकते हैं ।",SOV,32,5,0.1106,0.5221,0.5,5,और आप पेरिस की खूबसूरती का नया रूप देखेंगे ।,25.2,-1.2,-8.4119,-0.4546,4.8638,-8.5832,0.1003,1
train-s1751,"संस्थान प्रशासन ने आरोप को सही पाया, लेकिन प्रशासन ने शत्रुता पैदा करने वाली कोई कड़ी सजा देने की बजाय सकारात्मक सजा देने का नायाब फैसला लिया ।",SOV,29,5,0.0422,0.5211,0.7857,11,गुजरात विद्यापीठ ने भी सकारात्मक सजा की एक यादगार मिसाल पेश की है ।,-2.4,0.0,-16.5536,-5.4182,-4.9879,-16.5536,-1.222,1
train-s1762,कुछ मंत्रालयों ने लैंगिक परिप्रेक्ष्य में जनता के व्यय का ब्योरा रखने की कवायद शुरू की है ।,SOV,18,23,-0.0495,0.5553,0.6552,19,"संस्थान प्रशासन ने आरोप को सही पाया, लेकिन प्रशासन ने शत्रुता पैदा करने वाली कोई कड़ी सजा देने की बजाय सकारात्मक सजा देने का नायाब फैसला लिया ।",-0.5217,0.0,-14.3136,-15.7799,-15.4481,-14.0562,-3.6109,1
train-s1763,तकरीबन ३२ मंत्रालयों ने लैंगिक बजट के सेल बनाए हैं ।,SOV,11,1,0.0794,0.4994,0.7778,14,कुछ मंत्रालयों ने लैंगिक परिप्रेक्ष्य में जनता के व्यय का ब्योरा रखने की कवायद शुरू की है ।,0.0,0.0,-2.8935,-3.6359,-4.4445,-3.8562,-2.3179,1
train-s1767,ऐसे में अपनी किताब कॉल टू ऑनर के जरिए सच्चाई को उजागर करने की जसवंत सिंह की कोशिश खुद उन्हें मुसीबत में फंसा सकती है ।,SOV,26,23,-0.1043,0.4752,0.3636,4,तकरीबन ३२ मंत्रालयों ने लैंगिक बजट के सेल बनाए हैं ।,-25.0435,-1.0435,-5.9088,-4.1318,-7.3852,-5.9088,-0.7104,1
train-s1772,पूर्व विदेश मंत्री को देशवासियों को इस प्रश्न का जवाब देना होगा ।,SOV,13,5,0.1796,0.5227,0.6538,17,ऐसे में अपनी किताब कॉल टू ऑनर के जरिए सच्चाई को उजागर करने की जसवंत सिंह की कोशिश खुद उन्हें मुसीबत में फंसा सकती है ।,0.0,0.0,-6.9915,-5.9777,-6.0063,-6.9874,-1.8342,1
train-s1776,राज्य कांग्रेस अध्यक्ष पीरजादा मोहम्मद सईद ने शुक्रवार को मौलाना आजाद रोड पर स्थित राज्य कांग्रेस के मुख्यालय में संवाददाताओं को बताया कि ३० अक्तूबर को सीएलपी की बैठक होगी ।,SOV,31,23,0.1274,0.4819,0.7692,10,पूर्व विदेश मंत्री को देशवासियों को इस प्रश्न का जवाब देना होगा ।,-3.6522,0.0,-9.2703,-3.0168,-3.106,-9.2898,-0.0831,1
train-s1779,मुफ्ती ने राज्यपाल एस. के. सिन्हा से मिलने के लिए शनिवार को समय मांगा है ।,SOV,16,23,0.0965,0.4908,0.5806,18,राज्य कांग्रेस अध्यक्ष पीरजादा मोहम्मद सईद ने शुक्रवार को मौलाना आजाद रोड पर स्थित राज्य कांग्रेस के मुख्यालय में संवाददाताओं को बताया कि ३० अक्तूबर को सीएलपी की बैठक होगी ।,-4.6957,0.0,-9.3409,-6.5138,-4.0905,-9.2565,-3.7342,1
train-s1782,आजाद ने कार्यक्रम में पार्टी अध्यक्ष सोनिया गांधी को भी न्योता दिया है ।,SOV,14,23,-0.0911,0.5088,0.5,8,मुफ्ती ने राज्यपाल एस. के. सिन्हा से मिलने के लिए शनिवार को समय मांगा है ।,0.5217,0.0,-12.2776,-13.6319,-12.6856,-12.2262,-4.1412,1
train-s1788,पीरजादा ने ऐसी रिपोर्टो का खंडन किया कि सत्ता हस्तांतरण पर उनकी पार्टी का पीडीपी के साथ मतभेद है ।,SOV,20,1,0.0657,0.5406,0.5714,8,आजाद ने कार्यक्रम में पार्टी अध्यक्ष सोनिया गांधी को भी न्योता दिया है ।,2.0,0.0,-21.5923,-22.8324,-17.236,-21.5659,-2.9565,1
train-s1798,आयोग ने जिले के एसएसपी और जिला कलेक्टर को उस बुजुर्ग से संबंधित रिपोर्ट दो सप्ताह में भेजने को कहा है ।,SOV,22,5,-0.1029,0.5304,0.65,13,पीरजादा ने ऐसी रिपोर्टो का खंडन किया कि सत्ता हस्तांतरण पर उनकी पार्टी का पीडीपी के साथ मतभेद है ।,9.6,0.0,-8.5236,-9.4975,-13.1846,-8.5081,-3.8726,1
train-s1799,एक राष्ट्रीय अखबार में २८ अक्तूबर को खबर प्रकाशित होने के बाद आयोग ने इस मामले को संज्ञान में लिया है ।,SOV,22,23,0.045,0.4839,0.7273,16,आयोग ने जिले के एसएसपी और जिला कलेक्टर को उस बुजुर्ग से संबंधित रिपोर्ट दो सप्ताह में भेजने को कहा है ।,-15.1304,0.0,-3.0919,-4.723,-6.0535,-1.878,-1.9281,1
train-s1800,९० साल का रामचंद्र महीनों से मुहाली के फेज़ पांच के बस स्टैंड पर रहने को मजबूर है ।,SOV,19,23,0.0778,0.4928,0.6818,15,एक राष्ट्रीय अखबार में २८ अक्तूबर को खबर प्रकाशित होने के बाद आयोग ने इस मामले को संज्ञान में लिया है ।,-0.5217,0.0,-12.9865,-6.4554,-7.0749,-11.4912,-0.6213,1
train-s1802,अश्लील सीडी प्रकरण में फंसे भाजपा के कद्दावर नेता संजय जोशी ने पुलिस से शिकायत की है कि उन्हें ब्लैकमेल करने की कोशिश की जा रही है ।,SOV,28,5,-0.0275,0.482,0.6316,12,९० साल का रामचंद्र महीनों से मुहाली के फेज़ पांच के बस स्टैंड पर रहने को मजबूर है ।,-13.2,0.0,-8.3693,-13.5672,-13.1657,-8.0867,-4.2412,1
train-s1804,इस सीडी के सामने आने के बाद जोशी ने पार्टी महासचिव पद से इस्तीफा दे दिया था ।,SOV,18,23,0.008,0.5613,0.6429,18,अश्लील सीडी प्रकरण में फंसे भाजपा के कद्दावर नेता संजय जोशी ने पुलिस से शिकायत की है कि उन्हें ब्लैकमेल करने की कोशिश की जा रही है ।,-8.3478,0.0,-20.2321,-13.4945,-13.516,-21.9314,-6.6846,1
train-s1808,वहीं पार्टी के दो वरिष्ठ नेता प्रमोद महाजन और पूर्व अध्यक्ष वेंकैया नायडू ने जोशी का बचाव करते हुए कहा कि वह पूरी तरह से निर्दोष हैं और यह सारी कवायद पार्टी की छवि को धूमिल करने का प्रयास है ।,SOV,41,5,-0.0942,0.4918,0.6111,11,इस सीडी के सामने आने के बाद जोशी ने पार्टी महासचिव पद से इस्तीफा दे दिया था ।,4.8,0.0,-0.2922,-2.2454,-5.4285,-2.759,-1.3645,1
train-s181,यहाँ बोटिंग करते हुए आप प्रकृति के सुंदर नजारों के साथ - साथ पेरिस के अतीत से भी साक्षात्कार कर सकते हैं ।,SOV,23,99,0.1478,0.4821,0.375,12,"इस म्यूजियम में आप मोनालिसा की पेंटिग, विक्ट्री ऑफ सेमोथरेस, मिस्र के पिरामिड की दुर्लभ वस्तुओं, वीनस के स्टेच्यू से लेकर कई विश्वप्रसिद्ध कलाकृतियों को निहार सकते हैं ।",5.1111,0.9192,-4.2336,-4.4873,-4.0387,-4.0841,-6.4726,1
train-s1813,उन्होंने इस संबंध में विस्तृत ब्योरा देने से इंकार कर दिया ।,SOV,12,23,0.067,0.4963,0.6341,26,वहीं पार्टी के दो वरिष्ठ नेता प्रमोद महाजन और पूर्व अध्यक्ष वेंकैया नायडू ने जोशी का बचाव करते हुए कहा कि वह पूरी तरह से निर्दोष हैं और यह सारी कवायद पार्टी की छवि को धूमिल करने का प्रयास है ।,0.5217,1.0435,-35.5966,-27.0967,-25.6636,-35.5966,-6.2005,1
train-s1816,वहीं पूर्व पार्टी अध्यक्ष वेंकैया नायडू ने कहा कि इस पूरी कवायद का मकसद पार्टी की छवि को धूमिल करना है ।,SOV,22,1,-0.0196,0.5162,0.6667,8,उन्होंने इस संबंध में विस्तृत ब्योरा देने से इंकार कर दिया ।,5.0,0.0,-16.8171,-2.6646,-10.276,-16.8171,-1.7111,1
train-s1818,इस बारे में उन्होंने खुद पार्टी अध्यक्ष एल के आडवाणी से अनुरोध किया था ।,SOV,15,99,0.0589,0.471,0.5909,13,वहीं पूर्व पार्टी अध्यक्ष वेंकैया नायडू ने कहा कि इस पूरी कवायद का मकसद पार्टी की छवि को धूमिल करना है ।,1.1919,-0.0202,-22.2949,-15.7648,-16.1528,-20.8738,-5.1718,1
train-s1819,वरिष्ठ नेताओं से विचार -JOIN विमर्श के बाद अध्यक्ष ने उनके अनुरोध को स्वीकार कर लिया ।,SOV,17,99,0.0999,0.5174,0.5333,8,इस बारे में उन्होंने खुद पार्टी अध्यक्ष एल के आडवाणी से अनुरोध किया था ।,-6.0202,0.0,-33.4042,-20.3999,-18.253,-30.1271,-3.7226,1
train-s182,इसके साथ ही सेन नदी के किनारों पर चहलकदमी करते हुए फ्रेंच जीवन से रूबरू होना बेहद सुंदर अनुभव है ।,SOV,21,23,0.1251,0.4721,0.5652,13,यहाँ बोटिंग करते हुए आप प्रकृति के सुंदर नजारों के साथ - साथ पेरिस के अतीत से भी साक्षात्कार कर सकते हैं ।,-1.5652,1.0435,-8.5114,-3.2154,-5.0603,-8.8269,-4.2057,1
train-s1823,झलकियां सम्मेलन में आज भी संजय जोशी अनौपचारिक चर्चा का केंद्र रहे ।,SOV,13,23,0.0321,0.498,0.6471,11,वरिष्ठ नेताओं से विचार -JOIN विमर्श के बाद अध्यक्ष ने उनके अनुरोध को स्वीकार कर लिया ।,1.5652,0.0,0.04,-1.8449,0.3512,0.3901,-1.8924,1
train-s1828,उन्होंने संजय जोशी से कहा कि वे अपना सामान बांध ले और वापस नागपुर चले जाएं ।,SOV,17,1,0.0382,0.5198,0.6154,8,झलकियां सम्मेलन में आज भी संजय जोशी अनौपचारिक चर्चा का केंद्र रहे ।,2.0,2.0,0.1374,4.7628,6.1052,-3.0161,-0.8122,1
train-s1839,कृषि विज्ञान केंद्रों को अपने मल्टीमीडिया नेटवर्क को बेहतर बनाने के लिए भारतीय कृषि अनुसंधान परिषद एक लाख रुपये देगा ।,IOSV,21,23,-0.0295,0.5083,0.4118,7,उन्होंने संजय जोशी से कहा कि वे अपना सामान बांध ले और वापस नागपुर चले जाएं ।,-3.6522,0.0,-3.6108,-3.3297,0.33,-3.671,-1.1723,1
train-s1840,विज्ञान केंद्रों के दो दिवसीय सम्मेलन के समापन्न मौके पर परिषद के महानिदेशक मंगला राय ने शुक्रवार को बताया कि केंद्रों का दूसरा सम्मेलन अगले साल हैदराबाद में आयोजित किया जाएगा ।,SOV,32,5,0.1641,0.4519,0.6667,14,कृषि विज्ञान केंद्रों को अपने मल्टीमीडिया नेटवर्क को बेहतर बनाने के लिए भारतीय कृषि अनुसंधान परिषद एक लाख रुपये देगा ।,-9.6,0.0,-0.9256,-5.483,-8.1302,-1.6945,-1.4552,1
train-s1841,इससे पहले केंद्रीय कृषि मंत्री शरद पवार ने कहा कि हर साल बेहतर कार्य करने वाले तीन केंद्रों को पुरस्कृत किया जाएगा ताकि केंद्रों को प्रोत्साहित किया जा सके ।,SOV,30,1,0.1034,0.4762,0.5938,19,विज्ञान केंद्रों के दो दिवसीय सम्मेलन के समापन्न मौके पर परिषद के महानिदेशक मंगला राय ने शुक्रवार को बताया कि केंद्रों का दूसरा सम्मेलन अगले साल हैदराबाद में आयोजित किया जाएगा ।,4.0,2.0,-11.2984,-4.5845,-3.7316,-11.2697,-6.4249,1
train-s1842,सम्मेलन में मंगला राय ने कहा कि कृषि विज्ञान केंद्र भारतीय कृषि क्षेत्र में बदलाव करने के माध्यम हैं और भविष्य में इनकी भूमिका और ज्यादा अहम होगी ।,SOV,29,1,0.0951,0.4806,0.6333,19,इससे पहले केंद्रीय कृषि मंत्री शरद पवार ने कहा कि हर साल बेहतर कार्य करने वाले तीन केंद्रों को पुरस्कृत किया जाएगा ताकि केंद्रों को प्रोत्साहित किया जा सके ।,1.0,0.0,-2.4085,-0.5045,-2.1735,-2.3957,0.7129,1
train-s1857,लोकसभा चुनाव के बाद पहली बार मीडिया से मुखातिब हुए आडवाणी ने शुक्रवार को माना कि चुनावी नतीजों से भाजपा की उम्मीदों को तगड़ा झटका लगा है ।,SOV,28,23,0.1107,0.4998,0.6552,19,सम्मेलन में मंगला राय ने कहा कि कृषि विज्ञान केंद्र भारतीय कृषि क्षेत्र में बदलाव करने के माध्यम हैं और भविष्य में इनकी भूमिका और ज्यादा अहम होगी ।,-1.0435,0.0,-4.2416,-2.4897,-8.2026,-4.201,-3.7609,1
train-s186,वहीं दूसरी ओर वे फिल्म निर्माण की बारीकियों से भी रूबरू होते हैं ।,SOV,14,99,0.0758,0.503,0.619,13,इसके साथ ही सेन नदी के किनारों पर चहलकदमी करते हुए फ्रेंच जीवन से रूबरू होना बेहद सुंदर अनुभव है ।,3.7778,-0.0303,-17.4509,-13.0193,-16.2625,-19.3506,-3.429,1
train-s1860,यह जुमला उन्होंने किसी अखबार के शीर्षक से ही लिया था ।,DOSV,12,5,-0.0044,0.5326,0.6429,18,लोकसभा चुनाव के बाद पहली बार मीडिया से मुखातिब हुए आडवाणी ने शुक्रवार को माना कि चुनावी नतीजों से भाजपा की उम्मीदों को तगड़ा झटका लगा है ।,4.8,-1.2,4.5212,2.1417,0.5333,4.5212,-0.675,1
train-s1862,"आडवाणी के मुताबिक इन नारों ने भाजपा के राजनीतिक विरोधियों को गरीबी, असंतुलित विकास, बेरोजगारी और किसानों की समस्याओं को उठाते हुए हम पर हमले करने का मौका दे दिया ।",SOV,33,99,0.08,0.4427,0.5833,7,यह जुमला उन्होंने किसी अखबार के शीर्षक से ही लिया था ।,16.8384,0.0,-15.9066,-6.7731,-6.7858,-15.7279,-6.3584,1
train-s1865,सोनिया गांधी की ओर इशारा करते हुए उन्होंने कहा कि फिलहाल प्रधानमंत्री पद को लेकर देश को राहत है ।,SOV,20,1,-0.1991,0.5374,0.4545,15,"आडवाणी के मुताबिक इन नारों ने भाजपा के राजनीतिक विरोधियों को गरीबी, असंतुलित विकास, बेरोजगारी और किसानों की समस्याओं को उठाते हुए हम पर हमले करने का मौका दे दिया ।",-6.0,-2.0,-2.4592,-2.6401,-4.1301,-2.4592,0.6581,1
train-s1873,यह हमारी विचारधारा से जुड़ा है ।,SOV,7,1,0.1955,0.4748,0.45,9,सोनिया गांधी की ओर इशारा करते हुए उन्होंने कहा कि फिलहाल प्रधानमंत्री पद को लेकर देश को राहत है ।,2.0,2.0,-12.0539,-6.3083,-4.3361,-12.059,-1.7201,1
train-s1878,विदेश मंत्रालय में संयुक्त सचिव दिलीप सिन्हा पाकिस्तान के विदेश मंत्रालय के दक्षिण एशिया डिवीज़न के महानिदेशक इब्ने अब्बास से इस मसले पर बातचीत करेंगे.,SOV,26,99,0.1652,0.4396,0.7143,5,यह हमारी विचारधारा से जुड़ा है ।,-3.9192,0.0,-22.1236,-8.7625,-6.9848,-22.1236,-4.8494,1
train-s188,अपनी जीवटता के कारण वे हर तूफान के बाद शहर की बदशक्‍ल हो चुकी शक्ल को पहले से ज्यादा सुंदर बना देते हैं ।,SOV,24,99,0.172,0.5592,0.4286,6,वहीं दूसरी ओर वे फिल्म निर्माण की बारीकियों से भी रूबरू होते हैं ।,5.8788,-1.0606,-5.1569,-5.8583,-6.985,-3.6298,-2.0232,1
train-s1883,"भारत ने नियंत्रण रेखा पर तीन जगहों उड़ी में अमन सेतु, तंगधार में टिटवाल और पूंछ में चकन -JOIN दा - बाग में राहत कैंप खोलने का प्रस्ताव दिया है.",SOV,32,1,0.0992,0.4804,0.5769,15,विदेश मंत्रालय में संयुक्त सचिव दिलीप सिन्हा पाकिस्तान के विदेश मंत्रालय के दक्षिण एशिया डिवीज़न के महानिदेशक इब्ने अब्बास से इस मसले पर बातचीत करेंगे.,25.0,0.0,-6.9625,-10.1029,-5.5974,-6.9625,-4.994,1
train-s1885,एक स्थानीय अदालत ने बृहस्पतिवार को केंद्रीय मानव संसाधन विकास मंत्री अर्जुन सिंह के खिलाफ़ दायर मानहानि की याचिका को रद्द कर दिया.,SOV,24,99,0.0962,0.4764,0.5,16,"भारत ने नियंत्रण रेखा पर तीन जगहों उड़ी में अमन सेतु, तंगधार में टिटवाल और पूंछ में चकन -JOIN दा - बाग में राहत कैंप खोलने का प्रस्ताव दिया है.",-3.5556,0.0,-28.6609,-19.435,-15.0462,-28.6343,-7.1067,1
train-s1887,अर्जुन सिंह ने ९ अगस्त को अपनी टिथी में कहा था कि महात्मा गांधी की हत्या में आरएसएस का हाथ है.,SOV,22,5,-0.0471,0.5091,0.75,18,एक स्थानीय अदालत ने बृहस्पतिवार को केंद्रीय मानव संसाधन विकास मंत्री अर्जुन सिंह के खिलाफ़ दायर मानहानि की याचिका को रद्द कर दिया.,0.0,0.0,-1.1664,-1.0834,0.8849,0.0986,-0.2542,1
train-s1895,आम बजट को काफ़ी हद तक न्यूनतम साझा कार्यक्रम (सीएमपी) के मुताबिक बताते हुए वामदलों ने इसे बेहतर बताया है.,SOV,23,23,0.0856,0.5428,0.5909,13,अर्जुन सिंह ने ९ अगस्त को अपनी टिथी में कहा था कि महात्मा गांधी की हत्या में आरएसएस का हाथ है.,-24.0,0.0,-10.828,-7.7406,-7.6211,-10.7202,-2.907,1
train-s1897,वरिष्ठ माकपा नेता नीलोत्पल बसु के मुताबिक आम बजट में न्यूनतम साझा कार्यक्रम की झलक साफ़ नज़र आती है.,SOV,20,23,0.0545,0.4237,0.5217,12,आम बजट को काफ़ी हद तक न्यूनतम साझा कार्यक्रम (सीएमपी) के मुताबिक बताते हुए वामदलों ने इसे बेहतर बताया है.,-6.7826,0.0,-11.0417,-7.414,-6.9772,-9.1963,-2.4134,1
train-s1902,बहस के दौरान वह इस मुद्दे को उठाएंगे.,SOV,9,5,0.2381,0.4089,0.65,13,वरिष्ठ माकपा नेता नीलोत्पल बसु के मुताबिक आम बजट में न्यूनतम साझा कार्यक्रम की झलक साफ़ नज़र आती है.,0.0,-1.2,-9.2698,-4.1338,-4.3265,-10.0092,-1.2562,1
train-s1903,कृषि आवंटन का जिक्र करते हुए उन्होंने कहा कि इस क्षेत्र के विकास के लिए और ज्यादा प्रावधान किए जाने चाहिए थे.,SOV,23,1,-0.145,0.5454,0.4444,4,बहस के दौरान वह इस मुद्दे को उठाएंगे.,-5.0,-2.0,-1.258,-3.0393,-9.0462,-1.258,-0.7392,1
train-s1904,पेट्रोलियम पदार्थो पर उपकर लगाने के प्रस्ताव का समर्थन करते हुए माकपा नेता ने कहा कि इन पदार्थो पर कस्टम ड्यूटी घटाई गई है.,SOV,25,1,0.0737,0.5159,0.6087,14,कृषि आवंटन का जिक्र करते हुए उन्होंने कहा कि इस क्षेत्र के विकास के लिए और ज्यादा प्रावधान किए जाने चाहिए थे.,-8.0,0.0,-1.4116,5.5972,2.6595,-1.4107,1.0502,1
train-s1908,बजट पर बहस के दौरान वह इन मुद्दों को पूरे शिद्दत के साथ उठाएंगे.,SOV,15,99,-0.0095,0.5246,0.48,12,पेट्रोलियम पदार्थो पर उपकर लगाने के प्रस्ताव का समर्थन करते हुए माकपा नेता ने कहा कि इन पदार्थो पर कस्टम ड्यूटी घटाई गई है.,4.2424,0.0202,-8.0252,-5.5204,-6.4069,-8.4471,-1.2911,1
train-s191,पर्यटकों की खासी आवाजाही ने इस उपनगर को महानगर जैसा रूप दे दिया है ।,SOV,15,5,0.1409,0.5381,0.625,15,अपनी जीवटता के कारण वे हर तूफान के बाद शहर की बदशक्‍ल हो चुकी शक्ल को पहले से ज्यादा सुंदर बना देते हैं ।,-2.4,0.0,-6.9952,-5.0859,-4.5161,-6.9895,-2.4286,1
train-s1923,पर एहतियाती कदम उठाने की जगह मौसम विभाग ने दक्षिण भारत में भूकंप की सूचना को झुठलाते हुए लोगों को गुमराह किया.,SOV,23,99,0.0227,0.5111,0.5333,8,बजट पर बहस के दौरान वह इन मुद्दों को पूरे शिद्दत के साथ उठाएंगे.,-0.3333,0.0,-12.3901,-17.3508,-14.1781,-10.0331,0.1337,1
train-s1925,यह जानकारी विज्ञान एवं प्रौद्योगिकी संसदीय स्थायी समिति को पेश दस्तावेज से मिली है.,SOV,15,5,0.0023,0.5288,0.7391,17,पर एहतियाती कदम उठाने की जगह मौसम विभाग ने दक्षिण भारत में भूकंप की सूचना को झुठलाते हुए लोगों को गुमराह किया.,1.2,0.0,7.57,2.9298,2.444,7.57,-2.8159,1
train-s1929,फिर भी मौसम विभाग ने अपना अगला एक घंटा दक्षिण भारत में भूकंप की खबर को झुठलाते हुए लोगों को लापरवाह करने में लगा दिया.,SOV,26,99,0.1498,0.4807,0.6667,10,यह जानकारी विज्ञान एवं प्रौद्योगिकी संसदीय स्थायी समिति को पेश दस्तावेज से मिली है.,12.5758,0.0,-7.9064,-4.8906,-5.6061,-7.91,-1.9417,1
train-s1937,अगले एक घंटे में जो कुछ हुआ उस पर विश्वास करना कठिन है ।,SOV,14,1,0.0522,0.5176,0.6538,17,फिर भी मौसम विभाग ने अपना अगला एक घंटा दक्षिण भारत में भूकंप की खबर को झुठलाते हुए लोगों को लापरवाह करने में लगा दिया.,-10.0,0.0,-15.8492,-12.8448,-10.5694,-15.9833,-4.5126,1
train-s1938,मौसम विभाग ने आंकड़ों का विस्तृत विश्लेषण जारी रखा.,SOV,10,5,0.0644,0.4709,0.7857,11,अगले एक घंटे में जो कुछ हुआ उस पर विश्वास करना कठिन है ।,-2.4,0.0,-4.9931,-4.1425,-2.8561,-4.9931,-5.1526,1
train-s1941,मौसम विभाग आंकड़े डाउनलोड करता रहा और सुनामी लहरें लोंगों को लीलने लगीं.,SOV,14,5,0.0927,0.4859,0.8,8,मौसम विभाग ने आंकड़ों का विस्तृत विश्लेषण जारी रखा.,-1.2,0.0,-14.7843,-3.5758,-5.0571,-12.8559,-0.8984,1
train-s1948,इस संबध में कांग्रेस पार्टी की सदस्य सुखबंस कौर द्वारा पूछे गए प्रश्न के जवाब में नटवर सिंह ने कहा कि सियाचिन मुद्दे का सर्वमान्य हल निकालने के लिए दोनों देशों के रक्षा सचिवों की बैठक अगले महीने होने की संभावना है.,SOV,43,1,-0.0485,0.5493,0.4286,6,मौसम विभाग आंकड़े डाउनलोड करता रहा और सुनामी लहरें लोंगों को लीलने लगीं.,-13.0,0.0,1.8989,1.3291,-1.216,1.8989,0.0892,1
train-s1952,सीमापार आतंकियों के शिविर के बारे में सिंह ने कहा कि जकार्ता में पाकिस्तान के साथ इस मुद्दे को उठाया गया था.,SOV,23,5,0.1469,0.5041,0.6047,26,इस संबध में कांग्रेस पार्टी की सदस्य सुखबंस कौर द्वारा पूछे गए प्रश्न के जवाब में नटवर सिंह ने कहा कि सियाचिन मुद्दे का सर्वमान्य हल निकालने के लिए दोनों देशों के रक्षा सचिवों की बैठक अगले महीने होने की संभावना है.,1.2,0.0,-9.4026,0.9828,-0.6738,-6.5703,-1.2683,1
train-s1957,सिंह माकपा के नीलोत्पल बसु द्वारा उठाए गए प्रश्न का जवाब दे रहे थे.,SOV,15,1,0.0626,0.5298,0.6087,14,सीमापार आतंकियों के शिविर के बारे में सिंह ने कहा कि जकार्ता में पाकिस्तान के साथ इस मुद्दे को उठाया गया था.,9.0,0.0,-10.3209,-5.7873,-6.4576,-6.0835,-4.5416,1
train-s1962,हालांकि वायुसेना की योजना को लेकर आश्वस्त एअर चीफ़ मार्शल एस. कृष्णास्वामी का कहना है कि हम अगले छह महीनों में बेस से लड़ाकू विमान उड़ाना शुरू कर देंगे.,SOV,30,1,0.1195,0.5164,0.4,6,सिंह माकपा के नीलोत्पल बसु द्वारा उठाए गए प्रश्न का जवाब दे रहे थे.,12.0,0.0,-22.7008,-20.3482,-15.9542,-22.7008,-14.7701,1
train-s1969,यूपीए अध्यक्ष सोनिया गांधी और वायुसेना प्रमुख एस. कृष्णास्वामी के साथ कार निकोबार का एक दिन का दौरा करने के बाद मुखर्जी ने कहा कि २७ वायुसैनिकों के मारे जाने की पुष्टि की है.,SOV,35,1,0.1552,0.5084,0.5333,16,हालांकि वायुसेना की योजना को लेकर आश्वस्त एअर चीफ़ मार्शल एस. कृष्णास्वामी का कहना है कि हम अगले छह महीनों में बेस से लड़ाकू विमान उड़ाना शुरू कर देंगे.,-19.0,0.0,0.4008,0.85,-2.0498,0.4003,-5.7425,1
train-s1976,पहाड़ों की यह सर्दी मैदानी इलाकों को भी कंपकंपा गई.,SOV,11,1,0.0327,0.5141,0.6286,22,यूपीए अध्यक्ष सोनिया गांधी और वायुसेना प्रमुख एस. कृष्णास्वामी के साथ कार निकोबार का एक दिन का दौरा करने के बाद मुखर्जी ने कहा कि २७ वायुसैनिकों के मारे जाने की पुष्टि की है.,0.0,0.0,2.2584,-3.4124,1.2836,2.2582,0.9687,1
train-s199,यहाँ के इंटरनेशनल ड्राइव मार्ग पर बनी यह इमारत सभी का ध्यान खींचती है ।,SOV,15,1,-0.1165,0.4834,0.6,9,पर्यटकों की खासी आवाजाही ने इस उपनगर को महानगर जैसा रूप दे दिया है ।,-6.0,0.0,-9.6588,-7.6007,-7.9193,-9.6487,-2.4104,1
train-s1990,इसी कारण रेल विभाग ने आज सात ट्रेनें रद्द कर दी हैं.,SOV,13,99,0.1904,0.4437,0.6364,7,पहाड़ों की यह सर्दी मैदानी इलाकों को भी कंपकंपा गई.,-2.9394,1.0101,-25.1721,-10.5843,-11.4629,-25.1721,-7.0497,1
train-s1998,वैज्ञानिक इसे 'बेबी प्लेनेट' भी कह रहे हैं.,SOV,11,5,-0.0493,0.4258,0.6923,9,इसी कारण रेल विभाग ने आज सात ट्रेनें रद्द कर दी हैं.,4.8,-1.2,-8.4458,2.3422,4.9423,-8.4458,-0.1741,1
train-s2,इसे नवाब शाहजेहन ने बनवाया था ।,DOSV,7,1,0.0,0.5,0.0,0,,2.0,2.0,-2.4459,3.5126,3.5126,-2.4459,-0.3379,1
train-s2002,यहां वैज्ञानिकों ने धूल में छिद्र पाया.,SOV,8,23,0.1143,0.5215,0.3636,4,वैज्ञानिक इसे 'बेबी प्लेनेट' भी कह रहे हैं.,0.0,1.0435,2.1166,1.16,2.193,4.3264,-1.7572,1
train-s2004,नासा मुख्यालय में वाटसन ने बताया कि यह 'बेबी प्लेनेट' दस लाख साल पुराना है और हमारे द्वारा अभी तक देखे गए ग्रहों में यह सबसे युवा है.,SOV,31,1,-0.2402,0.5088,0.5,4,यहां वैज्ञानिकों ने धूल में छिद्र पाया.,-1.0,0.0,-7.4749,-3.0959,-2.5915,-7.474,0.2439,1
train-s2005,वाशिंगटन के कारनेजी इंस्टीट्यूशन के खगोलशास्त्री एलन बॉस ने इस नई खोज को एक चुनौती बताया.,SOV,17,5,0.1005,0.4754,0.5806,18,नासा मुख्यालय में वाटसन ने बताया कि यह 'बेबी प्लेनेट' दस लाख साल पुराना है और हमारे द्वारा अभी तक देखे गए ग्रहों में यह सबसे युवा है.,-8.4,0.0,-8.7504,-8.3982,-5.3334,-4.9457,-2.6536,1
train-s2022,कश्मीर आकर उन्होंने अधिकारियों की मिलीभगत से स्थायी निवासी होने का प्रमाण हासिल किया.,SOV,15,99,-0.0049,0.5402,0.5294,9,वाशिंगटन के कारनेजी इंस्टीट्यूशन के खगोलशास्त्री एलन बॉस ने इस नई खोज को एक चुनौती बताया.,2.2727,-1.0303,-11.1566,-11.8041,-13.4372,-11.9466,-6.1805,1
train-s2028,लाल दीन नामक एक व्यक्ति ने पाकिस्तानियों के इस इलाके में स्थायी निवासी के रूप में बसने के मामले से भारतीय विदेश मंत्रालय को अवगत कराया.,SOV,27,23,0.2422,0.4794,0.6,9,कश्मीर आकर उन्होंने अधिकारियों की मिलीभगत से स्थायी निवासी होने का प्रमाण हासिल किया.,-13.0435,0.0,-17.7427,-20.784,-19.3816,-19.5218,-4.5332,1
train-s2032,फकर दीन नामक पाकिस्तानी नागरिक के पुत्र जुल्फ़िकार ने स्थायी निवासी होने का प्रमाण हासिल कर पुंछ के सल्वा गांव में जमीन - जायदाद खरीदी थी.,SOV,27,23,0.0359,0.4794,0.7407,20,लाल दीन नामक एक व्यक्ति ने पाकिस्तानियों के इस इलाके में स्थायी निवासी के रूप में बसने के मामले से भारतीय विदेश मंत्रालय को अवगत कराया.,-10.4348,0.0,-7.2479,1.6682,1.5399,-8.4948,-2.7436,1
train-s2036,वैसे जुल्फ़िकार का परिवार खुद को भारतीय नागरिक बताता रहा.,SOV,11,23,0.094,0.47,0.4815,13,फकर दीन नामक पाकिस्तानी नागरिक के पुत्र जुल्फ़िकार ने स्थायी निवासी होने का प्रमाण हासिल कर पुंछ के सल्वा गांव में जमीन - जायदाद खरीदी थी.,1.0435,0.0,-5.3425,1.7647,1.5672,-4.3079,0.124,1
train-s2038,गुजरात के मुख्यमंत्री नरेंद्र मोदी के खिलाफ़ बागियों का नेतृत्व करने वाले पुरुषोत्तम सोलंकी के विरुद्ध कड़ा रुख अपनाते हुए भाजपा ने उन्हें शुक्रवार को कारण बताओ नोटिस जारी कर दिया.,SOV,32,99,0.2544,0.3994,0.5455,6,वैसे जुल्फ़िकार का परिवार खुद को भारतीय नागरिक बताता रहा.,-30.9798,-0.0606,-27.1994,-17.2587,-16.3869,-27.189,-7.4666,1
train-s2039,पार्टी ने राज्य में नेतृत्व परिवर्तन की किसी संभावना से इनकार किया है.,SOV,14,23,0.0289,0.5113,0.375,12,गुजरात के मुख्यमंत्री नरेंद्र मोदी के खिलाफ़ बागियों का नेतृत्व करने वाले पुरुषोत्तम सोलंकी के विरुद्ध कड़ा रुख अपनाते हुए भाजपा ने उन्हें शुक्रवार को कारण बताओ नोटिस जारी कर दिया.,0.5217,0.0,-36.9254,-21.2541,-19.2445,-32.894,-6.5442,1
train-s2042,पार्टी अध्यक्ष ने विधानसभा सत्र चलने तक पार्टी के सभी विधायकों से एकजुट रहने और उसके बाद बातचीत करने का निर्देश दिया है.,SOV,24,23,0.0185,0.5143,0.8571,12,पार्टी ने राज्य में नेतृत्व परिवर्तन की किसी संभावना से इनकार किया है.,9.913,0.0,-12.8824,-18.4927,-17.0452,-9.9801,-5.7934,1
train-s2047,बिहार से हारे पूर्व केंद्रीय मंत्री शाहनवाज हुसैन सार्वजनिक रूप से पार्टी मुख्यालय में कह रहे हैं कि उनकी हार की सबसे बड़ी वजह मोदी हैं.,SOV,27,5,0.0515,0.4919,0.625,15,पार्टी अध्यक्ष ने विधानसभा सत्र चलने तक पार्टी के सभी विधायकों से एकजुट रहने और उसके बाद बातचीत करने का निर्देश दिया है.,-6.0,0.0,3.0818,4.3002,3.9372,4.9217,-0.192,1
train-s205,यहाँ एक खास कमरे में आप भूंकप या तूफान के समय होने वाले कंपन को महसूस कर सकते हैं ।,SOV,20,99,0.1213,0.4569,0.6667,10,यहाँ के इंटरनेशनल ड्राइव मार्ग पर बनी यह इमारत सभी का ध्यान खींचती है ।,5.7677,0.9697,-13.4081,-12.8023,-12.5386,-11.6382,-3.3173,1
train-s2050,लेकिन भाजपा अध्यक्ष वेंकैया नायडू ने उन्हें आडे हाथों लिया है.,SOV,12,23,0.065,0.5133,0.5926,16,बिहार से हारे पूर्व केंद्रीय मंत्री शाहनवाज हुसैन सार्वजनिक रूप से पार्टी मुख्यालय में कह रहे हैं कि उनकी हार की सबसे बड़ी वजह मोदी हैं.,-0.5217,0.0,-14.1808,-12.5487,-12.5088,-14.1808,-7.6977,1
train-s2051,हालांकि वेंकैया के अनुसार सोलंकी ने माना कि सार्वजनिक रूप से विरोध व्यक्त करके उनसे गलती हो गई.,SOV,19,5,0.0025,0.5725,0.3333,4,लेकिन भाजपा अध्यक्ष वेंकैया नायडू ने उन्हें आडे हाथों लिया है.,1.2,0.0,-2.9438,-2.4581,-6.7467,-5.7988,-5.8926,1
train-s2052,लेकिन पार्टी ने मीडिया के सामने बयान देने के कारण उन्हें कारण बताओ नोटिस जारी किया है.,SOV,18,99,-0.1081,0.5587,0.5789,11,हालांकि वेंकैया के अनुसार सोलंकी ने माना कि सार्वजनिक रूप से विरोध व्यक्त करके उनसे गलती हो गई.,0.1414,0.0606,-41.0,-21.9084,-22.1772,-40.8441,-12.7948,1
train-s2054,भाजपा अध्यक्ष ने सोलंकी और उनके साथी विधायकों को सलाह दी कि अगर कोई समस्या है तो वे लोग विधानसभा सत्र के बाद संपर्क करें.,SOV,26,5,0.0019,0.4397,0.6111,11,लेकिन पार्टी ने मीडिया के सामने बयान देने के कारण उन्हें कारण बताओ नोटिस जारी किया है.,-2.4,0.0,-15.9457,-11.5106,-9.7149,-15.9457,-6.1119,1
train-s2055,इस समय विधानसभा में विपक्षी कांग्रेस को जवाब देना है.,SOV,11,23,0.0157,0.4849,0.5769,15,भाजपा अध्यक्ष ने सोलंकी और उनके साथी विधायकों को सलाह दी कि अगर कोई समस्या है तो वे लोग विधानसभा सत्र के बाद संपर्क करें.,-1.0435,0.0,-14.7977,-10.254,-10.5582,-15.4044,-3.8917,1
train-s2057,इस बार वैसा ही खेल केशूभाई और उनके गण मोदी के साथ खेल रहे हैं.,DOSV,16,23,0.1106,0.4712,0.7273,8,इस समय विधानसभा में विपक्षी कांग्रेस को जवाब देना है.,2.087,0.0,-2.0514,-2.4064,-2.9745,-0.3574,-4.4635,1
train-s2058,विरोधी खेमा दिल्ली तक लगातार अपना संदेश पहुंचा रहा है.,SOV,11,23,0.1067,0.4952,0.5625,9,इस बार वैसा ही खेल केशूभाई और उनके गण मोदी के साथ खेल रहे हैं.,-0.5217,0.0,1.9988,-3.8607,-3.6067,1.9988,-0.0608,1
train-s2059,इसके पहले मोदी विरोधी नेताओं ने लालकृष्ण आडवाणी से मुलाकात की थी.,SOV,13,23,0.0956,0.4904,0.4545,5,विरोधी खेमा दिल्ली तक लगातार अपना संदेश पहुंचा रहा है.,-2.087,1.0435,-22.2097,-16.0438,-15.3512,-22.5011,-7.295,1
train-s2060,आडवाणी ने स्पष्ट किया कि गुजरात की समस्या को सुलझाने की कोशिशें चल रही हैं और उन्हें भरोसा है कि समस्या का समाधान निकाल लिया जाएगा.,SOV,27,1,-0.0889,0.5636,0.4615,6,इसके पहले मोदी विरोधी नेताओं ने लालकृष्ण आडवाणी से मुलाकात की थी.,-1.0,0.0,-30.6844,-17.4927,-15.9218,-23.1809,-10.2563,1
train-s2063,दिल्ली के मुख्य आयकर आयुक्त आर के. अग्रवाल सचेत करते हैं - राहत कोष में दान देने से पहले संस्था की विश्वसनीयता परख लें.,SOV,25,1,0.0411,0.502,0.5556,15,आडवाणी ने स्पष्ट किया कि गुजरात की समस्या को सुलझाने की कोशिशें चल रही हैं और उन्हें भरोसा है कि समस्या का समाधान निकाल लिया जाएगा.,-7.0,0.0,-7.5859,-8.8601,-8.5191,-7.6884,-4.2614,1
train-s2073,आयकर में छूट का दावा करने के लिए यह ज़रूरी है.,SOV,12,5,0.258,0.4534,0.56,14,दिल्ली के मुख्य आयकर आयुक्त आर के. अग्रवाल सचेत करते हैं - राहत कोष में दान देने से पहले संस्था की विश्वसनीयता परख लें.,-8.4,-1.2,-9.5542,-6.82,-7.3006,-5.6146,-4.1002,1
train-s2074,बैंक से अधिक से अधिक लोगों को जोड़ने के लिए एसबीआई ने लांच की रिच सेविंग एकाउंट स्कीम.,SOV,19,5,0.1053,0.5152,0.6667,8,आयकर में छूट का दावा करने के लिए यह ज़रूरी है.,-10.8,0.0,-8.1776,-6.1591,-5.6851,-8.1776,-3.7872,1
train-s2078,इस स्कीम का लाभ न्यूनतम पच्चीस हजार रुपया बैलेंस रखने वाले उपभोक्ता ही उठा सकते हैं.,DOSV,17,1,-0.0288,0.5428,0.5263,10,बैंक से अधिक से अधिक लोगों को जोड़ने के लिए एसबीआई ने लांच की रिच सेविंग एकाउंट स्कीम.,5.0,0.0,10.821,5.7472,5.9095,11.1704,3.1211,1
train-s2081,बैंक इसके लिए पांच सौ रुपया कमीशन के रूप में काट लेगा.,SOV,13,23,0.0692,0.4476,0.4706,8,इस स्कीम का लाभ न्यूनतम पच्चीस हजार रुपया बैलेंस रखने वाले उपभोक्ता ही उठा सकते हैं.,5.2174,-1.0435,-6.693,-1.2381,-1.0237,-6.693,2.2817,1
train-s2086,बैठक में वक्ताओं ने कहा माफ़ी से पंजाब का माहौल अच्छा बन जाएगा.,SOV,14,1,0.0692,0.4092,0.5385,7,बैंक इसके लिए पांच सौ रुपया कमीशन के रूप में काट लेगा.,0.0,0.0,-11.4602,-0.181,-3.9686,-11.4531,1.2834,1
train-s2090,राष्ट्रपति ए. पी. जे. अब्दुल कलाम ने पटना विश्वविद्यालय (पीयू) से विज्ञान की मानद डिग्री डीएससी स्वीकार करने से इनकार कर दिया है.,SOV,26,5,0.1306,0.4904,0.5714,8,बैठक में वक्ताओं ने कहा माफ़ी से पंजाब का माहौल अच्छा बन जाएगा.,-7.2,0.0,-27.7708,-15.4078,-21.6865,-27.7708,-6.5742,1
train-s2092,कलाम शुक्रवार को अपने व्यस्त कार्यक्रम से समय निकाल कर दरभंगा में अपने सहकर्मी रहे एक वैज्ञानिक से भी मिलेंगे.,SOV,21,99,0.0595,0.5225,0.4615,12,राष्ट्रपति ए. पी. जे. अब्दुल कलाम ने पटना विश्वविद्यालय (पीयू) से विज्ञान की मानद डिग्री डीएससी स्वीकार करने से इनकार कर दिया है.,12.7273,0.0,-7.4049,-7.6322,-7.2147,-5.6904,-2.0301,1
train-s2094,पीयू ने अब तक कई हस्तियों को मानद डिग्री से नवाजा है.,SOV,13,23,-0.042,0.5257,0.7143,15,कलाम शुक्रवार को अपने व्यस्त कार्यक्रम से समय निकाल कर दरभंगा में अपने सहकर्मी रहे एक वैज्ञानिक से भी मिलेंगे.,2.087,-1.0435,-15.933,-9.4485,-10.8469,-15.933,-2.0432,1
train-s2095,पीयू सूत्रों के मुताबिक विश्वविद्यालय ने वर्ष १९४८ में देश के पहले गवर्नर जनरल लॉर्ड माउंट बेटन को डीएससी से सम्मानित किया था.,SOV,24,99,0.0011,0.4684,0.6154,8,पीयू ने अब तक कई हस्तियों को मानद डिग्री से नवाजा है.,-5.3838,0.0,-15.3104,-18.9385,-21.4276,-11.1447,-3.0415,1
train-s2096,विशवविद्यालय ने वर्ष २००२ में पूर्व केंद्रीय मंत्री यशवंत सिन्हा और इग्नू के उपकुलपति एच. पी. दीक्षित को मानद पीएचडी से विभूषित किया था.,SOV,25,99,0.0917,0.5144,0.5,12,पीयू सूत्रों के मुताबिक विश्वविद्यालय ने वर्ष १९४८ में देश के पहले गवर्नर जनरल लॉर्ड माउंट बेटन को डीएससी से सम्मानित किया था.,-1.6364,0.0,-18.1167,-18.0017,-19.1462,-16.2024,-3.5702,1
train-s2102,लांस नायक नीरज कुमार ने बृहस्पतिवार को बक्सर थाने में चोरी की शिकायत दर्ज करायी है.,SOV,17,99,-0.0442,0.4948,0.4,10,विशवविद्यालय ने वर्ष २००२ में पूर्व केंद्रीय मंत्री यशवंत सिन्हा और इग्नू के उपकुलपति एच. पी. दीक्षित को मानद पीएचडी से विभूषित किया था.,-6.9899,0.0,-25.4959,-22.6674,-20.6396,-25.4948,-5.8552,1
train-s2103,शिकायत में उन्होंने कहा है कि कुर्ला -JOIN पटना एक्सप्रेस से जबलबुर से दानापुर की यात्रा में सामान चोरी हुआ.,SOV,21,1,-0.0419,0.5831,0.4706,8,लांस नायक नीरज कुमार ने बृहस्पतिवार को बक्सर थाने में चोरी की शिकायत दर्ज करायी है.,-1.0,-2.0,6.2198,-1.3524,-2.5879,5.5385,1.2282,1
train-s2112,भीड़ को तितर -JOIN बितर करने के लिए पुलिस ने आंसू गैस के गोले छोड़े ।,SOV,16,5,0.0882,0.5615,0.5238,11,शिकायत में उन्होंने कहा है कि कुर्ला -JOIN पटना एक्सप्रेस से जबलबुर से दानापुर की यात्रा में सामान चोरी हुआ.,-4.8,0.0,-21.2079,-7.4273,-8.2781,-21.2079,-1.937,1
train-s2119,केन्द्र सरकार नक्सल प्रभावित क्षेत्रों में रोजगार गारंटी कानून को लागू करने को प्राथमिकता देगी.,SOV,16,23,-0.2558,0.5202,0.625,10,भीड़ को तितर -JOIN बितर करने के लिए पुलिस ने आंसू गैस के गोले छोड़े ।,0.0,0.0,-20.1827,-13.3005,-10.5003,-20.1827,-3.2453,1
train-s2120,नक्सलवाद को समाप्त करने पर मंगलवार को लोकसभा में केंद्रीय गृहमंत्री शिवराज पाटिल ने कहा कि कानून व्यवस्था राज्यों का मामला है.,SOV,23,23,0.2397,0.5181,0.625,10,केन्द्र सरकार नक्सल प्रभावित क्षेत्रों में रोजगार गारंटी कानून को लागू करने को प्राथमिकता देगी.,0.0,0.0,-7.3938,-1.8217,-2.6408,-7.3664,0.3521,1
train-s2125,इसके लिए संबंधित क्षेत्रों का विकास करना भी जरूरी है.,SOV,11,5,0.0009,0.4952,0.6087,14,नक्सलवाद को समाप्त करने पर मंगलवार को लोकसभा में केंद्रीय गृहमंत्री शिवराज पाटिल ने कहा कि कानून व्यवस्था राज्यों का मामला है.,-1.2,1.2,-14.7105,-9.7378,-8.0233,-13.2623,-5.6326,1
train-s2131,बाद में अध्यक्ष ने कहा कि इस मसले पर सदन में अल्पकालिक चर्चा की जाएगी.,SOV,16,1,0.1191,0.5446,0.5455,6,इसके लिए संबंधित क्षेत्रों का विकास करना भी जरूरी है.,0.0,0.0,-8.6742,-2.9749,-7.0956,-8.6742,-3.4372,1
train-s2132,"पाटिल ने दावा किया कि इस साल अक्टूबर तक जम्मू -JOIN कश्मीर में आतंकवादी घटनाओं में कमी आई है, लेकिन पूर्वोत्तर में कुछ बढ़ोतरी हुई है.",SOV,28,1,-0.0522,0.5511,0.75,12,बाद में अध्यक्ष ने कहा कि इस मसले पर सदन में अल्पकालिक चर्चा की जाएगी.,-1.0,0.0,-25.4486,-21.0325,-19.8417,-24.123,-6.1687,1
train-s2136,पूर्वी सीमा पर अवैध घुसपैठ की समस्या के समाधान के लिए भारत ने शुक्रवार को बांग्लादेश से 'एक उपयुक्त व्यवस्था या प्रोटोकॉल' स्थापित करने को कहा है.,SOV,30,99,-0.0572,0.5334,0.5714,16,"पाटिल ने दावा किया कि इस साल अक्टूबर तक जम्मू -JOIN कश्मीर में आतंकवादी घटनाओं में कमी आई है, लेकिन पूर्वोत्तर में कुछ बढ़ोतरी हुई है.",8.1717,0.0,-19.4417,-7.7719,-10.3647,-19.4457,-1.6069,1
train-s2140,इस मौके पर दोनों पक्षों ने सुरक्षा संबंधी मुद्दों और गिरफ़्तार अपराधियों को उच्चायोग के अधिकारियों से मिलने की इजाजत देने पर राजी होते हुए एक संयुक्त घोषणा - पत्र जारी किया.,SOV,33,99,0.0067,0.5138,0.6,18,पूर्वी सीमा पर अवैध घुसपैठ की समस्या के समाधान के लिए भारत ने शुक्रवार को बांग्लादेश से 'एक उपयुक्त व्यवस्था या प्रोटोकॉल' स्थापित करने को कहा है.,-3.4141,0.0,-17.2271,-11.8142,-11.3378,-19.0227,-6.5547,1
train-s2150,समाजवादी पार्टी के आरोपों से सहमति जताते हुए माकपा ने कहा कि उत्तर प्रदेश के राज्यपाल टी. वी. राजेश्वर ने अपने अधिकार क्षेत्र का उल्लंघन किया है.,SOV,28,1,-0.0551,0.5125,0.5455,18,इस मौके पर दोनों पक्षों ने सुरक्षा संबंधी मुद्दों और गिरफ़्तार अपराधियों को उच्चायोग के अधिकारियों से मिलने की इजाजत देने पर राजी होते हुए एक संयुक्त घोषणा - पत्र जारी किया.,-6.0,0.0,2.9738,3.984,3.4409,2.917,0.2258,1
train-s2169,इसकी भनक जैसे ही रोहित को लगी उसने कोटद्वार आना बंद कर दिया.,SOV,14,23,-0.0752,0.5266,0.6071,17,समाजवादी पार्टी के आरोपों से सहमति जताते हुए माकपा ने कहा कि उत्तर प्रदेश के राज्यपाल टी. वी. राजेश्वर ने अपने अधिकार क्षेत्र का उल्लंघन किया है.,-8.8696,-1.0435,-16.9494,-5.7745,-9.3208,-16.9494,-4.0308,1
train-s2171,रोहित सुनीता को अपने घर भी ले गया लेकिन उसके परिवारवालों ने उन दोनों को घर में रखने से मना कर दिया.,SOV,23,5,-0.144,0.4453,0.3571,5,इसकी भनक जैसे ही रोहित को लगी उसने कोटद्वार आना बंद कर दिया.,2.4,0.0,-15.8355,-7.4763,-6.0706,-14.0017,-3.6804,1
train-s2173,इसी बीच सुनीता ने एक बेटी को जन्म दिया.,SOV,10,23,-0.0283,0.5003,0.6522,15,रोहित सुनीता को अपने घर भी ले गया लेकिन उसके परिवारवालों ने उन दोनों को घर में रखने से मना कर दिया.,-1.0435,0.0,-18.6999,-13.3302,-12.3808,-16.6104,-5.4828,1
train-s2176,हारकर उसने राष्ट्रीय महिला आयोग का दरवाजा खटखटाया.,SOV,9,5,0.0042,0.4504,0.7,7,इसी बीच सुनीता ने एक बेटी को जन्म दिया.,4.8,-1.2,-30.9773,-9.6343,-9.806,-32.103,0.0303,1
train-s218,इसके अलावा यहाँ हर रात होने वाला फायर वर्क्‍स शो बच्चों को काफी पसंद आता है ।,SOV,17,23,-0.0008,0.5159,0.5,10,यहाँ एक खास कमरे में आप भूंकप या तूफान के समय होने वाले कंपन को महसूस कर सकते हैं ।,-3.1304,1.0435,-14.354,-8.1357,-5.5957,-13.4673,-5.2522,1
train-s2184,तब से शेरनाज गांधी पेंशन के लिए कोशिश करती रही हैं.,SOV,12,23,0.4036,0.4603,0.4444,4,हारकर उसने राष्ट्रीय महिला आयोग का दरवाजा खटखटाया.,-1.0435,1.0435,-17.0741,-7.436,-8.2527,-17.0741,-4.8512,1
train-s2185,पिछले कुछ समय से मुंबई में रहने वाली उनकी भांजी उनका खर्च उठा रही हैं.,SOV,16,5,0.0933,0.5429,0.4167,5,तब से शेरनाज गांधी पेंशन के लिए कोशिश करती रही हैं.,-2.4,0.0,-3.7478,0.269,-0.8314,-3.7359,-2.2135,1
train-s2186,बदहाली में रहने के बावजूद शेरनाज़ गांधी ने मदद के लिए मिले सभी प्रस्तावों को ठुकरा दिया था.,SOV,19,5,0.0791,0.5132,0.5625,9,पिछले कुछ समय से मुंबई में रहने वाली उनकी भांजी उनका खर्च उठा रही हैं.,2.4,0.0,-7.3326,-11.316,-8.3347,-7.5028,-1.1613,1
train-s2204,राष्ट्रपति भवन के अशोक हॉल में बुधवार को आयोजित भव्य समारोह में राष्ट्रपति ए. पी. जे. अब्दुल कलाम ने पद्म अलंकरण समारोह के दूसरे चरण में अपने -JOIN अपने क्षेत्र के ५३ हस्तियों को पद्म अवार्ड प्रदान किए.,SOV,39,99,0.0725,0.5142,0.3684,7,बदहाली में रहने के बावजूद शेरनाज़ गांधी ने मदद के लिए मिले सभी प्रस्तावों को ठुकरा दिया था.,-10.3838,0.0,-27.5813,-23.4213,-26.7947,-27.6052,-4.5762,1
train-s2206,अलंकरण समारोह के पहले चरण में २० मार्च को राष्ट्रपति ने ५० विभूतियों को पद्म अवार्ड से अलंकृत किया.,SOV,20,99,0.159,0.5343,0.5128,20,राष्ट्रपति भवन के अशोक हॉल में बुधवार को आयोजित भव्य समारोह में राष्ट्रपति ए. पी. जे. अब्दुल कलाम ने पद्म अलंकरण समारोह के दूसरे चरण में अपने -JOIN अपने क्षेत्र के ५३ हस्तियों को पद्म अवार्ड प्रदान किए.,-11.4242,0.0,-29.5504,-14.9438,-13.6282,-18.3563,-1.9289,1
train-s2214,उन्होंने मंच की अन्य लोक विधाओं से रास लीला को विशेष बताते हुए कहा कि इसे देखने से लोगों के आचरण में सुधार आता है.,SOV,26,1,0.1391,0.5036,0.65,13,अलंकरण समारोह के पहले चरण में २० मार्च को राष्ट्रपति ने ५० विभूतियों को पद्म अवार्ड से अलंकृत किया.,11.0,2.0,7.2913,5.9798,2.418,7.2913,-1.4649,1
train-s2220,छत्तीसगढ़ एक्सप्रेस के पार्सल यान से माल चुराने के लिए चढ़े बदमाशों ने सोमवार को आरपीएफ के दो जवानों को पीटकर घायल कर उनमें से एक को चलती ट्रेन से नीचे फेंक दिया.,SOV,34,99,0.1955,0.4972,0.6923,18,उन्होंने मंच की अन्य लोक विधाओं से रास लीला को विशेष बताते हुए कहा कि इसे देखने से लोगों के आचरण में सुधार आता है.,-24.4242,-0.0606,-19.9639,-7.2171,-5.8158,-19.0381,-4.8387,1
train-s2221,इसी बीच दूसरे जवान ने ट्रेन की चेन खींच दी.,SOV,11,5,-0.0762,0.511,0.6176,21,छत्तीसगढ़ एक्सप्रेस के पार्सल यान से माल चुराने के लिए चढ़े बदमाशों ने सोमवार को आरपीएफ के दो जवानों को पीटकर घायल कर उनमें से एक को चलती ट्रेन से नीचे फेंक दिया.,1.2,0.0,-11.6372,-2.8517,-5.3942,-11.9496,-5.5012,1
train-s2226,आरपीएफ से मिली जानकारी के अनुसार पार्सल यान से चोरी की कई घटनाएं होने के बाद आरपीएफ ने विशेष टीम बनाई थी.,SOV,23,23,-0.1554,0.4765,0.4545,5,इसी बीच दूसरे जवान ने ट्रेन की चेन खींच दी.,-10.4348,0.0,-6.9137,-8.5749,-9.4333,-7.0191,-0.2415,1
train-s223,यहाँ आकर आपको लगेगा कि आप वॉटर वर्ल्ड में आ गए हैं ।,SOV,13,1,0.2062,0.5006,0.5882,10,इसके अलावा यहाँ हर रात होने वाला फायर वर्क्‍स शो बच्चों को काफी पसंद आता है ।,-1.0,-2.0,-2.3191,-0.695,-2.0816,-2.8809,1.4867,1
train-s2231,"इस दौरान सतबीर शर्मा और रामवीर सिंह ने मोबाइल से मंडल सुरक्षा आयुक्त आगरा को सूचित किया कि वे कोसी स्टेशन पर फोर्स भेज दें, ताकि इन बदमाशों को कोसी स्टेशन पर गाड़ी रुकते ही गिरफ्तार किया जा सके.",SOV,41,99,0.0926,0.4927,0.6522,15,आरपीएफ से मिली जानकारी के अनुसार पार्सल यान से चोरी की कई घटनाएं होने के बाद आरपीएफ ने विशेष टीम बनाई थी.,-2.6667,0.0,-22.6793,-11.5219,-11.1054,-22.4439,-4.9505,1
train-s2236,इसी दौरान बदमाशों ने चलती ट्रेन से सिपाही रामबीर सिंह को नीचे फेंक दिया.,SOV,15,99,-0.0243,0.517,0.5122,21,"इस दौरान सतबीर शर्मा और रामवीर सिंह ने मोबाइल से मंडल सुरक्षा आयुक्त आगरा को सूचित किया कि वे कोसी स्टेशन पर फोर्स भेज दें, ताकि इन बदमाशों को कोसी स्टेशन पर गाड़ी रुकते ही गिरफ्तार किया जा सके.",0.1616,0.0,-10.6965,-3.6522,-3.9969,-9.3167,-4.7457,1
train-s2237,यह देख सतबीर शर्मा ने चेन खींच दी और गाड़ी रूंधी - शोलाका के बीच गेट नंबर ५६१ के निकट रुक गई.,SOV,23,5,-0.0607,0.5479,0.6667,10,इसी दौरान बदमाशों ने चलती ट्रेन से सिपाही रामबीर सिंह को नीचे फेंक दिया.,-1.2,0.0,-16.4164,-2.0469,-3.5113,-16.4164,-1.8614,1
train-s2244,जीआरपी अधिकारियों ने कोसी जाकर घायल आरपीएफ सिपाहियों के बयान भी लिए.,SOV,13,5,-0.1113,0.513,0.4783,11,यह देख सतबीर शर्मा ने चेन खींच दी और गाड़ी रूंधी - शोलाका के बीच गेट नंबर ५६१ के निकट रुक गई.,3.6,0.0,-6.5812,-5.5216,-6.4006,-7.518,-1.8117,1
train-s2246,भारतीय विमानपत्तन प्राधिकरण (एएआई) हवाई अड्डों पर रेस्तरां से लेकर शापिंग मॉल तक खोलेगा.,SOV,17,5,-0.3576,0.6025,0.3846,5,जीआरपी अधिकारियों ने कोसी जाकर घायल आरपीएफ सिपाहियों के बयान भी लिए.,0.0,0.0,-0.915,-0.116,-4.0636,-0.915,0.7326,1
train-s2247,इसका लाभ यात्रियों के साथ ही आम लोग भी उठा सकेंगे.,DOSV,12,5,0.1363,0.5393,0.4118,7,भारतीय विमानपत्तन प्राधिकरण (एएआई) हवाई अड्डों पर रेस्तरां से लेकर शापिंग मॉल तक खोलेगा.,1.2,0.0,0.5211,5.0348,5.1504,0.5211,0.4932,1
train-s2258,गुजरात हाईकोर्ट ने बृहस्पतिवार को सीबीआई को पंचमहल जिले के लुनावाड़ा गांव में मिले सामूहिक कब्र के नरकंकालों के नमूने एकत्रित करने का आदेश दिया है.,SOV,27,23,0.1092,0.4508,0.6667,8,इसका लाभ यात्रियों के साथ ही आम लोग भी उठा सकेंगे.,21.913,0.0,-10.2934,-8.5289,-8.2333,-10.2934,-5.4415,1
train-s2259,कोर्ट ने नमूने डीएनए जांच के लिए हैदराबाद के रेड हिल में स्थित फोरेंसिक प्रयोगशाला में भेजने को कहा है.,SOV,21,1,0.0208,0.5043,0.4074,11,गुजरात हाईकोर्ट ने बृहस्पतिवार को सीबीआई को पंचमहल जिले के लुनावाड़ा गांव में मिले सामूहिक कब्र के नरकंकालों के नमूने एकत्रित करने का आदेश दिया है.,14.0,0.0,-5.693,-4.682,-4.7422,-8.5596,-2.6543,1
train-s2260,बुधवार को न्यायाधीश सी. के. बुच के समक्ष दाखिल की गई याचिका पर सुनवाई के दौरान कोर्ट ने अंतरिम आदेश पारित किया.,SOV,23,99,-0.0376,0.5511,0.6667,14,कोर्ट ने नमूने डीएनए जांच के लिए हैदराबाद के रेड हिल में स्थित फोरेंसिक प्रयोगशाला में भेजने को कहा है.,-15.0202,0.0,-27.3572,-15.1643,-13.2942,-25.5301,-3.5208,1
train-s2261,इस मामले में वर्ष २००२ में गुजरात दंगों के शिकार एक व्यक्ति की मां व गैर - सरकारी संगठन 'सिटीजंस फॉर जस्टीस एंड पीस' ने याचिका दाखिल की थी.,SOV,32,99,-0.017,0.5402,0.5652,13,बुधवार को न्यायाधीश सी. के. बुच के समक्ष दाखिल की गई याचिका पर सुनवाई के दौरान कोर्ट ने अंतरिम आदेश पारित किया.,-4.8283,0.0,-23.9767,-16.8319,-18.6846,-18.6416,-5.2319,1
train-s2264,बुच ने अपने आदेश में कहा कि नमूने की जांच की रिपोर्ट सीबीआई को भेजी जानी चाहिए और इसकी प्रति सीलबंद पैकेट में कोर्ट को भी भेजी जानी चाहिए.,SOV,30,1,-0.0072,0.5306,0.5312,17,इस मामले में वर्ष २००२ में गुजरात दंगों के शिकार एक व्यक्ति की मां व गैर - सरकारी संगठन 'सिटीजंस फॉर जस्टीस एंड पीस' ने याचिका दाखिल की थी.,1.0,0.0,-8.1199,-3.6372,-2.3414,-8.1199,1.1915,1
train-s2274,"दरअसल, केंद्रीय श्रम एवं रोजगार मंत्री के. चंद्रशेखर राव यूपीए में वामदलों को ज्यादा तरजीह दिए जाने से नाराज हैं ।",SOV,22,23,-0.0062,0.5378,0.6333,19,बुच ने अपने आदेश में कहा कि नमूने की जांच की रिपोर्ट सीबीआई को भेजी जानी चाहिए और इसकी प्रति सीलबंद पैकेट में कोर्ट को भी भेजी जानी चाहिए.,-1.0435,0.0,-18.4577,-8.5223,-7.3619,-18.3751,-4.7191,1
train-s228,ओरलैंडो जाने के लिए जुलाई - अगस्त का मौसम सबसे अच्छा है ।,SOV,13,5,0.0107,0.4776,0.3846,5,यहाँ आकर आपको लगेगा कि आप वॉटर वर्ल्ड में आ गए हैं ।,-2.4,0.0,0.9592,-0.2619,-3.7314,0.4545,-3.1806,1
train-s2280,"सरकार में शामिल घटक दल अगर गैर कांग्रेसी व गैर - वामदल फ्रंट बनाते हैं, तो यूपीए की सेहत बिगड़नी लाजिमी है ।",SOV,24,23,0.0642,0.5836,0.4091,9,"दरअसल, केंद्रीय श्रम एवं रोजगार मंत्री के. चंद्रशेखर राव यूपीए में वामदलों को ज्यादा तरजीह दिए जाने से नाराज हैं ।",-21.913,0.0,-12.8502,-3.9482,-5.4727,-14.4288,-4.7872,1
train-s2281,यही सोचकर कांग्रेस ने राव को मनाने की कोशिशें शुरू कर दी है ।,SOV,14,23,0.1099,0.4889,0.4583,11,"सरकार में शामिल घटक दल अगर गैर कांग्रेसी व गैर - वामदल फ्रंट बनाते हैं, तो यूपीए की सेहत बिगड़नी लाजिमी है ।",0.0,0.0,-21.6493,-13.4491,-15.7912,-21.6493,-3.1489,1
train-s2288,बिहार के तमाम अधिकारियों ने जल्द चुनाव कराने से हाथ खड़े कर लिए हैं ।,SOV,15,23,-0.0359,0.4997,0.5,7,यही सोचकर कांग्रेस ने राव को मनाने की कोशिशें शुरू कर दी है ।,-7.8261,0.0,-11.4183,-12.0569,-13.7105,-8.5063,-7.0594,1
train-s230,इस समय पर्यटकों की भीड़ इस शहर को घेर लेती है ।,SOV,12,5,0.2606,0.474,0.6154,8,ओरलैंडो जाने के लिए जुलाई - अगस्त का मौसम सबसे अच्छा है ।,1.2,0.0,0.7923,-2.3298,-2.1022,0.7923,-0.2416,1
train-s2300,दिल्ली रवाना होने से पहले आनंद कुमार ने पत्रकारों से कहा कि हम अपनी रिपोर्ट आयोग को पेश करेंगे ।,SOV,20,5,-0.0697,0.5486,0.5333,8,बिहार के तमाम अधिकारियों ने जल्द चुनाव कराने से हाथ खड़े कर लिए हैं ।,-3.6,0.0,-6.4649,-2.0802,-5.2083,-6.4565,-2.1358,1
train-s2301,लेकिन उन्होंने चुनाव की संभावित तारीखों के बारे में कुछ भी बोलने से इनकार कर दिया ।,SOV,17,23,0.1139,0.5474,0.65,13,दिल्ली रवाना होने से पहले आनंद कुमार ने पत्रकारों से कहा कि हम अपनी रिपोर्ट आयोग को पेश करेंगे ।,5.2174,-1.0435,-26.1062,-28.0526,-26.3153,-26.1062,-9.7545,1
train-s2303,अदालत ने उन्हें जेल भेज दिया है.,SOV,8,5,-0.0098,0.5195,0.5882,10,लेकिन उन्होंने चुनाव की संभावित तारीखों के बारे में कुछ भी बोलने से इनकार कर दिया ।,-1.2,-1.2,-23.6778,-9.1807,-9.6334,-23.6682,-2.444,1
train-s2306,उन्होंने न्याय के लिए सुप्रीम कोर्ट जाने की बात कही है.,SOV,12,1,-0.2888,0.5542,0.5,4,अदालत ने उन्हें जेल भेज दिया है.,7.0,2.0,-1.5134,-7.5362,-6.3593,-1.0176,-6.25,1
train-s2312,अदालत ने अमरमणि की अर्जी स्वीकार करते हुए डीएम व एसएसपी को निर्देश दिए कि वे अमरमणि व मधुमणि को विशेष सुरक्षा में पेशी पर लाने की व्यवस्था सुनिश्चित करें.,SOV,31,23,0.228,0.5304,0.6667,8,उन्होंने न्याय के लिए सुप्रीम कोर्ट जाने की बात कही है.,-2.6087,0.0,-14.7821,-10.3146,-4.1364,-14.9048,-3.5052,1
train-s2313,"अदालत ने अमरमणि व मधुमणि को हत्याकांड के अन्य अभियुक्तों रोहित चतुर्वेदी, प्रकाश चंद्र पांडे व संतोष राय के साथ ६ अक्तूबर को पेश होने के निर्देश दिए हैं.",SOV,31,23,0.1862,0.5002,0.4839,15,अदालत ने अमरमणि की अर्जी स्वीकार करते हुए डीएम व एसएसपी को निर्देश दिए कि वे अमरमणि व मधुमणि को विशेष सुरक्षा में पेशी पर लाने की व्यवस्था सुनिश्चित करें.,13.5652,0.0,-15.622,-8.1241,-7.5479,-10.1651,-5.8803,1
train-s2314,रोहित चतुर्वेदी की ओर से भी अधिवक्ता अनिल प्रताप सिंह ने उसे आरोपमुक्त करने की अर्जी दी है.,SOV,19,23,0.0255,0.5096,0.5161,16,"अदालत ने अमरमणि व मधुमणि को हत्याकांड के अन्य अभियुक्तों रोहित चतुर्वेदी, प्रकाश चंद्र पांडे व संतोष राय के साथ ६ अक्तूबर को पेश होने के निर्देश दिए हैं.",-5.2174,0.0,-7.1968,-14.5136,-8.582,-6.2052,-4.4181,1
train-s2317,इराक में तेल के बदले अनाज कार्यक्रम में कुछ लोगों के कथित रूप से लाभान्वित होने के मामले में प्रवर्तन निदेशालय ने अंतरिम रिपोर्ट तैयार कर ली है.,SOV,29,23,-0.0454,0.5726,0.3684,7,रोहित चतुर्वेदी की ओर से भी अधिवक्ता अनिल प्रताप सिंह ने उसे आरोपमुक्त करने की अर्जी दी है.,-28.6957,0.0,-24.0065,-10.8495,-10.6258,-24.0065,-4.8868,1
train-s2319,इस मामले में फंसने के चलते नटवर सिंह को विदेश मंत्री का पद गंवाना पड़ा था.,SOV,17,5,0.0693,0.4783,0.7586,22,इराक में तेल के बदले अनाज कार्यक्रम में कुछ लोगों के कथित रूप से लाभान्वित होने के मामले में प्रवर्तन निदेशालय ने अंतरिम रिपोर्ट तैयार कर ली है.,-2.4,0.0,-13.5685,-7.301,-8.4392,-13.548,-2.3251,1
train-s232,इस समय आप यहाँ लोकतांत्रिक अमेरिका को ओरलैंडों की नजर से बेहद खूबसूरत लाल - नीले औऱ सफेद रंग में निहार सकते हैं ।,SOV,24,99,-0.0033,0.5428,0.75,9,इस समय पर्यटकों की भीड़ इस शहर को घेर लेती है ।,25.3131,-0.8485,-1.5964,-5.6559,-4.7933,-0.7197,-0.977,1
train-s2320,मानव संसाधन मंत्रालय का महिला एवं बाल विकास विभाग बच्चों के विकास के लिए समग्र योजना के तहत काम करना चाहता है.,SOV,23,23,0.0429,0.5582,0.5882,10,इस मामले में फंसने के चलते नटवर सिंह को विदेश मंत्री का पद गंवाना पड़ा था.,-11.4783,0.0,-11.4422,-8.9713,-12.4195,-11.4388,-2.5029,1
train-s234,आप अमेरिका के लिए दिल्ली या मुंबई से सीधी फ्लाइट ले सकते हैं ।,SOV,14,23,0.0724,0.4748,0.5833,14,इस समय आप यहाँ लोकतांत्रिक अमेरिका को ओरलैंडों की नजर से बेहद खूबसूरत लाल - नीले औऱ सफेद रंग में निहार सकते हैं ।,2.087,1.0435,-7.402,-1.9616,-2.8864,-9.0159,-2.7027,1
train-s2364,शनिवार को छह टूटी में हुए पहले बम धमाके वाले क्षेत्र में पुलिस ने माहौल को सामान्य बनाने का काम किया.,SOV,22,5,0.2165,0.4605,0.7826,18,मानव संसाधन मंत्रालय का महिला एवं बाल विकास विभाग बच्चों के विकास के लिए समग्र योजना के तहत काम करना चाहता है.,-7.2,0.0,-4.0662,-3.8091,-1.5721,-3.5435,-4.5973,1
train-s2365,दुकानदारों ने दोपहर बाद से अपने शटर उठाने शुरू कर दिए थे.,SOV,13,5,-0.0353,0.5007,0.7273,16,शनिवार को छह टूटी में हुए पहले बम धमाके वाले क्षेत्र में पुलिस ने माहौल को सामान्य बनाने का काम किया.,-1.2,0.0,-21.7164,-15.4667,-12.303,-21.7089,-4.604,1
train-s2369,भाजपा अध्यक्ष वेंकैया नायडू ने अन्नाद्रमुक से गठबंधन जारी रखने से एक तरह से इनकार करते हुए रविवार को यहां कहा कि यह सिर्फ लोकसभा चुनाव के लिए था.,SOV,30,23,-0.1879,0.5082,0.6154,8,दुकानदारों ने दोपहर बाद से अपने शटर उठाने शुरू कर दिए थे.,-11.4783,0.0,-5.3181,-1.142,-2.7429,-5.3288,-1.3018,1
train-s2370,नायडू ने कांग्रेस के नेतृत्व वाली गठबंधन सरकार पर निशाना साधते हुए कहा कि उस पर अभी से तलवार लटक रही है.,SOV,23,1,0.0219,0.5298,0.5667,17,भाजपा अध्यक्ष वेंकैया नायडू ने अन्नाद्रमुक से गठबंधन जारी रखने से एक तरह से इनकार करते हुए रविवार को यहां कहा कि यह सिर्फ लोकसभा चुनाव के लिए था.,8.0,0.0,-3.2744,2.2886,3.5604,-1.3481,-0.0659,1
train-s2371,उन्होंने मनमोहन सरकार के सात अशुभ संकेत भी गिनाए.,SOV,10,1,-0.0357,0.5679,0.6522,15,नायडू ने कांग्रेस के नेतृत्व वाली गठबंधन सरकार पर निशाना साधते हुए कहा कि उस पर अभी से तलवार लटक रही है.,6.0,2.0,-3.7067,-3.6508,-4.004,-3.9805,-1.8762,1
train-s2402,दूतावास अधिकारियों ने उसे अच्छी सेहत में पाया.,SOV,9,5,0.0334,0.4596,0.5,5,उन्होंने मनमोहन सरकार के सात अशुभ संकेत भी गिनाए.,0.0,-1.2,-3.7185,-4.1155,-3.3604,-5.0091,-0.1495,1
train-s2403,कौल ने फोन पर बताया कि हमने उससे एक घंटे तक बात की है.,SOV,15,1,0.0947,0.4866,0.4444,4,दूतावास अधिकारियों ने उसे अच्छी सेहत में पाया.,0.0,0.0,-5.231,-8.8499,-4.1912,-5.25,-2.901,1
train-s2411,इसके बाद विदेश मंत्री नटवर सिंह ने पाकिस्तानी उच्चायुक्त के मार्फत भी पाकिस्तानी विदेश मंत्री को संदेश भेजा.,SOV,19,99,0.0542,0.4893,0.6667,10,कौल ने फोन पर बताया कि हमने उससे एक घंटे तक बात की है.,-2.9394,0.9495,-13.7806,-9.0,-8.9126,-14.4186,-6.7899,1
train-s2415,पांचवी सीट सर्बिया की एना इवानोविक ने बुधवार को यूएस ओपन के तीसरे दौर में जगह बना ली है.,SOV,20,23,-0.0023,0.5438,0.5789,11,इसके बाद विदेश मंत्री नटवर सिंह ने पाकिस्तानी उच्चायुक्त के मार्फत भी पाकिस्तानी विदेश मंत्री को संदेश भेजा.,-7.3043,0.0,-17.9235,-8.3938,-9.8702,-17.9215,-2.8177,1
train-s2424,रिहाई के लिए इन कैदियों की नागरिकता की पुष्टि होना आवश्यक है.,SOV,13,5,0.0351,0.4536,0.55,11,पांचवी सीट सर्बिया की एना इवानोविक ने बुधवार को यूएस ओपन के तीसरे दौर में जगह बना ली है.,-2.4,0.0,-12.9768,-7.4545,-6.6522,-13.2453,-1.508,1
train-s2428,दुग्गल ने सचिव स्तरीय वार्ता को बहुत ही उपयोगी करार दिया.,SOV,12,23,0.2766,0.4793,0.6154,8,रिहाई के लिए इन कैदियों की नागरिकता की पुष्टि होना आवश्यक है.,-2.087,0.0,-15.8607,-14.6991,-14.2945,-17.1781,-5.8938,1
train-s2430,सोमवार को भारत ने दाऊद इब्राहिम समेत ३० मोस्ट वांटेड अपराधियों और आतंकियों की सूची पाकिस्तान को सौंपी.,SOV,19,23,-0.034,0.4923,0.6667,8,दुग्गल ने सचिव स्तरीय वार्ता को बहुत ही उपयोगी करार दिया.,4.6957,0.0,-10.0325,-0.7932,0.5402,-10.9418,-0.1668,1
train-s2431,पाकिस्तान ने भी ३७ लोगों के नाम भारत को दिए हैं.,SOV,12,5,-0.0534,0.473,0.3684,7,सोमवार को भारत ने दाऊद इब्राहिम समेत ३० मोस्ट वांटेड अपराधियों और आतंकियों की सूची पाकिस्तान को सौंपी.,-1.2,0.0,5.8538,-0.6468,-0.3318,3.9378,0.9213,1
train-s2443,मिस्टर एक्स घर पर दोस्तों के साथ ताश खेल रहे थे.,SOV,12,23,-0.0366,0.5353,0.5,6,पाकिस्तान ने भी ३७ लोगों के नाम भारत को दिए हैं.,-1.0435,0.0,-4.6094,1.8821,0.2011,-4.6149,-1.3231,1
train-s2448,घर या किसी होटल के कमरे में कोई ताश खेल रहा हो तो पुलिस छापा मारकर उन्हें गिरफ्तार कर लेती है.,SOV,22,99,0.1848,0.5133,0.4167,5,मिस्टर एक्स घर पर दोस्तों के साथ ताश खेल रहे थे.,-24.8687,0.0303,-27.1905,-18.5852,-17.7861,-26.2274,-8.6207,1
train-s2454,"पुलिस ने बस्ती शेख व बस्ती गुजां के यशपाल सिंह, सुरिंदर कुमार, देविंदर कुमार, सुरेश कुमार व राकेश कुमार को ३ दिसंबर १९९९ को फ्रेंड्स सिनेमा के पास एक होटल में जुआ खेलने के आरोप में गिरफ्तार किया था.",SOV,43,99,0.0863,0.4953,0.5909,13,घर या किसी होटल के कमरे में कोई ताश खेल रहा हो तो पुलिस छापा मारकर उन्हें गिरफ्तार कर लेती है.,-9.7172,0.0,-16.1374,-11.8759,-9.038,-13.3737,-3.8256,1
train-s2461,विज्ञानियों ने इसे '1 ग्लोबल डिमिंग '2 यानि '1 वैश्विक धुंधलापन '2 नाम दिया है ।,SOV,16,23,0.0955,0.5135,0.4884,21,"पुलिस ने बस्ती शेख व बस्ती गुजां के यशपाल सिंह, सुरिंदर कुमार, देविंदर कुमार, सुरेश कुमार व राकेश कुमार को ३ दिसंबर १९९९ को फ्रेंड्स सिनेमा के पास एक होटल में जुआ खेलने के आरोप में गिरफ्तार किया था.",2.6087,-1.0435,-14.3691,-7.9288,-7.7673,-14.3673,-1.823,1
train-s2462,"१९८५ में भूगोल के जाने - माने अध्ययनकर्ता ने यूरोप में सूर्य के प्रकाश का स्तर पता कर बताया था कि जिस दिन सूर्य की रोशनी पृथ्वी पर सबसे ज्यादा पड़ती है, उस दिन भी पहले के मुकाबले धरती पर कम ही प्रकाश आता है ।",SOV,47,5,-0.058,0.4944,0.3125,5,विज्ञानियों ने इसे '1 ग्लोबल डिमिंग '2 यानि '1 वैश्विक धुंधलापन '2 नाम दिया है ।,8.4,0.0,4.1953,-5.4852,-0.2857,4.1953,-0.7664,1
train-s2467,इसी '1 अर्थसाइन '2 की गणना कर विज्ञानियों ने पता लगाया है कि पिछले पचास वर्षों के मुकाबले दुनिया में तकरीबन १० फीसदी रोशनी घटी है ।,SOV,27,5,0.0586,0.4874,0.7447,35,"१९८५ में भूगोल के जाने - माने अध्ययनकर्ता ने यूरोप में सूर्य के प्रकाश का स्तर पता कर बताया था कि जिस दिन सूर्य की रोशनी पृथ्वी पर सबसे ज्यादा पड़ती है, उस दिन भी पहले के मुकाबले धरती पर कम ही प्रकाश आता है ।",-7.2,0.0,-18.2642,-11.9242,-15.0677,-15.3883,-5.1532,1
train-s248,आप पैंतिस से पैंतालिस किलोमीटर के दायरे में यहाँ की राजधानी एम्‍स्‍टर्डम को निहार सकते हैं ।,SOV,17,5,-0.0264,0.5562,0.3571,5,आप अमेरिका के लिए दिल्ली या मुंबई से सीधी फ्लाइट ले सकते हैं ।,4.8,1.2,-2.687,0.4852,2.5296,-1.9701,-0.0529,1
train-s2491,अन्य नेताओं के सहयोग से वह पार्टी को आगे बढ़ाते रहेंगे ।,SOV,12,23,0.0592,0.4473,0.5926,16,इसी '1 अर्थसाइन '2 की गणना कर विज्ञानियों ने पता लगाया है कि पिछले पचास वर्षों के मुकाबले दुनिया में तकरीबन १० फीसदी रोशनी घटी है ।,-5.7391,-1.0435,-18.3823,-5.5558,-4.9622,-18.3823,-1.7341,1
train-s2495,मैं भाजपा अध्यक्ष का पद बहुत विनम्रता से स्वीकार करता हूं और मुझे गर्व की अनुभूति हो रही है ।,SOV,20,23,0.178,0.4811,0.5,6,अन्य नेताओं के सहयोग से वह पार्टी को आगे बढ़ाते रहेंगे ।,-0.5217,1.0435,-6.9144,-11.4757,-10.2498,-6.9144,-3.0996,1
train-s2497,"मैं भाजपा को मजबूत, प्रभावशाली और एक चुनिंदा संगठन के रूप में तैयार करूंगा ।",SOV,16,23,0.2058,0.5115,0.75,15,मैं भाजपा अध्यक्ष का पद बहुत विनम्रता से स्वीकार करता हूं और मुझे गर्व की अनुभूति हो रही है ।,4.1739,1.0435,-5.234,-12.6924,-16.4001,-2.1692,-5.9128,1
train-s2503,"भाजपा के सामने जो भी समस्याएं आई, उसे आडवाणी ने अच्छी तरह निपटाया ।",DOSV,15,5,0.1991,0.5083,0.6875,11,"मैं भाजपा को मजबूत, प्रभावशाली और एक चुनिंदा संगठन के रूप में तैयार करूंगा ।",-8.4,1.2,4.2228,1.054,1.9469,4.8379,-1.9158,1
train-s2508,उन्होंने विश्वास जताया कि पार्टी में निश्चित रूप से अनुशासन बहाल किया जाएगा ।,SOV,14,1,-0.0799,0.4814,0.4667,7,"भाजपा के सामने जो भी समस्याएं आई, उसे आडवाणी ने अच्छी तरह निपटाया ।",0.0,2.0,-31.1202,-11.5181,-12.8176,-31.1202,-4.1462,1
train-s2510,कार्यकर्ताओं को विचारधारा के प्रति ज्यादा समर्पित रहना होगा ।,SOV,10,5,0.2625,0.499,0.6429,9,उन्होंने विश्वास जताया कि पार्टी में निश्चित रूप से अनुशासन बहाल किया जाएगा ।,0.0,0.0,-1.0751,-5.7462,-5.4744,-1.0751,-0.9587,1
train-s2520,अध्ययन के सार्वजनिक होने के बाद ओबेरॉय ने धूम्रपान के खिलाफ काम करना शुरू किया.,SOV,16,99,0.1638,0.4788,0.7,7,कार्यकर्ताओं को विचारधारा के प्रति ज्यादा समर्पित रहना होगा ।,-10.0505,0.0,-19.2197,-14.9548,-14.6687,-19.1662,-7.9359,1
train-s2531,"उत्तर प्रदेश, बिहार और झारखंड की पुलिस उसे पिछले एक दशक से तलाश रही थी.",SOV,17,5,0.0016,0.4946,0.8125,13,अध्ययन के सार्वजनिक होने के बाद ओबेरॉय ने धूम्रपान के खिलाफ काम करना शुरू किया.,-4.8,-1.2,1.2911,0.6663,0.103,1.2911,0.7274,1
train-s2532,डीआईजी पुलिस अशीष रंजन ने संवाददाताओं को सोमवार की रात बताया कि सुराग लगते ही एसटीएफ के कमांडो ने स्थानीय पुलिस और उत्तर प्रदेश से आए एसटीएफ के लोगों के साथ मिलकर एक सघन तलाशी अभियान चलाया.,SOV,38,5,-0.0037,0.487,0.5294,9,"उत्तर प्रदेश, बिहार और झारखंड की पुलिस उसे पिछले एक दशक से तलाश रही थी.",-2.4,0.0,5.6545,-2.5048,-0.1357,5.3913,1.333,1
train-s2540,इसके अलावा एक अन्य अभियान में भाकपा (माओवादी) के एक और खूंखार नक्सली रामबचन यादव को एसटीएफ ने रोहतास जिले के एक गांव में गिरफ्तार कर लिया.,DOSV,30,99,-0.0259,0.5334,0.6579,25,डीआईजी पुलिस अशीष रंजन ने संवाददाताओं को सोमवार की रात बताया कि सुराग लगते ही एसटीएफ के कमांडो ने स्थानीय पुलिस और उत्तर प्रदेश से आए एसटीएफ के लोगों के साथ मिलकर एक सघन तलाशी अभियान चलाया.,-4.3333,0.9596,-19.606,-13.6781,-13.599,-20.6637,-5.8328,1
train-s2543,इस मुद्दे पर तीन जजों की पीठ ने संविधान पीठ को चार सवाल भेजे हैं.,SOV,16,23,-0.096,0.5076,0.4667,14,इसके अलावा एक अन्य अभियान में भाकपा (माओवादी) के एक और खूंखार नक्सली रामबचन यादव को एसटीएफ ने रोहतास जिले के एक गांव में गिरफ्तार कर लिया.,-2.6087,0.0,-0.2871,-3.3702,-2.8038,-0.2871,-1.3637,1
train-s2545,प्रधान न्यायाधीश आर. सी. लाहोटी की अगुवाई वाली तीन जजों की पीठ ने संविधान पीठ को सवाल भेजे हैं.,SOV,20,5,-0.1296,0.4712,0.75,12,इस मुद्दे पर तीन जजों की पीठ ने संविधान पीठ को चार सवाल भेजे हैं.,-14.4,0.0,2.1473,-5.7128,-12.9025,-2.1175,-2.8414,1
train-s2549,"बहरहाल, तीन जजों की पीठ ने कहा है कि चुनाव प्रक्रिया पर स्टे लगाने की अपील पर सुप्रीम कोर्ट की संविधान पीठ सुनवाई कर सकती है.",SOV,28,1,-0.0479,0.4934,0.65,13,प्रधान न्यायाधीश आर. सी. लाहोटी की अगुवाई वाली तीन जजों की पीठ ने संविधान पीठ को सवाल भेजे हैं.,3.0,0.0,-23.8281,-5.088,-7.4175,-27.7181,-7.4567,1
train-s2551,आयोग दो -JOIN तीन दिन के अंदर विज्ञप्ति जारी कर सकता है.,SOV,13,23,-0.0065,0.5243,0.7143,20,"बहरहाल, तीन जजों की पीठ ने कहा है कि चुनाव प्रक्रिया पर स्टे लगाने की अपील पर सुप्रीम कोर्ट की संविधान पीठ सुनवाई कर सकती है.",-2.6087,0.0,-22.0858,-5.4026,-6.792,-20.7937,-3.9735,1
train-s2558,ज्ञानपीठ पुरस्कार से सम्मानित अमृता प्रीतम ने सौ से ज्यादा पुस्तकें लिखी हैं और उन्हें अपने प्रतिबद्ध लेखन के लिए अंतरराष्ट्रीय पहचान मिली हुई है.,SOV,26,1,0.1004,0.4274,0.6923,9,आयोग दो -JOIN तीन दिन के अंदर विज्ञप्ति जारी कर सकता है.,-3.0,0.0,-10.2824,-7.911,-7.5229,-10.2824,-4.4006,1
train-s2565,शनिवार को मुंबई में भाजपा महासम्मेलन के अंतिम दिन अध्यक्ष पद छोड़ने के बाद पत्रकारों से बातचीत में आडवाणी ने इस बात का खंडन किया कि जिन्ना विवाद के बाद आरएसएस के दवाब के कारण उन्होंने अध्यक्ष पद से इस्तीफा दिया है.,SOV,43,99,0.1236,0.4878,0.6538,17,ज्ञानपीठ पुरस्कार से सम्मानित अमृता प्रीतम ने सौ से ज्यादा पुस्तकें लिखी हैं और उन्हें अपने प्रतिबद्ध लेखन के लिए अंतरराष्ट्रीय पहचान मिली हुई है.,4.202,0.0,-21.0776,-19.0711,-15.881,-21.0586,-3.0897,1
train-s2568,उन्होंने आगे कहा कि '1 मैंने जिन्ना के बारे में केवल एक बात कही थी.,SOV,16,1,-0.0056,0.5091,0.7209,31,शनिवार को मुंबई में भाजपा महासम्मेलन के अंतिम दिन अध्यक्ष पद छोड़ने के बाद पत्रकारों से बातचीत में आडवाणी ने इस बात का खंडन किया कि जिन्ना विवाद के बाद आरएसएस के दवाब के कारण उन्होंने अध्यक्ष पद से इस्तीफा दिया है.,0.0,2.0,-4.9071,4.0804,2.0366,-4.7801,-3.965,1
train-s2573,नक्सल प्रभावित राज्यों की पुलिस को अब पूर्व सैनिक विस्फोटकों से बचाव का प्रशिक्षण प्रदान करेंगे.,IOSV,17,99,0.2112,0.4485,0.4375,7,उन्होंने आगे कहा कि '1 मैंने जिन्ना के बारे में केवल एक बात कही थी.,-5.8788,-1.0303,-13.6179,-17.2704,-19.0882,-15.054,-4.3993,1
train-s2574,सेना के विस्फोट निरोधी दस्ते से सेवानिवृत्त हुए जवान यह प्रशिक्षण देंगे.,SOV,13,1,0.1435,0.5652,0.7059,12,नक्सल प्रभावित राज्यों की पुलिस को अब पूर्व सैनिक विस्फोटकों से बचाव का प्रशिक्षण प्रदान करेंगे.,-7.0,0.0,-4.7189,-9.4163,-10.5211,-6.3261,0.5106,1
train-s2575,इस संबंध में केन्द्र ने राज्यों को अनुमति प्रदान कर दी है.,SOV,13,99,-0.0655,0.5992,0.5385,7,सेना के विस्फोट निरोधी दस्ते से सेवानिवृत्त हुए जवान यह प्रशिक्षण देंगे.,-5.1414,0.0,-33.8975,-22.7032,-21.7383,-33.8975,-6.138,1
train-s2578,इस योजना के तहत इन राज्यों को केन्द्र से सालाना ५० करोड़ रुपये मिलते हैं.,IOSV,16,99,0.0261,0.4886,0.7692,10,इस संबंध में केन्द्र ने राज्यों को अनुमति प्रदान कर दी है.,-3.9495,0.0,-12.0834,-1.5621,-2.4836,-9.6822,-1.0981,1
train-s258,यहाँ आप रंगीन परिंदों से लेकर निराले वन्य जीवों को निहार सकते हैं ।,SOV,14,5,0.1881,0.4927,0.5294,9,आप पैंतिस से पैंतालिस किलोमीटर के दायरे में यहाँ की राजधानी एम्‍स्‍टर्डम को निहार सकते हैं ।,8.4,0.0,-8.6645,-1.3521,-3.055,-3.2207,-2.3149,1
train-s2585,उन्होंने दावा किया कि पिछले साल के शुरुआती तीन महीनों की तुलना में इस साल के पहले तीन महीनों में नक्सली वारदातों में १८ फीसदी की कमी आई है.,SOV,30,1,0.0966,0.434,0.5,8,इस योजना के तहत इन राज्यों को केन्द्र से सालाना ५० करोड़ रुपये मिलते हैं.,0.0,2.0,-31.9591,-17.6804,-20.1467,-31.9591,-3.9697,1
train-s2587,छत्तीसगढ़ में नक्सली हिंसा में वृद्धि की वजह बताते हुए उन्होंने कहा कि वहां लोग नक्सलियों के खिलाफ लामबंद हो रहे हैं.,SOV,23,1,0.0471,0.4561,0.7,21,उन्होंने दावा किया कि पिछले साल के शुरुआती तीन महीनों की तुलना में इस साल के पहले तीन महीनों में नक्सली वारदातों में १८ फीसदी की कमी आई है.,-9.0,-2.0,-8.8077,-7.0301,-5.0469,-8.6665,-0.4175,1
train-s2591,बैठक में केन्द्र ने राज्यों से पुलिस के रिक्त पदों को भरने को कहा.,SOV,15,23,0.0825,0.5738,0.4783,11,छत्तीसगढ़ में नक्सली हिंसा में वृद्धि की वजह बताते हुए उन्होंने कहा कि वहां लोग नक्सलियों के खिलाफ लामबंद हो रहे हैं.,7.8261,0.0,-18.6255,-3.68,-2.5581,-13.8364,-1.4736,1
train-s2597,कई दुर्लभ जनजातियों के बारे में खबर मिलनी बाकी है.,SOV,11,1,0.0262,0.5124,0.6667,10,बैठक में केन्द्र ने राज्यों से पुलिस के रिक्त पदों को भरने को कहा.,-7.0,0.0,-8.834,-7.2352,-3.1919,-11.557,-0.3991,1
train-s2605,"सभी बंदरगाह, हवाई अड्डे और राष्ट्रीय राजमार्ग पूरी तरह काम कर रहे हैं.",SOV,15,5,0.0515,0.4392,0.4545,5,कई दुर्लभ जनजातियों के बारे में खबर मिलनी बाकी है.,-8.4,0.0,-9.3256,-6.5802,-7.0321,-9.3256,-3.6355,1
train-s2610,आज हुई टेलीकांफ्रेंसिंग में ग्लेंड ने संयुक्त राष्ट्र की भावी योजना के बारे में जानकारी दी है.,SOV,18,23,0.0973,0.4647,0.6,9,"सभी बंदरगाह, हवाई अड्डे और राष्ट्रीय राजमार्ग पूरी तरह काम कर रहे हैं.",-1.5652,0.0,-14.3045,-10.7137,-9.997,-14.3045,-3.2465,1
train-s2615,यात्रा के लिए हुर्रियत कांफ्रेंस ने अपने पांच और सदस्यों को नामित किया है.,SOV,15,23,0.1804,0.4685,0.6667,12,आज हुई टेलीकांफ्रेंसिंग में ग्लेंड ने संयुक्त राष्ट्र की भावी योजना के बारे में जानकारी दी है.,-2.087,0.0,-16.2682,-16.1189,-14.739,-16.1307,-4.5217,1
train-s2619,भाजपा ने कांग्रेस पार्टी से संसद व विधानसभा में राजनीतिक आरक्षण के बारे में जवाब मांगा है.,SOV,18,99,-0.1175,0.4939,0.6667,10,यात्रा के लिए हुर्रियत कांफ्रेंस ने अपने पांच और सदस्यों को नामित किया है.,-0.0606,0.0,-18.8472,-14.8028,-10.0981,-18.751,-5.2816,1
train-s262,जहाँ युवतियाँ निर्वस्त्र खड़ी रहकर ग्राहकों को आकर्षित करती हैं ।,SOV,11,99,0.24,0.4808,0.3571,5,यहाँ आप रंगीन परिंदों से लेकर निराले वन्य जीवों को निहार सकते हैं ।,0.9798,0.9596,-15.2618,-13.1598,-12.2363,-15.3181,-1.7352,1
train-s2623,कांग्रेस जानबूझकर मुस्लिम सांप्रदायिकता को बढ़ावा दे रही है.,SOV,10,23,0.0504,0.5253,0.6111,11,भाजपा ने कांग्रेस पार्टी से संसद व विधानसभा में राजनीतिक आरक्षण के बारे में जवाब मांगा है.,1.0435,0.0,-14.8022,-12.5099,-12.9773,-12.6366,-2.6648,1
train-s2626,"लिहाजा, कांग्रेस को इस मुद्दे पर अपना रुख स्पष्ट करना चाहिए.",SOV,13,99,0.1899,0.5296,0.6,6,कांग्रेस जानबूझकर मुस्लिम सांप्रदायिकता को बढ़ावा दे रही है.,-1.8182,0.0,-37.2832,-15.019,-13.2204,-36.0582,-5.5419,1
train-s263,इन खिड़कियों पर चार घंटे खड़े रहने के एवज में इन्हें खासा टैक्स चुकाना पड़ता है ।,SOV,17,5,0.2149,0.5361,0.4545,5,जहाँ युवतियाँ निर्वस्त्र खड़ी रहकर ग्राहकों को आकर्षित करती हैं ।,-9.6,-1.2,-0.2569,-7.8773,-9.3781,-0.2569,-2.7159,1
train-s2631,खुद कांग्रेस अध्यक्ष ने अधिवेशन में पोटा कैदियों को रिहा करना सरकार की बड़ी उपलब्धि बताया था.,SOV,18,23,-0.0048,0.5292,0.5385,7,"लिहाजा, कांग्रेस को इस मुद्दे पर अपना रुख स्पष्ट करना चाहिए.",1.5652,0.0,-5.6598,4.2792,4.7801,-3.9445,-2.0054,1
train-s2637,कांग्रेस को धर्म के नाम पर आरक्षण के बारे में अपनी भूमिका को स्पष्ट करना चाहिए.,SOV,17,99,0.097,0.5471,0.6667,12,खुद कांग्रेस अध्यक्ष ने अधिवेशन में पोटा कैदियों को रिहा करना सरकार की बड़ी उपलब्धि बताया था.,-3.2222,0.0,-22.7539,-14.3582,-14.8424,-17.017,-3.3462,1
train-s2652,तमिलनाडु और केरल के सुनामी प्रभावित इलाकों के दो दिवसीय दौरे के आखिरी दिन शुक्रवार को मनमोहन सिंह ने कहा कि अलप्पड और अझीक्कल जैसे तटीय इलाकों में तुरंत '1 सी वाल '2 बनाने के लिए कदम उठाए जाएंगे.,SOV,40,5,0.0985,0.5828,0.6818,15,"लेकिन, सरकार इस तबाही से प्रभावित लोगों को दोबारा जिंदगी शुरू करने के लिए हर तरह की मदद करेगी '2.",-13.2,0.0,-3.3636,-2.0034,-2.2885,-3.3644,-1.6431,1
train-s2654,प्रधानमंत्री ने यहां सुनामी प्रभावित लोगों को राज्य सरकार की ओर से घोषित एक लाख रुपये मुआवजे का वितरण भी किया.,SOV,22,23,-0.023,0.5334,0.5,20,तमिलनाडु और केरल के सुनामी प्रभावित इलाकों के दो दिवसीय दौरे के आखिरी दिन शुक्रवार को मनमोहन सिंह ने कहा कि अलप्पड और अझीक्कल जैसे तटीय इलाकों में तुरंत '1 सी वाल '2 बनाने के लिए कदम उठाए जाएंगे.,18.7826,-1.0435,-4.8011,-9.0052,-7.1679,-8.6689,-3.8329,1
train-s2656,यहां उन्होंने सुनामी में अपना सब कुछ गंवा चुके मछुआरों को नौकाएं और जाल वगैरह के इंतजाम में मदद का आश्वासन दिया.,SOV,23,99,-0.0014,0.5543,0.7273,16,प्रधानमंत्री ने यहां सुनामी प्रभावित लोगों को राज्य सरकार की ओर से घोषित एक लाख रुपये मुआवजे का वितरण भी किया.,9.7778,0.0,-12.8945,-9.5349,-10.7121,-12.4868,-4.986,1
train-s2658,"मनमोहन सिंह ने अलप्पड के सरकारी अस्पतालों में इलाज करा रहे घायलों के दुख का साझा करते हुए कहा, '1 मैं यहां आपको विश्वास दिलाने आया हूं कि हम आपको हर तरह की मदद करेंगे.",SOV,37,1,0.0332,0.5321,0.5217,12,यहां उन्होंने सुनामी में अपना सब कुछ गंवा चुके मछुआरों को नौकाएं और जाल वगैरह के इंतजाम में मदद का आश्वासन दिया.,12.0,0.0,2.9798,3.6372,3.2105,2.9798,-1.116,1
train-s2659,भारत और आइसलैंड ने मंगलवार को वायुसेवा के दो समझौतों पर हस्ताक्षर के साथ ही विदेश कार्यालय के सलाह - मशविरे पर भी एक सहमति पर रजामंदी दी ।,SOV,29,99,-0.0535,0.5204,0.5135,19,"मनमोहन सिंह ने अलप्पड के सरकारी अस्पतालों में इलाज करा रहे घायलों के दुख का साझा करते हुए कहा, '1 मैं यहां आपको विश्वास दिलाने आया हूं कि हम आपको हर तरह की मदद करेंगे.",-4.2929,0.0,-14.7732,-10.258,-15.13,-14.7526,-5.6558,1
train-s2668,इस मौके पर आइसलैंड के राष्ट्रपति अलफुर रेगनर ग्रिमसन ने कहा कि आइसलैंड के इतिहास में पहली बार शाकाहारी भोजन का आयोजन किया गया है ।,SOV,26,1,-0.056,0.4886,0.6897,20,भारत और आइसलैंड ने मंगलवार को वायुसेवा के दो समझौतों पर हस्ताक्षर के साथ ही विदेश कार्यालय के सलाह - मशविरे पर भी एक सहमति पर रजामंदी दी ।,4.0,0.0,0.627,1.2918,-1.1045,-1.4816,0.1762,1
train-s2672,इस घटना के बाद ही उसने निवेश के लिए अपना ध्यान पाकिस्तान की ओर किया है ।,SOV,17,99,0.023,0.4874,0.6154,16,इस मौके पर आइसलैंड के राष्ट्रपति अलफुर रेगनर ग्रिमसन ने कहा कि आइसलैंड के इतिहास में पहली बार शाकाहारी भोजन का आयोजन किया गया है ।,-2.9394,-0.9596,2.627,0.9248,0.4296,2.0695,-2.9193,1
train-s2681,सरकार ने वाम दलों का सुझाव मानते हुए अमेरिकी राष्ट्रपति चुनाव के नतीजे आने तक पेट्रोल व डीजल की कीमतों में वृद्धि टाल दी है ।,SOV,26,23,0.0046,0.4847,0.6471,11,इस घटना के बाद ही उसने निवेश के लिए अपना ध्यान पाकिस्तान की ओर किया है ।,8.3478,0.0,2.5948,1.878,1.5983,2.5948,-5.2514,1
train-s2686,वामपंथी दलों ने सरकार से आग्रह किया था कि पेट्रोलियम पदार्थो की कीमतों में वृद्धि को अमेरिकी राष्ट्रपति पद के चुनाव तक टाल दिया जाए ।,SOV,26,5,0.0799,0.5303,0.5769,15,सरकार ने वाम दलों का सुझाव मानते हुए अमेरिकी राष्ट्रपति चुनाव के नतीजे आने तक पेट्रोल व डीजल की कीमतों में वृद्धि टाल दी है ।,-2.4,0.0,-24.6879,-20.0796,-18.2514,-22.1166,-2.4313,1
train-s2698,केरल के राज्यपाल आर. एल. भाटिया ने ६१ वर्षीय ओमेन चांडी को मंगलवार को राज्य के १९वें मुख्यमंत्री के रूप में शपथ दिलाई ।,SOV,24,99,0.0669,0.54,0.6538,17,वामपंथी दलों ने सरकार से आग्रह किया था कि पेट्रोलियम पदार्थो की कीमतों में वृद्धि को अमेरिकी राष्ट्रपति पद के चुनाव तक टाल दिया जाए ।,-10.4747,0.0,-20.3179,-14.4517,-15.385,-22.605,-3.3807,1
train-s270,मेरीटाइम म्यूजियम में आप अतीत के बड़े - बड़े जहाज देख सकते हैं ।,SOV,14,5,0.0069,0.4635,0.5294,9,इन खिड़कियों पर चार घंटे खड़े रहने के एवज में इन्हें खासा टैक्स चुकाना पड़ता है ।,3.6,-1.2,2.9534,0.434,-0.6172,2.9707,-1.9822,1
train-s2706,"जैसे ही चांडी ने मुख्यमंत्री पद की शपथ ली, उनके समर्थकों ने नारेबाजी शुरू कर दी ।",SOV,18,23,-0.05,0.4832,0.5,12,केरल के राज्यपाल आर. एल. भाटिया ने ६१ वर्षीय ओमेन चांडी को मंगलवार को राज्य के १९वें मुख्यमंत्री के रूप में शपथ दिलाई ।,-15.1304,0.0,-30.9215,-19.034,-16.1,-30.9215,-8.0012,1
train-s2708,शपथ लेने से पहले नए मुख्यमंत्री ने अपनी ८४ वर्षीया मां बैबी से आशीर्वाद लिया ।,SOV,16,23,-0.0887,0.4936,0.6111,11,"जैसे ही चांडी ने मुख्यमंत्री पद की शपथ ली, उनके समर्थकों ने नारेबाजी शुरू कर दी ।",-3.1304,0.0,-12.1228,-7.3593,-10.2206,-10.7421,-3.1841,1
train-s2709,मां ने इस सफल पुत्र को गले लगाकर आशीर्वाद दिया ।,SOV,11,23,0.1157,0.5117,0.625,10,शपथ लेने से पहले नए मुख्यमंत्री ने अपनी ८४ वर्षीया मां बैबी से आशीर्वाद लिया ।,-2.6087,0.0,-14.0606,-11.354,-10.92,-12.89,-1.854,1
train-s2722,पाकिस्तान के आर्थिक सर्वे २००३ -JOIN ०४ का हवाला देते हुए साप्ताहिक ने कहा कि करीब १.७४ करोड़ बच्चे प्राइमरी स्कूलों में शिक्षा ग्रहण कर रहे है.,SOV,28,1,0.0915,0.5624,0.7273,8,मां ने इस सफल पुत्र को गले लगाकर आशीर्वाद दिया ।,-9.0,0.0,7.0724,6.5299,4.2152,6.8991,0.7638,1
train-s2723,जबकि ३० लाख बच्चे देश भर में फैले २० हजार मदरसों में तालीम हासिल कर रहे हैं.,SOV,18,99,0.0988,0.4973,0.4643,13,पाकिस्तान के आर्थिक सर्वे २००३ -JOIN ०४ का हवाला देते हुए साप्ताहिक ने कहा कि करीब १.७४ करोड़ बच्चे प्राइमरी स्कूलों में शिक्षा ग्रहण कर रहे है.,-2.1313,0.0,-21.991,-10.035,-11.82,-20.478,-7.2616,1
train-s2726,फिक्की के एक प्रतिनिधिमंडल ने चिदंबरम से मुलाकात कर कहा कि आयकर अधिनियम की धारा २८१ -JOIN बी के तहत संपत्ति जब्त करने का प्रावधान बर्बर और सामंती है.,SOV,30,5,0.3017,0.4819,0.3889,7,जबकि ३० लाख बच्चे देश भर में फैले २० हजार मदरसों में तालीम हासिल कर रहे हैं.,-3.6,0.0,-4.2497,-4.4136,-6.1461,-4.1997,-2.9809,1
train-s273,स्पीडो के जरिए आप 75 मिनिट में पूरा रोटरडैम निहार सकते हैं ।,SOV,13,23,0.1026,0.5044,0.5,7,मेरीटाइम म्यूजियम में आप अतीत के बड़े - बड़े जहाज देख सकते हैं ।,-0.5217,-1.0435,1.2113,-1.554,-1.9302,2.2944,-3.5983,1
train-s2730,"राष्ट्र ने रविवार को पूर्व प्रधानमंत्री इंदिरा गांधी की २०वीं पुण्यतिथि पर उन्हें भारत को एकता, अखंडता और धर्मनिरपेक्षता के सूत्र में पिरोने के लिए याद किया.",SOV,29,99,-0.0548,0.5245,0.6,18,फिक्की के एक प्रतिनिधिमंडल ने चिदंबरम से मुलाकात कर कहा कि आयकर अधिनियम की धारा २८१ -JOIN बी के तहत संपत्ति जब्त करने का प्रावधान बर्बर और सामंती है.,9.1414,-0.0505,-13.3818,-9.4688,-9.3835,-12.0772,-3.1962,1
train-s2747,मुंबई में लोगों ने लाखों के जाम छलकाए ।,SOV,9,5,0.0723,0.4508,0.6207,18,"राष्ट्र ने रविवार को पूर्व प्रधानमंत्री इंदिरा गांधी की २०वीं पुण्यतिथि पर उन्हें भारत को एकता, अखंडता और धर्मनिरपेक्षता के सूत्र में पिरोने के लिए याद किया.",1.2,0.0,-2.0554,-2.5379,0.4612,-1.8877,-3.8938,1
train-s2748,उमा भारती के ऊपर १० साल पहले लगा हत्या के प्रयास व दंगे का मामला हटाने के लिए स्थानीय अदालत ने सरकारी वकील से लिखित अनुरोध मांगा है.,SOV,29,23,-0.0349,0.588,0.5556,5,मुंबई में लोगों ने लाखों के जाम छलकाए ।,-25.0435,0.0,-3.8538,-8.7842,-4.6443,-3.8538,-4.3446,1
train-s2749,कोर्ट ने कर्नाटक के सहायक अभियोजन अधिकारी को मंगलवार को यह निर्देश देते हुए सुनवाई बुधवार तक के लिए स्थगित कर दी.,SOV,23,99,-0.0264,0.5247,0.7241,21,उमा भारती के ऊपर १० साल पहले लगा हत्या के प्रयास व दंगे का मामला हटाने के लिए स्थानीय अदालत ने सरकारी वकील से लिखित अनुरोध मांगा है.,-10.0,0.0,-31.9983,-17.6223,-14.3373,-31.974,-5.626,1
train-s2753,हुबली में प्रथम श्रेणी के न्यायिक मजिस्ट्रेट मोहम्मद इस्माइल ने मंगलवार को अतिरिक्त लोक अभियोजक एन नागेंद्र से कहा कि वह उमा पर मामला वापस लेने की लिखित प्रार्थना दें.,SOV,31,23,0.0153,0.4705,0.6522,15,कोर्ट ने कर्नाटक के सहायक अभियोजन अधिकारी को मंगलवार को यह निर्देश देते हुए सुनवाई बुधवार तक के लिए स्थगित कर दी.,3.1304,0.0,-3.8177,-0.9081,-3.7481,-2.6022,-0.3442,1
train-s2759,कोर्ट ने १० में से ८ मामले वापस ले लिए थे.,SOV,12,23,0.0548,0.4781,0.6452,20,हुबली में प्रथम श्रेणी के न्यायिक मजिस्ट्रेट मोहम्मद इस्माइल ने मंगलवार को अतिरिक्त लोक अभियोजक एन नागेंद्र से कहा कि वह उमा पर मामला वापस लेने की लिखित प्रार्थना दें.,-2.087,0.0,-24.8443,-9.7218,-11.5815,-22.0078,-5.984,1
train-s2760,बाकी दो मामले उसने अपने अधिकार क्षेत्र से बाहर बताए थे.,DOSV,12,5,-0.0722,0.5925,0.5,6,कोर्ट ने १० में से ८ मामले वापस ले लिए थे.,2.4,-1.2,-2.0737,1.0804,-1.0803,-2.0737,-1.1934,1
train-s2763,रक्षा - मंत्रालय द्वारा हलफनामा दायर करने के बाद विपक्ष ने दावा किया था कि इसमें जॉर्ज फर्नान्डिज़ को क्लीन चिट दे दी गई है.,SOV,26,5,0.0384,0.5011,0.5,6,बाकी दो मामले उसने अपने अधिकार क्षेत्र से बाहर बताए थे.,-9.6,0.0,-13.0651,-15.13,-15.1384,-13.0651,-6.5035,1
train-s2765,अटॅर्नी जनरल मिलन कुमार बनर्जी ने भी इस हफ्ते रक्षा - सचिव अजय विक्रम सिंह को एक पत्र लिखा था.,SOV,21,23,-0.0584,0.5048,0.4615,12,रक्षा - मंत्रालय द्वारा हलफनामा दायर करने के बाद विपक्ष ने दावा किया था कि इसमें जॉर्ज फर्नान्डिज़ को क्लीन चिट दे दी गई है.,-5.2174,0.0,-14.7683,-9.9757,-9.9068,-14.6391,-2.6486,1
train-s2769,इसमें मौजूद रक्षा मंत्री प्रणब मुखर्जी ने कम्युनिस्ट नेताओं को बताया कि सरकार कारगिल रक्षा खरीद मसले पर नया हलफनामा पेश करने की योजना बना रही है.,SOV,28,1,-0.0093,0.5106,0.5238,11,अटॅर्नी जनरल मिलन कुमार बनर्जी ने भी इस हफ्ते रक्षा - सचिव अजय विक्रम सिंह को एक पत्र लिखा था.,-4.0,0.0,2.7642,0.9477,7.9575,2.7642,-0.7406,1
train-s2770,"विधि मंत्री हंसराज भारद्वाज ने भी एक टीवी चैनल को बताया कि पहले दायर हलफनामे में जो तथ्य छूट गए थे, उन्हें नए हलफनामे में शामिल किया जाएगा.",SOV,30,1,0.1047,0.5569,0.5714,16,इसमें मौजूद रक्षा मंत्री प्रणब मुखर्जी ने कम्युनिस्ट नेताओं को बताया कि सरकार कारगिल रक्षा खरीद मसले पर नया हलफनामा पेश करने की योजना बना रही है.,-2.0,0.0,-8.4983,-5.2436,-4.0315,-7.7133,-0.5748,1
train-s2774,इसी को देखते हुए सरकार को नए हलफनामे का इरादा बनाना पड़ा.,SOV,13,5,0.0867,0.4781,0.6,18,"विधि मंत्री हंसराज भारद्वाज ने भी एक टीवी चैनल को बताया कि पहले दायर हलफनामे में जो तथ्य छूट गए थे, उन्हें नए हलफनामे में शामिल किया जाएगा.",0.0,0.0,-7.0733,-10.3353,-10.8219,-8.5877,-2.3027,1
train-s2777,जनसंसाधन मंत्री प्रियरंजन दास मुंशी ने कथित रूप से कहा था कि हलफनामे के बारे में राजनीतिक मामलों की कैबिनेट समिति से मंजूरी ली जानी चाहिए थी.,SOV,28,1,0.13,0.4842,0.6154,8,इसी को देखते हुए सरकार को नए हलफनामे का इरादा बनाना पड़ा.,-3.0,0.0,0.5728,-4.555,-4.5001,0.5728,-1.0058,1
train-s2796,"कर्नल सिंह ने दो तरह के एयरबैग दिखाते हुए बताया कि जिन स्थानों पर धमाके हुए, वहाँ ऐसे ही लावारिस बैग रखे देखे गए थे.",SOV,27,1,-0.0613,0.5284,0.5714,16,जनसंसाधन मंत्री प्रियरंजन दास मुंशी ने कथित रूप से कहा था कि हलफनामे के बारे में राजनीतिक मामलों की कैबिनेट समिति से मंजूरी ली जानी चाहिए थी.,3.0,0.0,5.3209,-0.3688,3.7487,5.321,-1.483,1
train-s2797,पुलिस ने लोगों से अपील की है कि उक्त बैग वहाँ रखने वाले अथवा खरीदने वालों की जानकारी पुलिस तक पहुँचाएं.,SOV,22,5,-0.0907,0.5037,0.4815,13,"कर्नल सिंह ने दो तरह के एयरबैग दिखाते हुए बताया कि जिन स्थानों पर धमाके हुए, वहाँ ऐसे ही लावारिस बैग रखे देखे गए थे.",-1.2,0.0,-18.9503,-21.1802,-20.5071,-18.9394,-5.7773,1
train-s281,बाँधवगढ़ के अंदर बना प्राचीन किला भी देखने योग्य है.,SOV,11,1,0.404,0.509,0.3077,4,स्पीडो के जरिए आप 75 मिनिट में पूरा रोटरडैम निहार सकते हैं ।,-5.0,0.0,-13.0318,-6.2266,-5.9642,-13.1429,-8.4783,1
train-s2811,इसकी सूचना भारतीय खुफिया एजेंसियों ने चार -JOIN पाँच दिन पहले अमेरिकी खुफिया एजेंसी एफबीआई को दी.,DOSV,18,23,0.1578,0.5232,0.6818,15,पुलिस ने लोगों से अपील की है कि उक्त बैग वहाँ रखने वाले अथवा खरीदने वालों की जानकारी पुलिस तक पहुँचाएं.,5.2174,0.0,3.124,2.1981,2.4079,2.4196,1.987,1
train-s2813,अमेरिका ने भी पाकिस्तान में अपने अधिकारियों को सतर्क कर दिया है.,SOV,13,23,-0.0707,0.4438,0.3889,7,इसकी सूचना भारतीय खुफिया एजेंसियों ने चार -JOIN पाँच दिन पहले अमेरिकी खुफिया एजेंसी एफबीआई को दी.,-2.6087,0.0,-22.2037,-14.4258,-13.1819,-22.1399,-3.0183,1
train-s2841,"इससे पहले, विदेश मंत्री के. नटवर सिंह ने पिछले सप्ताह अपनी लंदन यात्रा के समय यह मसला ब्रिटिश विदेश मंत्री जैक स्ट्रॅ के समक्ष उठाया था और वहाँ की सरकार को चेतावनी वापस लेने को कहा था ।",SOV,39,99,-0.1516,0.5442,0.6154,8,अमेरिका ने भी पाकिस्तान में अपने अधिकारियों को सतर्क कर दिया है.,6.0909,0.9899,-19.6523,-1.4908,-1.0796,-19.6523,-2.78,1
train-s2846,मृतकों के परिजनों को मुआवज़ा देने के बाबत उन्होंने कहा कि इस बारे में बाद में विचार किया जाएगा ।,SOV,20,1,-0.0048,0.4605,0.5789,11,"बहरहाल, मंत्री ने उम्मीद जताई है कि शवों को रविवार शाम तक भारत लाया जा सकता है ।",-7.0,-2.0,-5.1295,-2.6895,-6.2537,-5.1303,-3.7209,1
train-s2847,फिलहाल शवों को भारत लाना ही पहली प्राथमिकता है ।,SOV,10,5,0.074,0.4925,0.5,10,मृतकों के परिजनों को मुआवज़ा देने के बाबत उन्होंने कहा कि इस बारे में बाद में विचार किया जाएगा ।,1.2,0.0,-2.2745,-2.2141,-3.4136,-3.0789,0.0333,1
train-s2855,केन्द्र सरकार मणिपुर से सशस्त्र सेना विशेष अधिकार अधिनियम (एएफएसपीए) को हटाकर उसकी जगह मानवीय चेहरे वाले कानून को लागू करने को रजामंद हो गई है ।,SOV,29,5,0.0485,0.4697,0.5,5,फिलहाल शवों को भारत लाना ही पहली प्राथमिकता है ।,-1.2,0.0,-4.3402,-0.676,0.4108,-4.3402,-2.5993,1
train-s2861,प्रधानमंत्री और अपुंबा लुप की बैठक के बाद प्रवक्ता ने संवाददाताओं को बताया कि प्रधानमंत्री मनमोहन सिंह ने कहा है कि वह मणिपुर में सशस्त्र सेना विशेष अधिकार अधिनियम (एएफएसपीए) के बदले एक नया नरम कानून लाने पर अवश्य ही विचार करेंगे ।,SOV,45,5,0.1499,0.4954,0.5517,16,केन्द्र सरकार मणिपुर से सशस्त्र सेना विशेष अधिकार अधिनियम (एएफएसपीए) को हटाकर उसकी जगह मानवीय चेहरे वाले कानून को लागू करने को रजामंद हो गई है ।,-7.2,0.0,-10.1615,1.3644,2.4234,-10.1493,-3.5064,1
train-s2864,इसके अलावा प्रधानमंत्री ने प्रतिनिधि दल से गृह मंत्री शिवराज पाटिल से इस मुद्दे पर बातचीत जारी रखने को कहा है ।,SOV,22,99,0.0444,0.5205,0.5556,25,प्रधानमंत्री और अपुंबा लुप की बैठक के बाद प्रवक्ता ने संवाददाताओं को बताया कि प्रधानमंत्री मनमोहन सिंह ने कहा है कि वह मणिपुर में सशस्त्र सेना विशेष अधिकार अधिनियम (एएफएसपीए) के बदले एक नया नरम कानून लाने पर अवश्य ही विचार करेंगे ।,12.8788,1.0101,-11.8838,-6.2919,-4.0242,-10.0477,-3.7407,1
train-s2870,भारत - अमेरिका परमाणु करार पर गतिरोध कायम रहने के बावजूद अमेरिका के राष्ट्रपति जार्ज डब्ल्यू बुश अपनी यात्रा के दौरान भारत को परमाणु ईंधन की आपूर्ति की घोषणा कर सकते हैं.,SOV,33,99,0.0005,0.5322,0.5909,13,इसके अलावा प्रधानमंत्री ने प्रतिनिधि दल से गृह मंत्री शिवराज पाटिल से इस मुद्दे पर बातचीत जारी रखने को कहा है ।,-14.1616,0.0,-21.8476,-19.4596,-19.7839,-21.8644,-2.9337,1
train-s2884,"वैसे भी, समझौते के तहत नागरिक एवं सामरिक परमाणु सुविधाओं को अलग - अलग रखने से पूर्व अमेरिका को उक्त समेत कुछ अन्य वायदों को पूरा करना है.",SOV,30,99,0.0588,0.5185,0.6364,21,भारत - अमेरिका परमाणु करार पर गतिरोध कायम रहने के बावजूद अमेरिका के राष्ट्रपति जार्ज डब्ल्यू बुश अपनी यात्रा के दौरान भारत को परमाणु ईंधन की आपूर्ति की घोषणा कर सकते हैं.,-13.1212,0.0,-29.7018,-11.1295,-9.4902,-28.3205,-2.2086,1
train-s2897,वहीं कोलकाता में एसबीआई ऑफिसर्स एसोसिएशन और एसबीआई स्टाफ एसोसिएशन के महासचिव एस. के. हलदर और अशोक दत्ता ने शनिवार को एक संयुक्त बयान में कहा कि पेंशन संबंधी मुद्दे को सुलझाने के लिए मुख्य श्रमायुक्त (केंद्रीय) की पहल केंद्र सरकार के अड़ियल रवैये के कारण विफल रही ।,SOV,51,99,0.0708,0.4736,0.7,21,"वैसे भी, समझौते के तहत नागरिक एवं सामरिक परमाणु सुविधाओं को अलग - अलग रखने से पूर्व अमेरिका को उक्त समेत कुछ अन्य वायदों को पूरा करना है.",5.8182,0.0,-8.0011,-7.1786,-8.239,-7.9984,-1.9679,1
train-s2905,भोजन काल से ठीक पहले केरल सांसदों के आसन के पास चले आये डिप्टी स्पीकर चरणजीत सिंह अटवाल ने सभा स्थगित कर दी ।,SOV,24,23,0.0164,0.4875,0.4706,24,वहीं कोलकाता में एसबीआई ऑफिसर्स एसोसिएशन और एसबीआई स्टाफ एसोसिएशन के महासचिव एस. के. हलदर और अशोक दत्ता ने शनिवार को एक संयुक्त बयान में कहा कि पेंशन संबंधी मुद्दे को सुलझाने के लिए मुख्य श्रमायुक्त (केंद्रीय) की पहल केंद्र सरकार के अड़ियल रवैये के कारण विफल रही ।,-13.0435,0.0,-15.2139,-14.8894,-12.1901,-15.2139,-4.5346,1
train-s2923,इनमें से एक ने बिहार के एक व्यक्ति से विवाह कर लिया है ।,SOV,14,23,0.0662,0.4858,0.4615,12,"हालांकि, संसदीय मामलों के मंत्री पी. आर. दासमुंशी ने बीचबचाव करते हुए दोनों राज्यों के सदस्यों से शांति बनाए रखने की अपील की थी ।",0.0,1.0435,-26.0275,-9.6189,-9.5653,-25.2504,-3.9637,1
train-s2929,दोनों बहनें मिलकर ग्रामीण इलाके में सेक्स रैकेट चला रही हैं ।,SOV,12,23,-0.0301,0.5166,0.7143,10,इनमें से एक ने बिहार के एक व्यक्ति से विवाह कर लिया है ।,1.0435,0.0,-5.0264,-0.629,-0.629,-5.0264,-1.9814,1
train-s2933,दो अन्य को उन्होंने एक लाख से अधिक की चपत लगाई है ।,DOSV,13,5,0.0429,0.3689,0.5833,7,दोनों बहनें मिलकर ग्रामीण इलाके में सेक्स रैकेट चला रही हैं ।,3.6,-1.2,-11.4523,-10.3042,-7.335,-11.4523,-2.8618,1
train-s2937,इसके अलावा शहर कोतवाली क्षेत्र में भी एक महिला सेक्स रैकेट चलाती है ।,SOV,14,23,0.013,0.4593,0.6154,8,दो अन्य को उन्होंने एक लाख से अधिक की चपत लगाई है ।,-1.5652,1.0435,-11.4293,-3.3213,-6.445,-10.4866,-4.2502,1
train-s2938,पहले वह एक युवक के साथ अकेले काम करती थी ।,SOV,11,23,0.1662,0.4726,0.6429,9,इसके अलावा शहर कोतवाली क्षेत्र में भी एक महिला सेक्स रैकेट चलाती है ।,3.1304,-1.0435,-12.3376,-9.5184,-10.2439,-11.5588,-1.9723,1
train-s2939,अब उसने अपनी बहन को भी बुला लिया है ।,SOV,10,5,0.06,0.4375,0.6364,7,पहले वह एक युवक के साथ अकेले काम करती थी ।,3.6,0.0,-13.916,-7.8588,-8.0941,-13.916,-2.9417,1
train-s2943,सेटिंग के बाद एक युवक उसे अपनी बाइक पर बैठाकर नियत स्थान पर ले जाता है ।,SOV,17,99,0.2085,0.4581,0.7,7,अब उसने अपनी बहन को भी बुला लिया है ।,2.2626,-0.0404,-2.4512,-5.2455,-6.4589,-1.7562,0.5385,1
train-s2944,इस दौरान उसकी पुत्री को युवक घुमाता रहता है ।,DOSV,10,5,0.0172,0.4609,0.5882,10,सेटिंग के बाद एक युवक उसे अपनी बाइक पर बैठाकर नियत स्थान पर ले जाता है ।,-1.2,0.0,-5.512,1.8053,0.0843,-7.943,-5.3266,1
train-s2945,काम खत्म होने के बाद महिला फोन पर युवक को सूचना देती है तो युवक उसे जाकर वापस लाता है ।,SOV,21,99,-0.0667,0.4907,0.3,3,इस दौरान उसकी पुत्री को युवक घुमाता रहता है ।,-26.0,1.0202,5.3285,-5.3085,-4.3422,3.5781,-2.357,1
train-s295,लेकिन आप खजुराहो या दिल्ली से यहाँ के लिए सीधी फ्लाइट ले सकते हैं.,SOV,15,99,0.1293,0.4595,0.7273,8,बाँधवगढ़ के अंदर बना प्राचीन किला भी देखने योग्य है.,4.1515,-1.0202,-15.8083,-6.0181,-8.2277,-15.775,-8.2764,1
train-s2950,काम कराने का ठेका भी ये लेती हैं ।,DOSV,9,1,0.0621,0.4951,0.6667,14,काम खत्म होने के बाद महिला फोन पर युवक को सूचना देती है तो युवक उसे जाकर वापस लाता है ।,-4.0,-2.0,3.3433,4.2765,6.4285,2.6082,6.9111,1
train-s296,"इसके अलावा आप कटनी, सतना, जबलपुर या देश के किसी भी हिस्से से यहाँ के लिए रेल या बस सुविधा ले सकते हैं.",SOV,26,99,-0.035,0.4899,0.3333,5,लेकिन आप खजुराहो या दिल्ली से यहाँ के लिए सीधी फ्लाइट ले सकते हैं.,6.2121,0.0101,-10.1337,-5.0537,-8.5824,-9.45,-4.2632,1
train-s2969,कांग्रेस कार्यकारिणी के एक सदस्य तथा सांसद बी. के. हरिप्रसाद ने यह बात बताई ।,SOV,15,1,-0.0303,0.5413,0.3333,3,काम कराने का ठेका भी ये लेती हैं ।,-9.0,0.0,-6.2768,-10.5344,-12.2553,-7.056,-1.7084,1
train-s2971,भाजपा के विरोध को सिरे से खारिज करते हुए गृह राज्यमंत्री श्री प्रकाश जायसवाल ने बृहस्पतिवार को कहा कि केंद्र सरकार चाहे तो राज्यपालों को हटा सकती है ।,SOV,29,5,-0.0126,0.4527,0.5333,8,कांग्रेस कार्यकारिणी के एक सदस्य तथा सांसद बी. के. हरिप्रसाद ने यह बात बताई ।,-8.4,0.0,-0.4603,1.4674,3.3352,-0.4598,-1.1314,1
train-s2982,सतलुज जल विद्युत निगम ने इस मामले की जांच पूरी कर ली है ।,SOV,14,5,-0.0652,0.5299,0.5517,16,भाजपा के विरोध को सिरे से खारिज करते हुए गृह राज्यमंत्री श्री प्रकाश जायसवाल ने बृहस्पतिवार को कहा कि केंद्र सरकार चाहे तो राज्यपालों को हटा सकती है ।,-4.8,0.0,-21.9036,-12.7518,-12.104,-21.9036,-4.7661,1
train-s299,जंगल के बीचोंबीच बने इन खूबसूरत ब्रिटिश कालीन भवनों में रहना एक अलग अनुभव है.,SOV,16,1,0.0596,0.4733,0.4615,12,"इसके अलावा आप कटनी, सतना, जबलपुर या देश के किसी भी हिस्से से यहाँ के लिए रेल या बस सुविधा ले सकते हैं.",-8.0,0.0,1.2034,-1.0137,0.3347,1.0287,1.1564,1
train-s2991,बाद में एक अधिकारी ने पर्दे को हाथ से लपेटकर ऊपर सरकाया ।,SOV,13,99,-0.0532,0.4561,0.7857,11,सतलुज जल विद्युत निगम ने इस मामले की जांच पूरी कर ली है ।,-1.8485,0.0,-7.4277,-1.4573,1.2217,-7.4277,-4.4398,1
train-s2992,सतलुज जल विद्युत निगम ने प्रधानमंत्री के कार्यक्रम में हुई इस गड़बड़ी को गंभीरता से लेते हुए नाथपा झाकड़ी प्रोजेक्ट के महाप्रबंधक जे. के. शर्मा को मामले की जांच सौंपी ।,SOV,31,23,0.0124,0.4905,0.7692,10,बाद में एक अधिकारी ने पर्दे को हाथ से लपेटकर ऊपर सरकाया ।,-4.6957,0.0,-1.8624,-4.1917,-4.5753,-0.69,-5.4771,1
train-s2993,श्री शर्मा ने जांच पूरी कर रिपोर्ट अध्यक्ष सह प्रबंध निदेशक को दे दी है ।,SOV,16,23,-0.0475,0.4995,0.5161,16,सतलुज जल विद्युत निगम ने प्रधानमंत्री के कार्यक्रम में हुई इस गड़बड़ी को गंभीरता से लेते हुए नाथपा झाकड़ी प्रोजेक्ट के महाप्रबंधक जे. के. शर्मा को मामले की जांच सौंपी ।,2.087,0.0,-13.7007,1.2094,2.5832,-12.1339,-0.7541,1
train-s2997,सतलुज जल विद्युत निगम के उच्च पदस्थ सूत्रों के अनुसार २८ मई को प्रधानमंत्री के मंच पर आगमन से पहले निगम के अधिकारियों ने विद्युत सचिव आर. वी. शाही की उपस्थिति में सारे सिस्टम को चेक किया था ।,SOV,39,99,0.058,0.4728,0.6875,11,श्री शर्मा ने जांच पूरी कर रिपोर्ट अध्यक्ष सह प्रबंध निदेशक को दे दी है ।,-26.4545,0.0,-6.2971,-10.6839,-9.307,-6.2971,-3.9273,1
train-s3003,निगम ने सुबह साढ़े आठ बजे एसपीजी को सिस्टम सौंप दिया ।,SOV,12,23,0.0485,0.4837,0.6923,27,सतलुज जल विद्युत निगम के उच्च पदस्थ सूत्रों के अनुसार २८ मई को प्रधानमंत्री के मंच पर आगमन से पहले निगम के अधिकारियों ने विद्युत सचिव आर. वी. शाही की उपस्थिति में सारे सिस्टम को चेक किया था ।,-2.6087,0.0,-9.2992,-3.8399,-3.0356,-1.3987,-1.9968,1
train-s301,यहाँ आप पाँच हजार से लेकर बीस हजार रुपए में अच्छी छुट्टियाँ बिता सकते हैं.,SOV,16,23,0.0287,0.4429,0.625,10,जंगल के बीचोंबीच बने इन खूबसूरत ब्रिटिश कालीन भवनों में रहना एक अलग अनुभव है.,5.2174,0.0,-4.201,-3.8666,-3.2013,-4.201,-5.2677,1
train-s302,बजट इस बात पर निर्भर करता है कि आप यात्रा के किस साधन का इस्तेमाल कर रहे हैं और वह बाँधवगढ़ से कितना दूर हैं.,SOV,26,5,0.2025,0.4302,0.3125,5,यहाँ आप पाँच हजार से लेकर बीस हजार रुपए में अच्छी छुट्टियाँ बिता सकते हैं.,0.0,0.0,-22.8915,-13.2784,-13.8985,-22.8915,-0.7341,1
train-s3020,यात्रा के दौरान प्रतिनिधिमंडल परवेज मुशर्रफ से मुलाकात करेगा और उनसे कश्मीर मुद्दे पर बातचीत करेगा ।,SOV,17,23,-0.1183,0.4161,0.4167,5,निगम ने सुबह साढ़े आठ बजे एसपीजी को सिस्टम सौंप दिया ।,-2.087,0.0,-17.3638,-15.4279,-14.9076,-17.3638,-3.7073,1
train-s3037,घड़ी की तीनों सुइयों के १२ पर पहुंचते ही लोगों ने शानदार आतिश्बाजी की.,SOV,15,5,0.0765,0.5096,0.5294,9,यात्रा के दौरान प्रतिनिधिमंडल परवेज मुशर्रफ से मुलाकात करेगा और उनसे कश्मीर मुद्दे पर बातचीत करेगा ।,-8.4,0.0,-6.7517,-7.8685,-6.1861,-6.7517,-2.365,1
train-s3039,गीत - संगीत के माहौल में थिरकते लोगों ने खूब जश्न मनाया.,SOV,13,1,0.0199,0.5169,0.7333,11,घड़ी की तीनों सुइयों के १२ पर पहुंचते ही लोगों ने शानदार आतिश्बाजी की.,-7.0,0.0,-15.2282,-8.375,-5.1561,-16.7966,-2.1856,1
train-s3045,पाकिस्तान के विदेश मंत्रालय में भारतीय डेस्क के निदेशक जहीर ए. जंजुआ ने पाकिस्तान के परमाणु प्रतिष्ठानों व ठिकानों की सूची इस्लामाबाद में भारतीय उच्चायोग के प्रथम राजनीतिक सचिव सिबी जॉर्ज को सौंपी.,SOV,34,99,0.3256,0.5862,0.6923,9,गीत - संगीत के माहौल में थिरकते लोगों ने खूब जश्न मनाया.,1.6162,0.0,1.6355,-4.1943,-3.2489,0.2953,-0.0729,1
train-s3058,भारत ने अमेरिका की ओर से दो भारतीय परमाणु विज्ञानियों पर ईरान को हथियार और संवेदनशील तकनीक देने के आरोप को खारिज कर दिया है.,SOV,26,99,0.0508,0.5047,0.4706,16,पाकिस्तान के विदेश मंत्रालय में भारतीय डेस्क के निदेशक जहीर ए. जंजुआ ने पाकिस्तान के परमाणु प्रतिष्ठानों व ठिकानों की सूची इस्लामाबाद में भारतीय उच्चायोग के प्रथम राजनीतिक सचिव सिबी जॉर्ज को सौंपी.,3.5152,0.0,-32.8847,-24.1914,-21.0157,-32.4309,-4.6789,1
train-s3059,भारत ने अमेरिका से विज्ञानियों पर लगाई गई रोक वापस लेने को कहा है.,SOV,15,5,-0.1475,0.5431,0.6923,18,भारत ने अमेरिका की ओर से दो भारतीय परमाणु विज्ञानियों पर ईरान को हथियार और संवेदनशील तकनीक देने के आरोप को खारिज कर दिया है.,7.2,0.0,-15.7599,-2.9999,-4.611,-7.1895,-3.1108,1
train-s3060,अमेरिकी सरकार ने यह पाबंदी बुधवार को लगाई थी.,SOV,10,23,-0.1835,0.5453,0.6,9,भारत ने अमेरिका से विज्ञानियों पर लगाई गई रोक वापस लेने को कहा है.,-1.5652,-1.0435,-1.9839,-1.9892,-0.1732,-4.6206,-3.491,1
train-s3068,गोवा प्रकरण को लेकर भाजपा बुधवार को अपनी रणनीति तय करेगी.,SOV,12,99,-0.1966,0.5324,0.5,5,अमेरिकी सरकार ने यह पाबंदी बुधवार को लगाई थी.,-4.9899,0.0,-22.1608,-13.5993,-11.7325,-26.5996,-4.3163,1
train-s3071,विधायकों ने भाजपा अध्यक्ष से मुलाकात की है.,SOV,9,5,0.2886,0.468,0.5,6,गोवा प्रकरण को लेकर भाजपा बुधवार को अपनी रणनीति तय करेगी.,-1.2,0.0,-15.0833,-19.699,-21.0896,-11.7418,-4.5138,1
train-s3077,समझौते के मुताबिक अक्तूबर में मुख्यमंत्री कुमार स्वामी भाजपा नेता और उप मुख्यमंत्री येदुरप्पा को कुर्सी सौंपेंगे.,SOV,18,99,0.0876,0.5413,0.6667,6,विधायकों ने भाजपा अध्यक्ष से मुलाकात की है.,1.1212,0.0,1.5983,-8.4194,-10.1951,0.1014,-2.6289,1
train-s3080,इस घटना ने अक्टूबर में जिले में कर्बी और दिमासा जनजातियों के बीच व्यापक खूनी संघर्ष की याद ताजा कर दी है ।,SOV,23,99,0.1004,0.4666,0.3889,7,समझौते के मुताबिक अक्तूबर में मुख्यमंत्री कुमार स्वामी भाजपा नेता और उप मुख्यमंत्री येदुरप्पा को कुर्सी सौंपेंगे.,1.7475,0.0,-26.8399,-11.9692,-10.8007,-26.9411,-3.8478,1
train-s3090,इससे पहले गुरुवार को बच्चों का एक शिष्टमंडल भी राज्यपाल से मिला था ।,SOV,14,23,-0.0057,0.5118,0.6522,15,इस घटना ने अक्टूबर में जिले में कर्बी और दिमासा जनजातियों के बीच व्यापक खूनी संघर्ष की याद ताजा कर दी है ।,1.5652,1.0435,-9.5578,-0.9706,-2.2751,-9.5578,-2.9252,1
train-s3091,तब राज्यपाल ने अधिकारियों को गौरव कुमार उर्फ गोलू को मुक्त कराने का अभियान तेज करने का निर्देश दिया था ।,SOV,21,23,-0.0091,0.5072,0.7143,10,इससे पहले गुरुवार को बच्चों का एक शिष्टमंडल भी राज्यपाल से मिला था ।,18.7826,1.0435,-10.2314,-10.5257,-11.1248,-10.4999,-3.745,1
train-s3092,पटना हार्टकोर्ट ने भी गौरव की रिहाई में विलंब पर नाराजगी जताई थी और शुक्रवार को राज्य के पुलिस प्रमुख ए. आर. सिन्हा को गौरव को मुक्त कराकर चार अक्टूबर तक पेश करने के निर्देश दिए थे ।,SOV,38,23,0.1199,0.5602,0.5714,12,तब राज्यपाल ने अधिकारियों को गौरव कुमार उर्फ गोलू को मुक्त कराने का अभियान तेज करने का निर्देश दिया था ।,-5.7391,0.0,-27.3045,-17.7879,-16.2764,-26.4564,-1.5365,1
train-s3103,जाने - माने अर्थशास्त्री एवं नोबल पुरस्कार विजेता अमर्त्य सेन सम्मेलन के उद्घाटन सत्र को संबोधित करेंगे ।,SOV,18,5,0.06,0.5144,0.6316,24,पटना हार्टकोर्ट ने भी गौरव की रिहाई में विलंब पर नाराजगी जताई थी और शुक्रवार को राज्य के पुलिस प्रमुख ए. आर. सिन्हा को गौरव को मुक्त कराकर चार अक्टूबर तक पेश करने के निर्देश दिए थे ।,-10.8,0.0,-18.0652,-17.699,-14.2073,-18.554,-6.37,1
train-s3108,एक बार फिर भुखमरी और गरीबी से तंग आकर उड़ीसा में एक महिला ने अपने नन्हें बेटे को महज ७०० रुपये के लिए बेच दिया ।,SOV,26,99,0.3013,0.5823,0.4444,8,जाने - माने अर्थशास्त्री एवं नोबल पुरस्कार विजेता अमर्त्य सेन सम्मेलन के उद्घाटन सत्र को संबोधित करेंगे ।,3.1111,0.0,-3.5217,-2.5094,-3.9722,-3.5217,-1.0583,1
train-s3111,राज्य की राजधानी से २३५ किलोमीटर दूर क्योंझर शहर के बीरबरपुर पटना में झुग्गी - झोपड़ी में रहने वाली नीता नाइक नामक महिला ने गरीबी से तंग आकर अपने बेटे को बेच दिया ।,SOV,34,5,-0.1595,0.5292,0.6154,16,एक बार फिर भुखमरी और गरीबी से तंग आकर उड़ीसा में एक महिला ने अपने नन्हें बेटे को महज ७०० रुपये के लिए बेच दिया ।,-25.2,0.0,-3.7165,-7.8554,-8.0105,-0.181,-1.6413,1
train-s3115,दो जून की रोटी जुटाने में असमर्थ इस महिला ने पिछले वर्ष अक्तूबर में अपनी तीसरी संतान को जन्म दिया था ।,SOV,22,23,0.0023,0.5289,0.5588,19,राज्य की राजधानी से २३५ किलोमीटर दूर क्योंझर शहर के बीरबरपुर पटना में झुग्गी - झोपड़ी में रहने वाली नीता नाइक नामक महिला ने गरीबी से तंग आकर अपने बेटे को बेच दिया ।,-14.087,0.0,-17.395,-12.5224,-12.0035,-16.0395,-2.7208,1
train-s3116,उसने अपना बच्चा एक मुस्लिम दम्पति के हाथ १४ नवम्बर को ७०० रुपए में बेच दिया ।,SOV,17,99,0.049,0.4672,0.6364,14,दो जून की रोटी जुटाने में असमर्थ इस महिला ने पिछले वर्ष अक्तूबर में अपनी तीसरी संतान को जन्म दिया था ।,4.899,0.9596,-8.3128,-4.9899,-2.563,-8.2989,0.438,1
train-s3119,हालांकि उन्होंने इस मामले को गोद लेने की घटना बताया है ।,SOV,12,5,0.2176,0.4808,0.3529,6,उसने अपना बच्चा एक मुस्लिम दम्पति के हाथ १४ नवम्बर को ७०० रुपए में बेच दिया ।,7.2,-1.2,-13.1341,-6.2031,-4.9682,-13.1341,-7.9719,1
train-s3129,"सूत्रों के मुताबिक अमिताभ अपने परिवार वालों, हॉस्पिटल के कर्मचारियों और डॉक्टरों से बातचीत कर रहे हैं ।",SOV,19,23,-0.0314,0.5173,0.5833,7,हालांकि उन्होंने इस मामले को गोद लेने की घटना बताया है ।,1.5652,0.0,-22.6397,-16.9525,-18.5695,-22.6397,-5.4477,1
train-s3139,नौसेनाध्यक्ष एडमिरल अरुण प्रकाश ने नौसेना दिवस की पूर्व संध्या पर एक प्रेस कांफ्रेंस में यह जानकारी देते हुए बताया कि २७ जंगी जहाजों और पनडुब्बियों के लिए ऑर्डर दिया जा चुका है ।,SOV,34,23,0.0256,0.4955,0.4211,8,"सूत्रों के मुताबिक अमिताभ अपने परिवार वालों, हॉस्पिटल के कर्मचारियों और डॉक्टरों से बातचीत कर रहे हैं ।",-2.6087,0.0,-10.8496,-5.5368,-4.7259,-10.8496,-1.7572,1
train-s3144,इस सौदे पर अमरीका से बातचीत चल रही है और उम्मीद है कि अगले तीन सालों के भीतर इन्हें बेड़े में शामिल कर लिया जाएगा ।,IOSV,26,5,0.014,0.5396,0.5,17,नौसेनाध्यक्ष एडमिरल अरुण प्रकाश ने नौसेना दिवस की पूर्व संध्या पर एक प्रेस कांफ्रेंस में यह जानकारी देते हुए बताया कि २७ जंगी जहाजों और पनडुब्बियों के लिए ऑर्डर दिया जा चुका है ।,-2.4,0.0,-8.3679,-7.6833,-7.9206,-8.3679,-2.8696,1
train-s3149,एडमिरल प्रकाश ने मुख्यालय के वाररूम से गोपनीय सूचनाओं की चोरी का जिक्र करते हुए इसे अधिकारियों का विश्वासघात बताया ।,SOV,21,23,0.0288,0.5154,0.6923,18,इस सौदे पर अमरीका से बातचीत चल रही है और उम्मीद है कि अगले तीन सालों के भीतर इन्हें बेड़े में शामिल कर लिया जाएगा ।,-5.7391,0.0,-11.5726,-11.4421,-8.192,-9.0569,-3.3692,1
train-s3164,इसके अलावा देवड़ा ने पेट्रोलियम उत्पादों की कीमतों व इनके कर ढ़ांचे को लेकर गठित मंत्रालयों की समिति के अध्यक्ष डॉ. सी. रंगराजन से भी विचार -JOIN विमर्श किया ।,SOV,30,99,-0.0337,0.537,0.619,13,एडमिरल प्रकाश ने मुख्यालय के वाररूम से गोपनीय सूचनाओं की चोरी का जिक्र करते हुए इसे अधिकारियों का विश्वासघात बताया ।,10.202,0.9899,-20.8396,-17.2657,-17.63,-20.1582,-8.7975,1
train-s3167,यह घाटा इन कंपनियों को ओएनजीसी समेत कई रिफाइनिंग कंपनियों द्वारा दी गई ९७५१ करोड़ रुपये की सहायता के बावजूद उठाना पड़ा है ।,DOSV,24,5,0.077,0.4888,0.4667,14,इसके अलावा देवड़ा ने पेट्रोलियम उत्पादों की कीमतों व इनके कर ढ़ांचे को लेकर गठित मंत्रालयों की समिति के अध्यक्ष डॉ. सी. रंगराजन से भी विचार -JOIN विमर्श किया ।,15.6,0.0,13.1146,12.9566,13.5799,13.1146,2.1466,1
train-s3169,सुपरस्टार अमिताभ बच्चन को सेट पर लौटने में अभी एक महीने का वक्त लगेगा ।,DOSV,15,23,0.1781,0.4564,0.5,12,यह घाटा इन कंपनियों को ओएनजीसी समेत कई रिफाइनिंग कंपनियों द्वारा दी गई ९७५१ करोड़ रुपये की सहायता के बावजूद उठाना पड़ा है ।,-1.5652,0.0,-16.1749,-1.8565,-2.4439,-16.1177,-1.0285,1
train-s317,पटुवों की हवेली के बारीक नक्काशीदार झरोखे सैलानियों को खासतौर पर आकर्षित करते हैं ।,SOV,15,23,0.0224,0.4977,0.6154,16,बजट इस बात पर निर्भर करता है कि आप यात्रा के किस साधन का इस्तेमाल कर रहे हैं और वह बाँधवगढ़ से कितना दूर हैं.,-9.3913,0.0,-4.3224,-12.3277,-11.4888,-4.314,0.0018,1
train-s3173,स्टार इंडिया के चीफ ऑपरेटिंग ऑफिसर समीर नैयर ने कहा कि अब शुक्रवार और शनिवार को केबीसी - २ का प्रसारण किया जाएगा ।,SOV,24,1,0.0486,0.482,0.4667,7,सुपरस्टार अमिताभ बच्चन को सेट पर लौटने में अभी एक महीने का वक्त लगेगा ।,3.0,0.0,-25.671,-20.1725,-14.3304,-25.671,-0.5023,1
train-s318,सलीम सिंह की हवेली को जैसलमेर के प्रधानमंत्री सलीम सिंह ने बनवाया था ।,DOSV,14,1,0.1899,0.509,0.4667,7,पटुवों की हवेली के बारीक नक्काशीदार झरोखे सैलानियों को खासतौर पर आकर्षित करते हैं ।,1.0,0.0,-2.1257,3.9708,5.5147,-2.1374,4.5949,1
train-s3180,दलाई लामा ने कांची के शंकराचार्य जयेंद्र सरस्वती की गिरफ्तारी को बहुत दुखद बताया है ।,SOV,16,5,0.0476,0.5025,0.5,12,स्टार इंडिया के चीफ ऑपरेटिंग ऑफिसर समीर नैयर ने कहा कि अब शुक्रवार और शनिवार को केबीसी - २ का प्रसारण किया जाएगा ।,-1.2,0.0,-2.6784,-15.0771,-13.4092,-2.6827,-5.5697,1
train-s3181,लेकिन इसके साथ ही उन्होंने कहा कि कानून को अपना काम करने देना चाहिए ।,SOV,15,5,-0.0671,0.5033,0.625,10,दलाई लामा ने कांची के शंकराचार्य जयेंद्र सरस्वती की गिरफ्तारी को बहुत दुखद बताया है ।,0.0,-1.2,-13.1815,-7.8382,-6.6826,-13.1815,-7.7443,1
train-s3182,तिब्बतियों के निर्वासित धर्मगुरु दलाई लामा ने बंगलोर में पत्रकारों से चर्चा करते हुए कहा कि शंकराचार्य की गिरफ्तारी बहुत दुखद है ।,SOV,23,23,0.1303,0.4903,0.5333,8,लेकिन इसके साथ ही उन्होंने कहा कि कानून को अपना काम करने देना चाहिए ।,-6.2609,0.0,-15.5943,-12.2532,-8.2003,-15.0716,-3.384,1
train-s3188,सैन्य अदालत ने बुधवार को उच्च पदस्थ सैन्य अफसर मेजर जनरल पी. एस. के. चौधरी को तहलका मामले में मिले टेप के आधार पर दोषी करार देते हुए एक साल के कठोर कारावास की सजा सुनाई और सेना से बर्खास्त कर दिया ।,SOV,43,99,-0.1413,0.5674,0.5652,13,तिब्बतियों के निर्वासित धर्मगुरु दलाई लामा ने बंगलोर में पत्रकारों से चर्चा करते हुए कहा कि शंकराचार्य की गिरफ्तारी बहुत दुखद है ।,18.9091,0.0,-23.4564,-10.2564,-15.3601,-23.4564,-5.3459,1
train-s319,लगभग 300 साल पुरानी इस हवेली की नीली गुंबदाकार छत और नक्काशी किए गए मोर की आकृति के कोष्ठकों को देखकर पर्यटक दाँतो तले उँगली दबा लेते हैं ।,SOV,29,23,0.0501,0.5705,0.5,7,सलीम सिंह की हवेली को जैसलमेर के प्रधानमंत्री सलीम सिंह ने बनवाया था ।,-30.7826,0.0,-0.308,0.871,-0.2672,-0.308,-2.4506,1
train-s3190,तहलका पोर्टल के जारी किए वीडियो टेप से मिली जानकारियों के आधार पर डिफेंस आर्टिलेरी के डीजी लेफ्टिनेंट जनरल सी. एस. चिन्ना की अगुवाई में सात सदस्यीय जनरल कोर्ट मार्शल (जीसीएम) ने मेजर जनरल पी. एस. के. चौधरी को यह सजा सुनाई ।,SOV,45,99,-0.0718,0.5399,0.6047,26,सैन्य अदालत ने बुधवार को उच्च पदस्थ सैन्य अफसर मेजर जनरल पी. एस. के. चौधरी को तहलका मामले में मिले टेप के आधार पर दोषी करार देते हुए एक साल के कठोर कारावास की सजा सुनाई और सेना से बर्खास्त कर दिया ।,-47.5051,0.0303,-22.5769,-15.7972,-14.7797,-10.9356,-4.745,1
train-s3193,तहलका पोर्टल ने उस समय कई वरिष्ठ अफसरों और नेताओं को अस्तित्वहीन हथियारों की आपूर्ति करने वालों से नकदी व तोहफों की मांग करते और उन्हें लेते हुए दिखाया था ।,SOV,31,23,0.0868,0.5252,0.4444,20,तहलका पोर्टल के जारी किए वीडियो टेप से मिली जानकारियों के आधार पर डिफेंस आर्टिलेरी के डीजी लेफ्टिनेंट जनरल सी. एस. चिन्ना की अगुवाई में सात सदस्यीय जनरल कोर्ट मार्शल (जीसीएम) ने मेजर जनरल पी. एस. के. चौधरी को यह सजा सुनाई ।,24.0,0.0,-5.5394,-7.7221,-6.3454,-3.8483,0.032,1
train-s3194,"इससे पूर्व, चंडी मंदिर स्थित जीसीएम ने इन्हीं आरोपों पर एक मेजर को चार साल की कैद सुनाई थी और उसे सेना से बर्खास्त कर दिया गया था ।",SOV,30,99,-0.0665,0.4814,0.4839,15,तहलका पोर्टल ने उस समय कई वरिष्ठ अफसरों और नेताओं को अस्तित्वहीन हथियारों की आपूर्ति करने वालों से नकदी व तोहफों की मांग करते और उन्हें लेते हुए दिखाया था ।,0.1212,1.0,-17.7824,-13.5984,-14.7102,-17.7824,-3.7262,1
train-s3201,आरआईएल एक पाइपलाइन के जरिए गैस की आपूर्ति कृष्णा -JOIN गोदावरी के गैस फील्ड के सीमा क्षेत्र काकीनाडा से आएगी ।,SOV,21,23,-0.0648,0.4746,0.6,18,"इससे पूर्व, चंडी मंदिर स्थित जीसीएम ने इन्हीं आरोपों पर एक मेजर को चार साल की कैद सुनाई थी और उसे सेना से बर्खास्त कर दिया गया था ।",15.1304,0.0,-1.6963,5.6125,5.2125,-1.6464,2.5205,1
train-s3202,रिलायंस इंडस्ट्रीज ने बंगाल की खाड़ी में १४ खरब घन फीट गैस भंडार खोज निकाला है ।,SOV,17,23,0.0867,0.4914,0.619,13,आरआईएल एक पाइपलाइन के जरिए गैस की आपूर्ति कृष्णा -JOIN गोदावरी के गैस फील्ड के सीमा क्षेत्र काकीनाडा से आएगी ।,-2.087,0.0,-12.6726,-4.2403,-2.5079,-12.6606,-2.5572,1
train-s3210,आरआईएल ने तब कुछ निवेश योजनाओं और आरईएल को गैस आपूर्ति को लेकर सवाल उठाए थे ।,SOV,17,99,0.0907,0.467,0.5882,10,रिलायंस इंडस्ट्रीज ने बंगाल की खाड़ी में १४ खरब घन फीट गैस भंडार खोज निकाला है ।,0.8889,-1.0,-21.8707,-11.7251,-12.428,-20.4836,-5.0373,1
train-s3212,दरअसल इस परियोजना को अभी भी एक बड़ी बाधा पार करनी है ।,SOV,13,99,-0.0355,0.526,0.5294,9,आरआईएल ने तब कुछ निवेश योजनाओं और आरईएल को गैस आपूर्ति को लेकर सवाल उठाए थे ।,0.2121,0.0505,-16.2066,-5.8736,-5.7362,-16.2066,-1.9603,1
train-s3222,इसकी स्वीकृति रेलवे बोर्ड ने प्रदान कर दी है.,DOSV,10,5,-0.1189,0.5016,0.7692,10,दरअसल इस परियोजना को अभी भी एक बड़ी बाधा पार करनी है ।,-1.2,0.0,-11.0834,-0.8249,-1.1572,-11.0834,-0.7839,1
train-s3229,वोल्कर मुद्दे पर संसद की कार्यवाही में उत्पन्न गतिरोध को दूर करने के लिए स्पीकर सोमनाथ चटर्जी द्वारा आमंत्रित सर्वदलीय बैठक में रक्षामंत्री प्रणव मुखर्जी और जनता दल - यू के प्रभुनाथ सिंह आपस में उलझ पड़े और दोनों के बीच खासी नोक - झोंक हो गई.,DOSV,48,99,0.0481,0.492,0.7,7,इसकी स्वीकृति रेलवे बोर्ड ने प्रदान कर दी है.,-2.4545,-0.0202,-14.2263,-2.4522,-1.7374,-14.2263,-0.9084,1
train-s3233,स्पीकर सोमनाथ ने भी नेताओं को समझाया.,SOV,8,1,0.052,0.4964,0.5208,25,वोल्कर मुद्दे पर संसद की कार्यवाही में उत्पन्न गतिरोध को दूर करने के लिए स्पीकर सोमनाथ चटर्जी द्वारा आमंत्रित सर्वदलीय बैठक में रक्षामंत्री प्रणव मुखर्जी और जनता दल - यू के प्रभुनाथ सिंह आपस में उलझ पड़े और दोनों के बीच खासी नोक - झोंक हो गई.,-2.0,0.0,-3.4846,-3.5859,-0.6623,-1.6781,0.6484,1
train-s3235,"डीआईजी (तिरहुत रेंज) गुप्तेश्वर पांडे ने रविवार को इसकी जानकारी देते हुए बताया कि शहाबुद्दीन, आरडीएस कॉलेज के प्रिंसिपल मोहम्मद तौहीद आलम, बी. आर. अंबेडकर यूनिवर्सिटी के परीक्षा नियंत्रक उपेंद्र मिश्रा और आठ अन्य के खिलाफ काजी मोहम्मदपुर थाने में एफआईआर दर्ज कराई गई है ।",SOV,50,5,-0.3619,0.5955,0.375,3,स्पीकर सोमनाथ ने भी नेताओं को समझाया.,-4.8,0.0,-9.4481,-6.7142,-12.2825,-9.4481,-1.3889,1
train-s3241,दिल्ली पुलिस के स्पेशल सेल ने उत्तर प्रदेश पुलिस के साथ संयुक्त कार्रवाई के दौरान मंगलवार तड़के सहारनपुर में रणवीर राठी गिरोह के कुख्यात बदमाश जनमेजय को मार गिराया ।,SOV,30,99,0.0347,0.465,0.32,16,"डीआईजी (तिरहुत रेंज) गुप्तेश्वर पांडे ने रविवार को इसकी जानकारी देते हुए बताया कि शहाबुद्दीन, आरडीएस कॉलेज के प्रिंसिपल मोहम्मद तौहीद आलम, बी. आर. अंबेडकर यूनिवर्सिटी के परीक्षा नियंत्रक उपेंद्र मिश्रा और आठ अन्य के खिलाफ काजी मोहम्मदपुर थाने में एफआईआर दर्ज कराई गई है ।",-0.2626,0.0,-6.1226,-9.5985,-7.9747,-6.1245,-1.0308,1
train-s3248,रणवीर राठी ने तीन साथियों के साथ मिलकर मार्च में दक्षिणी दिल्ली के एक व्यापारी को धमकी देकर बड़ी रकम की मांग की थी ।,SOV,25,99,-0.0613,0.5388,0.6,18,दिल्ली पुलिस के स्पेशल सेल ने उत्तर प्रदेश पुलिस के साथ संयुक्त कार्रवाई के दौरान मंगलवार तड़के सहारनपुर में रणवीर राठी गिरोह के कुख्यात बदमाश जनमेजय को मार गिराया ।,3.5253,0.0,-26.384,-28.4579,-24.6615,-23.3483,-7.1554,1
train-s3249,इस मामले की जांच के दौरान स्पेशल सेल की टीम ने १० मई को कालिंदी कुंज में एक मुठभेड़ के बाद रणवीर राठी को मार गिराया और गिरोह के दो सदस्य सिंहराज और कर्मवीर को गिरफ़्तार कर लिया था ।,SOV,40,99,-0.0134,0.4899,0.72,18,रणवीर राठी ने तीन साथियों के साथ मिलकर मार्च में दक्षिणी दिल्ली के एक व्यापारी को धमकी देकर बड़ी रकम की मांग की थी ।,-9.5556,0.0,2.5764,-7.5586,-4.3531,1.4813,0.1225,1
train-s3256,पुलिस ने जनमेजय को समर्पण के लिए ललकारा तो उसने गोली चला दी ।,SOV,14,23,-0.075,0.5216,0.65,26,इस मामले की जांच के दौरान स्पेशल सेल की टीम ने १० मई को कालिंदी कुंज में एक मुठभेड़ के बाद रणवीर राठी को मार गिराया और गिरोह के दो सदस्य सिंहराज और कर्मवीर को गिरफ़्तार कर लिया था ।,-10.9565,-1.0435,-23.4085,-6.3118,-7.3712,-23.3877,-6.7892,1
train-s3264,बिहार सरकार ने सुप्रीम कोर्ट में शपथ दाखिल कर केंद्रीय मंत्री मोहम्मद तसलीमुद्दीन के खिलाफ़ आपराधिक मामलों को वापस लेने के अपने अपने फैसले को सही ठहराया.,SOV,28,23,-0.2553,0.5156,0.5714,8,पुलिस ने जनमेजय को समर्पण के लिए ललकारा तो उसने गोली चला दी ।,2.087,0.0,-20.3267,-17.1965,-15.5725,-20.3267,-5.1131,1
train-s3266,"जस्टिस एन संतोष हेगड़े, जस्टिस बीपी सिंह और जस्टिस एसबी सिन्हा की बेंच ने बुधवार को मामले की सुनवाई दो हफ्ते के लिए टाल दी तथा बिहार सरकार के फैसले को चुनौती देने वाली याचिका पर संबंधित पक्षों को अतिरिक्त दस्तावेज दाखिल करने की अनुमति दे दी.",SOV,49,23,-0.0515,0.5368,0.75,21,बिहार सरकार ने सुप्रीम कोर्ट में शपथ दाखिल कर केंद्रीय मंत्री मोहम्मद तसलीमुद्दीन के खिलाफ़ आपराधिक मामलों को वापस लेने के अपने अपने फैसले को सही ठहराया.,-16.6957,0.0,-7.7198,-3.6237,-1.0195,-7.7188,-0.7047,1
train-s3267,खंडपीठ ने तसलीमुद्दीन के खिलाफ़ मामले वापस लेने में बिहार सरकार द्वारा दिखाई गई 'जल्दबाजी' पर भी सवाल किया था.,SOV,23,5,0.0206,0.5184,0.5306,26,"जस्टिस एन संतोष हेगड़े, जस्टिस बीपी सिंह और जस्टिस एसबी सिन्हा की बेंच ने बुधवार को मामले की सुनवाई दो हफ्ते के लिए टाल दी तथा बिहार सरकार के फैसले को चुनौती देने वाली याचिका पर संबंधित पक्षों को अतिरिक्त दस्तावेज दाखिल करने की अनुमति दे दी.",-1.2,0.0,-11.5495,-3.0237,-1.4935,-11.5468,-6.0977,1
train-s327,यहाँ भारत ने पहली बार अपनी परमाणु शक्ति को आजमाया था ।,SOV,12,23,0.0946,0.4425,0.5517,16,लगभग 300 साल पुरानी इस हवेली की नीली गुंबदाकार छत और नक्काशी किए गए मोर की आकृति के कोष्ठकों को देखकर पर्यटक दाँतो तले उँगली दबा लेते हैं ।,4.6957,1.0435,-2.0788,-5.1984,-4.9859,-2.0788,-2.8824,1
train-s3271,बिहार सरकार द्वारा तसलीमुद्दीन के खिलाफ़ आपराधिक मामलों को जल्दबाजी में वापस लेने पर एतराज़ जताते हुए अदालत ने पिछले साल छह सितंबर को निचली अदालत को इस मुद्दे पर आगे सुनवाई करने से रोक दिया था.,SOV,38,99,-0.1514,0.5204,0.4348,10,खंडपीठ ने तसलीमुद्दीन के खिलाफ़ मामले वापस लेने में बिहार सरकार द्वारा दिखाई गई 'जल्दबाजी' पर भी सवाल किया था.,-22.2727,0.0,-17.1476,-11.4329,-7.2535,-16.5529,-2.6752,1
train-s3272,बिहार सरकार ने अपनी शपथ में कहा कि मामला राजनैतिक बदले की भावना से किया गया है.,SOV,18,1,-0.1078,0.5235,0.5789,22,बिहार सरकार द्वारा तसलीमुद्दीन के खिलाफ़ आपराधिक मामलों को जल्दबाजी में वापस लेने पर एतराज़ जताते हुए अदालत ने पिछले साल छह सितंबर को निचली अदालत को इस मुद्दे पर आगे सुनवाई करने से रोक दिया था.,0.0,0.0,1.3306,-3.4332,-1.1983,1.8282,-0.0252,1
train-s3276,वित्त विधेयक पर बहस और मतदान में हिस्सा लेने के लिए भाजपा के नेतृत्व में राजग ने सोमवार को एक दिन के लिए अपना बहिष्कार वापस ले लिया ।,SOV,29,99,0.0437,0.4957,0.7222,13,बिहार सरकार ने अपनी शपथ में कहा कि मामला राजनैतिक बदले की भावना से किया गया है.,-22.596,0.0,-34.5114,-17.749,-16.6755,-34.323,-7.4003,1
train-s3278,लेकिन राजग मंगलवार से संसद का बेमियादी बहिष्कार फिर से शुरू करेगा ।,SOV,13,99,-0.0046,0.5413,0.6897,20,वित्त विधेयक पर बहस और मतदान में हिस्सा लेने के लिए भाजपा के नेतृत्व में राजग ने सोमवार को एक दिन के लिए अपना बहिष्कार वापस ले लिया ।,2.3434,0.0,-21.8997,-17.145,-12.8208,-19.2531,-10.7671,1
train-s3287,प्रधानमंत्री ने दोनों सदनों में विपक्ष के नेता व राजग अध्यक्ष से फोन पर बात की है ।,SOV,18,99,0.0284,0.5354,0.6923,9,लेकिन राजग मंगलवार से संसद का बेमियादी बहिष्कार फिर से शुरू करेगा ।,-3.0909,0.0,-26.1636,-17.3134,-17.2887,-26.1636,-6.863,1
train-s3290,राजग के बहिष्कार को जायज़ ठहराते हुए मल्होत्रा ने कहा कि पूर्व की राजग सरकार के दौरान कांग्रेस भी ११ दिन तक राज्यसभा का बहिष्कार कर चुकी है ।,SOV,29,1,0.1455,0.5463,0.6111,11,प्रधानमंत्री ने दोनों सदनों में विपक्ष के नेता व राजग अध्यक्ष से फोन पर बात की है ।,-5.0,0.0,1.3857,6.1991,2.9846,-0.1678,-1.042,1
train-s3297,"इससे पहले लातविया के सांसदों ने सर्वसम्मति के साथ संविधान को मंजूरी दे दी थी, लेकिन फ्रांसीसी और डच मतदाताओं द्वारा प्रस्ताव के खिलाफ़ जाने से संविधान खटाई में पड़ गया है.",SOV,34,99,-0.0674,0.53,0.6207,18,राजग के बहिष्कार को जायज़ ठहराते हुए मल्होत्रा ने कहा कि पूर्व की राजग सरकार के दौरान कांग्रेस भी ११ दिन तक राज्यसभा का बहिष्कार कर चुकी है ।,-3.9596,0.9697,-21.0767,-12.6584,-15.0055,-22.2764,-8.3288,1
train-s3305,सरकार ने मंगलवार को कहा कि पेंशन विधेयक लाने से पहले इस पर संसद में और बाहर व्यापक चर्चा कराई जाएगी.,SOV,22,1,0.0299,0.4649,0.5882,20,"इससे पहले लातविया के सांसदों ने सर्वसम्मति के साथ संविधान को मंजूरी दे दी थी, लेकिन फ्रांसीसी और डच मतदाताओं द्वारा प्रस्ताव के खिलाफ़ जाने से संविधान खटाई में पड़ गया है.",0.0,0.0,-5.4145,-1.6525,-2.5046,-5.4024,-1.5857,1
train-s3315,वामदलों ने पेंशन फंड को निजी हाथों में सौंपे जाने की यूपीए सरकार की तैयारियों को भी करारा झटका दिया है.,SOV,22,5,-0.1013,0.5283,0.7273,16,सरकार ने मंगलवार को कहा कि पेंशन विधेयक लाने से पहले इस पर संसद में और बाहर व्यापक चर्चा कराई जाएगी.,0.0,0.0,-15.7661,-16.4757,-14.6532,-14.3939,-4.0845,1
train-s3317,बैठक के बाद अमर उजाला से बातचीत करते हुए आरएसपी के अध्यक्ष और राज्यसभा सदस्य अबनी राय ने कहा कि लाभ में चल रही सरकारी कंपनियों की इक्विटी बेचे जाने का विरोध किया जाएगा.,SOV,35,1,0.0075,0.5247,0.7273,16,वामदलों ने पेंशन फंड को निजी हाथों में सौंपे जाने की यूपीए सरकार की तैयारियों को भी करारा झटका दिया है.,0.0,0.0,4.3215,8.816,0.2185,4.3215,-0.2193,1
train-s3319,वामदल यूपीए सरकार व वाम समन्वय समिति की अगली बैठक में संसाधन जुटाने से संबंधित अपना प्रस्ताव यूपीए सरकार को सौंपेंगे.,SOV,22,5,0.0629,0.5166,0.6286,22,बैठक के बाद अमर उजाला से बातचीत करते हुए आरएसपी के अध्यक्ष और राज्यसभा सदस्य अबनी राय ने कहा कि लाभ में चल रही सरकारी कंपनियों की इक्विटी बेचे जाने का विरोध किया जाएगा.,2.4,0.0,-2.1405,-3.8153,-4.2848,-4.3164,2.8348,1
train-s3320,माकपा व भाकपा के महासचिव क्रमशः प्रकाश करात व ए. बी. वर्द्घन ने यह जानकारी दी.,SOV,17,1,0.2034,0.4891,0.5455,12,वामदल यूपीए सरकार व वाम समन्वय समिति की अगली बैठक में संसाधन जुटाने से संबंधित अपना प्रस्ताव यूपीए सरकार को सौंपेंगे.,-11.0,0.0,-13.7931,-14.2421,-14.3905,-11.294,-2.6174,1
train-s3327,वामदल बुश की यात्रा के खिलाफ़ जनमानस में माहौल बनाने के लिए देश भर में अभियान चलाएंगे.,SOV,18,99,0.0272,0.4766,0.2941,5,माकपा व भाकपा के महासचिव क्रमशः प्रकाश करात व ए. बी. वर्द्घन ने यह जानकारी दी.,-1.6061,0.0,-7.7991,-1.4677,-1.9119,-9.1979,-1.622,1
train-s3331,भारत की तनुश्री दत्ता अंतिम १० प्रतिभागियों में ही स्थान बना पाई ।,SOV,13,5,0.2974,0.5206,0.5,9,वामदल बुश की यात्रा के खिलाफ़ जनमानस में माहौल बनाने के लिए देश भर में अभियान चलाएंगे.,-3.6,0.0,-2.2927,-3.5368,-1.0609,-2.2711,-2.0395,1
train-s3340,उत्तेजना के इस चरम पर इन दोनों प्रतिभागियों ने अंतिम परिणाम की घोषणा के पूर्व एक - दूसरे को बांहों में भर लिया ।,SOV,24,99,0.1943,0.451,0.4615,6,भारत की तनुश्री दत्ता अंतिम १० प्रतिभागियों में ही स्थान बना पाई ।,-6.1717,-0.0303,-13.9741,-6.0052,-3.6801,-14.9795,-1.6376,1
train-s3341,"पांच फुट ११ इंच लंबी, नीली आँखों वाली हॉकिंस को मिस यूनिवर्स - २००३ एमीलिया वेगा ने ताज पहनाया ।",IOSV,21,5,-0.0513,0.5515,0.625,15,उत्तेजना के इस चरम पर इन दोनों प्रतिभागियों ने अंतिम परिणाम की घोषणा के पूर्व एक - दूसरे को बांहों में भर लिया ।,-12.0,0.0,-19.6894,-1.9977,-5.7393,-20.2192,-0.2217,1
train-s3344,"उन्हें परिवार के साथ छुट्टियाँ बिताना, पिता के साथ फुटबाल देखना और पढ़ना भी उन्हें अच्छा लगता है ।",DOSV,20,5,-0.1086,0.4964,0.3333,7,"पांच फुट ११ इंच लंबी, नीली आँखों वाली हॉकिंस को मिस यूनिवर्स - २००३ एमीलिया वेगा ने ताज पहनाया ।",-16.8,-1.2,-14.9651,-7.2233,-6.9953,-14.9651,-3.995,1
train-s3346,लता के नाम से यह ब्रांड बाजार में आभूषण उतारेगा ।,SOV,11,23,0.2393,0.4223,0.6,12,"उन्हें परिवार के साथ छुट्टियाँ बिताना, पिता के साथ फुटबाल देखना और पढ़ना भी उन्हें अच्छा लगता है ।",-4.6957,0.0,-10.5123,-2.081,-1.0504,-10.4701,-1.6181,1
train-s335,खूबसूरत जैन मंदिर और कृत्रिम कल्पवृक्ष यहाँ की खूबसूरती में चार चाँद लगाते हैं ।,SOV,15,5,-0.014,0.5132,0.5833,7,यहाँ भारत ने पहली बार अपनी परमाणु शक्ति को आजमाया था ।,-4.8,0.0,-12.9415,-4.6902,-5.4632,-12.9265,0.1118,1
train-s3350,"एडोरा डायमंड्स के लिए डिजाइनर बनने की योजना कैसे सूझी, यह पूछे जाने पर लता ने कहा कि एक दिन वे एडोरा के स्टोर में खरीदारी कर रही थीं ।",SOV,31,1,0.1561,0.474,0.7273,8,लता के नाम से यह ब्रांड बाजार में आभूषण उतारेगा ।,-13.0,0.0,5.1277,-3.3815,-3.5385,0.2106,-3.703,1
train-s3352,मुझे उनका यह प्रस्ताव पसंद आया ।,SOV,7,5,0.1281,0.4822,0.5484,17,"एडोरा डायमंड्स के लिए डिजाइनर बनने की योजना कैसे सूझी, यह पूछे जाने पर लता ने कहा कि एक दिन वे एडोरा के स्टोर में खरीदारी कर रही थीं ।",0.0,1.2,-2.4466,-2.506,-2.2659,-2.6947,-3.9108,1
train-s3353,मैंने उसी समय अपनी स्वीकृति दे दी ।,SOV,8,5,0.333,0.5363,0.5714,4,मुझे उनका यह प्रस्ताव पसंद आया ।,1.2,1.2,-11.2706,-8.2606,-8.056,-11.2706,-2.5375,1
train-s3365,उन्होंने अतीत में खोते हुए बताया कि मैंने एक बार अपने राखी भाई शिवाजी गणेशन से उनके लिए हीरे की चूड़ियां लाने को कहा था ।,SOV,26,1,0.349,0.4455,0.5,4,मैंने उसी समय अपनी स्वीकृति दे दी ।,3.0,2.0,1.0344,10.1247,4.6818,1.0344,-0.6998,1
train-s3366,नवनिर्वाचित कांग्रेसी विधायकों की राय जानने के बाद दिल्ली लौटे पर्यवेक्षकों ने देर शाम अपनी रिपोर्ट कांग्रेस अध्यक्ष सोनिया गांधी को सौंपी ।,SOV,23,99,0.1716,0.5273,0.4231,11,उन्होंने अतीत में खोते हुए बताया कि मैंने एक बार अपने राखी भाई शिवाजी गणेशन से उनके लिए हीरे की चूड़ियां लाने को कहा था ।,-8.7071,0.0,7.3662,1.7348,-3.0302,5.6531,-1.968,1
train-s3384,सूत्रों ने कुछ और दावेदारों द्वारा सोनिया से मुलाकात किए जाने की बात कही है ।,SOV,16,5,-0.0088,0.4675,0.5652,13,नवनिर्वाचित कांग्रेसी विधायकों की राय जानने के बाद दिल्ली लौटे पर्यवेक्षकों ने देर शाम अपनी रिपोर्ट कांग्रेस अध्यक्ष सोनिया गांधी को सौंपी ।,6.0,0.0,-14.7079,-12.2272,-13.1334,-13.5795,-4.2483,1
train-s339,यह बाग यहाँ के राजघरानों से संबंधित स्मारक और पुराने शासकों की दर्शनीय मूर्तियों से भरा हुआ है ।,SOV,19,1,0.0818,0.4105,0.6,9,खूबसूरत जैन मंदिर और कृत्रिम कल्पवृक्ष यहाँ की खूबसूरती में चार चाँद लगाते हैं ।,11.0,0.0,1.0008,1.0234,-0.103,-2.088,0.8942,1
train-s34,"यहाँ आप चाँदी के आभूषण, बीडवर्क, कढ़ाई का काम और सीक्वन का काम खूबसूरत अंदाज में देख और खरीद सकते हैं ।",SOV,24,23,0.1107,0.4815,0.75,15,विशाल क्षेत्र में फैले इस भवन के आस - पास का प्राकृतिक सौंदर्य इसे और भी भव्य बनाता है ।,9.3913,0.0,-1.4033,0.8665,0.8012,-1.7779,-1.1555,1
train-s340,सूर्यास्त के समय यहाँ से जैसलमेर का सुनहरा रूप देखना अपने आप में बेहद अनोखा अनुभव है ।,SOV,18,5,0.1726,0.5005,0.6316,12,यह बाग यहाँ के राजघरानों से संबंधित स्मारक और पुराने शासकों की दर्शनीय मूर्तियों से भरा हुआ है ।,-8.4,-1.2,-6.0743,-1.3136,-2.3288,-5.5651,-0.4258,1
train-s3403,इस सिलसिले में संयुक्त राष्ट्र संघ की संस्था इंटरनेशनल यूनियन फॉर कंजरवेशन ऑफ नेचर (आईयूसीएन) के द्विसदस्यीय वैज्ञानिक दल ने आज घाटी का अध्ययन शुरू कर दिया है ।,SOV,31,99,0.0364,0.506,0.5625,9,सूत्रों ने कुछ और दावेदारों द्वारा सोनिया से मुलाकात किए जाने की बात कही है ।,-21.1111,0.0,-23.9109,-16.7672,-14.5461,-23.9109,-5.541,1
train-s3408,आज उन्होंने फूलों की घाटी का सर्वे शुरू किया ।,SOV,10,23,0.1409,0.4562,0.5484,17,इस सिलसिले में संयुक्त राष्ट्र संघ की संस्था इंटरनेशनल यूनियन फॉर कंजरवेशन ऑफ नेचर (आईयूसीएन) के द्विसदस्यीय वैज्ञानिक दल ने आज घाटी का अध्ययन शुरू कर दिया है ।,2.087,-1.0435,-8.5226,-10.0692,-10.9387,-7.7643,-3.5033,1
train-s3410,वर्ष १९३८ में ब्रिटिश पर्वतारोही फ्रैंक स्मिथ ने भ्यूंडार के ऊपरी हिस्से में यह घाटी खोजी और देखते ही देखते इसकी ख्याति पूरी दुनिया में फैल गई ।,SOV,28,23,0.2894,0.4231,0.7,7,आज उन्होंने फूलों की घाटी का सर्वे शुरू किया ।,-1.5652,0.0,-3.9681,4.1004,3.8525,-2.8938,-1.7004,1
train-s3413,तीन वर्ष पूर्व नंदादेवी राष्ट्रीय पार्क के प्रभागीय वनाधिकारी ए. के. बैनर्जी ने अपने स्टाफ तथा ग्रामीणों के सहयोग से वहां प्लास्टिक कचरा हटाने की मुहिम शुरू की ।,SOV,29,99,0.1254,0.4906,0.5714,16,वर्ष १९३८ में ब्रिटिश पर्वतारोही फ्रैंक स्मिथ ने भ्यूंडार के ऊपरी हिस्से में यह घाटी खोजी और देखते ही देखते इसकी ख्याति पूरी दुनिया में फैल गई ।,-11.7778,0.0505,-16.8295,-16.775,-15.1434,-14.397,-6.6592,1
train-s3414,ईको विकास समिति भ्यूंडार के बैनर तले लामबंद हुए ग्रामीणों ने भी इसमें अहम भूमिका निभाई और गत वर्ष फूलों की घाटी से चौदह हजार बोरी प्लास्टिक कचरा निकाला गया ।,SOV,31,5,0.0826,0.4655,0.5172,15,तीन वर्ष पूर्व नंदादेवी राष्ट्रीय पार्क के प्रभागीय वनाधिकारी ए. के. बैनर्जी ने अपने स्टाफ तथा ग्रामीणों के सहयोग से वहां प्लास्टिक कचरा हटाने की मुहिम शुरू की ।,-12.0,-1.2,-14.4899,-14.1984,-13.3303,-14.4899,-4.1271,1
train-s3416,इसी से प्रभावित होकर विश्व में प्रकृति संरक्षण का अभियान चला रही अंतर्राष्ट्रीय संस्था आईयूसीएन ने दो वैज्ञानिक घाटी में भेजे हैं ।,SOV,23,5,-0.0174,0.4629,0.5806,18,ईको विकास समिति भ्यूंडार के बैनर तले लामबंद हुए ग्रामीणों ने भी इसमें अहम भूमिका निभाई और गत वर्ष फूलों की घाटी से चौदह हजार बोरी प्लास्टिक कचरा निकाला गया ।,-16.8,0.0,-1.4596,-1.7109,-2.1898,-3.1057,-0.0626,1
train-s3422,केंद्र ने सुनामी से बुरी तरह प्रभावित कार निकोबार के लिए आपात चिकित्सा सुविधाओं के साथ डॉक्टरों का दल भेजा है ।,SOV,22,23,0.1391,0.4785,0.6957,16,इसी से प्रभावित होकर विश्व में प्रकृति संरक्षण का अभियान चला रही अंतर्राष्ट्रीय संस्था आईयूसीएन ने दो वैज्ञानिक घाटी में भेजे हैं ।,-0.5217,0.0,-7.9793,-3.1089,-2.0366,-7.8837,-4.3148,1
train-s3425,इसमें सरकार सुनामी के कहर से हुए नुकसान तथा राहत व बचाव कार्यो की जानकारी विपक्ष समेत सभी दलों को देगी ।,SOV,22,99,-0.104,0.547,0.6364,14,केंद्र ने सुनामी से बुरी तरह प्रभावित कार निकोबार के लिए आपात चिकित्सा सुविधाओं के साथ डॉक्टरों का दल भेजा है ।,4.6364,1.0,-2.1944,-0.3572,0.7957,-4.9545,-0.3802,1
train-s3432,सिंह ने प्रभावित इलाकों में महामारी फैलने की आशंका को सिरे से खारिज कर दिया ।,SOV,16,23,0.1005,0.5141,0.5455,12,इसमें सरकार सुनामी के कहर से हुए नुकसान तथा राहत व बचाव कार्यो की जानकारी विपक्ष समेत सभी दलों को देगी ।,-4.6957,0.0,-28.2686,-21.6975,-19.2534,-28.2657,-3.7732,1
train-s344,इस शहर को इब्राहिम लोदी ने सन् 1504 में बसाया.,DOSV,11,5,0.0454,0.4711,0.8333,15,सूर्यास्त के समय यहाँ से जैसलमेर का सुनहरा रूप देखना अपने आप में बेहद अनोखा अनुभव है ।,0.0,0.0,-2.4148,2.8181,1.9158,-2.4148,0.575,1
train-s3442,कांग्रेस ने झारखंड में शिबू सोरेन की सरकार बनाने के बाद अब बिहार में राजद नेतृत्व की सरकार बनवाने के प्रयास तेज कर दिए हैं ।,SOV,26,99,-0.1652,0.5846,0.75,12,सिंह ने प्रभावित इलाकों में महामारी फैलने की आशंका को सिरे से खारिज कर दिया ।,3.9192,-0.0606,-34.9158,-21.497,-21.0894,-31.9663,-7.8715,1
train-s3443,"बिहार के राज्यपाल को कांग्रेस ने राजद के समर्थन में सौंप दिया है, लेकिन इस कोशिश में यूपीए को एक बनाए रखने के लिए कांग्रेस के रणनीतिकारों को एड़ी चोटी का जोर लगाना पड़ रहा है ।",DOSV,38,5,0.0615,0.536,0.6154,16,कांग्रेस ने झारखंड में शिबू सोरेन की सरकार बनाने के बाद अब बिहार में राजद नेतृत्व की सरकार बनवाने के प्रयास तेज कर दिए हैं ।,0.0,0.0,3.2896,2.0461,1.3762,2.072,0.5288,1
train-s3445,"बिहार में पासवान के साथ तालमेल करके लड़ने वाली कांग्रेस ने आज राजद को समर्थन तो भेज दिया, लेकिन उससे राम विलास पासवान भड़क गए हैं ।",SOV,28,99,0.0081,0.4909,0.6842,26,"बिहार के राज्यपाल को कांग्रेस ने राजद के समर्थन में सौंप दिया है, लेकिन इस कोशिश में यूपीए को एक बनाए रखने के लिए कांग्रेस के रणनीतिकारों को एड़ी चोटी का जोर लगाना पड़ रहा है ।",-6.6364,0.0,-2.4121,-3.3911,-4.6376,-1.1745,-4.3315,1
train-s3446,कांग्रेस अध्यक्ष सोनिया गांधी के कहने पर बिहार के प्रभारी हरिकेश बहादुर ने रांची से ही यह आरजेडी को भेज दिया है ।,SOV,23,99,0.028,0.5024,0.3929,11,"बिहार में पासवान के साथ तालमेल करके लड़ने वाली कांग्रेस ने आज राजद को समर्थन तो भेज दिया, लेकिन उससे राम विलास पासवान भड़क गए हैं ।",-15.0404,-0.0202,-8.0157,-0.6337,-0.2443,-3.8658,0.7676,1
train-s3447,कांग्रेस ने राजद के नेतृत्व में सरकार के गठन की कोशिशों के तहत आज राजद को समर्थन की चिट्ठी जारी करके एक नया मोरचा खोल दिया है ।,SOV,28,99,0.0264,0.5441,0.5217,12,कांग्रेस अध्यक्ष सोनिया गांधी के कहने पर बिहार के प्रभारी हरिकेश बहादुर ने रांची से ही यह आरजेडी को भेज दिया है ।,3.7172,0.0,-16.7764,-7.21,-5.9143,-16.0866,-3.9899,1
train-s346,इतिहास भी कुछ कहता है -,SOV,6,1,-0.0039,0.548,0.4545,5,इस शहर को इब्राहिम लोदी ने सन् 1504 में बसाया.,-1.0,-2.0,-0.2424,-0.688,0.3972,-0.2424,0.4364,1
train-s3464,शनिवार को पुलिस ने उनकी मार्शल जीप नंबर यूपी - ९२ - डी - २६२६ सीज कर ली और रिवाल्वर का लाइसेंस निलंबित करने का नोटिस दिया ।,SOV,28,23,0.1094,0.4752,0.7143,20,कांग्रेस ने राजद के नेतृत्व में सरकार के गठन की कोशिशों के तहत आज राजद को समर्थन की चिट्ठी जारी करके एक नया मोरचा खोल दिया है ।,3.1304,0.0,-16.6934,-2.4115,-2.0678,-16.6749,-1.685,1
train-s3471,राजधानी समेत उत्तर भारत के अधिकतर क्षेत्रों को शनिवार रात झमाझम बारिश ने तर - बतर कर दिया ।,DOSV,19,99,-0.1755,0.5086,0.5,14,शनिवार को पुलिस ने उनकी मार्शल जीप नंबर यूपी - ९२ - डी - २६२६ सीज कर ली और रिवाल्वर का लाइसेंस निलंबित करने का नोटिस दिया ।,-1.2121,0.0,-1.5978,-3.4647,-5.2316,0.1275,-3.2293,1
train-s3475,बारिश के साथ चलने वाली तेज हवाओं ने मौसम सुहावना बना दिया ।,SOV,13,23,0.0104,0.4858,0.5263,10,राजधानी समेत उत्तर भारत के अधिकतर क्षेत्रों को शनिवार रात झमाझम बारिश ने तर - बतर कर दिया ।,-5.2174,0.0,-4.9174,-5.3175,-3.6336,-3.4045,-4.699,1
train-s3482,शनिवार की रात अचानक आई तेज बारिश ने राजधानी के मौसम को खुशनुमा बना दिया ।,SOV,16,23,-0.0401,0.5539,0.5385,7,बारिश के साथ चलने वाली तेज हवाओं ने मौसम सुहावना बना दिया ।,-3.6522,0.0,-6.7683,-6.5235,-7.175,-4.9132,-0.3539,1
train-s3506,इस हादसे में घायल एक व्यक्ति ने बताया कि विस्फोट के बाद घटनास्थल पर मानव अंग बिखरे पड़े थे और पूरे प्लेटफॉर्म पर खून के छींटे नजर आ रहे थे ।,SOV,31,1,0.0945,0.5377,0.5625,9,शनिवार की रात अचानक आई तेज बारिश ने राजधानी के मौसम को खुशनुमा बना दिया ।,1.0,0.0,-20.485,-1.2263,-8.2033,-20.485,-3.5047,1
train-s3513,जिले में एक अन्य हमले में एनडीएफबी के आतंकियों ने गुवाहाटी से बिहार जा रहे एक ट्रक को निशाना बनाया और तीन लोगों को घायल कर दिया ।,SOV,28,99,-0.1561,0.5579,0.6452,20,इस हादसे में घायल एक व्यक्ति ने बताया कि विस्फोट के बाद घटनास्थल पर मानव अंग बिखरे पड़े थे और पूरे प्लेटफॉर्म पर खून के छींटे नजर आ रहे थे ।,2.6364,0.0,-20.0673,-15.2079,-13.2982,-19.1512,-3.4877,1
train-s3514,राज्य के मोरीगांव जिले में एक पुलिस स्टेशन पर ग्रेनेड फेंककर आतंकियों ने एक व्यक्ति को मार डाला व एक अन्य को घायल कर दिया ।,SOV,26,99,-0.0517,0.5107,0.6429,18,जिले में एक अन्य हमले में एनडीएफबी के आतंकियों ने गुवाहाटी से बिहार जा रहे एक ट्रक को निशाना बनाया और तीन लोगों को घायल कर दिया ।,-6.1111,0.0,-9.7956,-3.0987,-5.6144,-10.1224,-0.8445,1
train-s3515,एक अन्य घटना में राज्य के चिरांग जिले में शांतिपुर बाजार इलाके में इसी संगठन ने आज सुबह जबरदस्त बम विस्फोट कर दो लोगों को मार डाला और अन्य १६ को जख्मी कर दिया ।,SOV,35,99,-0.1195,0.511,0.7308,19,राज्य के मोरीगांव जिले में एक पुलिस स्टेशन पर ग्रेनेड फेंककर आतंकियों ने एक व्यक्ति को मार डाला व एक अन्य को घायल कर दिया ।,-7.7172,0.0,-8.062,-10.3138,-7.7354,-4.0795,-0.8224,1
train-s3517,इसी जिले के अभयपुरी में आतंकियों ने ग्रेनेड से हमला कर मोटरसाइकिल सवार दो लोगों को मार डाला ।,SOV,19,99,-0.0202,0.4864,0.7714,27,एक अन्य घटना में राज्य के चिरांग जिले में शांतिपुर बाजार इलाके में इसी संगठन ने आज सुबह जबरदस्त बम विस्फोट कर दो लोगों को मार डाला और अन्य १६ को जख्मी कर दिया ।,0.0303,0.0,-15.2728,-9.4678,-11.3985,-10.4758,-3.0998,1
train-s3518,राज्य के कर्बी आंगलांग जिले के दिफू में आतंकियों ने ट्रेन पर गोलीबारी कर सीआरपीएफ के एक जवान को मार डाला ।,SOV,22,23,-0.0834,0.5665,0.7895,15,इसी जिले के अभयपुरी में आतंकियों ने ग्रेनेड से हमला कर मोटरसाइकिल सवार दो लोगों को मार डाला ।,-3.6522,0.0,-1.9464,-3.8007,-8.8471,2.4566,-1.7093,1
train-s3519,ये आतंकी एक पुल को उड़ाने की योजना बना रहे थे ।,SOV,12,1,-0.1122,0.5364,0.6364,14,राज्य के कर्बी आंगलांग जिले के दिफू में आतंकियों ने ट्रेन पर गोलीबारी कर सीआरपीएफ के एक जवान को मार डाला ।,4.0,0.0,-20.6189,-10.242,-9.2948,-21.8328,-2.305,1
train-s3521,दिल्ली उच्च न्यायालय ने महरौली - गुड़गांव रोड (एम. जी. रोड) पर बने मॉल मालिकों और नामीगिरामी फैशन डिजाइनरों को फिलहाल कोई राहत देने से इन्कार कर दिया है ।,SOV,32,99,0.0532,0.493,0.5833,7,ये आतंकी एक पुल को उड़ाने की योजना बना रहे थे ।,-20.7677,0.0,-28.0699,-15.4124,-15.5237,-28.0699,-5.6539,1
train-s3526,अब निगम दस्ते हथौड़ों की मदद से इस आलीशान मॉल को गिराने में जुटे हैं ।,SOV,16,99,-0.0895,0.5141,0.3438,11,दिल्ली उच्च न्यायालय ने महरौली - गुड़गांव रोड (एम. जी. रोड) पर बने मॉल मालिकों और नामीगिरामी फैशन डिजाइनरों को फिलहाल कोई राहत देने से इन्कार कर दिया है ।,4.0101,1.0505,-15.5492,-6.4434,-6.7394,-15.5492,-3.6271,1
train-s3531,"मॉल के कर्मचारियों, फैशन डिजाइनर रोहित गांधी और सुनित वर्मा ने कार्रवाई के खिलाफ प्रदर्शन कर विरोध प्रकट किया ।",SOV,21,99,0.1654,0.5056,0.625,10,अब निगम दस्ते हथौड़ों की मदद से इस आलीशान मॉल को गिराने में जुटे हैं ।,-24.7475,0.0,-16.2258,-16.1718,-13.691,-15.483,-3.0632,1
train-s3533,इन कागजातों को भी फैशन डिजाइनरों ने दिखाया ।,DOSV,9,1,-0.0276,0.5529,0.5714,12,"मॉल के कर्मचारियों, फैशन डिजाइनर रोहित गांधी और सुनित वर्मा ने कार्रवाई के खिलाफ प्रदर्शन कर विरोध प्रकट किया ।",-1.0,0.0,6.9172,11.1653,8.784,3.9844,0.3554,1
train-s3536,पुलिस ने पाकिस्तान में रह रहे कुख्यात आतंकवादी रंजीत सिंह उर्फ नीटा के एक साथी को बैंक डकैती के आरोप में गिरफ्तार किया है ।,SOV,25,99,-0.3619,0.5955,0.3333,3,इन कागजातों को भी फैशन डिजाइनरों ने दिखाया ।,0.8384,0.0,-29.3078,-12.495,-12.8245,-29.2891,-4.4395,1
train-s354,हर मौसम में हजारों की तादाद में यहाँ पहुँचने वाले सैलानी इसकी खूबसूरती को अपने अंदर जज्ब कर लेना चाहते हैं.,SOV,22,1,0.0679,0.474,0.6667,4,इतिहास भी कुछ कहता है -,-3.0,0.0,-10.1641,-9.8713,-15.2479,-10.1641,-2.2479,1
train-s3540,पुलिस ने उससे पूछताछ करके महत्वपूर्ण सुराग हासिल किए हैं ।,SOV,11,23,-0.1216,0.5545,0.72,18,पुलिस ने पाकिस्तान में रह रहे कुख्यात आतंकवादी रंजीत सिंह उर्फ नीटा के एक साथी को बैंक डकैती के आरोप में गिरफ्तार किया है ।,-2.087,0.0,-22.4966,-19.2071,-18.995,-20.1073,-6.3074,1
train-s3541,पकड़े गए आतंकवादी से पुलिस दिल्ली के सिनेमा हाल में हुए बम कांड के सिलसिले में भी पूछताछ कर रही है ।,IOSV,22,23,-0.0084,0.6093,0.5455,6,पुलिस ने उससे पूछताछ करके महत्वपूर्ण सुराग हासिल किए हैं ।,1.0435,0.0,-1.8873,-7.8089,-5.9882,-1.7689,-0.1994,1
train-s3542,आतंकी ने पंजाब के मुख्यमंत्री बेअंत सिंह की हत्या के अभियुक्तों को हथियार और पैसे पहुंचाने की बात स्वीकार की है ।,SOV,22,5,-0.102,0.588,0.7273,16,पकड़े गए आतंकवादी से पुलिस दिल्ली के सिनेमा हाल में हुए बम कांड के सिलसिले में भी पूछताछ कर रही है ।,-1.2,0.0,-19.5101,-16.0063,-14.0277,-19.4775,-4.0339,1
train-s3552,उसे चार साथियों के साथ मुंबई पुलिस ने पकड़ा था ।,DOSV,11,5,-0.05,0.5544,0.7273,16,आतंकी ने पंजाब के मुख्यमंत्री बेअंत सिंह की हत्या के अभियुक्तों को हथियार और पैसे पहुंचाने की बात स्वीकार की है ।,2.4,1.2,1.2613,3.2595,0.4236,1.2613,0.9004,1
train-s3553,इसके बाद जम्मू पुलिस ने भी रिमांड पर लेकर बरकत और नीटा से पूछताछ की थी ।,SOV,17,99,-0.1364,0.5166,0.4545,5,उसे चार साथियों के साथ मुंबई पुलिस ने पकड़ा था ।,-2.1818,1.0404,-17.7787,-13.3066,-9.6716,-18.0456,-6.0166,1
train-s3554,"अतरजीत ने पूछताछ में बताया कि जब इन लोगों को मुंबई पुलिस न्यायालय में पेशी के बाद वापस कौलपुर जेल ला रही थी, तो वे हिरासत से भाग निकले थे ।",SOV,32,1,-0.237,0.6005,0.5294,9,इसके बाद जम्मू पुलिस ने भी रिमांड पर लेकर बरकत और नीटा से पूछताछ की थी ।,0.0,0.0,-6.9298,-3.2828,0.8487,-5.5307,-0.7198,1
train-s3559,फोन से संपर्क करने पर नीटा ने उसे पाकिस्तान बुलाया ।,SOV,11,23,-0.0189,0.5689,0.5,16,"अतरजीत ने पूछताछ में बताया कि जब इन लोगों को मुंबई पुलिस न्यायालय में पेशी के बाद वापस कौलपुर जेल ला रही थी, तो वे हिरासत से भाग निकले थे ।",-6.7826,0.0,-0.8212,0.9325,-0.6275,-0.8864,0.1851,1
train-s3561,वहां बलवीर की सहायता से उसने थाईलैंड का वीजा लिया और बैंकाक चला गया ।,SOV,15,23,-0.1189,0.5771,0.4545,5,फोन से संपर्क करने पर नीटा ने उसे पाकिस्तान बुलाया ।,1.5652,1.0435,1.5742,-2.2768,-3.5013,1.5742,-1.5613,1
train-s3562,"बैंकाक से उसने दिल्ली का टिकट लिया लेकिन, कराची में डोमेस्टिक एयरपोर्ट पर उतर गया ।",SOV,17,5,0.0153,0.4742,0.4667,7,वहां बलवीर की सहायता से उसने थाईलैंड का वीजा लिया और बैंकाक चला गया ।,1.2,-1.2,-5.8573,-5.3844,-8.493,0.0236,-3.2228,1
train-s3563,यहां से बब्बर खालसा का कुख्यात आतंकवादी महल सिंह बब्बर उसे नीटा के पास लाहौर ले गया ।,SOV,18,99,0.1193,0.5362,0.4118,7,"बैंकाक से उसने दिल्ली का टिकट लिया लेकिन, कराची में डोमेस्टिक एयरपोर्ट पर उतर गया ।",-6.6869,0.9798,-2.2517,-0.2301,-0.0915,-2.0739,0.0323,1
train-s3564,"अतरजीत ने स्वीकार किया कि १९९७ में बैसाखी के मौके पर नीटा ने जम्मू लौटते वक्त उसे एक एके - ४७, नौ मैगज़ीन, ७ - ८ पैकेट आरडीएक्स, डेटोनेटर, वायरलेस सेट और अन्य सामग्री दी थी ।",SOV,41,1,0.0173,0.566,0.5556,10,यहां से बब्बर खालसा का कुख्यात आतंकवादी महल सिंह बब्बर उसे नीटा के पास लाहौर ले गया ।,-1.0,0.0,-24.9155,-15.6737,-11.9347,-24.9155,-6.1598,1
train-s3565,पाकिस्तान के दो एजेंटों ने उसे सीमा पार कराई थी ।,SOV,11,23,-0.1047,0.4601,0.3659,15,"अतरजीत ने स्वीकार किया कि १९९७ में बैसाखी के मौके पर नीटा ने जम्मू लौटते वक्त उसे एक एके - ४७, नौ मैगज़ीन, ७ - ८ पैकेट आरडीएक्स, डेटोनेटर, वायरलेस सेट और अन्य सामग्री दी थी ।",-6.2609,-1.0435,-17.7815,-19.0703,-20.5388,-14.9245,-5.1581,1
train-s3566,यह सामान उसने जम्मू के ही एक व्यक्ति के हवाले कर दिया था ।,DOSV,14,5,-0.1634,0.4817,0.4545,5,पाकिस्तान के दो एजेंटों ने उसे सीमा पार कराई थी ।,6.0,-1.2,-14.6781,-5.1538,-6.4582,-14.8535,-0.2726,1
train-s3567,सुप्रीम कोर्ट ने मंगलवार को केंद्र और राज्य सरकारों से शराब पर पूर्ण पाबंदी लगाने पर गंभीरता से विचार करने को कहा ।,SOV,23,23,0.0009,0.4254,0.5714,8,यह सामान उसने जम्मू के ही एक व्यक्ति के हवाले कर दिया था ।,14.087,0.0,-10.2441,-4.574,-3.7099,-7.5961,-2.4974,1
train-s3568,अदालत ने मौजूदा हालात पर चिंता जताते हुए कहा कि वास्तव में अब अधिक से अधिक युवाओं को शराब की लत लगती जा रही है ।,SOV,26,1,-0.046,0.5266,0.7826,18,सुप्रीम कोर्ट ने मंगलवार को केंद्र और राज्य सरकारों से शराब पर पूर्ण पाबंदी लगाने पर गंभीरता से विचार करने को कहा ।,4.0,0.0,-3.7515,-5.6993,-4.2663,-3.7123,-0.7901,1
train-s3571,सर्वोच्च अदालत ने बॉम्बे हाईकोर्ट की नागपुर खंडपीठ के अंतरिम आदेश के खिलाफ महाराष्ट्र की अपील की सुनवाई के दौरान सरकार को यह सुझाव दिया ।,SOV,26,99,-0.0907,0.5626,0.6923,18,अदालत ने मौजूदा हालात पर चिंता जताते हुए कहा कि वास्तव में अब अधिक से अधिक युवाओं को शराब की लत लगती जा रही है ।,-9.9899,0.0,-11.2303,-13.9808,-12.573,-11.4511,-3.7757,1
train-s3573,खंडपीठ ने हाईकोर्ट के आदेश को दरकिनार कर दिया ।,SOV,10,5,0.0952,0.504,0.6154,16,सर्वोच्च अदालत ने बॉम्बे हाईकोर्ट की नागपुर खंडपीठ के अंतरिम आदेश के खिलाफ महाराष्ट्र की अपील की सुनवाई के दौरान सरकार को यह सुझाव दिया ।,-1.2,0.0,-23.1587,-20.1366,-20.4082,-17.8131,-3.832,1
train-s3582,बुधवार को उन्होंने कहा कि यदि नई केंद्र सरकार चाहे तो इस मामले को सुलझाने की दिशा में वह एक बार फिर अपनी सेवा दे सकते हैं ।,SOV,28,1,-0.1582,0.5135,0.5,5,खंडपीठ ने हाईकोर्ट के आदेश को दरकिनार कर दिया ।,-1.0,-2.0,-0.0556,-1.9289,-6.2287,-0.0522,0.2324,1
train-s3586,पुलिस ने रफीक़ का शव बरामद कर उसके परिवार वालों को सौंप दिया है ।,SOV,15,23,0.1547,0.4641,0.6429,18,बुधवार को उन्होंने कहा कि यदि नई केंद्र सरकार चाहे तो इस मामले को सुलझाने की दिशा में वह एक बार फिर अपनी सेवा दे सकते हैं ।,2.6087,0.0,-9.1611,-8.7031,-8.6749,-9.1611,-3.8878,1
train-s3594,सरकार ने अंगों की तस्करी रोकने के लिए मानव अंग ट्रांसप्लांटेशन कानून वर्ष १९९४ में बनाया था ।,SOV,18,23,-0.1518,0.5323,0.6667,10,पुलिस ने रफीक़ का शव बरामद कर उसके परिवार वालों को सौंप दिया है ।,0.5217,0.0,5.8456,4.2895,1.8709,5.9165,-0.2744,1
train-s3595,सरकार ने स्वेच्छा से दान देने वालों के लिए राहें आसान बनाने की बात कही थी ।,SOV,17,23,-0.0319,0.5491,0.6111,11,सरकार ने अंगों की तस्करी रोकने के लिए मानव अंग ट्रांसप्लांटेशन कानून वर्ष १९९४ में बनाया था ।,-1.0435,0.0,-21.6476,-17.1528,-15.7824,-20.4907,-12.6821,1
train-s3597,दिल्ली विश्वविद्यालय के कानून विभाग के एक प्रोफेसर ने इस दिशा में अध्ययन करके कुछ निष्कर्ष निकाले ।,SOV,18,23,0.2167,0.4673,0.5294,9,सरकार ने स्वेच्छा से दान देने वालों के लिए राहें आसान बनाने की बात कही थी ।,-11.4783,0.0,-11.2466,-7.8218,-9.2994,-11.3477,-3.3542,1
train-s3600,शोध के निष्कर्ष अंजू वली टिक्कू ने प्रोफेसर एस. सी. रैना के निर्देशन में निकाले हैं.,DOSV,17,5,0.0604,0.4586,0.7778,14,दिल्ली विश्वविद्यालय के कानून विभाग के एक प्रोफेसर ने इस दिशा में अध्ययन करके कुछ निष्कर्ष निकाले ।,4.8,0.0,7.6371,2.8042,3.7276,5.189,0.9507,1
train-s3606,भारत में इस वक्त एक लाख लोगों पर क़रीब ६ प्रतिशत लोग किडनी के प्रत्यारोपण की चाहत रखते हैं ।,SOV,20,99,-0.0857,0.4549,0.3529,6,शोध के निष्कर्ष अंजू वली टिक्कू ने प्रोफेसर एस. सी. रैना के निर्देशन में निकाले हैं.,8.3131,0.0,-11.0459,-6.2205,-6.319,-10.916,-1.8194,1
train-s3613,भारतीय शोधकर्ता किसी भी संस्थान में जाकर ५ वर्ष तक काम कर सकते हैं ।,SOV,15,23,0.0489,0.5123,0.5,10,भारत में इस वक्त एक लाख लोगों पर क़रीब ६ प्रतिशत लोग किडनी के प्रत्यारोपण की चाहत रखते हैं ।,-2.6087,0.0,-6.0496,-6.9159,-6.7987,-6.0496,-3.1341,1
train-s3615,इस दौरे के समय श्रोएडर विज्ञान एवं प्रौद्योगिकी के क्षेत्र में सहयोग बढ़ाने पर विशेष बल देंगे ।,SOV,18,23,0.0412,0.4581,0.5333,8,भारतीय शोधकर्ता किसी भी संस्थान में जाकर ५ वर्ष तक काम कर सकते हैं ।,1.0435,0.0,-8.3534,-8.1839,-7.4453,-8.1638,-7.3673,1
train-s3616,वे भारत से अनुरोध कर सकते हैं कि शोधकर्ताओं को जर्मनी भेजा जाए ।,SOV,14,5,0.1513,0.4947,0.6667,12,इस दौरे के समय श्रोएडर विज्ञान एवं प्रौद्योगिकी के क्षेत्र में सहयोग बढ़ाने पर विशेष बल देंगे ।,0.0,1.2,-12.9326,-12.8844,-12.497,-12.9326,-4.3421,1
train-s3618,ये देश मानव संसाधन विकास को संपत्ति का दर्जा देते हैं ।,SOV,12,5,0.0394,0.5264,0.4286,6,वे भारत से अनुरोध कर सकते हैं कि शोधकर्ताओं को जर्मनी भेजा जाए ।,1.2,0.0,-7.7292,-9.5082,-8.6148,-7.7411,-3.0407,1
train-s3628,जस्टिस वाई. के. सब्बरवाल के नेतृत्व वाली खंडपीठ को वरिष्ठ अधिवक्ता रंजीत कुमार ने अरावली पर्वत से खनन से निकाली गई सामग्री को ले जा रहे सैकड़ों ट्रकों की तस्वीर साक्ष्य के तौर पर दिखाई ।,IOSV,36,23,0.2411,0.4966,0.6667,8,ये देश मानव संसाधन विकास को संपत्ति का दर्जा देते हैं ।,-2.087,0.0,1.9212,1.9826,0.9954,1.344,-2.7859,1
train-s3630,वाहनवटी ने आश्वासन दिया कि हरियाणा में खनन कार्य पर पूरी तरह से प्रतिबंध लागू है और इसका उल्लंघन करने वालों के खिलाफ़ एक कार्य - योजना तैयार की जा रही है ।,SOV,33,1,0.0287,0.5422,0.4722,17,जस्टिस वाई. के. सब्बरवाल के नेतृत्व वाली खंडपीठ को वरिष्ठ अधिवक्ता रंजीत कुमार ने अरावली पर्वत से खनन से निकाली गई सामग्री को ले जा रहे सैकड़ों ट्रकों की तस्वीर साक्ष्य के तौर पर दिखाई ।,-1.0,0.0,-23.3464,-14.3628,-14.7344,-23.3441,-3.4438,1
train-s3631,वाहनवटी ने आश्वासन दिया कि अवैध खनन पर नज़र रखने के लिए सरकार गुड़गांव के उपायुक्त की बनाई त्रिस्तरीय कार्य - योजना पर विचार कर रही है ।,SOV,28,1,-0.0496,0.5073,0.6667,22,वाहनवटी ने आश्वासन दिया कि हरियाणा में खनन कार्य पर पूरी तरह से प्रतिबंध लागू है और इसका उल्लंघन करने वालों के खिलाफ़ एक कार्य - योजना तैयार की जा रही है ।,-1.0,0.0,-23.3464,-14.606,-16.87,-15.2851,-3.444,1
train-s3642,प्रधानमंत्री कार्यालय (पीएमओ) में राज्य मंत्री पृथ्वीराज चव्हाण ने कहा कि सरकार अमेरिका से यूनियन कार्बाइड के पूर्व चैयरमैन वारेन एंडरसन के प्रत्यार्पण के लिए दोबारा प्रयास कर सकती है ।,SOV,33,1,0.0105,0.4846,0.6071,17,वाहनवटी ने आश्वासन दिया कि अवैध खनन पर नज़र रखने के लिए सरकार गुड़गांव के उपायुक्त की बनाई त्रिस्तरीय कार्य - योजना पर विचार कर रही है ।,-1.0,0.0,-4.3276,-8.693,-5.1729,-4.3252,-1.4105,1
train-s3643,चव्हाण ने बृहस्पतिवार को एक चैनल के कार्यक्रम में कहा कि एंडरसन के प्रत्यार्पण के प्रयास विफल रहे हैं ।,SOV,20,5,0.0004,0.5164,0.5152,17,प्रधानमंत्री कार्यालय (पीएमओ) में राज्य मंत्री पृथ्वीराज चव्हाण ने कहा कि सरकार अमेरिका से यूनियन कार्बाइड के पूर्व चैयरमैन वारेन एंडरसन के प्रत्यार्पण के लिए दोबारा प्रयास कर सकती है ।,3.6,0.0,-5.5869,-7.4841,-3.1834,-3.0716,0.7589,1
train-s3647,"भारत सरकार अपने पहली बार के प्रयासों में विफल रही थी, लेकिन अब यह सरकार पर निर्भर करता है कि वह दोबारा कोशिश करे और एंडरसन को वापस लाए और उस पर मुकदमा चलाए ।",SOV,36,5,-0.0132,0.5086,0.6,12,चव्हाण ने बृहस्पतिवार को एक चैनल के कार्यक्रम में कहा कि एंडरसन के प्रत्यार्पण के प्रयास विफल रहे हैं ।,-1.2,0.0,-13.4558,-10.836,-10.6406,-12.1604,-3.3511,1
train-s365,"आगरा से लगभग 35 किलोमीटर दूर स्थित इस स्थान को मुगल सम्राट अकबर ने अपनी राजधानी बनाया था, अतः यहाँ कई बड़ी - बड़ी इमारतें बनी हुई हैं.",DOSV,30,5,0.1699,0.4888,0.5455,12,हर मौसम में हजारों की तादाद में यहाँ पहुँचने वाले सैलानी इसकी खूबसूरती को अपने अंदर जज्ब कर लेना चाहते हैं.,-9.6,0.0,-7.2097,-0.2898,0.9103,-7.2097,0.196,1
train-s3656,बिहार प्रदेश इकाई लगातार राहुल गांधी को चुनाव प्रचार में शामिल करने की मांग कर रही है ।,SOV,18,99,-0.1176,0.5526,0.6111,22,"भारत सरकार अपने पहली बार के प्रयासों में विफल रही थी, लेकिन अब यह सरकार पर निर्भर करता है कि वह दोबारा कोशिश करे और एंडरसन को वापस लाए और उस पर मुकदमा चलाए ।",4.0707,0.0,-16.7421,-12.6822,-13.8485,-16.6845,-4.6842,1
train-s3665,इसके अलावा कांग्रेस अध्यक्ष कई अन्य जनसभाओं को भी संबोधित करेंगी ।,SOV,12,23,0.1313,0.4862,0.6111,11,बिहार प्रदेश इकाई लगातार राहुल गांधी को चुनाव प्रचार में शामिल करने की मांग कर रही है ।,0.0,1.0435,-20.4996,-17.9843,-17.3561,-20.7694,-6.8542,1
train-s3666,जम्मू - कश्मीर के पुलवामा जिले में सेना के जवानों ने बुधवार को मस्जिद में शरण लेने वाले पांच आतंकियों को मार गिराया ।,SOV,24,99,0.0236,0.4636,0.5,6,इसके अलावा कांग्रेस अध्यक्ष कई अन्य जनसभाओं को भी संबोधित करेंगी ।,-3.7576,0.0,-19.4382,-12.7328,-12.4648,-19.4368,-1.9091,1
train-s3668,यह जानकारी रक्षा विभाग के प्रवक्ता ने दी ।,DOSV,9,1,-0.0838,0.5077,0.5417,13,जम्मू - कश्मीर के पुलवामा जिले में सेना के जवानों ने बुधवार को मस्जिद में शरण लेने वाले पांच आतंकियों को मार गिराया ।,3.0,0.0,9.1861,15.4181,14.3663,7.2961,2.8455,1
train-s3670,इसी दौरान एक मकान में छुपे आतंकियों ने जवानों पर फायरिंग शुरू कर दी ।,SOV,15,23,0.1359,0.4749,0.7778,7,यह जानकारी रक्षा विभाग के प्रवक्ता ने दी ।,-11.4783,0.0,-33.9569,-15.893,-17.0838,-33.915,-6.6429,1
train-s368,बाबर ने इस बाग को 1528 ई. में बनवाया था.,SOV,11,5,-0.0116,0.4714,0.5333,16,"आगरा से लगभग 35 किलोमीटर दूर स्थित इस स्थान को मुगल सम्राट अकबर ने अपनी राजधानी बनाया था, अतः यहाँ कई बड़ी - बड़ी इमारतें बनी हुई हैं.",1.2,0.0,-3.0586,-4.9793,-2.8557,-2.9097,-1.3931,1
train-s3680,पर हवाई अड्डे पर सुरक्षा बंदोबस्त देख भाजपा ने अपना इरादा बदल दिया ।,SOV,14,23,-0.1663,0.4935,0.7333,11,इसी दौरान एक मकान में छुपे आतंकियों ने जवानों पर फायरिंग शुरू कर दी ।,-0.5217,0.0,-16.2208,-10.6752,-16.705,-14.847,-1.6865,1
train-s3689,अयोध्या में विवादित ढांचा गिराए जाने के मामले की जांच कर रहे लिब्रहान आयोग ने शुक्रवार को इस घटना के बारह साल बाद बयानों को दर्ज करने का काम पूरा कर लिया ।,SOV,33,99,-0.0429,0.5721,0.5714,8,पर हवाई अड्डे पर सुरक्षा बंदोबस्त देख भाजपा ने अपना इरादा बदल दिया ।,-23.5758,0.0,-24.8868,-11.2641,-8.9605,-24.8868,-7.0608,1
train-s3691,लिब्रहान आयोग के समक्ष कल्याण ने इस प्रकरण में केंद्र के तत्कालीन नरसिंह राव की सरकार पर भी सवालिया निशान लगाया ।,SOV,22,99,-0.0134,0.4933,0.6667,22,अयोध्या में विवादित ढांचा गिराए जाने के मामले की जांच कर रहे लिब्रहान आयोग ने शुक्रवार को इस घटना के बारह साल बाद बयानों को दर्ज करने का काम पूरा कर लिया ।,2.7475,0.0,-19.4873,-4.511,-7.0321,-18.0414,-1.9653,1
train-s3695,"इसके चलते आयोग ने शुक्रवार को ६ दिसंबर, १९९२ की घटना के मुख्य गवाह कल्याण सिंह का बयान दर्ज करने के साथ जांच की कार्यवाही पूरी कर ली ।",SOV,30,99,0.0328,0.4902,0.6364,14,लिब्रहान आयोग के समक्ष कल्याण ने इस प्रकरण में केंद्र के तत्कालीन नरसिंह राव की सरकार पर भी सवालिया निशान लगाया ।,7.4545,1.0303,-28.8623,-16.5477,-14.8925,-27.9356,-8.3719,1
train-s3701,"कल्याण उत्तर प्रदेश के महाधिवक्ता वीरेंद्र भाटिया के इस सवाल का जवाब दे रहे थे कि भाजपा, विहिप व संघ परिवार ने नरसिंह राव के नेतृत्व वाली केंद्र की सरकार के समर्थन में विवादित ढांचे को गिराने की साजिश रची थी ।",SOV,43,1,0.1381,0.4971,0.7333,22,"इसके चलते आयोग ने शुक्रवार को ६ दिसंबर, १९९२ की घटना के मुख्य गवाह कल्याण सिंह का बयान दर्ज करने के साथ जांच की कार्यवाही पूरी कर ली ।",10.0,0.0,-10.0048,-10.6211,-7.7647,-5.7115,-2.58,1
train-s3705,निजी कॉलेजों में आरक्षण खत्म करने संबंधी सुप्रीम कोर्ट के फैसले पर सरकार के रुख को लेकर नाराजगी जताने के बाद शनिवार को प्रधान न्यायाधीश जस्टिस आर. सी. लाहोटी ने कहा कि अगर सरकार के अन्य अंग अपनी सीमाओं का अतिक्रमण करते हैं तो न्यायपालिका उनके पर कतर सकती है ।,SOV,51,99,0.1174,0.4909,0.5814,25,"कल्याण उत्तर प्रदेश के महाधिवक्ता वीरेंद्र भाटिया के इस सवाल का जवाब दे रहे थे कि भाजपा, विहिप व संघ परिवार ने नरसिंह राव के नेतृत्व वाली केंद्र की सरकार के समर्थन में विवादित ढांचे को गिराने की साजिश रची थी ।",-13.6263,0.0,-15.6572,-2.3346,-1.4398,-15.2743,-2.0616,1
train-s3706,"यहां शनिवार को आयोजित एक सेमिनार में उन्होंने कहा कि लोकतंत्र के तीन अंगों कार्यपालिका, विधायिका और न्यायपालिका को संविधान के प्रावधानों के तहत काम करना चाहिए ।",SOV,29,5,0.0113,0.5184,0.549,28,निजी कॉलेजों में आरक्षण खत्म करने संबंधी सुप्रीम कोर्ट के फैसले पर सरकार के रुख को लेकर नाराजगी जताने के बाद शनिवार को प्रधान न्यायाधीश जस्टिस आर. सी. लाहोटी ने कहा कि अगर सरकार के अन्य अंग अपनी सीमाओं का अतिक्रमण करते हैं तो न्यायपालिका उनके पर कतर सकती है ।,0.0,1.2,-7.6975,-2.5376,-1.3953,-6.1427,-1.1298,1
train-s3709,न्यायपालिका और कार्यपालिका के बीच समन्वय पर विशेष जोर देते हुए जस्टिस लाहोटी ने कहा कि लोकतंत्र के तीनों अंगों को अपनी जिम्मेदारियों का निर्वहन गौरवपूर्ण तरीके से करना चाहिए और समाज के सभी वर्गो के हितों के लिए एक - दूसरे को मजबूत करना चाहिए ।,SOV,47,1,0.0957,0.4815,0.5862,17,"यहां शनिवार को आयोजित एक सेमिनार में उन्होंने कहा कि लोकतंत्र के तीन अंगों कार्यपालिका, विधायिका और न्यायपालिका को संविधान के प्रावधानों के तहत काम करना चाहिए ।",-8.0,0.0,0.9946,-0.2664,1.3503,0.704,1.7364,1
train-s3710,न्याय मिलने में देरी के सवाल पर प्रधान न्यायाधीश ने कहा कि आपसी सहमति और मध्यस्थता जैसे विवादों के निस्तारण के वैकल्पिक तरीकों पर एक स्वतंत्र एजेंसी का गठन होना चाहिए ।,SOV,32,1,0.0824,0.5083,0.6383,30,न्यायपालिका और कार्यपालिका के बीच समन्वय पर विशेष जोर देते हुए जस्टिस लाहोटी ने कहा कि लोकतंत्र के तीनों अंगों को अपनी जिम्मेदारियों का निर्वहन गौरवपूर्ण तरीके से करना चाहिए और समाज के सभी वर्गो के हितों के लिए एक - दूसरे को मजबूत करना चाहिए ।,-4.0,0.0,3.2904,-2.9236,-6.768,3.4,-2.1283,1
train-s3716,सभी राज्य सिद्घांत रूप में इन्हें लागू करने पर सहमत हैं ।,SOV,12,5,0.0123,0.4835,0.8438,27,न्याय मिलने में देरी के सवाल पर प्रधान न्यायाधीश ने कहा कि आपसी सहमति और मध्यस्थता जैसे विवादों के निस्तारण के वैकल्पिक तरीकों पर एक स्वतंत्र एजेंसी का गठन होना चाहिए ।,-1.2,0.0,-13.5846,-7.1631,-8.4624,-13.7877,-2.9401,1
train-s3719,प्रदेश के राज्यपाल बलराम जाखड़ ने प्रधान न्यायाधीश की इस राय से सहमति व्यक्त की कि कार्यपालिका और न्यापालिका एक - दूसरे के पूरक हैं और उनमें समन्वय होना जरूरी है ।,SOV,32,23,0.1862,0.4905,0.5833,7,सभी राज्य सिद्घांत रूप में इन्हें लागू करने पर सहमत हैं ।,-10.4348,0.0,-38.2283,-25.5659,-22.6417,-38.2283,-6.7077,1
train-s3723,यहां धार्मिक स्मारक भोजशाला में शुक्रवार को पूजा और नमाज अदा करने को लेकर हुए विवाद के बाद हिंसा पर उतारू भीड़ को खदेड़ने के लिए पुलिस को लाठीचार्ज और आंसू गैस के गोले छोड़ने पड़े ।,SOV,37,99,0.0389,0.504,0.625,20,प्रदेश के राज्यपाल बलराम जाखड़ ने प्रधान न्यायाधीश की इस राय से सहमति व्यक्त की कि कार्यपालिका और न्यापालिका एक - दूसरे के पूरक हैं और उनमें समन्वय होना जरूरी है ।,17.5152,0.9495,-30.1414,-1.1323,-2.3924,-30.2037,-2.9832,1
train-s3724,प्रशासन ने स्थिति नियंत्रण में होने का दावा किया है ।,SOV,11,5,-0.0753,0.5352,0.6486,24,यहां धार्मिक स्मारक भोजशाला में शुक्रवार को पूजा और नमाज अदा करने को लेकर हुए विवाद के बाद हिंसा पर उतारू भीड़ को खदेड़ने के लिए पुलिस को लाठीचार्ज और आंसू गैस के गोले छोड़ने पड़े ।,3.6,0.0,-23.6867,-14.367,-14.2955,-23.6169,-4.5573,1
train-s3728,इस भोजशाला पर हिंदू और मुसलमान अपना - अपना दावा जताते रहे हैं ।,SOV,14,5,-0.0416,0.5149,0.9091,10,प्रशासन ने स्थिति नियंत्रण में होने का दावा किया है ।,1.2,0.0,-10.8677,-4.0234,-5.6372,-10.8677,-1.5478,1
train-s3732,भोजशाला में बसंत पंचमी मनाने एकत्र कुछ श्रद्धालुओं ने मुसलमानों को अंदर जाने से रोक दिया ।,SOV,17,99,-0.3845,0.6105,0.2857,4,इस भोजशाला पर हिंदू और मुसलमान अपना - अपना दावा जताते रहे हैं ।,0.8485,0.0,-7.7184,-3.3305,-7.8776,-10.269,-0.9568,1
train-s3742,लेकिन आज उन्होंने कहा कि यहां पर शांति रहनी चाहिए और आज का दिन बिना घटना के गुजरना चाहिए ।,SOV,20,5,-0.0432,0.5302,0.5294,9,भोजशाला में बसंत पंचमी मनाने एकत्र कुछ श्रद्धालुओं ने मुसलमानों को अंदर जाने से रोक दिया ।,0.0,0.0,-11.5303,-4.6754,-5.715,-11.5303,-7.6747,1
train-s3743,'टेंडर' फाइलों पर हस्ताक्षर करने के एवज में रिश्वत लेने के आरोप में बृहस्पतिवार को रोहतक में भारत संचार निगम लिमिटेड के महाप्रबंधक चंद्रशेखर को सीबीआई की टीम ने रंगे हाथों पकड़ लिया ।,DOSV,36,99,0.034,0.4861,0.65,13,लेकिन आज उन्होंने कहा कि यहां पर शांति रहनी चाहिए और आज का दिन बिना घटना के गुजरना चाहिए ।,-27.2929,0.0,-7.2453,-7.8853,-7.9198,-7.2453,0.407,1
train-s3744,सीबीआई ने यह कार्यवाही शिकायत के आधार पर की ।,SOV,10,5,0.0068,0.5222,0.5833,21,'टेंडर' फाइलों पर हस्ताक्षर करने के एवज में रिश्वत लेने के आरोप में बृहस्पतिवार को रोहतक में भारत संचार निगम लिमिटेड के महाप्रबंधक चंद्रशेखर को सीबीआई की टीम ने रंगे हाथों पकड़ लिया ।,2.4,0.0,5.3001,1.3246,5.2202,4.1418,-0.3033,1
train-s3746,इन टेंडरों को पास करने के लिए महाप्रबंधक ने मैसर्ज हरेराम हरेकृष्णा कंपनी से ५० हजार रुपये की राशि बतौर रिश्वत मांगी थी ।,SOV,24,99,-0.0544,0.5187,0.8,8,सीबीआई ने यह कार्यवाही शिकायत के आधार पर की ।,-6.7879,0.0,-3.7909,-9.4382,-10.0231,-4.0583,-3.4447,1
train-s3748,महाप्रबंधक ने टेंडर कंपनी से २० हजार लाने के लिए बृहस्पतिवार शाम को सवा चार बजे का समय निर्धारित किया ।,SOV,21,99,-0.0016,0.5106,0.4167,10,इन टेंडरों को पास करने के लिए महाप्रबंधक ने मैसर्ज हरेराम हरेकृष्णा कंपनी से ५० हजार रुपये की राशि बतौर रिश्वत मांगी थी ।,-0.5657,0.0,-22.1427,-14.7558,-10.8937,-19.8471,-6.1532,1
train-s3752,बृहस्पतिवार सुबह ही टीम ने शिकायतकर्ता कंपनी को २० हजार के नोटों पर पाउडर लगाकर दे दिया था ।,SOV,19,23,0.0251,0.4677,0.5238,11,महाप्रबंधक ने टेंडर कंपनी से २० हजार लाने के लिए बृहस्पतिवार शाम को सवा चार बजे का समय निर्धारित किया ।,6.7826,0.0,4.3756,-1.281,1.6497,4.0013,-2.5756,1
train-s3753,पूर्व निर्धारित योजना के तहत ठीक सवा चार बजे आर्य नगर स्थित महाप्रबंधक के कार्यालय में टेंडर अलॉट कराने वाली कंपनी के एक व्यक्ति ने महाप्रबंधक चंद्रशेखर को पाउडर लगे २० हजार रुपये पकड़ा दिए ।,SOV,36,99,-0.045,0.5029,0.5789,11,बृहस्पतिवार सुबह ही टीम ने शिकायतकर्ता कंपनी को २० हजार के नोटों पर पाउडर लगाकर दे दिया था ।,-0.8687,0.0,0.2172,-0.3323,-2.129,0.1824,-2.5696,1
train-s3757,कार्यालय पर पहुंचते ही टीम ने सबसे पहले गेटकीपर को मुख्य द्वार को बंद करने के आदेश दिए ।,SOV,19,99,0.0458,0.4374,0.5278,19,पूर्व निर्धारित योजना के तहत ठीक सवा चार बजे आर्य नगर स्थित महाप्रबंधक के कार्यालय में टेंडर अलॉट कराने वाली कंपनी के एक व्यक्ति ने महाप्रबंधक चंद्रशेखर को पाउडर लगे २० हजार रुपये पकड़ा दिए ।,5.8889,0.0,-14.6776,-12.5484,-12.1985,-9.6498,-3.7012,1
train-s3759,टीम रिकॉर्ड को भी अपने साथ ले गई है ।,SOV,10,5,-0.0162,0.4779,0.7368,14,कार्यालय पर पहुंचते ही टीम ने सबसे पहले गेटकीपर को मुख्य द्वार को बंद करने के आदेश दिए ।,1.2,0.0,-10.9782,-2.4404,-1.9628,-10.5945,0.5932,1
train-s3760,"जब महाप्रबंधक कार्यालय से चंद्रशेखर को सीबीआई की टीम ने गिरफ्तार किया, ठीक उसी समय उनके आवास पर पांच सदस्यीय टीम ने विभिन्न अलमारियों से ३२ लाख रुपये बरामद किए ।",SOV,32,99,0.0486,0.513,0.7,7,टीम रिकॉर्ड को भी अपने साथ ले गई है ।,-38.3131,0.0,-18.8681,-19.1352,-21.0876,-18.4343,-6.4048,1
train-s3764,समाचार लिखे जाने तक सीबीआई की टीम हुडा स्थित दूरसंचार के कार्यालय में मौजूद थी ।,SOV,16,23,-0.0296,0.5032,0.5625,18,"जब महाप्रबंधक कार्यालय से चंद्रशेखर को सीबीआई की टीम ने गिरफ्तार किया, ठीक उसी समय उनके आवास पर पांच सदस्यीय टीम ने विभिन्न अलमारियों से ३२ लाख रुपये बरामद किए ।",-3.1304,0.0,-19.371,-5.0418,-4.0179,-17.808,-3.6646,1
train-s3784,"पुलिस सूत्रों के मुताबिक, मुंशी को आव्रजन विभाग के अधिकारियों ने दिल्ली पुलिस के नोटिस पर पकड़ा ।",DOSV,19,23,0.1994,0.4441,0.625,10,समाचार लिखे जाने तक सीबीआई की टीम हुडा स्थित दूरसंचार के कार्यालय में मौजूद थी ।,1.5652,0.0,-3.2075,-4.3609,-5.2292,-2.6832,-1.3558,1
train-s3786,इसी बीच कागज़ी जांच के दौरान आव्रजन विभाग के अधिकारियों ने उसे पकड़ लिया ।,SOV,15,23,-0.0834,0.5299,0.5263,10,"पुलिस सूत्रों के मुताबिक, मुंशी को आव्रजन विभाग के अधिकारियों ने दिल्ली पुलिस के नोटिस पर पकड़ा ।",-1.0435,0.0,-15.3414,-5.4445,-5.9665,-16.4027,-2.0659,1
train-s3804,"ये लोग अपने साथ लाया शिलालेख लालकिले पर लगाना चाहते थे, पर मामले की नज़ाकत को देखते हुए यह शिलालेख पादरी को सौंप दिया ।",SOV,26,1,-0.1041,0.4414,0.5333,8,इसी बीच कागज़ी जांच के दौरान आव्रजन विभाग के अधिकारियों ने उसे पकड़ लिया ।,5.0,0.0,-10.9337,-10.3946,-9.669,-10.9337,0.6245,1
train-s3806,आगरा फोर्ट में भी इन्होंने वही किया ।,SOV,8,5,0.0252,0.5054,0.5769,15,"ये लोग अपने साथ लाया शिलालेख लालकिले पर लगाना चाहते थे, पर मामले की नज़ाकत को देखते हुए यह शिलालेख पादरी को सौंप दिया ।",-3.6,-1.2,-1.5474,-3.5394,-3.257,-1.1814,0.4749,1
train-s3807,"उन्होंने लेफ्टिनेंट गर्वनर रसेल कॉल्विन की कब्र पर चुपचाप फूल चढ़ाए, जबकि वहां फूल - मालाएं लाने की मनाही थी ।",SOV,22,23,0.0168,0.5197,0.375,3,आगरा फोर्ट में भी इन्होंने वही किया ।,-3.1304,1.0435,-11.0372,1.5455,1.1004,-11.0372,-3.3064,1
train-s3814,खुफिया विभाग के एक अधिकारी ने 'अमर उजाला' को बताया कि मध्यप्रदेश में इनकी पूरी गतिविधियों पर नज़र रखी जा रही है और पल - पल की इनकी रिपोर्ट से उच्चाधिकारियों को अवगत कराया जा रहा है ।,SOV,40,1,0.2279,0.4061,0.3636,8,"उन्होंने लेफ्टिनेंट गर्वनर रसेल कॉल्विन की कब्र पर चुपचाप फूल चढ़ाए, जबकि वहां फूल - मालाएं लाने की मनाही थी ।",-1.0,0.0,-0.2268,3.0233,3.6303,-0.2268,0.8339,1
train-s3818,दुनिया के कोने - कोने से लोग वहां अंतिम दर्शन को पहुंच रहे हैं ।,SOV,15,23,0.0438,0.5068,0.6,24,खुफिया विभाग के एक अधिकारी ने 'अमर उजाला' को बताया कि मध्यप्रदेश में इनकी पूरी गतिविधियों पर नज़र रखी जा रही है और पल - पल की इनकी रिपोर्ट से उच्चाधिकारियों को अवगत कराया जा रहा है ।,-4.6957,0.0,-2.8475,-2.3377,-3.0194,-2.8482,-0.3816,1
train-s3822,वेटिकन ने अब अधिकृत रूप से कहा है कि पोप का निधन सेप्टिक और हार्ट अटैक से हुआ ।,SOV,19,5,0.1147,0.4643,0.5333,8,दुनिया के कोने - कोने से लोग वहां अंतिम दर्शन को पहुंच रहे हैं ।,1.2,-1.2,-4.6262,-0.6382,1.3861,-4.6262,-0.1452,1
train-s3829,राष्ट्रपति ए. पी. जे. अब्दुल कलाम ने शोक प्रकट करते हुए कहा कि मैं पोप के निधन से बहुत दुःखी हूं ।,SOV,22,1,-0.0332,0.5327,0.5789,11,वेटिकन ने अब अधिकृत रूप से कहा है कि पोप का निधन सेप्टिक और हार्ट अटैक से हुआ ।,-3.0,0.0,-4.8013,-5.6025,-6.7443,-4.7999,0.4394,1
train-s3830,विश्व ने एक महान धर्मगुरू और एक राष्ट्रपुरुष खो दिया है ।,SOV,12,1,-0.0541,0.5477,0.4545,10,राष्ट्रपति ए. पी. जे. अब्दुल कलाम ने शोक प्रकट करते हुए कहा कि मैं पोप के निधन से बहुत दुःखी हूं ।,4.0,0.0,-1.2652,-2.6032,-1.2202,-3.5595,-1.6097,1
train-s3831,जिसने अपनी पूरी जिंदगी जरूरतमंदों और शोषितों के उत्थान के लिए कार्य किया ।,SOV,14,23,-0.1345,0.5137,0.5,6,विश्व ने एक महान धर्मगुरू और एक राष्ट्रपुरुष खो दिया है ।,2.087,1.0435,-9.673,-9.0273,-11.2344,-10.6579,-2.879,1
train-s3832,उन्होंने इस धरती पर शांति के लिए अथक मेहनत और समानता व इंसाफ पर आधारित अंतर्राष्ट्रीय समाज के लिए काम किया ।,SOV,22,99,0.1988,0.4553,0.6429,9,जिसने अपनी पूरी जिंदगी जरूरतमंदों और शोषितों के उत्थान के लिए कार्य किया ।,8.8586,0.9899,-15.074,-9.2325,-11.6213,-14.4101,-5.1758,1
train-s3841,पार्टी प्रवक्ता ने आज यह जानकारी दी ।,SOV,8,5,0.0161,0.4631,0.5909,13,उन्होंने इस धरती पर शांति के लिए अथक मेहनत और समानता व इंसाफ पर आधारित अंतर्राष्ट्रीय समाज के लिए काम किया ।,-1.2,0.0,-12.7617,-11.8888,-10.219,-11.6912,-2.2108,1
train-s3843,उन्होंने एमसी मुख्यालय में आयोजित विशेष मास के बाद पत्रकारों को यह जानकारी दी ।,SOV,15,23,0.0782,0.4654,0.625,5,पार्टी प्रवक्ता ने आज यह जानकारी दी ।,-1.5652,1.0435,-13.0662,-11.5729,-14.3685,-9.9159,-3.8428,1
train-s3844,उन्होंने पोप के निधन को ईश्वरीय इच्छा बताई ।,SOV,9,5,0.2054,0.4464,0.5333,8,उन्होंने एमसी मुख्यालय में आयोजित विशेष मास के बाद पत्रकारों को यह जानकारी दी ।,1.2,1.2,-10.833,-6.5719,-8.2878,-7.0711,-3.3122,1
train-s3855,लेकिन सेंटर फॉर डेवलपमेंट इन एडवांस कंप्यूटिंग (सीडैक) के अधिकारियों का कहना है कि ईमेल ट्रेसर के जरिए ऐसे लोगों पर अंकुश लगाना बहुत आसान हो जाएगा ।,SOV,30,1,0.0159,0.4556,0.5556,5,उन्होंने पोप के निधन को ईश्वरीय इच्छा बताई ।,12.0,0.0,-22.049,-10.0941,-22.0943,-22.049,-10.918,1
train-s3858,इन जानकारियों के आधार पर आप आसानी से पुलिस में शिकायत दर्ज करवा सकते हैं ।,SOV,16,99,0.1216,0.4816,0.4333,13,लेकिन सेंटर फॉर डेवलपमेंट इन एडवांस कंप्यूटिंग (सीडैक) के अधिकारियों का कहना है कि ईमेल ट्रेसर के जरिए ऐसे लोगों पर अंकुश लगाना बहुत आसान हो जाएगा ।,-11.0303,-1.0101,-30.6254,-13.7037,-13.157,-28.5632,-4.9578,1
train-s3863,सीडैक ने इस टूल के मूल स्वरूप को २००३ में जांच एजेंसियों की मदद के लिए तैयार किया था ।,SOV,20,99,0.0311,0.5273,0.5,8,इन जानकारियों के आधार पर आप आसानी से पुलिस में शिकायत दर्ज करवा सकते हैं ।,-1.5657,0.0,-10.0385,-13.2496,-10.5663,-10.0401,-4.7833,1
train-s3864,इसी का इस्तेमाल कर सीबीआई ने पिछले कुछ सालों के दौरान कई मामले सुलझाए हैं ।,SOV,16,23,0.0454,0.485,0.6,12,सीडैक ने इस टूल के मूल स्वरूप को २००३ में जांच एजेंसियों की मदद के लिए तैयार किया था ।,-1.5652,0.0,-8.1366,-2.1649,-2.147,-8.1345,-0.2588,1
train-s3873,"महमूद ने ज़ाहिर तौर पर तो यहां अफगानिस्तानियों की मदद के लिए दफ्तर खोला था, लेकिन छिपे तौर पर वह परमाणु हथियारों का धंधा कर रहे थे ।",SOV,29,99,-0.1434,0.4354,0.5,8,इसी का इस्तेमाल कर सीबीआई ने पिछले कुछ सालों के दौरान कई मामले सुलझाए हैं ।,-0.8586,-0.0101,-3.0586,-8.2987,-3.9281,-3.0415,-3.509,1
train-s3876,लश्कर ने प्रतिबंधित किए जाने के बाद से अपना नाम जमात - अल - दावा कर लिया है ।,SOV,19,23,-0.0447,0.5246,0.4138,12,"महमूद ने ज़ाहिर तौर पर तो यहां अफगानिस्तानियों की मदद के लिए दफ्तर खोला था, लेकिन छिपे तौर पर वह परमाणु हथियारों का धंधा कर रहे थे ।",2.6087,0.0,-3.7692,-5.8666,-6.7317,-2.2188,-1.9558,1
train-s3879,जिससे वह इज़राइल व पश्चिमी देशों को चुनौती दे सके ।,SOV,11,23,-0.1728,0.521,0.5263,10,लश्कर ने प्रतिबंधित किए जाने के बाद से अपना नाम जमात - अल - दावा कर लिया है ।,2.087,0.0,-16.237,-16.8151,-14.9369,-16.237,-4.872,1
train-s3886,मुशर्रफ भाजपा अध्यक्ष लालकृष्ण आडवाणी के साथ - साथ अन्य विपक्षी नेताओं से भी मिलना चाहते हैं ।,SOV,18,1,0.0804,0.5383,0.2727,3,जिससे वह इज़राइल व पश्चिमी देशों को चुनौती दे सके ।,13.0,0.0,-1.1834,-10.3964,-9.1356,-1.1834,-0.7593,1
train-s3896,"बीसीसीआई के संयुक्त सचिव गौतम दासगुप्ता ने बोर्ड के दौरों, कार्यक्रम और फिक्चर तय करने से संबंधित समिति की यहां हुई बैठक के बाद पत्रकारों को यह जानकारी दी ।",SOV,31,23,0.1374,0.5167,0.5,9,मुशर्रफ भाजपा अध्यक्ष लालकृष्ण आडवाणी के साथ - साथ अन्य विपक्षी नेताओं से भी मिलना चाहते हैं ।,-16.1739,0.0,-14.9529,-11.1585,-9.8739,-14.1329,-4.7263,1
train-s3898,समिति ने महसूस किया कि ये मैच दोनों पक्षों के बीच तारीख पर सहमति होने तक स्थगित कर दिए जाने चाहिए ।,SOV,22,1,0.0724,0.4575,0.6129,19,"बीसीसीआई के संयुक्त सचिव गौतम दासगुप्ता ने बोर्ड के दौरों, कार्यक्रम और फिक्चर तय करने से संबंधित समिति की यहां हुई बैठक के बाद पत्रकारों को यह जानकारी दी ।",-1.0,0.0,-30.2438,-11.7223,-13.4923,-22.6439,-5.58,1
train-s3902,इसके अलावा एसएलसी ने भ्रष्टाचार के आरोपी क्रिकेट बोर्ड के पूर्व अध्यक्ष थिलंगा सुमाथिपाला को पिछले महीने नई दिल्ली में हुई आईसीसी एक्जीक्यूटिव बोर्ड की बैठक में शामिल होने की इजाजत भी दे दी थी ।,SOV,36,99,-0.0482,0.4888,0.6364,14,समिति ने महसूस किया कि ये मैच दोनों पक्षों के बीच तारीख पर सहमति होने तक स्थगित कर दिए जाने चाहिए ।,16.7778,0.9495,-24.3303,-13.0473,-13.4624,-24.2291,-9.4458,1
train-s3903,हालांकि सुमाथिपाला ने ताज़ा चुनाव में फिर जीत हासिल कर ली ।,SOV,12,99,0.0829,0.4879,0.6111,22,इसके अलावा एसएलसी ने भ्रष्टाचार के आरोपी क्रिकेट बोर्ड के पूर्व अध्यक्ष थिलंगा सुमाथिपाला को पिछले महीने नई दिल्ली में हुई आईसीसी एक्जीक्यूटिव बोर्ड की बैठक में शामिल होने की इजाजत भी दे दी थी ।,-2.2828,0.0,-20.5982,-16.1099,-15.4445,-20.5982,-11.4262,1
train-s3904,उन्होंने सरकार द्वारा किए गए निलंबन को कोर्ट में चुनौती भी दे रखी है ।,SOV,15,23,0.1829,0.5233,0.75,9,हालांकि सुमाथिपाला ने ताज़ा चुनाव में फिर जीत हासिल कर ली ।,-0.5217,1.0435,-17.026,-7.129,-8.0455,-16.9962,-4.6662,1
train-s3905,सरकार इस वित्तीय वर्ष के दौरान पांच कंपनियों के शेयर बेचने की प्रक्रिया जल्द ही शुरू करेगी ।,SOV,18,99,-0.0287,0.5624,0.6,9,उन्होंने सरकार द्वारा किए गए निलंबन को कोर्ट में चुनौती भी दे रखी है ।,-3.1111,0.0,-20.8734,-10.0126,-11.0188,-17.4834,-4.9206,1
train-s3906,इस बारे में सूत्रों ने बताया कि सरकार भारत हेवी इलेक्ट्रिकल्स लिमिटेड का १० फीसदी व मारुति उद्योग लिमिटेड का ७.५ फीसदी शेयर बेचने का इरादा पहले जता चुकी है ।,SOV,31,1,0.0743,0.4917,0.6667,12,सरकार इस वित्तीय वर्ष के दौरान पांच कंपनियों के शेयर बेचने की प्रक्रिया जल्द ही शुरू करेगी ।,-1.0,2.0,-2.0423,3.0204,2.1228,-2.0595,0.0086,1
train-s391,यह मंदिर भारतीय मंदिरों की प्राचीन शैली की झलक देता है ।,SOV,12,1,-0.1784,0.5523,0.3636,4,बाबर ने इस बाग को 1528 ई. में बनवाया था.,5.0,0.0,-9.4191,-4.9664,-4.5154,-9.4191,-2.5414,1
train-s3912,सरकार ने इस कंपनी के शेयर कई टुकड़ों में बेचे हैं ।,SOV,12,5,0.0519,0.5273,0.4194,13,इस बारे में सूत्रों ने बताया कि सरकार भारत हेवी इलेक्ट्रिकल्स लिमिटेड का १० फीसदी व मारुति उद्योग लिमिटेड का ७.५ फीसदी शेयर बेचने का इरादा पहले जता चुकी है ।,1.2,0.0,-1.665,-1.6337,-2.1679,-0.2082,-0.7326,1
train-s3917,इस कंपनी के १५ फीसदी शेयर बेचने पर सरकार को ६४० करोड़ की राशि प्राप्त होगी ।,IOSV,17,23,0.0173,0.4946,0.6667,8,सरकार ने इस कंपनी के शेयर कई टुकड़ों में बेचे हैं ।,-9.913,0.0,-13.1902,-6.556,-4.8229,-11.285,-4.2533,1
train-s3918,वर्ष २००५ - ०६ के दौरान सरकार ने सार्वजनिक क्षेत्र के शेयरों को बेचकर ५००० से ७००० करोड़ रुपये जुटाने की योजना बनाई है ।,SOV,25,23,0.1242,0.5017,0.5882,10,इस कंपनी के १५ फीसदी शेयर बेचने पर सरकार को ६४० करोड़ की राशि प्राप्त होगी ।,5.2174,0.0,-22.3141,-12.3725,-8.2107,-20.8111,-4.9725,1
train-s3919,"इसके साथ ही वित्तमंत्री चिदंबरम ने अगले पांच साल में सरकारी कंपनियों के शेयर बेचकर ५०,००० से ७०,००० करोड़ रुपये जुटाने का लक्ष्य रखा है ।",SOV,26,5,0.0261,0.51,0.52,13,वर्ष २००५ - ०६ के दौरान सरकार ने सार्वजनिक क्षेत्र के शेयरों को बेचकर ५००० से ७००० करोड़ रुपये जुटाने की योजना बनाई है ।,16.8,1.2,-16.4429,-6.5148,-6.3975,-16.4343,-3.5762,1
train-s3920,सात वर्षीय बालिका से दुष्कर्म कर उसकी हत्या कर देने के मामले में बुधवार को पंजाब एवं हरियाणा हाईकोर्ट ने मानसा की अदालत के फैसले को सही ठहराते हुए अभियुक्त अमृत सिंह को मौत की सजा दिए जाने के फैसले को बरकरार रखा है ।,SOV,45,99,0.0397,0.4894,0.5769,15,"इसके साथ ही वित्तमंत्री चिदंबरम ने अगले पांच साल में सरकारी कंपनियों के शेयर बेचकर ५०,००० से ७०,००० करोड़ रुपये जुटाने का लक्ष्य रखा है ।",-16.2828,0.0,-16.7877,-15.1708,-11.9351,-13.5289,-2.3649,1
train-s3922,साक्ष्य साबित कर रहे हैं कि अभियुक्त ने बर्बरता व अमानवीय ढंग से बालिका के साथ दुष्कर्म करने के बाद उसकी हत्या की ।,SOV,24,1,-0.0459,0.5336,0.5778,26,सात वर्षीय बालिका से दुष्कर्म कर उसकी हत्या कर देने के मामले में बुधवार को पंजाब एवं हरियाणा हाईकोर्ट ने मानसा की अदालत के फैसले को सही ठहराते हुए अभियुक्त अमृत सिंह को मौत की सजा दिए जाने के फैसले को बरकरार रखा है ।,0.0,0.0,-7.44,-8.0973,-8.9369,-5.3827,-5.9901,1
train-s3925,खेलने के बाद अमन आधे रास्ते तक अपनी सहेली राजप्रीत को छोड़ने आई ।,SOV,14,99,-0.1635,0.5692,0.625,15,साक्ष्य साबित कर रहे हैं कि अभियुक्त ने बर्बरता व अमानवीय ढंग से बालिका के साथ दुष्कर्म करने के बाद उसकी हत्या की ।,-1.2727,0.0,-4.5265,-6.6596,-4.6919,-4.3726,3.4482,1
train-s3932,बाद में गांव के पंच कर्मजीत सिंह ने अमृत को पुलिस के सामने पेश किया ।,SOV,16,99,0.068,0.4447,0.6429,9,खेलने के बाद अमन आधे रास्ते तक अपनी सहेली राजप्रीत को छोड़ने आई ।,-5.1818,0.0,-18.3274,-14.7719,-16.1042,-15.2158,-7.4319,1
train-s3934,मानसा के अतिरिक्त जिला न्यायाधीश ने आरोप साबित हो जाने पर अमृत को १९ मार्च २००५ को मौत की सजा सुनाई ।,SOV,22,99,-0.0281,0.5379,0.8125,13,बाद में गांव के पंच कर्मजीत सिंह ने अमृत को पुलिस के सामने पेश किया ।,-6.8687,0.0,-12.4432,-17.0818,-16.2614,-13.141,-4.6836,1
train-s3935,फैसले के खिलाफ अमृत ने हाईकोर्ट में अपील दायर की ।,SOV,11,99,-0.0507,0.5273,0.8182,18,मानसा के अतिरिक्त जिला न्यायाधीश ने आरोप साबित हो जाने पर अमृत को १९ मार्च २००५ को मौत की सजा सुनाई ।,-4.8586,0.0,-20.2677,-15.7012,-18.0563,-22.43,-5.2171,1
train-s3936,अपील में अमृत के वकील ने कहा कि पुलिस ने उसे घटना के दूसरे ही दिन पकड़ लिया था ।,SOV,20,1,0.0318,0.5241,0.5455,6,फैसले के खिलाफ अमृत ने हाईकोर्ट में अपील दायर की ।,2.0,0.0,-3.4352,1.5266,1.7061,-2.5636,-0.4259,1
train-s3944,राज्यसभा में प्रभा ठाकुर के सवाल के जवाब में मुखर्जी ने कहा कि इस साल के पहले पांच महीनों में घुसपैठ में कमी आई थी लेकिन जून - जुलाई के दौरान इसमें वृद्धि दर्ज की गई है ।,SOV,38,5,-0.0617,0.5381,0.7,14,अपील में अमृत के वकील ने कहा कि पुलिस ने उसे घटना के दूसरे ही दिन पकड़ लिया था ।,0.0,0.0,-2.9718,4.1018,0.0382,-2.8902,-1.9068,1
train-s3950,राज्यसभा में प्रश्नकाल के दौरान टी. टी. वी. दिनकरन द्वारा पूछे गये सवाल के जवाब में मुखर्जी ने कहा कि वायुसेना में पायलेटों को मिलने वाली सुविधाएं बेहद सीमित हैं जबकि कार्य जटिल है ।,SOV,35,1,0.0504,0.4918,0.5789,22,राज्यसभा में प्रभा ठाकुर के सवाल के जवाब में मुखर्जी ने कहा कि इस साल के पहले पांच महीनों में घुसपैठ में कमी आई थी लेकिन जून - जुलाई के दौरान इसमें वृद्धि दर्ज की गई है ।,-14.0,0.0,-1.2608,7.0143,0.792,-0.8296,-2.6738,1
train-s3958,सीबीआई सूत्रों के मुताबिक जांच एजेंसी प्रधानमंत्री की स्वदेश वापसी के बाद मोनिका बेदी के पत्र का जवाब देगी ।,SOV,20,23,-0.0653,0.4762,0.5143,18,राज्यसभा में प्रश्नकाल के दौरान टी. टी. वी. दिनकरन द्वारा पूछे गये सवाल के जवाब में मुखर्जी ने कहा कि वायुसेना में पायलेटों को मिलने वाली सुविधाएं बेहद सीमित हैं जबकि कार्य जटिल है ।,5.2174,0.0,-7.2775,-4.8229,-8.1799,-7.5945,-4.5902,1
train-s3961,सूत्रों के मुताबिक मोनिका को क्षमा करना पूरी तरह से सरकार पर निर्भर है ।,SOV,15,99,0.0584,0.4452,0.55,11,सीबीआई सूत्रों के मुताबिक जांच एजेंसी प्रधानमंत्री की स्वदेश वापसी के बाद मोनिका बेदी के पत्र का जवाब देगी ।,-6.1111,0.0,-26.2057,-13.0482,-12.323,-20.6655,-2.0623,1
train-s3964,उसे अच्छी तरह से पता था कि यह अपराध है ।,SOV,11,5,0.0158,0.5105,0.7333,11,सूत्रों के मुताबिक मोनिका को क्षमा करना पूरी तरह से सरकार पर निर्भर है ।,0.0,1.2,-15.6248,-11.8655,-11.1337,-15.6088,-3.7626,1
train-s3969,"हाईकोर्ट के, उसे भारत प्रत्यर्पित किए जाने के आदेश को उसने चुनौती दी है ।",DOSV,16,5,0.0591,0.5581,0.7273,8,उसे अच्छी तरह से पता था कि यह अपराध है ।,-12.0,-1.2,-5.4924,-5.6425,-8.0552,-5.404,-3.6998,1
train-s3972,उन्होंने आगाह किया कि पनडुब्बी निर्माण में किसी तरह की और देरी से तैयारियों पर विपरीत असर पड़ सकता है ।,SOV,21,1,0.0578,0.5084,0.4375,7,"हाईकोर्ट के, उसे भारत प्रत्यर्पित किए जाने के आदेश को उसने चुनौती दी है ।",0.0,2.0,-28.9977,-16.8433,-20.1338,-28.9977,-5.0449,1
train-s3973,प्रतिष्ठित पत्रिका 'इंडियन डिफेंस रिव्यू' को दिए गए एक इंटरव्यू में उन्होंने कहा कि भारत के परमाणु सिद्धांत मसौदे में सेना के तीनों अंगों को एटमी क्षमता से लैस करने पर बल दिया गया है ।,SOV,38,1,-0.0692,0.5319,0.7143,15,उन्होंने आगाह किया कि पनडुब्बी निर्माण में किसी तरह की और देरी से तैयारियों पर विपरीत असर पड़ सकता है ।,-12.0,-2.0,-6.1589,-5.708,-1.9132,-6.093,-0.4713,1
train-s3974,एयर डिफेंस शिप या टाइप ७५ पनडुब्बी के निर्माण में देरी के सवाल पर उन्होंने चेतावनी देते हुए कहा कि समय निकलता जा रहा है और हमारी नौसेना के तैयारी के स्तर पर इसका असर कई सालों तक महसूस किया जाएगा ।,SOV,42,5,0.0991,0.5048,0.5789,22,प्रतिष्ठित पत्रिका 'इंडियन डिफेंस रिव्यू' को दिए गए एक इंटरव्यू में उन्होंने कहा कि भारत के परमाणु सिद्धांत मसौदे में सेना के तीनों अंगों को एटमी क्षमता से लैस करने पर बल दिया गया है ।,-13.2,-1.2,-3.6604,-6.3044,-8.966,-4.3676,0.0116,1
train-s3989,उन्होंने गोमुख के लिए रवाना होने से पहले मीडिया से बातचीत करते हुए कहा कि गंगा से जुड़ी सदियों पुरानी कहानी ने उनके कल्पना लोक को खूब प्रभावित किया है ।,SOV,31,5,0.0563,0.5095,0.6552,19,"बहरहाल, उन्होंने कहा कि नई सरकार इन जरूरतों से अच्छी तरह वाकिफ है और हमें उम्मीद है कि जल्द ही इस दिशा में कार्य शुरू हो जाएगा ।",4.8,1.2,-3.7834,1.9555,-1.7263,-3.5084,-2.5334,1
train-s3998,गृह मंत्री शिवराज पाटिल ने बृहस्पतिवार को लोकसभा को आश्वस्त किया कि केंद्र सरकार मणिपुर में ऑल नागा स्टूडेंट्स ऐसोसिएशन ऑफ मणिपुर की ओर से आयोजित आर्थिक नाकेबंदी से निपटने के लिए राज्य सरकार को हर संभव मदद मुहैया कराएगी ।,SOV,41,23,0.0952,0.5138,0.6452,20,उन्होंने गोमुख के लिए रवाना होने से पहले मीडिया से बातचीत करते हुए कहा कि गंगा से जुड़ी सदियों पुरानी कहानी ने उनके कल्पना लोक को खूब प्रभावित किया है ।,-6.2609,0.0,-31.2972,-20.0555,-20.3069,-29.0949,-4.0787,1
train-s4028,जब इस बारे में विदेश विभाग के प्रवक्ता जलील अब्बास जिलानी से पूछा गया तो उन्होंने कहा कि वे इस यात्रा के बारे में मुकम्मल ब्यौरा जुटा रहे हैं ।,SOV,30,1,0.0979,0.4874,0.5366,22,गृह मंत्री शिवराज पाटिल ने बृहस्पतिवार को लोकसभा को आश्वस्त किया कि केंद्र सरकार मणिपुर में ऑल नागा स्टूडेंट्स ऐसोसिएशन ऑफ मणिपुर की ओर से आयोजित आर्थिक नाकेबंदी से निपटने के लिए राज्य सरकार को हर संभव मदद मुहैया कराएगी ।,-14.0,0.0,-12.1275,-15.2172,-15.9463,-12.118,-4.7453,1
train-s4032,इस पर देश को ५७.७ लाख रुपया खर्च करना पड़ा ।,SOV,11,23,0.1512,0.5151,0.4667,14,जब इस बारे में विदेश विभाग के प्रवक्ता जलील अब्बास जिलानी से पूछा गया तो उन्होंने कहा कि वे इस यात्रा के बारे में मुकम्मल ब्यौरा जुटा रहे हैं ।,-1.0435,1.0435,-19.1423,-12.2796,-12.2309,-17.6135,-4.3632,1
train-s4036,नेपाल सरकार ने समर्पण करने वाले माओवादी उग्रवादियों की बड़ी संख्या को देखते हुए आत्मसमर्पण की अवधि बढ़ा दी है ।,SOV,21,5,0.0122,0.5491,0.5455,6,इस पर देश को ५७.७ लाख रुपया खर्च करना पड़ा ।,0.0,0.0,-8.5338,-8.7868,-8.8931,-8.5338,-6.1118,1
train-s4053,इस फिल्म को दूरदर्शन पर दिखाए जाने की योजना पर प्रमाणन बोर्ड ने पानी फेर दिया ।,SOV,17,5,-0.1409,0.4785,0.4762,10,नेपाल सरकार ने समर्पण करने वाले माओवादी उग्रवादियों की बड़ी संख्या को देखते हुए आत्मसमर्पण की अवधि बढ़ा दी है ।,-10.8,0.0,-19.2688,-1.5495,-3.9878,-19.2688,-0.3944,1
train-s4069,एक अन्य सवाल के जवाब में रघुपति ने कहा कि सरकार का भारतीय नागरिकों का एक राष्ट्रीय रजिस्टर तैयार करने और देश के नागरिकों को बहु उद्देश्यीय राष्ट्रीय पहचान जारी करने का प्रस्ताव है ।,SOV,35,1,-0.0118,0.5125,0.6471,11,इस फिल्म को दूरदर्शन पर दिखाए जाने की योजना पर प्रमाणन बोर्ड ने पानी फेर दिया ।,-4.0,0.0,1.0703,4.2932,0.5853,1.0955,-1.8119,1
train-s4074,सिन्हा की याचिका खारिज करते हुए आयोग ने कहा कि पूर्व प्रधानमंत्री अटल बिहारी वाजपेयी को नारायणन द्वारा लिखे पत्र को आयोग के पास भेजा जा सकता है ।,SOV,29,1,0.0764,0.4752,0.7143,25,एक अन्य सवाल के जवाब में रघुपति ने कहा कि सरकार का भारतीय नागरिकों का एक राष्ट्रीय रजिस्टर तैयार करने और देश के नागरिकों को बहु उद्देश्यीय राष्ट्रीय पहचान जारी करने का प्रस्ताव है ।,-4.0,0.0,1.8008,3.4031,4.771,1.7793,0.3288,1
train-s4076,आयोग ने वाजपेयी को भी तलब किए जाने संबंधी सिन्हा के आवेदन को ठुकरा दिया ।,SOV,16,1,-0.0008,0.4935,0.5517,16,सिन्हा की याचिका खारिज करते हुए आयोग ने कहा कि पूर्व प्रधानमंत्री अटल बिहारी वाजपेयी को नारायणन द्वारा लिखे पत्र को आयोग के पास भेजा जा सकता है ।,9.0,0.0,-4.9482,-10.61,-7.0242,-3.7435,-3.3142,1
train-s4079,हलफनामा पढ़ने के बाद जाहिरा ने इस बात का खंडन किया कि हलफनामे में उल्लेखित बातें उसकी हैं ।,SOV,19,5,-0.0395,0.5235,0.5,8,आयोग ने वाजपेयी को भी तलब किए जाने संबंधी सिन्हा के आवेदन को ठुकरा दिया ।,0.0,0.0,-12.4664,-11.3437,-8.1433,-12.4759,-3.5604,1
train-s4083,उसने आवेदन के साथ तीनों हलफनामों की प्रतियां भी संलग्न की थीं ।,SOV,13,23,-0.0652,0.5104,0.6316,12,हलफनामा पढ़ने के बाद जाहिरा ने इस बात का खंडन किया कि हलफनामे में उल्लेखित बातें उसकी हैं ।,1.0435,1.0435,-3.2294,-8.8892,-8.5916,-3.2475,-2.3076,1
train-s4090,अदालत ने खुले मतदान की नई प्रक्रिया व संबंधित राज्य का निवासी होने की बाध्यता खत्म करने को चुनौती देने वाली एक याचिका के आधार पर चुनाव आयोग को पक्षकार बनाते हुए उसे नोटिस जारी कर दिया ।,SOV,38,99,0.1161,0.4644,0.6154,8,उसने आवेदन के साथ तीनों हलफनामों की प्रतियां भी संलग्न की थीं ।,-45.9091,0.0202,-23.1934,-21.7302,-16.9528,-23.1934,-8.467,1
train-s4091,वरिष्ठ पत्रकार व राज्यसभा के पूर्व सदस्य कुलदीप नैयर ने राजग सरकार द्वारा राज्यसभा चुनाव प्रक्रिया में किए गए संविधान संशोधन को सुप्रीम कोर्ट में चुनौती दी है ।,SOV,29,23,0.0328,0.5088,0.7368,28,अदालत ने खुले मतदान की नई प्रक्रिया व संबंधित राज्य का निवासी होने की बाध्यता खत्म करने को चुनौती देने वाली एक याचिका के आधार पर चुनाव आयोग को पक्षकार बनाते हुए उसे नोटिस जारी कर दिया ।,-18.7826,0.0,-17.5392,-9.341,-9.6895,-14.7904,-4.161,1
train-s4095,अदालत में व्यक्तिगत रूप से हाजिर हुए नैयर ने अपनी याचिका में कहा कि खुले वोट की प्रक्रिया संविधान में उल्लेखित मतदान की गोपनीयता के मूल सिद्धांत की धज्जी उड़ाना है ।,SOV,32,23,0.0913,0.5142,0.6207,18,वरिष्ठ पत्रकार व राज्यसभा के पूर्व सदस्य कुलदीप नैयर ने राजग सरकार द्वारा राज्यसभा चुनाव प्रक्रिया में किए गए संविधान संशोधन को सुप्रीम कोर्ट में चुनौती दी है ।,2.087,0.0,-11.4861,-1.4729,1.3633,-11.4911,0.6797,1
train-s4111,जॉर्ज डब्लू. बुश को दोबारा अमेरिकी राष्ट्रपति चुने जाने पर बृहस्पतिवार को राष्ट्रपति एपीजे अब्दुल कलाम और प्रधानमंत्री मनमोहन सिंह ने उन्हें बधाई दी ।,SOV,25,99,0.1576,0.4744,0.7812,25,अदालत में व्यक्तिगत रूप से हाजिर हुए नैयर ने अपनी याचिका में कहा कि खुले वोट की प्रक्रिया संविधान में उल्लेखित मतदान की गोपनीयता के मूल सिद्धांत की धज्जी उड़ाना है ।,-19.3737,0.0101,-17.7815,-11.443,-10.1882,-17.1171,-4.7099,1
train-s4112,राष्ट्रपति ने विश्वास व्यक्त किया कि आने वाले दिनों में भारत और अमेरिकी रिश्ते और सुधरेंगे ।,SOV,17,5,0.0228,0.6194,0.44,11,जॉर्ज डब्लू. बुश को दोबारा अमेरिकी राष्ट्रपति चुने जाने पर बृहस्पतिवार को राष्ट्रपति एपीजे अब्दुल कलाम और प्रधानमंत्री मनमोहन सिंह ने उन्हें बधाई दी ।,-1.2,0.0,-32.247,-17.3513,-22.5197,-27.1179,-5.1558,1
train-s4113,इसके साथ ही उन्होंने कहा कि कट्टरवाद और आतंकवाद को कुचलने की हमारी सरकार की नीति होनी चाहिए ।,SOV,19,1,-0.022,0.5547,0.5294,9,राष्ट्रपति ने विश्वास व्यक्त किया कि आने वाले दिनों में भारत और अमेरिकी रिश्ते और सुधरेंगे ।,-2.0,0.0,-10.2666,-5.3292,-2.4025,-10.2597,-3.0606,1
train-s4114,उन्होंने बुश को भारत आने का निमंत्रण भी दिया ।,SOV,10,5,-0.0136,0.5246,0.5263,10,इसके साथ ही उन्होंने कहा कि कट्टरवाद और आतंकवाद को कुचलने की हमारी सरकार की नीति होनी चाहिए ।,4.8,1.2,-16.3167,-7.6029,-4.5145,-13.1073,-6.2494,1
train-s4115,बधाई संदेश में राष्ट्रपति ए. पी. जे. अब्दुल कलाम ने सरकार और भारत की जनता की ओर से कहा है कि हमें विश्वास है कि आपके मजबूत नेतृत्व में हमारे आपसी रिश्ते और मजबूत होंगे ।,SOV,36,5,0.0275,0.5811,0.4,4,उन्होंने बुश को भारत आने का निमंत्रण भी दिया ।,6.0,0.0,-0.5187,0.6519,-1.0717,-0.5187,-0.2137,1
train-s4116,सिंह ने दोनों देशों के बीच रिश्तों को और व्यापक रूप देने के लिए आर्थिक रोडमैप बनाने पर भी बल दिया ।,SOV,22,99,0.184,0.5342,0.6111,22,बधाई संदेश में राष्ट्रपति ए. पी. जे. अब्दुल कलाम ने सरकार और भारत की जनता की ओर से कहा है कि हमें विश्वास है कि आपके मजबूत नेतृत्व में हमारे आपसी रिश्ते और मजबूत होंगे ।,0.0,0.0,-38.0306,-22.8227,-20.9833,-37.3223,-7.4473,1
train-s4117,इसके साथ ही उन्होंने अमेरिकी राष्ट्रपति को भारत आने का निमंत्रण दिया और कहा कि यह द्विपक्षीय संबंधों को बढ़ाने में मील का पत्थर साबित होगा ।,SOV,27,23,-0.1252,0.519,0.5909,13,सिंह ने दोनों देशों के बीच रिश्तों को और व्यापक रूप देने के लिए आर्थिक रोडमैप बनाने पर भी बल दिया ।,2.6087,0.0,-21.5103,-10.2024,-7.1005,-19.7054,-5.3096,1
train-s4120,इस शिक्षिका ने हाल में एक शिक्षक से विवाह के बाद मुस्लिम धर्म अपनाया है ।,SOV,16,99,0.1252,0.5254,0.6296,17,इसके साथ ही उन्होंने अमेरिकी राष्ट्रपति को भारत आने का निमंत्रण दिया और कहा कि यह द्विपक्षीय संबंधों को बढ़ाने में मील का पत्थर साबित होगा ।,-0.9293,0.0,-8.5229,-6.4306,-7.3932,-8.5223,-0.3012,1
train-s4121,आनंदमणि गल्र्रर्स हाईस्कूल के सचिव अल्लाह रक्खा शेख ने बुधवार को इन खबरों का खंडन किया कि सुष्मिता मंडल से सुमैया परवीन बनी अध्यापिका को साड़ी पहन कर आने को कहा गया ।,SOV,33,5,0.0553,0.5026,0.75,12,इस शिक्षिका ने हाल में एक शिक्षक से विवाह के बाद मुस्लिम धर्म अपनाया है ।,-6.0,0.0,-17.7464,-13.8644,-10.8873,-17.7464,-1.4466,1
train-s4124,मंगलवार को पश्चिम बंगाल के शिक्षा मंत्री कांति बिस्वास ने कहा था कि सरकार अपेक्षा करती है कि अध्यापक सलीके से और भद्र तरीके से कपड़े पहनें ।,SOV,28,1,-0.0522,0.5179,0.4545,15,आनंदमणि गल्र्रर्स हाईस्कूल के सचिव अल्लाह रक्खा शेख ने बुधवार को इन खबरों का खंडन किया कि सुष्मिता मंडल से सुमैया परवीन बनी अध्यापिका को साड़ी पहन कर आने को कहा गया ।,6.0,0.0,6.0517,2.4398,5.4285,6.0722,-0.3946,1
train-s4128,"भारत, जापान, जर्मनी और ब्राजील के इस जी ४ ने महत्वपूर्ण सह प्रायोजकों व सदस्य देशों के साथ इस मुद्दे पर परामर्श जारी रखा है ।",SOV,28,99,0.0656,0.495,0.6786,19,मंगलवार को पश्चिम बंगाल के शिक्षा मंत्री कांति बिस्वास ने कहा था कि सरकार अपेक्षा करती है कि अध्यापक सलीके से और भद्र तरीके से कपड़े पहनें ।,-29.6162,0.0,-6.5673,-6.5161,-6.6169,-6.5599,-6.3635,1
train-s414,भोपाल हवाई मार्ग से भी देश के सभी बड़े शहरों से जुड़ा हुआ है ।,SOV,15,5,0.2037,0.4179,0.6667,8,यह मंदिर भारतीय मंदिरों की प्राचीन शैली की झलक देता है ।,6.0,0.0,-15.4363,-4.3451,-2.2708,-15.4363,-0.3536,1
train-s4144,उदय भास्कर कार्यबल के सदस्य सचिव का काम भी देखेंगे ।,SOV,11,1,-0.0222,0.513,0.6429,18,"भारत, जापान, जर्मनी और ब्राजील के इस जी ४ ने महत्वपूर्ण सह प्रायोजकों व सदस्य देशों के साथ इस मुद्दे पर परामर्श जारी रखा है ।",5.0,0.0,-7.2756,0.6462,-3.8503,-7.9152,-3.2605,1
train-s4145,कार्यबल राष्ट्रीय सुरक्षा परिषद के अधीन कार्य करेगा ।,SOV,9,5,0.0644,0.4685,0.5455,6,उदय भास्कर कार्यबल के सदस्य सचिव का काम भी देखेंगे ।,0.0,0.0,-4.3879,-8.1786,-5.3963,-3.9308,0.3617,1
train-s4146,"एयर - इंडिया बम कांड सुनवाई में बचाव पक्ष ने गवाह पर फर्जी क्रेडिट कार्ड बेचने, गैरकानूनी ढंग से दवाइयां बेचने, आव्रजन घोटाला व फर्जी शादी इत्यादि अनेकों आपराधिक आरोप लगाए हैं ।",SOV,35,23,0.1583,0.3974,0.7778,7,कार्यबल राष्ट्रीय सुरक्षा परिषद के अधीन कार्य करेगा ।,19.8261,0.0,-8.22,-10.3319,-6.2136,-8.22,-3.0789,1
train-s4150,लेकिन जस्टिस इयान ब्रूस जासफेन के बार - बार कहने पर उसे मुंह खोलना पड़ा ।,SOV,16,23,-0.1601,0.6093,0.5143,18,"एयर - इंडिया बम कांड सुनवाई में बचाव पक्ष ने गवाह पर फर्जी क्रेडिट कार्ड बेचने, गैरकानूनी ढंग से दवाइयां बेचने, आव्रजन घोटाला व फर्जी शादी इत्यादि अनेकों आपराधिक आरोप लगाए हैं ।",-4.6957,0.0,-15.4964,-9.3482,-9.6906,-15.4964,-5.5581,1
train-s4156,इसके अनुसार सीएसीपी ने सरकार से २००४ - ०५ के लिए धान का न्यूनतम समर्थन मूल्य ५५० रुपये प्रति क्विंटल रखने का सुझाव दिया है ।,SOV,26,99,-0.0486,0.5079,0.375,6,लेकिन जस्टिस इयान ब्रूस जासफेन के बार - बार कहने पर उसे मुंह खोलना पड़ा ।,23.4141,1.0202,-26.9179,-12.095,-11.0539,-26.9248,-7.7075,1
train-s4177,अपहर्ताओं ने विस्फोटक लगाकर जिम को तारों से घेर दिया था ।,SOV,12,23,0.0135,0.4541,0.6154,16,इसके अनुसार सीएसीपी ने सरकार से २००४ - ०५ के लिए धान का न्यूनतम समर्थन मूल्य ५५० रुपये प्रति क्विंटल रखने का सुझाव दिया है ।,0.0,0.0,-1.3436,-1.3994,-2.2259,-2.1151,-1.6587,1
train-s4181,"इनमें से कुछ को अपहर्ताओं ने गोली मार दी थी, जबकि कुछ को ऊपर ले गए थे ।",DOSV,19,23,-0.2378,0.6876,0.6667,8,अपहर्ताओं ने विस्फोटक लगाकर जिम को तारों से घेर दिया था ।,-1.5652,0.0,-31.0372,-6.8694,-1.9143,-28.063,-4.728,1
train-s4185,कैसे मैं अपनी मां से मिलूंगी और कैसे खाना खाऊंगी ।,SOV,11,5,-0.0874,0.5491,0.5789,11,"इनमें से कुछ को अपहर्ताओं ने गोली मार दी थी, जबकि कुछ को ऊपर ले गए थे ।",2.4,0.0,2.4907,-0.3041,-3.556,2.4907,-1.668,1
train-s4188,अपहर्ताओं ने एक बार कहा कि हम बाथरूम जा सकते हैं ।,SOV,12,1,0.2445,0.4745,0.5455,6,कैसे मैं अपनी मां से मिलूंगी और कैसे खाना खाऊंगी ।,0.0,0.0,1.3356,-0.8484,1.4139,1.3356,-3.8345,1
train-s4196,दोपहर बाद करीब २.३० बजे (आईएसटी) एक जोरदार विस्फोट ने बिल्डिंग को हिला दिया ।,SOV,17,23,-0.2793,0.5717,0.4167,5,अपहर्ताओं ने एक बार कहा कि हम बाथरूम जा सकते हैं ।,-1.0435,0.0,-7.1002,-10.8209,-11.2283,-7.4754,-0.4405,1
train-s4198,एक अपहर्ता ने हमें अपने पीछे पास के कैफेटेरिया में आने को कहा ।,SOV,14,5,-0.1362,0.5739,0.5294,9,दोपहर बाद करीब २.३० बजे (आईएसटी) एक जोरदार विस्फोट ने बिल्डिंग को हिला दिया ।,6.0,-1.2,-12.6257,-4.5567,-6.3384,-9.7573,-0.8253,1
train-s420,यहाँ आराम से ठहर कर घूमने के लिए लगभग 5000 रूपए पर्याप्त हैं ।,SOV,14,23,0.1526,0.5037,0.7333,11,भोपाल हवाई मार्ग से भी देश के सभी बड़े शहरों से जुड़ा हुआ है ।,-2.087,1.0435,1.4352,-1.0261,-1.2686,0.7856,-3.335,1
train-s4201,सिर ऊपर उठाने पर मैंने देखा कि हमारे लोग वहां पहुंच चुके थे ।,SOV,14,1,-0.0542,0.5161,0.6429,9,एक अपहर्ता ने हमें अपने पीछे पास के कैफेटेरिया में आने को कहा ।,-3.0,-2.0,-8.0354,-5.8633,-5.145,-8.0354,-1.839,1
train-s4203,"उनमें से तीन लोग हमें सुरक्षा दे रहे थे, जबकि चौथा हमें बाहर निकाल रहा था ।",SOV,18,23,0.0314,0.5245,0.5,7,सिर ऊपर उठाने पर मैंने देखा कि हमारे लोग वहां पहुंच चुके थे ।,-2.087,1.0435,-14.129,-4.7366,-2.7593,-13.8947,-1.7907,1
train-s4210,अंडमान - निकोबार द्वीप समूह पर बचे लोगों को सुरक्षित स्थानों पर पहुंचाने के बाद सेना ने लापता लोगों की तलाश शुरू कर दी है ।,SOV,26,23,0.027,0.4645,0.4444,8,"उनमें से तीन लोग हमें सुरक्षा दे रहे थे, जबकि चौथा हमें बाहर निकाल रहा था ।",-20.8696,0.0,-22.2974,-18.5484,-16.6975,-22.2974,-5.0872,1
train-s4214,पोर्टब्लेयर में राहत अभियान में जुटे एक अधिकारी ने बताया कि अब लोगों के विस्थापन के बजाय उनके घरों तक राहत पहुंचाई जा रही है ।,SOV,26,1,0.0398,0.5345,0.6923,18,अंडमान - निकोबार द्वीप समूह पर बचे लोगों को सुरक्षित स्थानों पर पहुंचाने के बाद सेना ने लापता लोगों की तलाश शुरू कर दी है ।,5.0,0.0,-15.3223,-7.1727,-5.5826,-15.3223,0.2241,1
train-s4218,यहां लोग प्लास्टिक की शीटों पर सो कर रात काट रहे हैं ।,SOV,13,23,0.1063,0.497,0.6923,18,पोर्टब्लेयर में राहत अभियान में जुटे एक अधिकारी ने बताया कि अब लोगों के विस्थापन के बजाय उनके घरों तक राहत पहुंचाई जा रही है ।,2.6087,1.0435,1.1802,2.5259,2.3399,1.1802,1.1485,1
train-s4240,अपराध शाखा की एक टीम उच्चाधिकारियों के निर्देश पर मुंबई पहुंचकर इन्हीं बिन्दुओं पर काम कर रही है ।,SOV,19,99,0.0674,0.3878,0.6154,8,यहां लोग प्लास्टिक की शीटों पर सो कर रात काट रहे हैं ।,-9.2727,0.0,-14.9457,-8.271,-9.6963,-12.2581,-4.5294,1
train-s4248,पर उन्होंने ऐसे रिटेल आउटलेट खोले जाने के लिए कोई समय सीमा देने से इनकार कर दिया ।,SOV,18,23,-0.0054,0.4832,0.6316,12,अपराध शाखा की एक टीम उच्चाधिकारियों के निर्देश पर मुंबई पहुंचकर इन्हीं बिन्दुओं पर काम कर रही है ।,5.7391,-1.0435,-25.1541,-25.3912,-28.0341,-20.0586,-8.3624,1
train-s4253,इन कंपनियों को अपारंपरिक ऊर्जा मंत्रालय सब्सिडी भी देती है ।,IOSV,11,5,-0.1552,0.5032,0.5,9,पर उन्होंने ऐसे रिटेल आउटलेट खोले जाने के लिए कोई समय सीमा देने से इनकार कर दिया ।,-1.2,0.0,1.5465,-0.8581,-1.7859,1.5465,-0.9636,1
train-s4255,सौर ऊर्जा के सभी जगह उपलब्ध होने से इससे संबंधित उपकरणों की मांग ज़्यादा है ।,SOV,16,5,0.1407,0.5209,0.5455,6,इन कंपनियों को अपारंपरिक ऊर्जा मंत्रालय सब्सिडी भी देती है ।,-8.4,0.0,-2.8676,-0.3786,3.1077,-0.9412,-2.9853,1
train-s4267,कुमारतुंग यहां पहुंचने के बाद बृहस्पतिवार को प्रधानमंत्री मनमोहन सिंह से मिलीं ।,SOV,13,23,0.1562,0.5344,0.875,14,सौर ऊर्जा के सभी जगह उपलब्ध होने से इससे संबंधित उपकरणों की मांग ज़्यादा है ।,3.6522,0.0,-3.0893,-3.905,-3.7907,-3.1269,-0.4528,1
train-s4269,"बैठक के दौरान, श्रीलंकाई राष्ट्रपति ने मनमोहन सिंह को लिट्टे के साथ चल रही शांति प्रक्रिया के बारे में जानकारी दी ।",SOV,23,99,-0.0131,0.5645,0.3846,5,कुमारतुंग यहां पहुंचने के बाद बृहस्पतिवार को प्रधानमंत्री मनमोहन सिंह से मिलीं ।,1.4343,0.0,-16.3572,-4.7999,-6.7007,-16.8535,-5.6887,1
train-s4273,अपनी यात्रा के दौरान कुमारतुंग राष्ट्रपति ए. पी. जे. अब्दुल कलाम और कांग्रेस अध्यक्ष सोनिया गांधी से मिलेंगी ।,SOV,19,5,0.1017,0.4842,0.6087,14,"बैठक के दौरान, श्रीलंकाई राष्ट्रपति ने मनमोहन सिंह को लिट्टे के साथ चल रही शांति प्रक्रिया के बारे में जानकारी दी ।",9.6,0.0,-8.1435,-4.7165,-3.5259,-8.1342,0.5754,1
train-s4277,लोकसभा अध्यक्ष सोमनाथ चटर्जी ने शुक्रवार को संकेत दिया कि नानावटी आयोग की रिपोर्ट और उस पर कार्रवाई रिपोर्ट सोमवार को संसद में पेश की जा सकती है ।,SOV,29,5,0.1886,0.5347,0.4211,8,अपनी यात्रा के दौरान कुमारतुंग राष्ट्रपति ए. पी. जे. अब्दुल कलाम और कांग्रेस अध्यक्ष सोनिया गांधी से मिलेंगी ।,-4.8,0.0,-21.189,-12.9606,-12.5125,-21.1649,-5.4639,1
train-s4279,यह मुद्दा आज जब भाजपा के उप - नेता वी. के. मल्होत्रा ने सदन में उठाया तो चटर्जी ने कहा कि उन्होंने गृहमंत्री शिवराज पाटिल से बात की है और उन्होंने उन्हें बताया है कि सोमवार को इसे पेश कर दिया जाएगा ।,SOV,43,1,0.0714,0.5383,0.7241,21,लोकसभा अध्यक्ष सोमनाथ चटर्जी ने शुक्रवार को संकेत दिया कि नानावटी आयोग की रिपोर्ट और उस पर कार्रवाई रिपोर्ट सोमवार को संसद में पेश की जा सकती है ।,-15.0,2.0,-5.5425,-2.8075,-6.6625,-8.528,-5.8561,1
train-s4280,नानावटी आयोग की सिफारिशों को कार्रवाई रिपोर्ट के तहत केंद्रीय मंत्रिपरिषद ने इसे बीती रात मंजूर कर लिया ।,DOSV,19,99,0.0523,0.5325,0.5349,23,यह मुद्दा आज जब भाजपा के उप - नेता वी. के. मल्होत्रा ने सदन में उठाया तो चटर्जी ने कहा कि उन्होंने गृहमंत्री शिवराज पाटिल से बात की है और उन्होंने उन्हें बताया है कि सोमवार को इसे पेश कर दिया जाएगा ।,-14.1414,-0.0505,-13.3689,-8.8497,-9.3472,-9.5582,-0.3951,1
train-s4281,इसलिए सदन को उन हजारों लोगों के प्रति भी शोक प्रकट करना चाहिए ।,SOV,14,99,0.0836,0.5046,0.6842,13,नानावटी आयोग की सिफारिशों को कार्रवाई रिपोर्ट के तहत केंद्रीय मंत्रिपरिषद ने इसे बीती रात मंजूर कर लिया ।,-1.3333,0.9899,-15.392,-14.6703,-18.5209,-15.2903,-5.339,1
train-s4284,बिहार में ९ महीने में दूसरी बार चुनाव कराने के लिए भारतीय जनता पार्टी (भाजपा) ने केंद्र की यूपीए सरकार को ज़िम्मेदार ठहराया है ।,SOV,27,23,-0.0341,0.533,0.7143,10,इसलिए सदन को उन हजारों लोगों के प्रति भी शोक प्रकट करना चाहिए ।,-16.6957,0.0,-10.4024,-3.3172,-2.4498,-10.4024,-3.2906,1
train-s4285,पटना में पत्रकारों से बातचीत करते हुए भाजपा के महासचिव प्रमोद महाजन ने कहा कि इस बार बिहार में जनता ने राजग को सत्ता देने का मन बना लिया है ।,SOV,31,1,0.0522,0.4756,0.5556,15,बिहार में ९ महीने में दूसरी बार चुनाव कराने के लिए भारतीय जनता पार्टी (भाजपा) ने केंद्र की यूपीए सरकार को ज़िम्मेदार ठहराया है ।,-1.0,0.0,-1.1096,4.1922,2.6018,-1.0328,0.5793,1
train-s4293,महाजन ने लालू यादव द्वारा मंगलवार को जारी किए गए सेक्युलर डेमोक्रेटिक फ्रंट (एसडीएफ) के घोषणा को हल्का और झूठ का पुलिंदा करार दिया है ।,SOV,28,5,0.0234,0.5413,0.5484,17,पटना में पत्रकारों से बातचीत करते हुए भाजपा के महासचिव प्रमोद महाजन ने कहा कि इस बार बिहार में जनता ने राजग को सत्ता देने का मन बना लिया है ।,4.8,0.0,-17.2871,-12.8595,-12.8235,-12.7376,-6.7131,1
train-s4296,जनता दल (यू) द्वारा दलित मुसलमानों को अनुसूचित जाति व जनजाति का दर्जा दिए जाने के प्रस्ताव के बारे में महाजन ने कहा कि संविधान में सिर्फ सामाजिक व शिक्षा के आधार पर पिछड़े वर्ग के लोगों के लिए आरक्षण का प्रावधान है ।,SOV,46,1,-0.0797,0.4846,0.5,14,महाजन ने लालू यादव द्वारा मंगलवार को जारी किए गए सेक्युलर डेमोक्रेटिक फ्रंट (एसडीएफ) के घोषणा को हल्का और झूठ का पुलिंदा करार दिया है ।,-20.0,0.0,-8.0925,-2.048,-7.5006,-7.5453,-0.7843,1
train-s4298,लेकिन महाजन ने मुसलमानों के उत्थान के लिए १० सूत्री कार्यक्रम शुरू किए जाने के प्रस्ताव से सहमति जताई ।,SOV,20,23,0.1003,0.4754,0.6304,29,जनता दल (यू) द्वारा दलित मुसलमानों को अनुसूचित जाति व जनजाति का दर्जा दिए जाने के प्रस्ताव के बारे में महाजन ने कहा कि संविधान में सिर्फ सामाजिक व शिक्षा के आधार पर पिछड़े वर्ग के लोगों के लिए आरक्षण का प्रावधान है ।,6.2609,0.0,-21.7445,-18.4298,-18.4457,-18.685,-10.1833,1
train-s4299,यूपीए सरकार देशभर में मल्टीमीडिया प्रदर्शनी और सेमीनार आयोजित कर विभिन्न मंत्रालयों और विभागों की उपलब्धियों को जनता के सामने लाएगी ।,SOV,22,23,0.0931,0.5205,0.55,11,लेकिन महाजन ने मुसलमानों के उत्थान के लिए १० सूत्री कार्यक्रम शुरू किए जाने के प्रस्ताव से सहमति जताई ।,1.0435,0.0,-10.552,2.2297,1.1689,-10.8354,-1.155,1
train-s430,लंकावी के दक्षिण भारतीय मंदिर में श्रीलंका के पुजारी काम करते हैं ।,SOV,13,5,0.1981,0.3926,0.5,7,यहाँ आराम से ठहर कर घूमने के लिए लगभग 5000 रूपए पर्याप्त हैं ।,-6.0,0.0,-5.5483,-5.9556,-6.2727,-5.5289,-2.136,1
train-s4300,"केंद्रीय जहाजरानी, सड़क परिवहन एवं राजमार्ग मंत्री टी. आर. बालू ने शनिवार को यहां एक प्रेस कांफ्रेंस में यह जानकारी दी ।",SOV,23,99,0.0294,0.4849,0.5909,13,यूपीए सरकार देशभर में मल्टीमीडिया प्रदर्शनी और सेमीनार आयोजित कर विभिन्न मंत्रालयों और विभागों की उपलब्धियों को जनता के सामने लाएगी ।,-18.2323,-0.0101,-16.3124,-18.4218,-17.8642,-15.1221,-3.0287,1
train-s4305,उन्होंने शनिवार को अपने प्रयासों में तेजी लाते हुए केंद्र सरकार से आग्रह किया कि वह कर्नाटक से कावेरी नदी में पानी छुड़वाए ।,SOV,24,23,0.0626,0.51,0.4783,11,"केंद्रीय जहाजरानी, सड़क परिवहन एवं राजमार्ग मंत्री टी. आर. बालू ने शनिवार को यहां एक प्रेस कांफ्रेंस में यह जानकारी दी ।",-2.6087,1.0435,-25.4294,-16.7974,-15.1998,-23.7881,-3.1798,1
train-s4306,जबकि राज्य की मुख्यमंत्री जयललिता ने प्रधानमंत्री मनमोहन सिंह से अपील की है कि कावेरी नदी प्राधिकरण की बैठक बुलाई जाए ताकि कावेरी जल विवाद ट्रिब्यूनल के अंतरिम आदेश के पालन के संदर्भ में विचार - विमर्श हो सके ।,SOV,40,23,0.0888,0.5505,0.5833,14,उन्होंने शनिवार को अपने प्रयासों में तेजी लाते हुए केंद्र सरकार से आग्रह किया कि वह कर्नाटक से कावेरी नदी में पानी छुड़वाए ।,-0.5217,0.0,-23.92,-24.338,-22.6761,-23.92,-9.7425,1
train-s4307,जयललिता ने इस मसले पर प्रधानमंत्री को एक पत्र लिखा है ।,SOV,12,23,0.088,0.4861,0.625,25,जबकि राज्य की मुख्यमंत्री जयललिता ने प्रधानमंत्री मनमोहन सिंह से अपील की है कि कावेरी नदी प्राधिकरण की बैठक बुलाई जाए ताकि कावेरी जल विवाद ट्रिब्यूनल के अंतरिम आदेश के पालन के संदर्भ में विचार - विमर्श हो सके ।,-0.5217,0.0,-16.3741,-10.5538,-10.0854,-13.0259,-3.5295,1
train-s4309,द्रमुक अध्यक्ष एम. करुणानिधि ने अपने गठबंधन के नेताओं की बैठक के बाद पत्रकारों को बताया कि तमिलनाडु के किसानों को समय से पानी हासिल हो इसके पहले प्रयास के तहत पूर्व मंत्री दुरई मुरुगन को बंगलोर भेजा जा रहा है ।,SOV,42,5,-0.1399,0.4797,0.6667,8,जयललिता ने इस मसले पर प्रधानमंत्री को एक पत्र लिखा है ।,-3.6,0.0,-11.1556,-2.597,-6.049,-11.1596,-0.9292,1
train-s4310,जल बंटवारे का फैसला लागू कराने के लिए दबाव बनाने के सवाल पर करुणानिधि ने कहा कि मामले को जटिल बनाने से बचा जाना चाहिए ।,SOV,26,5,0.0288,0.5134,0.619,26,द्रमुक अध्यक्ष एम. करुणानिधि ने अपने गठबंधन के नेताओं की बैठक के बाद पत्रकारों को बताया कि तमिलनाडु के किसानों को समय से पानी हासिल हो इसके पहले प्रयास के तहत पूर्व मंत्री दुरई मुरुगन को बंगलोर भेजा जा रहा है ।,-7.2,0.0,-11.3751,-3.513,-7.1024,-10.4156,-2.151,1
train-s4311,हमारी पहली और तात्कालिक प्राथमिकता जरूरतमंद किसानों को पानी मुहैया कराना है ।,SOV,13,23,-0.0704,0.5304,0.6154,16,जल बंटवारे का फैसला लागू कराने के लिए दबाव बनाने के सवाल पर करुणानिधि ने कहा कि मामले को जटिल बनाने से बचा जाना चाहिए ।,-7.3043,0.0,-19.6399,-12.5836,-10.6125,-19.6399,-4.6954,1
train-s4312,प्रधानमंत्री को जयललिता के बारे में पूछे जाने पर उन्होंने कहा कि यदि इससे हमारी मुहिम को बल मिलता है तो स्वागत है ।,IOSV,24,23,0.0918,0.4951,0.4615,6,हमारी पहली और तात्कालिक प्राथमिकता जरूरतमंद किसानों को पानी मुहैया कराना है ।,-2.087,0.0,-15.1788,-8.3139,-7.119,-15.2209,-6.0567,1
train-s4315,पाकिस्तान के राष्ट्रपति परवेज मुशर्रफ ने उम्मीद जताते हुए कहा है कि कश्मीर समस्या का समाधान तीन साल के अंदर निकाल लिया जाएगा ।,SOV,24,1,0.112,0.4728,0.5833,14,प्रधानमंत्री को जयललिता के बारे में पूछे जाने पर उन्होंने कहा कि यदि इससे हमारी मुहिम को बल मिलता है तो स्वागत है ।,-3.0,0.0,-8.4318,-8.8517,-8.0016,-8.4352,-4.9778,1
train-s4316,कारगिल युद्ध के बारे में उन्होंने पूर्व प्रधानमंत्री नवाज शरीफ के दावे को गलत बताते हुए कहा कि इस युद्ध में पाकिस्तान की अपेक्षा भारत को ज्यादा नुकसान उठाना पड़ा था ।,SOV,32,5,0.0269,0.4869,0.5417,13,पाकिस्तान के राष्ट्रपति परवेज मुशर्रफ ने उम्मीद जताते हुए कहा है कि कश्मीर समस्या का समाधान तीन साल के अंदर निकाल लिया जाएगा ।,6.0,-1.2,-4.6366,-5.185,-4.3496,-4.5695,0.1572,1
train-s432,"जो भी भक्त इन मंदिरों में दर्शन हेतु आते हैं, वे इनसे पूजा जरूर करवाते हैं ।",SOV,18,23,0.146,0.3957,0.5385,7,लंकावी के दक्षिण भारतीय मंदिर में श्रीलंका के पुजारी काम करते हैं ।,-17.2174,0.0,-5.2163,-9.2959,-8.9046,-5.2163,-2.6924,1
train-s4320,मुशर्रफ ने 'पाकिस्तानी दैनिक - डेन' के साथ एक साक्षात्कार में यह बातें कही हैं ।,SOV,18,23,-0.0112,0.5725,0.5625,18,कारगिल युद्ध के बारे में उन्होंने पूर्व प्रधानमंत्री नवाज शरीफ के दावे को गलत बताते हुए कहा कि इस युद्ध में पाकिस्तान की अपेक्षा भारत को ज्यादा नुकसान उठाना पड़ा था ।,-2.6087,0.0,-11.7718,-5.0653,-4.4029,-11.7718,-2.983,1
train-s4330,उन्होंने जोर देकर कहा कि वे पाकिस्तान में किसी प्रकार के धार्मिक आतंकवाद के प्रसार के सख्त विरोधी हैं ।,SOV,20,1,0.0274,0.5346,0.3889,7,मुशर्रफ ने 'पाकिस्तानी दैनिक - डेन' के साथ एक साक्षात्कार में यह बातें कही हैं ।,1.0,2.0,-16.5236,-1.1781,-1.1489,-16.5236,0.1117,1
train-s4334,सोमवार को इन दोनों लड़कियों की एंजियोग्राफी रिपोर्ट को राबिया सुखद खबर मानती है ।,DOSV,15,23,0.0033,0.5191,0.6,12,उन्होंने जोर देकर कहा कि वे पाकिस्तान में किसी प्रकार के धार्मिक आतंकवाद के प्रसार के सख्त विरोधी हैं ।,-3.1304,0.0,-1.2426,-2.1117,-0.3307,-1.2426,-1.6337,1
train-s4336,अगर सब कुछ ठीक - ठाक रहा तो मैं सबा और फराह को इस त्रासद जिंदगी से मुक्त होते देख सकती हूं ।,SOV,23,99,0.1655,0.4884,0.5333,8,सोमवार को इन दोनों लड़कियों की एंजियोग्राफी रिपोर्ट को राबिया सुखद खबर मानती है ।,1.101,-0.0101,-11.8564,-6.7256,-7.8453,-11.8564,-4.9245,1
train-s4351,इस सिलसिले में इराक के विदेश मंत्री होश्यार जेबारी ने भी कहा था कि गठबंधन सेना की वापसी का अधिकार इराक की अंतरिम सरकार के पास होना चाहिए ।,SOV,29,1,0.149,0.5265,0.5217,12,अगर सब कुछ ठीक - ठाक रहा तो मैं सबा और फराह को इस त्रासद जिंदगी से मुक्त होते देख सकती हूं ।,5.0,0.0,-1.2768,2.3974,4.9337,-1.4005,-0.7655,1
train-s4360,लेकिन इस बार केंद्र सरकार ने गेंहू खरीदने के लिए राज्यों को छूट प्रदान कर दी थी ।,SOV,18,99,0.0635,0.5209,0.6897,20,इस सिलसिले में इराक के विदेश मंत्री होश्यार जेबारी ने भी कहा था कि गठबंधन सेना की वापसी का अधिकार इराक की अंतरिम सरकार के पास होना चाहिए ।,-4.6566,0.0,-30.836,-25.4068,-22.9418,-29.7627,-8.9517,1
train-s4369,इसके अलावा राज्य भंडारण निगम ने १५.२० लाख टन गेंहू खरीदा है ।,SOV,13,5,-0.0329,0.4808,0.6111,11,लेकिन इस बार केंद्र सरकार ने गेंहू खरीदने के लिए राज्यों को छूट प्रदान कर दी थी ।,2.4,1.2,-8.9075,-0.0538,-1.0603,-8.9075,-4.7115,1
train-s4373,इसके अलावा उत्तर प्रदेश में इन एजेंसियों ने १.८६ लाख टन गेहूं खरीदा है ।,SOV,15,23,-0.0998,0.42,0.4615,6,इसके अलावा राज्य भंडारण निगम ने १५.२० लाख टन गेंहू खरीदा है ।,3.1304,1.0435,-4.3831,-2.5789,-5.8339,-2.8897,-4.7888,1
train-s4377,गेंहू उत्पादक राज्यों के भंडारण निगमों ने १५ लाख टन गेहूं खरीदा ।,SOV,13,1,-0.0817,0.4751,0.3333,5,इसके अलावा उत्तर प्रदेश में इन एजेंसियों ने १.८६ लाख टन गेहूं खरीदा है ।,-3.0,0.0,-0.991,-3.2409,-8.5895,-2.8108,-2.936,1
train-s4379,इससे असहमति जताते हुए सीएसआईआर के महानिदेशक आर ए माशेकर ने इस संस्थान को रोल मॉडल करार दिया ।,SOV,19,99,-0.0214,0.4934,0.3846,5,गेंहू उत्पादक राज्यों के भंडारण निगमों ने १५ लाख टन गेहूं खरीदा ।,-11.1111,0.0,-15.1599,-12.5002,-13.7479,-14.0972,-5.5283,1
train-s4382,यदि हम सचमुच और वैज्ञानिक पैदा करना चाहते हैं तथा देश को २१वीं सदी में शीर्ष क्रम में देखना चाहते हैं तो हमें कुछ जरूरी कदम उठाने ही होंगे ।,SOV,30,23,-0.1396,0.4604,0.4737,9,इससे असहमति जताते हुए सीएसआईआर के महानिदेशक आर ए माशेकर ने इस संस्थान को रोल मॉडल करार दिया ।,-28.1739,0.0,-27.4797,-18.0667,-19.2729,-27.4797,-8.5244,1
train-s4385,"पैत्रोदा की टिथी पर प्रतिक्रिया व्यक्त करते हुए डॉ माशेकर ने कहा कि सीएसआईआर अपने ३८ लेबोरेटरी, ३७ एक्सटेंशन सेंटर और २२ हज़ार कर्मियों के बूते आज रोल मॉडल बना हुआ है ।",SOV,34,1,0.1809,0.4892,0.6,18,यदि हम सचमुच और वैज्ञानिक पैदा करना चाहते हैं तथा देश को २१वीं सदी में शीर्ष क्रम में देखना चाहते हैं तो हमें कुछ जरूरी कदम उठाने ही होंगे ।,-5.0,0.0,4.222,5.0895,4.0335,4.222,-0.0442,1
train-s4389,मंगलवार को अपने संबोधन में देश में दूरसंचार क्रांति के सूत्रधार माने जाने वाले सैम पैत्रोदा ने वैज्ञानिकों से अपील की है कि वे आम इंसान को ध्यान में रखकर नयी तकनीकी का विकास करें ।,SOV,36,99,-0.0612,0.5091,0.3529,12,"पैत्रोदा की टिथी पर प्रतिक्रिया व्यक्त करते हुए डॉ माशेकर ने कहा कि सीएसआईआर अपने ३८ लेबोरेटरी, ३७ एक्सटेंशन सेंटर और २२ हज़ार कर्मियों के बूते आज रोल मॉडल बना हुआ है ।",-2.9293,0.0,-13.3812,-18.8408,-17.7753,-11.9023,-5.6998,1
train-s440,"कुछ इतिहास को कुरेदने आते हैं, तो कुछ को यहाँ आकर सृजनात्‍मक ऊर्जा मिलती है ।",SOV,17,5,0.2197,0.4535,0.3333,6,"जो भी भक्त इन मंदिरों में दर्शन हेतु आते हैं, वे इनसे पूजा जरूर करवाते हैं ।",0.0,1.2,-3.0117,-1.9012,-6.1501,-3.1047,0.311,1
train-s4401,"सुरक्षाबलों ने हिज़बुल मुजाहिदीन, लश्कर - ए - ताइबा, जैश - ए - मोहम्मद और हरकत - ए - जेहाद - ए - इस्लामी के कई कमांडरों को निपटाने में सफलता प्राप्त की ।",SOV,36,23,0.0986,0.5277,0.6667,24,मंगलवार को अपने संबोधन में देश में दूरसंचार क्रांति के सूत्रधार माने जाने वाले सैम पैत्रोदा ने वैज्ञानिकों से अपील की है कि वे आम इंसान को ध्यान में रखकर नयी तकनीकी का विकास करें ।,-16.6957,0.0,-15.8627,-15.8508,-17.6023,-17.3436,-3.6844,1
train-s4407,आतंकियों द्वारा समय - समय पर बड़ी वारदात करने के बावजूद राज्य में सुरक्षाबलों की स्थिति मज़बूत है ।,SOV,19,23,0.077,0.5446,0.3056,11,"सुरक्षाबलों ने हिज़बुल मुजाहिदीन, लश्कर - ए - ताइबा, जैश - ए - मोहम्मद और हरकत - ए - जेहाद - ए - इस्लामी के कई कमांडरों को निपटाने में सफलता प्राप्त की ।",-15.1304,0.0,-3.6604,-6.4126,-6.1703,-2.0424,-3.9995,1
train-s4411,उन्होंने भी आरोप लगाया है कि केंद्र उनके फ़ोन टैप करा रहा है ।,SOV,14,1,0.025,0.5062,0.5789,11,आतंकियों द्वारा समय - समय पर बड़ी वारदात करने के बावजूद राज्य में सुरक्षाबलों की स्थिति मज़बूत है ।,-1.0,2.0,-18.6494,-15.1778,-16.6121,-18.6338,-3.4153,1
train-s4412,बृहस्पतिवार को सपा नेता अमर सिंह ने प्रदेश सचिवालय में जयललिता से मुलाक़ात की ।,SOV,15,99,0.0052,0.5003,0.5,7,उन्होंने भी आरोप लगाया है कि केंद्र उनके फ़ोन टैप करा रहा है ।,-4.6566,0.0,-13.2124,-2.1477,-2.9996,-9.1845,-2.9314,1
train-s4413,इसके बाद एक बयान जारी कर तमिलनाडु की मुख्यमंत्री ने कहा कि 'मैं अब तक इस बात को सार्वजनिक करने से बचती रही क्योंकि मुझे मालूम था कि केंद्र इसे सिरे से नकार देगा,SOV,35,1,0.1702,0.5541,0.6667,10,बृहस्पतिवार को सपा नेता अमर सिंह ने प्रदेश सचिवालय में जयललिता से मुलाक़ात की ।,-2.0,0.0,-3.3569,-2.7914,-4.9072,-3.3726,-2.6606,1
train-s4416,जयललिता ने इस कथित टैपिंग मामले को स्तब्ध करने वाला और अनुचित कहा है ।,SOV,15,5,0.009,0.5124,0.6571,23,इसके बाद एक बयान जारी कर तमिलनाडु की मुख्यमंत्री ने कहा कि 'मैं अब तक इस बात को सार्वजनिक करने से बचती रही क्योंकि मुझे मालूम था कि केंद्र इसे सिरे से नकार देगा,3.6,0.0,-0.8898,-8.3879,-6.6671,-2.2839,-3.6586,1
train-s4437,बेस्ट बेकरी मामले की प्रमुख गवाह जाहिरा शेख और सामाजिक कार्यकर्ता तीस्ता सीतलवाड़ द्वारा एक दूसरे पर लगाए गए आरोप - प्रत्यारोपों की जांच के लिए सुप्रीम कोर्ट द्वारा गठित उच्चाधिकार प्राप्त समिति बुधवार से अपना काम शुरू कर देगी ।,SOV,41,99,-0.3552,0.4878,0.5333,8,जयललिता ने इस कथित टैपिंग मामले को स्तब्ध करने वाला और अनुचित कहा है ।,-54.6566,0.0,-26.359,-18.4555,-16.9725,-26.359,-4.218,1
train-s4440,समिति ने दोनों पक्षों के वकीलों को कल अपने सामने हाजिर होने के लिए नोटिस भेजा है ।,SOV,18,23,0.0963,0.5388,0.561,23,बेस्ट बेकरी मामले की प्रमुख गवाह जाहिरा शेख और सामाजिक कार्यकर्ता तीस्ता सीतलवाड़ द्वारा एक दूसरे पर लगाए गए आरोप - प्रत्यारोपों की जांच के लिए सुप्रीम कोर्ट द्वारा गठित उच्चाधिकार प्राप्त समिति बुधवार से अपना काम शुरू कर देगी ।,-0.5217,0.0,-9.8561,-8.6168,-9.9488,-7.8573,-4.5901,1
train-s4442,स्थिति को 'नाजुक' बताते हुए न्यायमूर्ति अरिजीत पसायत और एच के सेमा की खंडपीठ ने शीर्ष अदालत के रजिस्ट्रार जनरल को दिल्ली पुलिस के महानिरीक्षक स्तर के किसी अधिकारी की मदद लेने का निर्देश दिया था ।,SOV,39,23,0.0058,0.4704,0.5556,10,समिति ने दोनों पक्षों के वकीलों को कल अपने सामने हाजिर होने के लिए नोटिस भेजा है ।,7.3043,0.0,-12.8923,-13.4335,-10.9961,-12.872,-4.3668,1
train-s4443,उसने शीर्ष अदालत में दाखिल जाहिरा के बयानों और तीस्ता के हलफनामों के आधार पर जांच करने को कहा ।,SOV,20,5,-0.0178,0.5101,0.5641,22,स्थिति को 'नाजुक' बताते हुए न्यायमूर्ति अरिजीत पसायत और एच के सेमा की खंडपीठ ने शीर्ष अदालत के रजिस्ट्रार जनरल को दिल्ली पुलिस के महानिरीक्षक स्तर के किसी अधिकारी की मदद लेने का निर्देश दिया था ।,15.6,1.2,-15.7349,-7.506,-8.2842,-13.9734,-3.7528,1
train-s4446,तीस्ता के वकील ने आरोप लगाया कि बडोदरा के स्थानीय भाजपा और विहिप नेताओं ने बयान बदलने के लिए जाहिरा को भारी रकम देने का लालच दिया ।,SOV,28,1,-0.0029,0.4965,0.6,12,उसने शीर्ष अदालत में दाखिल जाहिरा के बयानों और तीस्ता के हलफनामों के आधार पर जांच करने को कहा ।,-3.0,0.0,-28.8362,-21.1353,-16.6439,-23.5494,-6.0616,1
train-s4448,जबकि सीमा सुरक्षा बल के जवानों ने इसी जिले में श्रीनगर - मुजफ्फराबाद मार्ग से दो आईईडी बरामद कर बड़ा हादसा टाल दिया ।,SOV,24,99,-0.1377,0.5527,0.6429,18,तीस्ता के वकील ने आरोप लगाया कि बडोदरा के स्थानीय भाजपा और विहिप नेताओं ने बयान बदलने के लिए जाहिरा को भारी रकम देने का लालच दिया ।,6.0404,0.0,-2.9949,2.2994,-1.7005,-2.996,-5.5489,1
train-s4451,प्रधानमंत्री मनमोहन सिंह ७ अप्रैल को बस को मुज़फ्फराबाद रवाना करेंगे ।,SOV,12,99,-0.0599,0.4597,0.6667,16,जबकि सीमा सुरक्षा बल के जवानों ने इसी जिले में श्रीनगर - मुजफ्फराबाद मार्ग से दो आईईडी बरामद कर बड़ा हादसा टाल दिया ।,-5.9394,0.0,-2.1497,-3.3835,-6.2479,-2.2175,-2.621,1
train-s4452,आतंकवादियों ने कुछ दिन पहले बस यात्रियों को धमकाने के बाद अब दोनों बसों के ड्राइवरों को चेतावनी दी है ।,SOV,21,99,-0.0183,0.5356,0.4167,5,प्रधानमंत्री मनमोहन सिंह ७ अप्रैल को बस को मुज़फ्फराबाद रवाना करेंगे ।,-1.7677,-0.0101,-16.7508,-13.4777,-12.7957,-18.3987,-5.7514,1
train-s4453,चार आतंकी संगठनों ने एक बयान में कहा है कि राज्य सड़क परिवहन निगम के दोनों बस चालकों का बॉयोडाटा हासिल कर लिया गया है और यदि वे बस लेकर गए तो अपनी जान से खिलवाड़ करेंगे ।,SOV,38,1,-0.1224,0.5084,0.6667,14,आतंकवादियों ने कुछ दिन पहले बस यात्रियों को धमकाने के बाद अब दोनों बसों के ड्राइवरों को चेतावनी दी है ।,-1.0,0.0,-9.342,-2.8036,-0.139,-9.3463,-0.2893,1
train-s4455,इस बीच जम्मू कश्मीर के अखनूर सेक्टर में सेना के जवानों ने घुसपैठ की कोशिश आज तड़के नाकाम कर दी लेकिन इस कार्रवाई में दो जवान शहीद हो गए ।,SOV,30,99,0.0545,0.481,0.6842,26,चार आतंकी संगठनों ने एक बयान में कहा है कि राज्य सड़क परिवहन निगम के दोनों बस चालकों का बॉयोडाटा हासिल कर लिया गया है और यदि वे बस लेकर गए तो अपनी जान से खिलवाड़ करेंगे ।,-8.5253,0.0,-15.4514,-10.2579,-11.1644,-14.2367,-3.5755,1
train-s4461,सुरक्षा बलों ने इन्हें डिफ्यूज कर दिया ।,SOV,8,5,-0.0694,0.5217,0.6667,20,इस बीच जम्मू कश्मीर के अखनूर सेक्टर में सेना के जवानों ने घुसपैठ की कोशिश आज तड़के नाकाम कर दी लेकिन इस कार्रवाई में दो जवान शहीद हो गए ।,-2.4,-1.2,-8.5862,-5.5897,-5.4211,-7.5609,-1.3968,1
train-s4464,पाकिस्तानी टीवी जिओ और एआरवाई के अलावा प्रिंट मीडिया के दो पत्रकार भी नियंत्रण रेखा के इस पार भारत में इस मौके को कवर करेंगे ।,SOV,26,99,-0.1681,0.4976,0.375,3,सुरक्षा बलों ने इन्हें डिफ्यूज कर दिया ।,-21.2424,0.0,-2.8797,-11.6345,-7.866,-2.6529,0.2021,1
train-s4475,खुद कांग्रेस अध्यक्ष सोनिया गांधी ने केरल में वामदलों को अपना सबसे बड़ा विरोधी कहा है ।,SOV,17,23,0.0112,0.4664,0.6923,18,पाकिस्तानी टीवी जिओ और एआरवाई के अलावा प्रिंट मीडिया के दो पत्रकार भी नियंत्रण रेखा के इस पार भारत में इस मौके को कवर करेंगे ।,-3.1304,0.0,1.5978,-0.0296,-1.1759,1.592,-0.9939,1
train-s448,यानि कुछ लोगों को अपने घर का पता 'चित्‍तौड़ का किला' लिखने का सौभाग्‍य प्राप्‍त हो रहा है ।,IOSV,21,23,0.2021,0.4728,0.5294,9,"कुछ इतिहास को कुरेदने आते हैं, तो कुछ को यहाँ आकर सृजनात्‍मक ऊर्जा मिलती है ।",4.6957,0.0,-5.5518,-7.9611,-9.6849,-6.8475,-5.1896,1
train-s4484,२६ दिसंबर की सुबह सुनामी के कहर ने यहां १४४ लोगों को निगल लिया ।,SOV,15,23,-0.0081,0.5659,0.5882,10,खुद कांग्रेस अध्यक्ष सोनिया गांधी ने केरल में वामदलों को अपना सबसे बड़ा विरोधी कहा है ।,-3.1304,0.0,-4.6075,-1.1301,-2.0627,-4.6075,-1.9667,1
train-s4500,अधिकारियों ने दौरा करके उनकी समस्याओं को नोट किया है ।,SOV,11,23,-0.0339,0.5723,0.6,9,२६ दिसंबर की सुबह सुनामी के कहर ने यहां १४४ लोगों को निगल लिया ।,-1.0435,0.0,-9.9738,-5.5777,-5.8211,-9.962,-4.6299,1
train-s4502,राहत शिविरों में मठ के लोग भोजन उपलब्ध करा रहे हैं ।,SOV,12,23,-0.1474,0.4977,0.4545,5,अधिकारियों ने दौरा करके उनकी समस्याओं को नोट किया है ।,-4.1739,0.0,-13.2076,-11.0203,-14.7065,-13.2076,-3.056,1
train-s4505,आश्रम ने अपना राहत अभियान केरल के कोच्चि और तिरुअनंतपुरम जैसे इलाकों में भी शुरू किया है ।,SOV,18,23,0.2967,0.4043,0.5833,7,राहत शिविरों में मठ के लोग भोजन उपलब्ध करा रहे हैं ।,1.5652,0.0,-10.2595,-10.6222,-11.8843,-10.7591,-4.4731,1
train-s4511,"पाकिस्तान के खिलाफ़ दूसरे एक दिवसीय मैच में उसने जहां ५८ रनों से जीत हासिल की, वहीं उसे महेंद्र सिंह धोनी के रूप में एक नया स्टार बल्लेबाज मिल गया ।",IOSV,32,23,-0.0007,0.5103,0.6111,11,आश्रम ने अपना राहत अभियान केरल के कोच्चि और तिरुअनंतपुरम जैसे इलाकों में भी शुरू किया है ।,-19.3043,-1.0435,-1.1956,-1.298,-4.3886,-1.1866,-4.1406,1
train-s4517,भारत ने शनिवार को खेला गया पहला एक दिवसीय मैच ८७ रनों से जीता था ।,SOV,16,5,0.2252,0.5346,0.5,16,"पाकिस्तान के खिलाफ़ दूसरे एक दिवसीय मैच में उसने जहां ५८ रनों से जीत हासिल की, वहीं उसे महेंद्र सिंह धोनी के रूप में एक नया स्टार बल्लेबाज मिल गया ।",1.2,0.0,-5.6492,0.7694,0.914,-5.5547,-2.5038,1
train-s4518,इस जीत से भारत ने वनडे सीरीज में २ - ० की बढ़त हासिल कर ली है ।,SOV,18,99,-0.0911,0.522,0.375,6,भारत ने शनिवार को खेला गया पहला एक दिवसीय मैच ८७ रनों से जीता था ।,-1.303,0.0,-21.3555,-9.1461,-9.3005,-19.1258,-5.1396,1
train-s4524,सहवाग ने अपनी एक्सप्रेस पारी में मात्र २६ गेंदों पर अर्धशतक पूरा किया ।,SOV,14,99,0.1487,0.5338,0.6111,11,इस जीत से भारत ने वनडे सीरीज में २ - ० की बढ़त हासिल कर ली है ।,-4.899,0.0,-16.3328,-11.6862,-8.4611,-17.1015,-5.8498,1
train-s4525,राणा नवीद - उल - हसन की गेंद पर उनका कैच सलमान बट्ट ने लपका ।,DOSV,16,5,0.025,0.4913,0.5714,8,सहवाग ने अपनी एक्सप्रेस पारी में मात्र २६ गेंदों पर अर्धशतक पूरा किया ।,-7.2,0.0,7.9756,-1.2643,0.5089,8.27,1.9744,1
train-s4531,द्रविड़ ने ५७ गेंदों पर अपना अर्धशतक पूरा किया ।,SOV,10,23,-0.1125,0.5776,0.25,4,राणा नवीद - उल - हसन की गेंद पर उनका कैच सलमान बट्ट ने लपका ।,-2.087,0.0,-10.842,-12.4687,-12.2553,-11.6638,-5.9537,1
train-s4532,धोनी ने मैच के ४०वें ओवर में अफरीदी को जमकर मार लगाई और दो छक्के तथा एक चौके की मदद से १८ रन बटोर लिए ।,SOV,26,99,-0.1551,0.5296,0.4,4,द्रविड़ ने ५७ गेंदों पर अपना अर्धशतक पूरा किया ।,-6.0202,0.0,-4.4255,-11.5799,-12.3388,-4.4731,-4.4553,1
train-s4533,इसके बाद उमस भरी गरमी में लंबी पारी खेलने के बाद अधीर हो चुके धोनी ४२वें ओवर में मोहम्मद हफीज की गेंद पर शोएब मलिक को कैच थमा बैठे ।,SOV,30,99,-0.0518,0.528,0.4231,11,धोनी ने मैच के ४०वें ओवर में अफरीदी को जमकर मार लगाई और दो छक्के तथा एक चौके की मदद से १८ रन बटोर लिए ।,-6.6061,1.0303,-7.3084,1.7987,-0.0786,-7.2509,-3.4457,1
train-s4534,धोनी ने पाकिस्तान के खिलाफ १४१ रन के सर्वश्रेष्ठ व्यक्तिगत स्कोर को भी छोड़ दिया ।,SOV,16,5,0.1732,0.5284,0.5,15,इसके बाद उमस भरी गरमी में लंबी पारी खेलने के बाद अधीर हो चुके धोनी ४२वें ओवर में मोहम्मद हफीज की गेंद पर शोएब मलिक को कैच थमा बैठे ।,7.2,0.0,-1.7875,-6.8172,-7.4465,-0.8525,-2.2323,1
train-s4538,"इंडियन ऑयल कॉरपोरेशन (आईओसी) ने पाकिस्तान को वाघा सीमा से होकर छूट के साथ ३२०,००० टन डीजल की बिक्री की पेशकश की है ।",SOV,26,99,-0.0605,0.5023,0.5625,9,धोनी ने पाकिस्तान के खिलाफ १४१ रन के सर्वश्रेष्ठ व्यक्तिगत स्कोर को भी छोड़ दिया ।,0.6061,0.0,-13.0468,-18.0246,-21.7738,-11.4218,-5.082,1
train-s4544,पाकिस्तान में डीजल आयात को बढ़ावा देने के मकसद से आईओसी अपने उत्पादों को वर्तमान मूल्य स्तर से कम पर बेचने को इच्छुक है ।,SOV,25,23,0.0562,0.4935,0.5,13,"इंडियन ऑयल कॉरपोरेशन (आईओसी) ने पाकिस्तान को वाघा सीमा से होकर छूट के साथ ३२०,००० टन डीजल की बिक्री की पेशकश की है ।",-8.8696,0.0,-8.5365,-9.3583,-10.8722,-7.4636,-2.0142,1
train-s4545,अधिकारियों ने यह जानकारी देते हुए बताया कि सौदा भारतीय रिफाइनरियों में उत्पादन लागत के अनुसार करने की तैयारी है ।,SOV,21,1,0.0978,0.5301,0.68,17,पाकिस्तान में डीजल आयात को बढ़ावा देने के मकसद से आईओसी अपने उत्पादों को वर्तमान मूल्य स्तर से कम पर बेचने को इच्छुक है ।,2.0,0.0,-5.3523,-8.8703,-4.8019,-5.3523,-0.2389,1
train-s4548,वह आयातित उत्पादों को सड़क या रेल द्वारा कराची की रिफाइनरियों से हासिल करता है ।,SOV,16,99,0.1627,0.4935,0.619,13,अधिकारियों ने यह जानकारी देते हुए बताया कि सौदा भारतीय रिफाइनरियों में उत्पादन लागत के अनुसार करने की तैयारी है ।,1.1313,0.9798,-6.0161,-6.0874,-6.3526,-6.0248,-5.9242,1
train-s4559,संजय कपूर ने अपनी याचिका में कहा है कि उन्हें यह पता चला है कि करिश्मा समीरा को लेकर अमेरिका जाने की योजना बना रही हैं ।,SOV,27,1,0.1891,0.5212,0.4375,7,वह आयातित उत्पादों को सड़क या रेल द्वारा कराची की रिफाइनरियों से हासिल करता है ।,0.0,0.0,-6.646,-5.1181,-2.3549,-6.6516,0.4212,1
train-s4563,इस मामले में अदालत ने केंद्र और क्षेत्रीय पासपोर्ट कार्यालय (आरपीओ) को नोटिस जारी किया है ।,SOV,19,99,0.0876,0.4935,0.5926,16,संजय कपूर ने अपनी याचिका में कहा है कि उन्हें यह पता चला है कि करिश्मा समीरा को लेकर अमेरिका जाने की योजना बना रही हैं ।,-5.0303,0.0,-33.6017,-9.4342,-8.1783,-33.4509,-6.6004,1
train-s4566,होंडा मोटर्स के प्रमुख टाकेयो फुकुई ने शुक्रवार को यहां कहा कि गुड़गांव में होंडा की फैक्टरी में श्रमिक अशांति के बावजूद भारत चीन के मुकाबले कम जोखिम वाला देश है ।,SOV,32,5,-0.0385,0.467,0.6842,13,इस मामले में अदालत ने केंद्र और क्षेत्रीय पासपोर्ट कार्यालय (आरपीओ) को नोटिस जारी किया है ।,-7.2,0.0,-11.0948,-10.6654,-4.7344,-11.0931,-0.5575,1
train-s4569,फुकुई ने गुड़गांव में हौंडा की मोटर साइकिल फैक्टरी में श्रमिकों के असंतोष पर कहा कि वे स्वीकार करते हैं कि भारत में प्रायः हड़तालें होती हैं ।,SOV,28,23,0.0183,0.5456,0.5625,18,होंडा मोटर्स के प्रमुख टाकेयो फुकुई ने शुक्रवार को यहां कहा कि गुड़गांव में होंडा की फैक्टरी में श्रमिक अशांति के बावजूद भारत चीन के मुकाबले कम जोखिम वाला देश है ।,5.2174,0.0,4.9311,-3.618,-0.4248,5.1541,0.7212,1
train-s4577,अपने चार पन्नों के हस्तलिखित पत्र में सुदर्शन ने आरएसएस और इसके सहायक संगठनों के भविष्य के एजेंडों को उजागर किया ।,SOV,22,23,0.0932,0.5559,0.4643,13,फुकुई ने गुड़गांव में हौंडा की मोटर साइकिल फैक्टरी में श्रमिकों के असंतोष पर कहा कि वे स्वीकार करते हैं कि भारत में प्रायः हड़तालें होती हैं ।,-5.2174,0.0,-9.508,-10.4349,-9.5111,-9.7131,-3.2206,1
train-s4580,अपने पत्र में सुदर्शन ने कहा कि संघ परिवार से जुड़े सभी संगठनों के लिए कुछ सामान्य कार्यक्रम हैं ।,SOV,20,1,-0.0096,0.4875,0.6364,14,अपने चार पन्नों के हस्तलिखित पत्र में सुदर्शन ने आरएसएस और इसके सहायक संगठनों के भविष्य के एजेंडों को उजागर किया ।,-1.0,0.0,9.4623,6.146,-0.0834,4.4944,-0.2504,1
train-s4582,सुदर्शन ने इन सम्मेलनों में आरएसएस के कार्यकर्ताओं को चार विषयों में से एक विषय को लेने के निर्देश दिए ।,SOV,21,23,0.2029,0.4801,0.7,14,अपने पत्र में सुदर्शन ने कहा कि संघ परिवार से जुड़े सभी संगठनों के लिए कुछ सामान्य कार्यक्रम हैं ।,13.0435,0.0,-18.3034,-15.4891,-14.4088,-12.718,-4.2244,1
train-s4589,"इसके साथ ही उन्होंने भारत की तेल, गैस और ऊर्जा की जरूरतों को पूरा करने का प्रस्ताव भी रखा है ।",SOV,22,5,0.0202,0.4854,0.619,13,सुदर्शन ने इन सम्मेलनों में आरएसएस के कार्यकर्ताओं को चार विषयों में से एक विषय को लेने के निर्देश दिए ।,14.4,0.0,-15.0523,-7.6507,-2.7429,-15.0523,-5.7128,1
train-s4592,इसके साथ ही उन्होंने बताया कि इराक के स्वास्थ्य मंत्रालय ने दावा किया कि अमेरिका ने पिछले वर्ष इराक के फालुजा में हमले के दौरान मस्टर्ड और नर्व गैस का इस्तेमाल किया था ।,SOV,34,1,0.1003,0.5141,0.6818,15,"इसके साथ ही उन्होंने भारत की तेल, गैस और ऊर्जा की जरूरतों को पूरा करने का प्रस्ताव भी रखा है ।",-2.0,0.0,-11.0776,-5.0833,-4.8762,-9.9007,-2.7362,1
train-s4593,"प्रधानमंत्री मनमोहन सिंह के साथ मुलाकात के बाद चावेज ने यहां एक प्रेस कांफ्रेंस में कहा कि संयुक्त राष्ट्र सुरक्षा परिषद को और अधिक लोकतांत्रिक बनाने और विकासशील देशों के अधिकार, सुरक्षा और उनकी वकालत के लिए भारत को इसका सदस्य बनाया जाना चाहिए ।",SOV,46,99,-0.056,0.5058,0.5882,20,इसके साथ ही उन्होंने बताया कि इराक के स्वास्थ्य मंत्रालय ने दावा किया कि अमेरिका ने पिछले वर्ष इराक के फालुजा में हमले के दौरान मस्टर्ड और नर्व गैस का इस्तेमाल किया था ।,-4.1818,-0.0101,-13.208,-2.7779,-4.5166,-13.1909,0.5412,1
train-s4597,प्रेस कांफ्रेंस में चावेज ने आरोप लगाया कि अमेरिका ने पिछले तीन वर्ष से उनके देश के खिलाफ़ युद्ध छेड़ रखा है और उनकी हत्या करवाना चाहता है ।,SOV,29,5,0.0921,0.4873,0.6304,29,"प्रधानमंत्री मनमोहन सिंह के साथ मुलाकात के बाद चावेज ने यहां एक प्रेस कांफ्रेंस में कहा कि संयुक्त राष्ट्र सुरक्षा परिषद को और अधिक लोकतांत्रिक बनाने और विकासशील देशों के अधिकार, सुरक्षा और उनकी वकालत के लिए भारत को इसका सदस्य बनाया जाना चाहिए ।",-2.4,0.0,-17.5282,-10.7273,-12.9532,-15.1613,-2.9047,1
train-s4599,इसके साथ ही उन्होंने कहा कि राष्ट्रपति बिल क्लिंटन के समय उनके देश के अमेरिका के साथ अच्छे संबंध थे ।,SOV,21,1,-0.2092,0.5861,0.6207,18,प्रेस कांफ्रेंस में चावेज ने आरोप लगाया कि अमेरिका ने पिछले तीन वर्ष से उनके देश के खिलाफ़ युद्ध छेड़ रखा है और उनकी हत्या करवाना चाहता है ।,-2.0,0.0,-10.2666,-6.2464,-6.9534,-10.2626,-2.7402,1
train-s4600,इसके साथ ही उन्होंने बताया कि इराक के स्वास्थ्य मंत्रालय ने दावा किया कि अमेरिका ने पिछले वर्ष फालुजा में हमले के दौरान मस्टर्ड और नर्व गैस का इस्तेमाल किया था ।,SOV,32,1,0.1164,0.4999,0.619,13,इसके साथ ही उन्होंने कहा कि राष्ट्रपति बिल क्लिंटन के समय उनके देश के अमेरिका के साथ अच्छे संबंध थे ।,-2.0,0.0,-11.0776,-5.083,-7.3107,-9.7747,-0.1001,1
train-s4609,बीसीसीआई के सचिव एस. के. नायर ने शनिवार को कहा कि वह पाकिस्तान के राष्ट्रपति हैं ।,SOV,17,1,-0.0594,0.5086,0.5938,19,इसके साथ ही उन्होंने बताया कि इराक के स्वास्थ्य मंत्रालय ने दावा किया कि अमेरिका ने पिछले वर्ष फालुजा में हमले के दौरान मस्टर्ड और नर्व गैस का इस्तेमाल किया था ।,-5.0,0.0,-3.4416,-4.2103,-3.0527,-3.4401,-0.1926,1
train-s4610,"हमें उन्हें आमंत्रित कर खुशी होगी, लेकिन प्रोटोकॉल मामलों को सरकार और विदेश मंत्रालय देखते है ।",SOV,18,5,-0.0087,0.5351,0.4118,7,बीसीसीआई के सचिव एस. के. नायर ने शनिवार को कहा कि वह पाकिस्तान के राष्ट्रपति हैं ।,0.0,1.2,-2.1442,-5.1951,-2.7504,-2.1442,-1.0124,1
train-s4615,"वहीं, अहमदाबाद में जीसीसी अध्यक्ष ने पत्रकारों से बातचीत में कहा कि आमतौर पर गुजरात में अन्य लोगों के साथ हम राज्यपाल, मुख्यमंत्री और आईएएस और आईपीएस अधिकारियों को आमंत्रित करते हैं ।",SOV,35,99,0.083,0.5004,0.5,9,"हमें उन्हें आमंत्रित कर खुशी होगी, लेकिन प्रोटोकॉल मामलों को सरकार और विदेश मंत्रालय देखते है ।",-0.0101,0.0,-24.4476,-8.8301,-8.8482,-21.9159,-3.9231,1
train-s4618,लेकिन इस संबंध में समय से सूचना मिल गई तो हम पर्याप्त सुरक्षा उपलब्ध करा सकेंगे ।,SOV,17,99,0.0904,0.5309,0.5429,19,"वहीं, अहमदाबाद में जीसीसी अध्यक्ष ने पत्रकारों से बातचीत में कहा कि आमतौर पर गुजरात में अन्य लोगों के साथ हम राज्यपाल, मुख्यमंत्री और आईएएस और आईपीएस अधिकारियों को आमंत्रित करते हैं ।",-10.0606,-0.0101,-36.6657,-32.5243,-29.3784,-32.9019,-11.7174,1
train-s4625,इस अवसर पर रेल मंत्री ने कहा कि रेलवे के दोनों उपक्रमों ने विदेशों में अपनी सेवा देकर लाभ अर्जित किया है ।,SOV,23,1,0.2367,0.5036,0.6471,11,लेकिन इस संबंध में समय से सूचना मिल गई तो हम पर्याप्त सुरक्षा उपलब्ध करा सकेंगे ।,0.0,0.0,-3.7125,1.4682,3.91,-3.8165,0.144,1
train-s4629,इसके लिए सबसे पहले रेलवे अपने लिए आयातित सामान की ज़रूरतों को कम करेगा और इसके लिए देश में ही उत्पादन होगा ।,SOV,23,99,0.0359,0.5231,0.6957,16,इस अवसर पर रेल मंत्री ने कहा कि रेलवे के दोनों उपक्रमों ने विदेशों में अपनी सेवा देकर लाभ अर्जित किया है ।,3.8687,1.0,-13.1848,-6.6722,-5.1394,-12.3872,-6.1907,1
train-s4633,तहलका मामला सीबीआई को सौंपने और उत्तर - पूर्वी राज्यों में हाल की हिंसा के लिए मनमोहन सरकार की आलोचना को उन्होंने सिरे से नकार दिया ।,DOSV,27,99,0.0526,0.4942,0.6087,14,इसके लिए सबसे पहले रेलवे अपने लिए आयातित सामान की ज़रूरतों को कम करेगा और इसके लिए देश में ही उत्पादन होगा ।,-34.303,0.0707,-17.9488,-13.4492,-14.5905,-18.3354,-2.6125,1
train-s4634,सात महीनों लम्बी जद्दोजहद और हजारों प्रतिभागियों से पार पाने के बाद शनिवार को हुए देश के सबसे बड़े और सर्वाधिक लोकप्रिय टेलेंट हंट कार्यक्रम (इंडियन ऑइडल) का ताज आख़िरकार महाराष्ट्र के अभिजीत सांवत ने जीत लिया ।,DOSV,40,23,-0.0901,0.5204,0.5556,15,तहलका मामला सीबीआई को सौंपने और उत्तर - पूर्वी राज्यों में हाल की हिंसा के लिए मनमोहन सरकार की आलोचना को उन्होंने सिरे से नकार दिया ।,-20.3478,0.0,-4.1956,-5.1514,-5.5089,-4.1947,1.5769,1
train-s4642,कोर्ट ने प्रशासन को निर्देश दिए हैं कि वह फरवरी तक फ़रार अपराधियों की सूची उपलब्ध कराए ताकि इन लोगों को नामांकन भरने के समय ही गिरफ़्तार किया जा सके ।,SOV,31,5,0.0686,0.5359,0.5,20,सात महीनों लम्बी जद्दोजहद और हजारों प्रतिभागियों से पार पाने के बाद शनिवार को हुए देश के सबसे बड़े और सर्वाधिक लोकप्रिय टेलेंट हंट कार्यक्रम (इंडियन ऑइडल) का ताज आख़िरकार महाराष्ट्र के अभिजीत सांवत ने जीत लिया ।,-1.2,0.0,-19.2246,-12.5456,-13.4573,-19.2009,-4.5695,1
train-s4644,कोर्ट ने ज़िला निर्वाचन अधिकारियों को निर्देश दिए हैं कि वह अपराधियों के ख़िलाफ़ जारी गिरफ़्तारी वारंट तुरंत तामील करे ।,SOV,21,5,0.0345,0.5242,0.6452,20,कोर्ट ने प्रशासन को निर्देश दिए हैं कि वह फरवरी तक फ़रार अपराधियों की सूची उपलब्ध कराए ताकि इन लोगों को नामांकन भरने के समय ही गिरफ़्तार किया जा सके ।,-1.2,0.0,-17.3382,-14.7851,-16.7074,-9.7531,-6.1925,1
train-s4645,कोर्ट ने सुनवाई के दौरान मौजूद आईजी (प्रशासन) नीलमणि को निर्देश दिए कि वह पुलिस अधीक्षकों को निर्देश दें कि वे दो दिन के भीतर (७ जनवरी तक) फ़रार अपराधियों की सूची तैयार करें और इसे ज़िला निर्वाचन अधिकारियों को सौंप दें ताकि ऐसे लोगों को गिरफ़्तार किया जा सके ।,SOV,55,23,0.0331,0.5514,0.4762,10,कोर्ट ने ज़िला निर्वाचन अधिकारियों को निर्देश दिए हैं कि वह अपराधियों के ख़िलाफ़ जारी गिरफ़्तारी वारंट तुरंत तामील करे ।,0.5217,0.0,-22.6874,-12.4414,-16.3837,-15.7261,-5.1028,1
train-s465,अलाउद्दीन खिलजी ने चित्‍तौड़ पर आक्रमण करने के बाद एक शर्त रखी ।,SOV,13,5,0.1427,0.5224,0.5714,12,यानि कुछ लोगों को अपने घर का पता 'चित्‍तौड़ का किला' लिखने का सौभाग्‍य प्राप्‍त हो रहा है ।,-1.2,0.0,-8.4593,-7.7389,-3.9214,-10.3463,-2.9904,1
train-s4650,"नीलमणि ने अपराधियों की ज़िलावार सूची तैयार करने के लिए कोर्ट से समय मांगा, लेकिन कोर्ट ने उन्हें सिर्फ ७ जनवरी तक ही समय दिया है ।",SOV,28,23,0.0402,0.5213,0.5455,30,कोर्ट ने सुनवाई के दौरान मौजूद आईजी (प्रशासन) नीलमणि को निर्देश दिए कि वह पुलिस अधीक्षकों को निर्देश दें कि वे दो दिन के भीतर (७ जनवरी तक) फ़रार अपराधियों की सूची तैयार करें और इसे ज़िला निर्वाचन अधिकारियों को सौंप दें ताकि ऐसे लोगों को गिरफ़्तार किया जा सके ।,-4.6957,0.0,-12.2632,-9.4024,-5.9271,-8.5215,-4.8782,1
train-s4667,"महिला आरक्षण बिल पर गृहमंत्री से चर्चा के बाद, भाजपा प्रवक्ता सुषमा स्वराज ने कहा कि पार्टी हर हाल में महिलाओं को लोकसभा और विधानसभा में आरक्षण देने की पक्षधर है ।",IOSV,33,23,-0.0668,0.5279,0.5,14,"नीलमणि ने अपराधियों की ज़िलावार सूची तैयार करने के लिए कोर्ट से समय मांगा, लेकिन कोर्ट ने उन्हें सिर्फ ७ जनवरी तक ही समय दिया है ।",2.6087,0.0,-11.899,-4.9598,-6.0171,-11.8906,-2.027,1
train-s4669,लेकिन सरकार की सहयोगी पार्टी माकपा ने कहा कि संसद के चालू सत्र में संबंधित विधेयक को मूल रूप में पेश किया जाए ।,SOV,24,1,0.0412,0.5045,0.6061,20,"महिला आरक्षण बिल पर गृहमंत्री से चर्चा के बाद, भाजपा प्रवक्ता सुषमा स्वराज ने कहा कि पार्टी हर हाल में महिलाओं को लोकसभा और विधानसभा में आरक्षण देने की पक्षधर है ।",5.0,0.0,-15.6277,-6.7813,-5.0756,-14.3953,-9.9827,1
train-s4671,केंद्रीय गृह मंत्री शिवराज पाटिल इस मुद्दे पर विचार - विमर्श के लिए शुक्रवार को अलग - अलग पार्टियों के नेताओं से मिले ।,SOV,24,99,0.0599,0.5285,0.7083,17,लेकिन सरकार की सहयोगी पार्टी माकपा ने कहा कि संसद के चालू सत्र में संबंधित विधेयक को मूल रूप में पेश किया जाए ।,2.8586,0.0,-6.1994,-8.2803,-11.1151,-6.6675,-0.0751,1
train-s4672,पाटिल ने सरकार की ओर से सुझाव पेश करते हुए कहा कि संसदीय व विधानसभा सीटों की संख्या बढ़ाए जाने को लेकर दशकों से लंबित मुद्दे को नए प्रस्ताव के ज़रिए सुलझाया जा सकता है ।,SOV,36,5,0.0129,0.4911,0.5417,13,केंद्रीय गृह मंत्री शिवराज पाटिल इस मुद्दे पर विचार - विमर्श के लिए शुक्रवार को अलग - अलग पार्टियों के नेताओं से मिले ।,2.4,0.0,-6.3677,-9.9625,-7.5092,-4.9703,-1.603,1
train-s4674,वार्ता के दौरान इन पार्टियों ने भी कहा कि जनसंख्या वृद्धि के कारण कई लोकसभा क्षेत्रों की जनसंख्या २० से २५ लाख तक हो गई है ।,SOV,27,1,0.0094,0.5385,0.5556,20,पाटिल ने सरकार की ओर से सुझाव पेश करते हुए कहा कि संसदीय व विधानसभा सीटों की संख्या बढ़ाए जाने को लेकर दशकों से लंबित मुद्दे को नए प्रस्ताव के ज़रिए सुलझाया जा सकता है ।,1.0,0.0,-2.156,-3.0121,-2.3004,-2.0654,-1.7573,1
train-s468,"रानी पद्मिनी ने तालाब के सामने अपना घूँघट खोला, वह छवि तालाब के सामने स्थित दुमंजिला बरामदे में लगाए गए आईने में अलाउद्दीन ने देखी और वह अपनी सेनाओं समेत वापस लौट गया ।",SOV,35,5,-0.2886,0.5695,0.5385,7,अलाउद्दीन खिलजी ने चित्‍तौड़ पर आक्रमण करने के बाद एक शर्त रखी ।,-1.2,0.0,-1.996,-1.8241,-3.9713,-1.9816,-3.6692,1
train-s4686,उन्होंने इस साल अब तक बाढ़ से हुए नुक़सान का ब्योरा भी सदन को दिया ।,SOV,16,99,0.0603,0.501,0.5185,14,वार्ता के दौरान इन पार्टियों ने भी कहा कि जनसंख्या वृद्धि के कारण कई लोकसभा क्षेत्रों की जनसंख्या २० से २५ लाख तक हो गई है ।,7.1111,1.0404,-3.3885,-1.2947,1.3954,-4.5752,-4.0553,1
train-s4690,मध्यप्रदेश से अभी माँगा जाना बाक़ी है ।,SOV,8,1,-0.0933,0.5378,0.75,12,उन्होंने इस साल अब तक बाढ़ से हुए नुक़सान का ब्योरा भी सदन को दिया ।,-4.0,0.0,0.2017,2.9592,3.6964,0.2217,1.2547,1
train-s4692,विदेश मंत्रालय के प्रवक्ता नवतेज सरना ने सोमवार को कहा कि भारत ने सरबजीत की नागरिकता की आधिकारिक पुष्टि कर दी है ।,SOV,23,1,-0.0156,0.4908,0.375,3,मध्यप्रदेश से अभी माँगा जाना बाक़ी है ।,-5.0,0.0,2.6552,-0.0374,0.2639,2.6552,-1.0802,1
train-s4696,इसके बाद पंजाब सरकार ने उपलब्ध दस्तावेज़ों के आधार पर सरबजीत की नागरिकता पर मोहर लगाई ।,SOV,17,99,0.03,0.5063,0.6087,14,विदेश मंत्रालय के प्रवक्ता नवतेज सरना ने सोमवार को कहा कि भारत ने सरबजीत की नागरिकता की आधिकारिक पुष्टि कर दी है ।,-1.1818,0.9697,-4.3201,-6.6716,-7.849,-5.5452,-4.564,1
train-s4702,'राष्ट्रध्वज तिरंगा' छपे परिधानों के इस्तेमाल पर रोक हटाने संबंधी प्रस्ताव को कैबिनेट ने आज मंज़ूरी दे दी ।,DOSV,21,23,-0.0676,0.5168,0.5294,9,इसके बाद पंजाब सरकार ने उपलब्ध दस्तावेज़ों के आधार पर सरबजीत की नागरिकता पर मोहर लगाई ।,-20.8696,0.0,-14.141,-1.566,-2.5957,-14.1341,0.4096,1
train-s4706,कैबिनेट ने टीवी चैनलों के अपलिंकिंग संबंधी नियमों का प्रस्ताव मंत्रियों के 'समूह जीओएम' को सौंप दिया ।,SOV,20,5,-0.0796,0.5252,0.381,8,'राष्ट्रध्वज तिरंगा' छपे परिधानों के इस्तेमाल पर रोक हटाने संबंधी प्रस्ताव को कैबिनेट ने आज मंज़ूरी दे दी ।,6.0,0.0,-11.0777,-3.9719,-1.2961,-10.0416,0.4902,1
train-s4707,इसके ज़रिए सरकार न्यूज़ चैनलों पर प्रत्यक्ष विदेश निवेश (एफडीआई) को लेकर छाई धुंध साफ़ करना चाहती है ।,SOV,21,5,0.0071,0.5235,0.4,8,कैबिनेट ने टीवी चैनलों के अपलिंकिंग संबंधी नियमों का प्रस्ताव मंत्रियों के 'समूह जीओएम' को सौंप दिया ।,15.6,1.2,-4.1856,-5.118,-4.3958,-4.1856,-4.1818,1
train-s4708,मंत्रिमंडल की बैठक के बाद केंद्रीय सूचना और प्रसारण मंत्री एस जयपाल रेड्डी ने पत्रकारों को बताया कि मंत्रिमंडल ने राष्ट्रीय 'गौरव अवमानना प्रतिबंध' अधिनियम १९७१ में संशोधन को मंज़ूरी दे दी ।,SOV,35,5,0.1474,0.5071,0.4762,10,इसके ज़रिए सरकार न्यूज़ चैनलों पर प्रत्यक्ष विदेश निवेश (एफडीआई) को लेकर छाई धुंध साफ़ करना चाहती है ।,-3.6,0.0,-7.6393,-1.9527,-0.0685,-7.6344,0.107,1
train-s4714,सन् २००० में गठित राष्ट्रध्वज समिति ने अपनी रिपोर्ट में राष्ट्रध्वज संहिता भारत - २००२ को अंतिम रूप दिया था ।,SOV,21,23,-0.0314,0.5212,0.6,21,मंत्रिमंडल की बैठक के बाद केंद्रीय सूचना और प्रसारण मंत्री एस जयपाल रेड्डी ने पत्रकारों को बताया कि मंत्रिमंडल ने राष्ट्रीय 'गौरव अवमानना प्रतिबंध' अधिनियम १९७१ में संशोधन को मंज़ूरी दे दी ।,-6.2609,0.0,-19.6395,-8.7377,-9.2722,-19.6395,-3.9748,1
train-s4720,दुनिया भर में फैले श्रद्धालुओं तक पहुँच बनाने की कोशिश के तहत श्री माता वैष्णो देवी मंदिर बोर्ड जल्द ही श्रद्धालुओं के घर तक प्रसाद पहुँचाने के लिए ई - वैष्णोदेवी प्रसाद ऑनलाइन परियोजना शुरू करेगा ।,SOV,37,99,0.127,0.4778,0.4762,10,सन् २००० में गठित राष्ट्रध्वज समिति ने अपनी रिपोर्ट में राष्ट्रध्वज संहिता भारत - २००२ को अंतिम रूप दिया था ।,-24.1919,0.0,-8.6884,-11.2644,-10.072,-8.8565,-2.6659,1
train-s4724,इसके अलावा श्रद्धालुओं को स्पीड पोस्ट का किराया भी देना होगा ।,SOV,12,5,0.163,0.4701,0.5405,20,दुनिया भर में फैले श्रद्धालुओं तक पहुँच बनाने की कोशिश के तहत श्री माता वैष्णो देवी मंदिर बोर्ड जल्द ही श्रद्धालुओं के घर तक प्रसाद पहुँचाने के लिए ई - वैष्णोदेवी प्रसाद ऑनलाइन परियोजना शुरू करेगा ।,3.6,1.2,-4.3716,-4.0839,-3.4754,-6.3794,-4.9684,1
train-s4744,राष्ट्रीय पाठक सर्वेक्षण के प्रामाणिक आंकड़े भी इसे इस इलाक़े का सबसे अधिक बिक्री वाला अख़बार साबित करते हैं ।,SOV,20,23,0.045,0.4979,0.4167,5,इसके अलावा श्रद्धालुओं को स्पीड पोस्ट का किराया भी देना होगा ।,-5.7391,-1.0435,-5.6288,-7.4063,-8.2568,-5.6288,-3.4196,1
train-s4749,ये ट्रेन में होने वाले हर तरह के अपराध का हुनर रखते हैं ।,SOV,14,1,0.073,0.4913,0.6,12,राष्ट्रीय पाठक सर्वेक्षण के प्रामाणिक आंकड़े भी इसे इस इलाक़े का सबसे अधिक बिक्री वाला अख़बार साबित करते हैं ।,9.0,2.0,-3.0979,-4.4502,-6.7379,-3.0979,-3.0618,1
train-s4753,बुज़ुर्ग अपराधी बच्चों को भी छोटे - मोटे अपराध में लगाते हैं ।,SOV,13,5,0.0496,0.5572,0.5714,8,ये ट्रेन में होने वाले हर तरह के अपराध का हुनर रखते हैं ।,3.6,0.0,1.0636,0.0608,-0.7532,1.0754,0.4539,1
train-s4772,दूसरी ओर राष्ट्रपति ए पी जे अब्दुल कलाम ने प्रधानमंत्री मनमोहन सिंह की सलाह पर राजद के एक और नुमाइंदे केंद्रीय मंत्री जयप्रकाश नारायण यादव का मंत्री परिषद से इस्तीफा मंजूर कर लिया ।,SOV,34,99,-0.1858,0.5433,0.6154,8,बुज़ुर्ग अपराधी बच्चों को भी छोटे - मोटे अपराध में लगाते हैं ।,-7.0404,0.0,-29.5714,-25.8535,-22.2667,-29.5714,-8.0253,1
train-s4774,जैन ने राजद के इस बाहुबली सांसद की जमानत याचिका खारिज कर उन्हें दो दिन के ट्रांजिट रिमांड पर बिहार पुलिस को सौंप दिया ।,SOV,25,99,0.0391,0.5029,0.5294,18,दूसरी ओर राष्ट्रपति ए पी जे अब्दुल कलाम ने प्रधानमंत्री मनमोहन सिंह की सलाह पर राजद के एक और नुमाइंदे केंद्रीय मंत्री जयप्रकाश नारायण यादव का मंत्री परिषद से इस्तीफा मंजूर कर लिया ।,-1.5354,0.0202,-11.1454,-11.5782,-9.5452,-10.5486,-3.049,1
train-s4779,दूसरी तरफ एक पखवाड़े से पुलिस को चकमा दे रहे केंद्रीय जल संसाधन राज्यमंत्री जयप्रकाश नारायण यादव का इस्तीफा राष्ट्रपति ए पी जे अब्दुल कलाम ने प्रधानमंत्री मनमोहन सिंह की सलाह पर स्वीकार कर लिया ।,DOSV,36,99,-0.13,0.5087,0.56,14,जैन ने राजद के इस बाहुबली सांसद की जमानत याचिका खारिज कर उन्हें दो दिन के ट्रांजिट रिमांड पर बिहार पुलिस को सौंप दिया ।,-13.2929,0.0,-22.2475,-15.6996,-14.6187,-20.0929,-5.5755,1
train-s4780,इससे पहले प्रधानमंत्री ने इस्तीफा मंजूर कर उसे राष्ट्रपति के पास भेजा था ।,SOV,14,99,0.0206,0.5158,0.5278,19,दूसरी तरफ एक पखवाड़े से पुलिस को चकमा दे रहे केंद्रीय जल संसाधन राज्यमंत्री जयप्रकाश नारायण यादव का इस्तीफा राष्ट्रपति ए पी जे अब्दुल कलाम ने प्रधानमंत्री मनमोहन सिंह की सलाह पर स्वीकार कर लिया ।,1.1111,1.0606,-17.0878,-5.286,-5.7561,-13.9286,-4.049,1
train-s4781,जयप्रकाश ने शनिवार को शहाबुद्दीन की गिरफ्तारी के कुछ ही देर बाद अपना इस्तीफा प्रधानमंत्री के पास भेज दिया था ।,SOV,21,99,-0.0498,0.4642,0.6429,9,इससे पहले प्रधानमंत्री ने इस्तीफा मंजूर कर उसे राष्ट्रपति के पास भेजा था ।,2.5051,0.0,-7.5272,-5.7404,-2.4311,-6.8269,-2.1098,1
train-s4784,"जमुई की अदालत ने २४ अक्टूबर को जयप्रकाश, उनके भाई और जमुई से राजद प्रत्याशी विजय प्रकाश, खेड़ा थाने के प्रभारी मुक्तेश्वर प्रसाद, निर्दलीय प्रत्याशी अशोक राव और राजद कार्यकर्ता बटोही यादव के खिलाफ गैर - जमानती गिरफ्तारी वारंट जारी किए थे ।",SOV,46,99,-0.1512,0.4599,0.5714,12,जयप्रकाश ने शनिवार को शहाबुद्दीन की गिरफ्तारी के कुछ ही देर बाद अपना इस्तीफा प्रधानमंत्री के पास भेज दिया था ।,-5.2323,0.0,-21.8882,-16.2705,-17.9805,-20.7169,-5.7282,1
train-s4789,केंद्र सरकार ने सीमा सुरक्षा बल को जम्मू और कश्मीर में आतंकवादी रोधी अभियानों से हटाकर वहां सीआरपीएफ की तैनाती को फिलहाल टाल दिया है ।,SOV,26,99,-0.0027,0.5093,0.3696,17,"जमुई की अदालत ने २४ अक्टूबर को जयप्रकाश, उनके भाई और जमुई से राजद प्रत्याशी विजय प्रकाश, खेड़ा थाने के प्रभारी मुक्तेश्वर प्रसाद, निर्दलीय प्रत्याशी अशोक राव और राजद कार्यकर्ता बटोही यादव के खिलाफ गैर - जमानती गिरफ्तारी वारंट जारी किए थे ।",-14.1515,-0.0202,-13.3227,-5.6651,-2.8411,-13.3223,-2.7761,1
train-s4795,सीआरपीएफ ने अपनी गलती स्वीकार करते हुए इसे 'मानवीय भूल' माना है ।,SOV,15,23,-0.0675,0.5225,0.6154,16,केंद्र सरकार ने सीमा सुरक्षा बल को जम्मू और कश्मीर में आतंकवादी रोधी अभियानों से हटाकर वहां सीआरपीएफ की तैनाती को फिलहाल टाल दिया है ।,1.0435,0.0,-4.1917,-8.7408,-6.7561,-4.3688,-3.684,1
train-s48,16 से 17वीं शताब्दी में बुंदेला शासकों द्वारा बनवाई गई ये इमारतें प्राचीन वैभव को बयाँ करती हैं ।,SOV,19,5,0.0926,0.4561,0.5833,14,"यहाँ आप चाँदी के आभूषण, बीडवर्क, कढ़ाई का काम और सीक्वन का काम खूबसूरत अंदाज में देख और खरीद सकते हैं ।",-13.2,0.0,-9.0322,-0.6949,1.39,-9.0191,-3.2426,1
train-s4805,गुजरात के मुख्यमंत्री ने आरोप लगाया कि महाराष्ट्र में कांग्रेस - एनसीपी के पांच साल के कार्यकाल के दौरान कीमतें आसमान छूने लगी हैं ।,SOV,25,1,0.0069,0.464,0.6,9,सीआरपीएफ ने अपनी गलती स्वीकार करते हुए इसे 'मानवीय भूल' माना है ।,-3.0,0.0,-29.7379,-22.0558,-20.3621,-29.7379,-6.6541,1
train-s4808,सीबीआई निदेशक व मल्टी डिसिप्लनरी मॉनिटरिंग एजेंसी (एमडीएमए) के प्रमुख ने सुप्रीम कोर्ट में मद्रास हाईकोर्ट के श्रीलंका के २ नागरिकों को छोड़ने के आदेश को चुनौती दी है ।,SOV,32,23,-0.0533,0.4823,0.48,12,गुजरात के मुख्यमंत्री ने आरोप लगाया कि महाराष्ट्र में कांग्रेस - एनसीपी के पांच साल के कार्यकाल के दौरान कीमतें आसमान छूने लगी हैं ।,-14.087,0.0,-18.6609,-13.7055,-11.9727,-18.6609,-5.6732,1
train-s4811,इन्हें छोड़ा जाना बहुत गलत है ।,SOV,7,1,-0.0023,0.5387,0.5,16,सीबीआई निदेशक व मल्टी डिसिप्लनरी मॉनिटरिंग एजेंसी (एमडीएमए) के प्रमुख ने सुप्रीम कोर्ट में मद्रास हाईकोर्ट के श्रीलंका के २ नागरिकों को छोड़ने के आदेश को चुनौती दी है ।,-1.0,0.0,-8.5225,-7.7548,-7.779,-8.524,1.7279,1
train-s4820,राजीव गांधी के हत्यारे काने शिवरासन से लिंगम ने कई दौर की गुप्त बातचीत की ।,DOSV,16,5,-0.4079,0.5537,0.5714,4,इन्हें छोड़ा जाना बहुत गलत है ।,-2.4,0.0,-4.1949,-11.7757,-9.593,-2.3556,-2.4069,1
train-s4822,"एमडीएमए ने जांच में पाया कि १ मई १९९१ को कोडाईकराई में लिट्टे के जो ९ लोग पहुंचे, उन्होंने सबसे पहले लिंगम से ही मुलाकात की थी ।",SOV,29,1,0.026,0.5013,0.5,8,राजीव गांधी के हत्यारे काने शिवरासन से लिंगम ने कई दौर की गुप्त बातचीत की ।,0.0,0.0,-2.7299,-2.5446,1.0496,-2.5621,-1.1642,1
train-s4824,"दूसरे अभियुक्त वसंथन की भूमिका के बारे में सीबीआई ने कहा है कि श्रीपेरुमबदूर में २१ मई १९९१ को राजीव गांधी की हत्या के बाद जब सारे हत्यारे फरार हो गए तो इसी व्यक्ति ने शिवरासन, शुभा और नीरू को बंगलोर में मकान दिलाने में सक्रिय भूमिका निभाई थी ।",SOV,51,1,0.0668,0.5034,0.5517,16,"एमडीएमए ने जांच में पाया कि १ मई १९९१ को कोडाईकराई में लिट्टे के जो ९ लोग पहुंचे, उन्होंने सबसे पहले लिंगम से ही मुलाकात की थी ।",-6.0,0.0,-1.5425,1.4947,0.7744,-1.5502,-1.5482,1
train-s4825,गोरखा नेशनल लिब्रेशन फ्रंट (जीएनएलएफ) प्रमुख सुभाष घीसिंग ने अपने सुर बदल लिए हैं ।,SOV,17,1,0.0168,0.51,0.5294,27,"दूसरे अभियुक्त वसंथन की भूमिका के बारे में सीबीआई ने कहा है कि श्रीपेरुमबदूर में २१ मई १९९१ को राजीव गांधी की हत्या के बाद जब सारे हत्यारे फरार हो गए तो इसी व्यक्ति ने शिवरासन, शुभा और नीरू को बंगलोर में मकान दिलाने में सक्रिय भूमिका निभाई थी ।",-9.0,0.0,-12.7592,-11.5846,-15.4263,-12.7592,-4.0138,1
train-s4827,२५ मार्च को अपना कार्यकाल पूरा कर चुके दार्जिलिंग गोरखा हिल काउंसिल के कार्यवाहक प्रशासक घीसिंग ने यहां रविवार की शाम संवाददाताओं को बताया कि दार्जिलिंग को जनजातीय क्षेत्र के रूप में घोषित करना गोरखाओं में एकता लाएगा ।,SOV,39,23,-0.2409,0.5962,0.2941,5,गोरखा नेशनल लिब्रेशन फ्रंट (जीएनएलएफ) प्रमुख सुभाष घीसिंग ने अपने सुर बदल लिए हैं ।,-22.4348,-1.0435,-8.3172,-6.1791,-5.3438,-8.3172,1.4109,1
train-s4830,जिसके तहत डीजीएचएस का चुनाव राज्य चुनाव आयोग कराएगा ।,DOSV,10,5,0.1013,0.4663,0.6154,24,२५ मार्च को अपना कार्यकाल पूरा कर चुके दार्जिलिंग गोरखा हिल काउंसिल के कार्यवाहक प्रशासक घीसिंग ने यहां रविवार की शाम संवाददाताओं को बताया कि दार्जिलिंग को जनजातीय क्षेत्र के रूप में घोषित करना गोरखाओं में एकता लाएगा ।,1.2,1.2,0.6708,-0.9427,-0.5564,0.6781,-3.5175,1
train-s4839,"गौहर ने दावा किया कि भारत सरकार को भी मालूम है कि यह करतूत किस फौजी अधिकारी की थी, लेकिन वह मामले पर पर्दा डाल रही है ।",SOV,29,1,0.1719,0.4912,0.5,5,जिसके तहत डीजीएचएस का चुनाव राज्य चुनाव आयोग कराएगा ।,-1.0,0.0,-23.2175,-17.3862,-18.7184,-23.2175,-4.6391,1
train-s4849,हाल ही में खान ने आरोप लगाया था कि भारतीय सेना के पूर्व ब्रिगेडियर ने उनके पिता को २० हजार रुपये में भारत - पाक युद्ध की योजना बेची थी ।,SOV,31,5,-0.0634,0.5421,0.5172,15,"गौहर ने दावा किया कि भारत सरकार को भी मालूम है कि यह करतूत किस फौजी अधिकारी की थी, लेकिन वह मामले पर पर्दा डाल रही है ।",-2.4,0.0,-14.8999,-13.6628,-12.7099,-14.8979,-3.321,1
train-s4850,उन्होंने दावा किया था कि यह रकम लंदन में चुकाई गई थी ।,SOV,13,1,-0.0239,0.5252,0.6129,19,हाल ही में खान ने आरोप लगाया था कि भारतीय सेना के पूर्व ब्रिगेडियर ने उनके पिता को २० हजार रुपये में भारत - पाक युद्ध की योजना बेची थी ।,0.0,2.0,-28.0837,-17.8062,-16.6978,-27.8885,-4.0371,1
train-s4856,पटना के पूर्व जिलाधिकारी गौतम गोस्वामी से पूछताछ के बाद सतर्कता ब्यूरो ने बुधवार को उन्हें विशेष सतर्कता अदालत के समक्ष पेश किया ।,SOV,24,99,0.0745,0.5366,0.4615,6,उन्होंने दावा किया था कि यह रकम लंदन में चुकाई गई थी ।,-20.3535,-0.0909,-17.0291,-20.4423,-17.9099,-15.5633,-6.1734,1
train-s4860,जहां जज ने उनकी हिरासत की अवधि १९ जुलाई तक बढ़ाने के आदेश पारित किए ।,SOV,16,23,-0.0287,0.5058,0.5833,14,पटना के पूर्व जिलाधिकारी गौतम गोस्वामी से पूछताछ के बाद सतर्कता ब्यूरो ने बुधवार को उन्हें विशेष सतर्कता अदालत के समक्ष पेश किया ।,4.1739,1.0435,-19.3477,-15.5872,-12.1849,-20.4814,-5.3807,1
train-s4864,उन्होंने देशवासियों से अनुरोध किया है कि वे मदरसा तथा ऐसी गतिविधियों में शामिल लोगों को समर्थन देना बंद कर दें ।,SOV,22,5,0.0314,0.5005,0.5,8,जहां जज ने उनकी हिरासत की अवधि १९ जुलाई तक बढ़ाने के आदेश पारित किए ।,0.0,1.2,-17.6395,-16.7664,-13.9074,-17.6395,-5.5047,1
train-s4865,"रविवार को संयुक्त अरब अमीरात की राजधानी अबू धाबी में एक बैठक को संबोधित करते हुए मुशर्रफ ने कहा कि पाकिस्तान अफगानिस्तान में दखल देने, कश्मीर में सीमा पार आतंकवाद को समर्थन देने और परमाणु प्रौद्योगिकी बेचने के आरोपों से बरी हो चुका है ।",SOV,46,5,0.1292,0.48,0.5909,13,उन्होंने देशवासियों से अनुरोध किया है कि वे मदरसा तथा ऐसी गतिविधियों में शामिल लोगों को समर्थन देना बंद कर दें ।,0.0,0.0,-2.7736,2.5984,2.2444,-2.772,0.5899,1
train-s4868,मारने वाले भी मुस्लिम हैं और जो मर रहे हैं वे भी मुस्लिम ही हैं ।,SOV,16,1,0.0537,0.5037,0.5435,25,"रविवार को संयुक्त अरब अमीरात की राजधानी अबू धाबी में एक बैठक को संबोधित करते हुए मुशर्रफ ने कहा कि पाकिस्तान अफगानिस्तान में दखल देने, कश्मीर में सीमा पार आतंकवाद को समर्थन देने और परमाणु प्रौद्योगिकी बेचने के आरोपों से बरी हो चुका है ।",-2.0,0.0,1.2896,-4.9529,-6.5419,1.2997,0.5362,1
train-s4869,उन्होंने पाकिस्तानी जनता से अनुरोध किया कि वे ऐसे संगठनों की निंदा करें तथा कट्टरपंथी हिंसा और नफरत को बढ़ावा देने वाले तत्वों को समर्थन देना बंद कर दें ।,SOV,30,5,-0.263,0.5379,0.375,6,मारने वाले भी मुस्लिम हैं और जो मर रहे हैं वे भी मुस्लिम ही हैं ।,0.0,1.2,-21.5237,-15.5854,-16.4672,-21.5237,-3.8687,1
train-s4874,पर बात को निरंतर अनसुना किए जाने पर उन्हें खुलेआम मोर्चा संभालना पड़ा ।,SOV,14,99,-0.0662,0.5359,0.6333,19,उन्होंने पाकिस्तानी जनता से अनुरोध किया कि वे ऐसे संगठनों की निंदा करें तथा कट्टरपंथी हिंसा और नफरत को बढ़ावा देने वाले तत्वों को समर्थन देना बंद कर दें ।,-6.4848,0.0,-6.1035,-9.2671,-12.323,-6.5785,-3.7893,1
train-s4876,पार्टी उनसे समाजवाद के पक्ष में नारा लगवाती रही है ।,SOV,11,23,0.0369,0.5372,0.4286,6,पर बात को निरंतर अनसुना किए जाने पर उन्हें खुलेआम मोर्चा संभालना पड़ा ।,1.5652,-1.0435,-5.1563,-1.6037,-2.3476,-5.1563,0.9702,1
train-s4883,पार्टी प्रवक्ता अभिषेक मनु संघवी ने सपा नेताओं से राज बब्बर के गुस्से की वजह मालूम की है ।,SOV,19,23,0.1135,0.4151,0.5455,6,पार्टी उनसे समाजवाद के पक्ष में नारा लगवाती रही है ।,-6.2609,0.0,-6.0264,-10.3176,-13.4405,-2.2676,-3.0099,1
train-s4887,सुप्रीम कोर्ट ने राजस्थान हाई कोर्ट के आदेश को चुनौती देने वाली दो बड़ी सॉफ्ट ड्रिंक कंपनियों पेप्सी और कोका - कोला की याचिकाओं को सोमवार को खारिज कर दिया ।,SOV,31,23,0.0355,0.5212,0.6316,12,पार्टी प्रवक्ता अभिषेक मनु संघवी ने सपा नेताओं से राज बब्बर के गुस्से की वजह मालूम की है ।,-13.5652,0.0,-18.8468,-15.0285,-15.9212,-18.8468,-4.4621,1
train-s4888,हाई कोर्ट ने अपने आदेश में दोनों कंपनियों को सॉफ्ट ड्रिंक कंटेनरों पर उनके उत्पाद में मिलाए गए कीटनाशकों की मात्रा प्रिंट करने को कहा था ।,SOV,27,23,-0.0844,0.5521,0.5806,18,सुप्रीम कोर्ट ने राजस्थान हाई कोर्ट के आदेश को चुनौती देने वाली दो बड़ी सॉफ्ट ड्रिंक कंपनियों पेप्सी और कोका - कोला की याचिकाओं को सोमवार को खारिज कर दिया ।,18.7826,0.0,-11.706,-5.2692,-5.3065,-8.3559,-2.2834,1
train-s489,सरकारी डाक बंगला भी पर्यटकों को ठहरने के लिए अच्‍छी सुविधाएँ मुहैया करवाता है ।,SOV,15,99,0.0662,0.4448,0.4857,17,"रानी पद्मिनी ने तालाब के सामने अपना घूँघट खोला, वह छवि तालाब के सामने स्थित दुमंजिला बरामदे में लगाए गए आईने में अलाउद्दीन ने देखी और वह अपनी सेनाओं समेत वापस लौट गया ।",-5.9394,0.0,-5.5692,-12.6093,-13.3777,-5.5796,-1.2139,1
train-s4890,"पेप्सी फूड लिमिटेड और हिंदुस्तान कोका - कोला बिवरेजेज प्रा. लिमिटेड की ओर से दायर विशेष अनुमति याचिकाओं को खारिज करते हुए चीफ जस्टिस आर. सी. लाहोटी, जस्टिस डी. एम. धर्माधिकारी और जी. पी. माथुर वाली खंडपीठ ने दोनों कंपनियों को हाई कोर्ट में अपील करने को कहा कि वे किस सीमा तक उनके निर्देशों का पालन कर सकते हैं ।",SOV,62,5,0.025,0.5634,0.4815,13,हाई कोर्ट ने अपने आदेश में दोनों कंपनियों को सॉफ्ट ड्रिंक कंटेनरों पर उनके उत्पाद में मिलाए गए कीटनाशकों की मात्रा प्रिंट करने को कहा था ।,-15.6,0.0,-3.7223,-12.0897,-13.9301,-2.4956,1.3774,1
train-s4894,हाई कोर्ट ने आदेश में ३ नवंबर तक इन दोनों कंपनियों और अन्य सभी कारबोनेटेड बिवरेज कंपनियों को बोतलों और कंटेनरों पर रसायनों और कीटनाशकों समेत उत्पादों की सामग्री और उनके मिश्रण की जानकारी देने को कहा था ।,SOV,39,5,-0.0207,0.5295,0.3548,22,"पेप्सी फूड लिमिटेड और हिंदुस्तान कोका - कोला बिवरेजेज प्रा. लिमिटेड की ओर से दायर विशेष अनुमति याचिकाओं को खारिज करते हुए चीफ जस्टिस आर. सी. लाहोटी, जस्टिस डी. एम. धर्माधिकारी और जी. पी. माथुर वाली खंडपीठ ने दोनों कंपनियों को हाई कोर्ट में अपील करने को कहा कि वे किस सीमा तक उनके निर्देशों का पालन कर सकते हैं ।",33.6,0.0,-9.4192,-0.1609,-1.3023,-8.5848,-1.9525,1
train-s4896,खंडपीठ ने दोनों कंपनियों को राजस्थान हाई कोर्ट से संपर्क करने को कहा है ।,SOV,15,5,-0.0097,0.4951,0.5128,20,हाई कोर्ट ने आदेश में ३ नवंबर तक इन दोनों कंपनियों और अन्य सभी कारबोनेटेड बिवरेज कंपनियों को बोतलों और कंटेनरों पर रसायनों और कीटनाशकों समेत उत्पादों की सामग्री और उनके मिश्रण की जानकारी देने को कहा था ।,6.0,0.0,-12.6146,-9.0951,-8.9257,-8.8861,-2.4468,1
train-s4899,उन्होंने अपनी दलील में कहा कि कृषि में कीटनाशकों का गहन इस्तेमाल चीनी में कीटनाशकों की उच्च मात्रा की मौजूदगी का नतीजा है ।,SOV,24,1,-0.0757,0.5537,0.4667,7,खंडपीठ ने दोनों कंपनियों को राजस्थान हाई कोर्ट से संपर्क करने को कहा है ।,2.0,2.0,-7.2818,3.4405,11.6758,-7.2749,-0.4784,1
train-s4900,कोर्ट ने कंपनियों से कहा कि आप अपनी प्रिंटलाइन में दर्शा सकते हैं कि सॉफ्ट ड्रिंक में इस्तेमाल की गई चीनी में कंपनी ने कीटनाशकों का इस्तेमाल किया है ।,SOV,30,1,0.2527,0.5037,0.7083,17,उन्होंने अपनी दलील में कहा कि कृषि में कीटनाशकों का गहन इस्तेमाल चीनी में कीटनाशकों की उच्च मात्रा की मौजूदगी का नतीजा है ।,0.0,0.0,-0.9925,3.5111,4.3623,-1.0812,-0.3316,1
train-s4902,इसके अलावा दोनों देश अपने सबसे प्रमुख बैंकों की शाखाएं एक - दूसरे के देश में खोलेंगे ।,SOV,18,23,0.1107,0.5292,0.5333,16,कोर्ट ने कंपनियों से कहा कि आप अपनी प्रिंटलाइन में दर्शा सकते हैं कि सॉफ्ट ड्रिंक में इस्तेमाल की गई चीनी में कंपनी ने कीटनाशकों का इस्तेमाल किया है ।,8.3478,1.0435,-9.2636,-2.1623,-3.5028,-9.5743,-1.5392,1
train-s4903,पाकिस्तान में भारतीय उच्चायुक्त शिव शंकर मेनन ने सोमवार को कराची में बताया कि प्रधानमंत्री मनमोहन सिंह अगले साल की शुरूआत में पाकिस्तान आने के इच्छुक हैं ।,SOV,28,23,0.1791,0.5337,0.5,9,इसके अलावा दोनों देश अपने सबसे प्रमुख बैंकों की शाखाएं एक - दूसरे के देश में खोलेंगे ।,-2.087,0.0,-6.1831,-4.3061,-3.2703,-6.1693,-0.546,1
train-s4904,मेनन ने उप उच्चायुक्त टी. सी. ए. राघवन के साथ उद्योगपतियों से मुलाकात के बाद बताया कि भारत पाकिस्तान के १०० छात्रों को भारत में पढ़ने के लिए छात्रवृत्ति देने पर विचार कर रहा है ।,SOV,36,5,0.1066,0.5535,0.4643,13,पाकिस्तान में भारतीय उच्चायुक्त शिव शंकर मेनन ने सोमवार को कराची में बताया कि प्रधानमंत्री मनमोहन सिंह अगले साल की शुरूआत में पाकिस्तान आने के इच्छुक हैं ।,3.6,0.0,-0.4026,-6.6563,-2.4456,3.0734,2.0513,1
train-s4905,मेनन ने हाल में दक्षिणी सिंध प्रांत का दौरा करके कराची में नाजिम नाइमातुल्ला खां से भी रविवार को मुलाकात कर भारतीय वाणिज्य दूतावास खोलने के बारे में भी विचार - विमर्श किया ।,SOV,34,99,0.0455,0.4984,0.5,18,मेनन ने उप उच्चायुक्त टी. सी. ए. राघवन के साथ उद्योगपतियों से मुलाकात के बाद बताया कि भारत पाकिस्तान के १०० छात्रों को भारत में पढ़ने के लिए छात्रवृत्ति देने पर विचार कर रहा है ।,3.5859,0.0,-20.6757,-18.5734,-15.1427,-14.7618,-4.6725,1
train-s4906,भारत करांची में जल्दी ही अपना कॉन्सलेट खोलना चाहता है ।,SOV,11,1,0.0792,0.4653,0.6176,21,मेनन ने हाल में दक्षिणी सिंध प्रांत का दौरा करके कराची में नाजिम नाइमातुल्ला खां से भी रविवार को मुलाकात कर भारतीय वाणिज्य दूतावास खोलने के बारे में भी विचार - विमर्श किया ।,6.0,0.0,-0.2491,-5.2504,-3.9538,-0.261,-1.5079,1
train-s4909,दरअसल पाकिस्तान इस काम के लिए मुंबई स्थित जिन्ना हाउस मांग रहा है ।,SOV,14,23,0.0684,0.5132,0.4545,5,भारत करांची में जल्दी ही अपना कॉन्सलेट खोलना चाहता है ।,6.2609,0.0,-7.0348,-3.4275,-6.5577,-7.0348,-0.9509,1
train-s4914,इसके साथ ही दोनों देशों ने दक्षिण अफ्रीका में ११ सितंबर १९०६ को महात्मा गांधी द्वारा शुरू किए गए सत्याग्रह आंदोलन के अगले वर्ष शताब्दी समारोहों के आयोजन के लिए संयुक्त पहल करने पर भी सहमति जताई ।,SOV,38,99,-0.0665,0.4761,0.3571,5,दरअसल पाकिस्तान इस काम के लिए मुंबई स्थित जिन्ना हाउस मांग रहा है ।,6.2727,0.9495,-36.1035,-26.112,-25.0155,-37.0409,-9.345,1
train-s4917,बैठक में सिंह ने जोर देते हुए कहा कि भारत और दक्षिण अफ्रीका के बीच संयुक्त राष्ट्र सुधारों से जुड़े अधिकांश मुद्दों पर विचारों की समानता है ।,SOV,28,5,0.0319,0.5004,0.4474,17,इसके साथ ही दोनों देशों ने दक्षिण अफ्रीका में ११ सितंबर १९०६ को महात्मा गांधी द्वारा शुरू किए गए सत्याग्रह आंदोलन के अगले वर्ष शताब्दी समारोहों के आयोजन के लिए संयुक्त पहल करने पर भी सहमति जताई ।,1.2,0.0,-3.5337,-1.9335,-2.3535,-3.5316,-0.9663,1
train-s492,यहाँ आने वाले श्रद्धालु इस कुंड में आलू और चावल उबालकर उसका भोग यमुना देवी को लगाते हैं ।,SOV,19,23,0.0326,0.4717,0.4667,7,सरकारी डाक बंगला भी पर्यटकों को ठहरने के लिए अच्‍छी सुविधाएँ मुहैया करवाता है ।,-4.1739,0.0,2.1621,8.827,8.969,2.1621,1.9026,1
train-s4920,इसके तहत प्रधानमंत्री ने अवकाश प्राप्त वरिष्ठ जज को लैपटॉप भेंट किया ।,SOV,13,99,0.0481,0.5174,0.6429,18,बैठक में सिंह ने जोर देते हुए कहा कि भारत और दक्षिण अफ्रीका के बीच संयुक्त राष्ट्र सुधारों से जुड़े अधिकांश मुद्दों पर विचारों की समानता है ।,-2.9192,0.9596,-10.2771,-9.8019,-7.4447,-10.0995,-5.2843,1
train-s4923,इस योजना के उद्घाटन अवसर पर प्रधानमंत्री मनमोहन सिंह ने कहा कि आज प्रौद्योगिकी की मदद से इस क्षेत्र में हमारी कुछ समस्याओं का समाधान हो सकता है ।,SOV,29,1,0.019,0.4545,0.5385,7,इसके तहत प्रधानमंत्री ने अवकाश प्राप्त वरिष्ठ जज को लैपटॉप भेंट किया ।,-2.0,0.0,-4.8254,-5.1878,-6.8191,-4.3361,-0.6923,1
train-s4951,प्रधानमंत्री मनमोहन सिंह ने बुधवार को कहा कि कमजोर वर्ग के लोगों को नौकरी में आरक्षण देने के लिए कॉरपोरेट सेक्टर को (स्वेच्छा से) पहल करनी चाहिए ।,SOV,30,1,0.1235,0.5293,0.7241,21,इस योजना के उद्घाटन अवसर पर प्रधानमंत्री मनमोहन सिंह ने कहा कि आज प्रौद्योगिकी की मदद से इस क्षेत्र में हमारी कुछ समस्याओं का समाधान हो सकता है ।,-2.0,0.0,0.999,2.0951,1.7708,0.7619,-2.1159,1
train-s4959,एक दिन के दौरे पर महाराष्ट्र पहुंचे प्रधानमंत्री मनमोहन सिंह यहां एक संवाददाता सम्मेलन को संबोधित कर रहे थे ।,SOV,20,23,0.0879,0.5331,0.6,18,प्रधानमंत्री मनमोहन सिंह ने बुधवार को कहा कि कमजोर वर्ग के लोगों को नौकरी में आरक्षण देने के लिए कॉरपोरेट सेक्टर को (स्वेच्छा से) पहल करनी चाहिए ।,-12.5217,-1.0435,-29.4227,-17.2253,-16.1942,-29.4227,-4.4364,1
train-s4960,निजी क्षेत्र में आरक्षण के सवाल पर उन्होंने कहा कि कॉरपोरेट सेक्टर इस दिशा में (स्वेच्छा से) पहल कर सकते हैं ।,SOV,24,5,0.0333,0.5171,0.5,10,एक दिन के दौरे पर महाराष्ट्र पहुंचे प्रधानमंत्री मनमोहन सिंह यहां एक संवाददाता सम्मेलन को संबोधित कर रहे थे ।,-2.4,0.0,-12.0077,-5.906,-5.4123,-12.0084,-3.2815,1
train-s4963,पूर्वोत्तर में हाल में हुई आतंकी घटनाओं के मद्देनजर प्रधानमंत्री ने कहा कि कुछ आतंकी गुटों के बांग्लादेश में शरण लेने की सूचना से हम चिंतित हैं ।,SOV,28,1,0.1336,0.4897,0.625,15,निजी क्षेत्र में आरक्षण के सवाल पर उन्होंने कहा कि कॉरपोरेट सेक्टर इस दिशा में (स्वेच्छा से) पहल कर सकते हैं ।,-7.0,0.0,-14.7654,-3.6962,-5.3447,-13.5363,-1.2408,1
train-s4972,उत्तर रेलवे ने सीमा पार से आने वाले पाकिस्तानी क्रिकेट प्रेमियों को अटारी से चंडीगढ़ तक लाने के लिए प्रस्तावित दो विशेष ट्रेनें रविवार को रद्द कर दीं ।,SOV,29,99,-0.0391,0.5622,0.6071,17,पूर्वोत्तर में हाल में हुई आतंकी घटनाओं के मद्देनजर प्रधानमंत्री ने कहा कि कुछ आतंकी गुटों के बांग्लादेश में शरण लेने की सूचना से हम चिंतित हैं ।,-19.0202,0.0,-18.9061,-12.7382,-14.0152,-18.9061,-3.8721,1
train-s4979,पाकिस्तानी क्रिकेट बोर्ड ने मोहाली टेस्ट के लिए पंजाब क्रिकेट एसोसिएशन द्वारा भेजे गए ७५०० टिकटों में से ४५०० वापस भेज दिए थे ।,SOV,24,99,0.0318,0.4825,0.6552,19,उत्तर रेलवे ने सीमा पार से आने वाले पाकिस्तानी क्रिकेट प्रेमियों को अटारी से चंडीगढ़ तक लाने के लिए प्रस्तावित दो विशेष ट्रेनें रविवार को रद्द कर दीं ।,-9.4242,0.0,-5.1479,0.1155,0.3648,-3.3721,-4.7034,1
train-s4988,लोकसभा चुनाव में हार के बाद भारतीय जनता पार्टी ने अपने संगठन में मामूली फेरबदल को अंजाम दिया है ।,SOV,20,99,-0.0327,0.5149,0.375,9,पाकिस्तानी क्रिकेट बोर्ड ने मोहाली टेस्ट के लिए पंजाब क्रिकेट एसोसिएशन द्वारा भेजे गए ७५०० टिकटों में से ४५०० वापस भेज दिए थे ।,-5.303,0.0,-37.0264,-21.2143,-20.4729,-37.0047,-6.2334,1
train-s4989,पार्टी अध्यक्ष एम. वेंकैया नायडू ने रविवार को ७८ सदस्यीय नई राष्ट्रीय कार्यकारिणी घोषित की ।,SOV,16,23,-0.0282,0.4971,0.7,14,लोकसभा चुनाव में हार के बाद भारतीय जनता पार्टी ने अपने संगठन में मामूली फेरबदल को अंजाम दिया है ।,-6.2609,0.0,-5.9872,-11.189,-11.7911,-3.8857,-5.7929,1
train-s4995,वरिष्ठ भाजपा नेता व पूर्व केंद्रीय मंत्री अरुण जेटली ने रविवार को सूची जारी करते हुए कहा कि संगठन में सभी राज्यों से सभी वर्ग के लोगों को बराबर प्रतिनिधित्व का मौका मिला है ।,SOV,35,5,0.2264,0.4968,0.5,8,पार्टी अध्यक्ष एम. वेंकैया नायडू ने रविवार को ७८ सदस्यीय नई राष्ट्रीय कार्यकारिणी घोषित की ।,-7.2,0.0,-1.3765,-4.5535,-6.3831,-0.401,-0.649,1
train-s5000,वेंकैया ने संसदीय बोर्ड और केंद्रीय चुनाव समिति को दोबारा तैयार किया है ।,SOV,14,23,0.1951,0.4769,0.7143,25,वरिष्ठ भाजपा नेता व पूर्व केंद्रीय मंत्री अरुण जेटली ने रविवार को सूची जारी करते हुए कहा कि संगठन में सभी राज्यों से सभी वर्ग के लोगों को बराबर प्रतिनिधित्व का मौका मिला है ।,-4.6957,0.0,-14.6493,-13.0811,-9.6879,-14.5232,-5.9929,1
train-s5002,वहीं शाहनवाज हुसैन को सचिव का दर्जा मिला है ।,IOSV,10,5,-0.0377,0.4988,0.8571,12,वेंकैया ने संसदीय बोर्ड और केंद्रीय चुनाव समिति को दोबारा तैयार किया है ।,2.4,0.0,-8.6965,-7.0455,-3.7725,-8.7545,-2.8493,1
train-s5004,वेंकैया ने पार्टी के कुछ मोरचों में नए अध्यक्ष नियुक्त किए हैं ।,SOV,13,23,0.088,0.4472,0.6,6,वहीं शाहनवाज हुसैन को सचिव का दर्जा मिला है ।,-3.1304,0.0,-15.1701,-17.0207,-13.1281,-15.1701,-3.912,1
train-s5009,छह आईआईएम संस्थानों के निदेशकों ने फीस कटौती पर चार माह से जारी विवाद को विराम देते हुए रविवार को फीस ढांचे पर एक साझा प्रस्ताव तैयार किया ।,SOV,29,99,0.0837,0.5233,0.5385,7,वेंकैया ने पार्टी के कुछ मोरचों में नए अध्यक्ष नियुक्त किए हैं ।,-21.6566,0.0,-10.4107,-9.4402,-11.1326,-11.2405,-6.5654,1
train-s5010,इस प्रस्ताव को वह आगामी ८ जून को केंद्रीय मानव संसाधन विकास मंत्रालय के समक्ष रखेंगे ।,DOSV,17,23,-0.0532,0.4879,0.6207,18,छह आईआईएम संस्थानों के निदेशकों ने फीस कटौती पर चार माह से जारी विवाद को विराम देते हुए रविवार को फीस ढांचे पर एक साझा प्रस्ताव तैयार किया ।,7.8261,-1.0435,-7.5459,-1.9677,-1.3946,-7.423,0.1953,1
train-s5011,"भाजपा नीत सरकार द्वारा फीस १५०,००० से ३०,००० करने पर उपजे विवाद का कोई सर्वसम्मत हल निकालने के लिए छहों आईआईएम (भारतीय प्रबंधन संस्थान) के निदेशकों ने यहां पांच घंटे तक बैठक की ।",SOV,36,99,0.1136,0.4844,0.6471,11,इस प्रस्ताव को वह आगामी ८ जून को केंद्रीय मानव संसाधन विकास मंत्रालय के समक्ष रखेंगे ।,-42.9798,0.0202,-8.2284,-8.8661,-8.2085,-7.3824,-2.9952,1
train-s5012,उन्होंने जरूरतमंद छात्रों के लिए वजीफे देने का भी प्रस्ताव पारित किया ।,SOV,13,5,0.0179,0.485,0.5,18,"भाजपा नीत सरकार द्वारा फीस १५०,००० से ३०,००० करने पर उपजे विवाद का कोई सर्वसम्मत हल निकालने के लिए छहों आईआईएम (भारतीय प्रबंधन संस्थान) के निदेशकों ने यहां पांच घंटे तक बैठक की ।",0.0,1.2,-16.19,-12.3444,-10.835,-16.2579,-4.4201,1
train-s5016,ढोलकिया ने स्वायत्तता और फीस कटौती के समाधान के बारे में किसी सवाल का जवाब देने से इनकार कर दिया ।,SOV,21,23,0.0382,0.5216,0.3846,5,उन्होंने जरूरतमंद छात्रों के लिए वजीफे देने का भी प्रस्ताव पारित किया ।,-3.1304,0.0,-26.3471,-22.9653,-22.4266,-26.3471,-7.8808,1
train-s5020,"केंद्र सरकार ने सार्वजनिक क्षेत्र के उपक्रमों ""पीएसयू"" के कर्मचारियों के मूल वेतन में महंगाई भत्ते (डीए) का विलय करने का प्रस्ताव रखा है ।",SOV,29,1,-0.0418,0.486,0.7143,15,ढोलकिया ने स्वायत्तता और फीस कटौती के समाधान के बारे में किसी सवाल का जवाब देने से इनकार कर दिया ।,20.0,0.0,-14.0215,-4.4078,0.8649,-14.0215,-4.2483,1
train-s5031,बुधवार को उसी लंबित याचिका पर सुनवाई के समय वरिष्ठ वकील पी एन लेखी ने बताया कि राष्ट्रपति कलाम ने याचिका संबंधी कोर्ट के दस्तावेज मंगवाए थे ।,SOV,28,23,0.085,0.5128,0.5862,17,"केंद्र सरकार ने सार्वजनिक क्षेत्र के उपक्रमों ""पीएसयू"" के कर्मचारियों के मूल वेतन में महंगाई भत्ते (डीए) का विलय करने का प्रस्ताव रखा है ।",5.7391,0.0,-11.5487,-2.4691,-5.359,-11.5525,0.1046,1
train-s5049,फातिमा बेगम ने आंखों में खुशी के आंसू लिए हुए इस संवाददाता से बातचीत करते हुए कहा कि यह उनके लिए अविश्वसनीय घटना लग रही है ।,SOV,27,5,-0.0619,0.5564,0.5714,16,बुधवार को उसी लंबित याचिका पर सुनवाई के समय वरिष्ठ वकील पी एन लेखी ने बताया कि राष्ट्रपति कलाम ने याचिका संबंधी कोर्ट के दस्तावेज मंगवाए थे ।,3.6,0.0,-2.2233,-4.9959,-0.796,-2.2231,-0.5779,1
train-s5063,पोटा कानून को पिछली राजग सरकार ने आतंकवाद से निपटने व आतंकी गतिविधियों पर लगाम के लिए लागू किया था ।,DOSV,21,23,0.0252,0.545,0.6296,17,फातिमा बेगम ने आंखों में खुशी के आंसू लिए हुए इस संवाददाता से बातचीत करते हुए कहा कि यह उनके लिए अविश्वसनीय घटना लग रही है ।,0.0,0.0,-6.4794,-5.7276,-7.1202,-6.4711,-6.1431,1
train-s5067,श्रीलंका में शांति प्रक्रिया में भारत की भूमिका के बारे में पूछे गए सवाल के जवाब में मुखर्जी ने कहा कि वहां के विदेश मंत्री लक्ष्मण कादीरगमर ने उनके साथ मुलाकात के दौरान कुछ प्रस्ताव रखे थे ।,SOV,38,99,-0.0935,0.5405,0.5714,12,पोटा कानून को पिछली राजग सरकार ने आतंकवाद से निपटने व आतंकी गतिविधियों पर लगाम के लिए लागू किया था ।,2.9293,0.0,-25.4341,-10.7836,-12.5184,-25.4344,-3.7111,1
train-s507,"यात्रियों के ठहरने के लिए यमनोत्री और इसके पूरे मार्ग पर यात्री विश्रामगृह, निजी विश्रामगृह और धर्मशालाएँ उपलब्‍ध हैं ।",SOV,21,23,0.0938,0.4441,0.5789,11,यहाँ आने वाले श्रद्धालु इस कुंड में आलू और चावल उबालकर उसका भोग यमुना देवी को लगाते हैं ।,-5.7391,0.0,-5.387,1.3003,0.2311,-5.1721,-0.0917,1
train-s5087,उन्हें सात - आठ दिन का समय माहौल से सामंजस्य बैठाने के लिए देना जरूरी था ।,SOV,17,5,-0.0049,0.4477,0.6471,11,"जबकि, थलसेना को कारगिल जैसी परिस्थितियों में कम से कम दो सप्ताह का समय चाहिए ।",0.0,1.2,-10.976,-8.9209,-9.2505,-11.2846,-3.6204,1
train-s5090,सैनिकों को पानी भी ढोना पड़ा ।,SOV,7,1,0.2076,0.4072,0.5882,10,उन्हें सात - आठ दिन का समय माहौल से सामंजस्य बैठाने के लिए देना जरूरी था ।,0.0,0.0,-4.4984,-0.182,-0.5312,-4.4984,-0.7807,1
train-s5105,पूर्व उप प्रधानमंत्री चौधरी देवीलाल को पांचवी पुण्यतिथि पर बृहस्पतिवार को इंडियन नेशनल लोकदल के नेताओं ने भावभीनी श्रद्धांजलि दी ।,IOSV,21,99,-0.069,0.5312,0.7143,5,सैनिकों को पानी भी ढोना पड़ा ।,-4.6869,0.0,-9.8251,-8.3518,-12.2549,-8.8138,-1.3292,1
train-s5106,इनेलो के अध्यक्ष और हरियाणा के पूर्व मुख्यमंत्री ओम प्रकाश चौटाला ने उनकी समाधि संघर्ष स्थल पर जाकर श्रद्धांजलि अर्पित की ।,SOV,22,23,-0.0801,0.5307,0.381,8,पूर्व उप प्रधानमंत्री चौधरी देवीलाल को पांचवी पुण्यतिथि पर बृहस्पतिवार को इंडियन नेशनल लोकदल के नेताओं ने भावभीनी श्रद्धांजलि दी ।,-19.8261,0.0,-29.2932,-25.944,-25.727,-23.3084,-3.5899,1
train-s5112,खुद को अलग - थलग किए जाने से नाराज चल रहीं भट्ठल ने बुधवार दोपहर कांग्रेस अध्यक्ष सोनिया गांधी के समक्ष अपना पक्ष रखा ।,SOV,25,23,-0.0584,0.5272,0.5455,12,इनेलो के अध्यक्ष और हरियाणा के पूर्व मुख्यमंत्री ओम प्रकाश चौटाला ने उनकी समाधि संघर्ष स्थल पर जाकर श्रद्धांजलि अर्पित की ।,-15.1304,0.0,-13.8938,-8.8551,-8.5195,-13.5612,-2.6801,1
train-s5113,हालांकि उन्होंने मुलाकात के बारे में आगे कुछ भी कहने से इनकार कर दिया ।,SOV,15,23,-0.0753,0.5221,0.56,14,खुद को अलग - थलग किए जाने से नाराज चल रहीं भट्ठल ने बुधवार दोपहर कांग्रेस अध्यक्ष सोनिया गांधी के समक्ष अपना पक्ष रखा ।,4.1739,-1.0435,-31.1988,-25.3033,-21.6128,-31.1875,-12.0064,1
train-s5127,इसके लिए गिरोह के लोग सीनियर शिक्षकों को धमकी तक देते हैं ।,SOV,13,23,0.015,0.5313,0.6,9,हालांकि उन्होंने मुलाकात के बारे में आगे कुछ भी कहने से इनकार कर दिया ।,0.0,1.0435,1.7587,-4.1293,-3.8138,1.7477,-3.6673,1
train-s5133,मेडिकल विश्वविद्यालय में शिक्षकों को मिलने वाली धमकी व उनके साथ बढ़ती अभद्रता की घटनाओं की जांच करने के लिए डेढ़ माह पूर्व कुलपति ने मेडीसिन विभाग के विभागाध्यक्ष प्रो. सी. जी. अग्रवाल के नेतृत्व में १५ सदस्यीय एक उच्च स्तरीय जांच कमेटी गठित की थी ।,SOV,47,99,-0.0863,0.5353,0.4615,6,इसके लिए गिरोह के लोग सीनियर शिक्षकों को धमकी तक देते हैं ।,-35.3232,0.0,-13.5803,-19.8679,-17.6138,-13.5803,-4.0057,1
train-s5138,ये सीनियर छात्र परीक्षा के बाद उनके बताए छात्र को अच्छे नंबर देने के लिए शिक्षकों को धमकाते हैं ।,SOV,20,23,0.0722,0.5047,0.5319,25,मेडिकल विश्वविद्यालय में शिक्षकों को मिलने वाली धमकी व उनके साथ बढ़ती अभद्रता की घटनाओं की जांच करने के लिए डेढ़ माह पूर्व कुलपति ने मेडीसिन विभाग के विभागाध्यक्ष प्रो. सी. जी. अग्रवाल के नेतृत्व में १५ सदस्यीय एक उच्च स्तरीय जांच कमेटी गठित की थी ।,1.5652,0.0,-2.2192,-0.7271,0.0416,-1.2337,-3.5121,1
train-s5141,"इस गिरोह के लोगों ने हाल ही में एनाटॉमी विभाग के विभागाध्यक्ष प्रो. ए. के. सहाय को माफिया डॉन बबलू श्रीवास्तव के नाम पर घर में घुस कर धमकाया था, जिससे भयभीत हो कर डा. सहाय शहर छोड़ कर मुम्बई चले गए हैं ।",SOV,45,99,0.0166,0.4403,0.45,9,ये सीनियर छात्र परीक्षा के बाद उनके बताए छात्र को अच्छे नंबर देने के लिए शिक्षकों को धमकाते हैं ।,1.8788,0.0,0.74,-1.5256,-4.4787,0.74,-1.6704,1
train-s5147,बिजली की कौंध और झमाझम बारिश के बीच मेहता ने अपनी फिल्म 'द राइजिंग' के कई सीन शूट किए ।,SOV,22,23,-0.0562,0.5167,0.5778,26,"इस गिरोह के लोगों ने हाल ही में एनाटॉमी विभाग के विभागाध्यक्ष प्रो. ए. के. सहाय को माफिया डॉन बबलू श्रीवास्तव के नाम पर घर में घुस कर धमकाया था, जिससे भयभीत हो कर डा. सहाय शहर छोड़ कर मुम्बई चले गए हैं ।",-7.3043,0.0,-9.1561,-9.1287,-8.9179,-9.0156,-0.9427,1
train-s5157,उन्होंने आमिर के साथ फोटो भी खिंचवाए ।,SOV,8,5,-0.0295,0.4944,0.4545,10,बिजली की कौंध और झमाझम बारिश के बीच मेहता ने अपनी फिल्म 'द राइजिंग' के कई सीन शूट किए ।,1.2,1.2,-6.1997,-2.7782,-5.2636,-6.0902,-3.4243,1
train-s5160,अमीन भाई के साथ आमिर ने केक काटा और यूनिट के सदस्यों ने अमीन को जन्मदिन की शुभकामनाएं दीं ।,SOV,20,5,0.1047,0.4766,0.5,4,उन्होंने आमिर के साथ फोटो भी खिंचवाए ।,-3.6,0.0,3.0246,-2.5614,-2.2172,0.2522,-1.1215,1
train-s5162,यूनिट के करीब सौ सदस्यों ने उन्हें बधाई दी ।,SOV,10,5,0.0279,0.5003,0.6,12,अमीन भाई के साथ आमिर ने केक काटा और यूनिट के सदस्यों ने अमीन को जन्मदिन की शुभकामनाएं दीं ।,-6.0,-1.2,-20.0331,-13.7742,-11.3189,-17.3279,-2.5179,1
train-s5168,आमिर खान ने यहां दर्शकों के साथ फोटो खिंचवाई ।,SOV,10,23,0.0058,0.5794,0.5,5,यूनिट के करीब सौ सदस्यों ने उन्हें बधाई दी ।,-2.087,-1.0435,-21.822,-8.3597,-7.0204,-22.542,-3.4079,1
train-s5169,आमिर ने पास खड़े एक फोटोग्राफर को बुलाया और महिला के साथ फोटो खींचने तथा महिला को फोटो देने को कहा ।,SOV,22,1,-0.0614,0.5003,0.5,5,आमिर खान ने यहां दर्शकों के साथ फोटो खिंचवाई ।,3.0,0.0,-9.4275,-4.7434,-4.8899,-4.8347,-3.9501,1
train-s5190,हिंदी फिल्मों के दीवाने इराकी कबाइली नेता दुलइमी ने अंग्रेजी साप्ताहिक 'आउटलुक' से बातचीत में कहा कि अगर बॉलीवुड के सितारे बंधकों की रिहाई की अपील करें तो अपहर्ताओं पर इसका सकारात्मक असर पड़ेगा ।,SOV,37,5,0.1665,0.4775,0.6818,15,आमिर ने पास खड़े एक फोटोग्राफर को बुलाया और महिला के साथ फोटो खींचने तथा महिला को फोटो देने को कहा ।,-8.4,0.0,-7.5738,0.1519,-1.5464,-7.2913,-0.2867,1
train-s5192,उन्होंने तो यहां तक कहा कि अगर वे खुद मुझे फोन करें तो बंधक आज ही रिहा कर दिए जाएंगे ।,SOV,21,1,0.221,0.532,0.4865,18,हिंदी फिल्मों के दीवाने इराकी कबाइली नेता दुलइमी ने अंग्रेजी साप्ताहिक 'आउटलुक' से बातचीत में कहा कि अगर बॉलीवुड के सितारे बंधकों की रिहाई की अपील करें तो अपहर्ताओं पर इसका सकारात्मक असर पड़ेगा ।,0.0,0.0,-19.2608,1.1611,-0.6217,-19.1862,0.1501,1
train-s5197,अपहर्ता उनके परिवार वालों के लिए क्षतिपूर्ति चाहते हैं ।,SOV,10,5,0.0613,0.5444,0.5238,11,उन्होंने तो यहां तक कहा कि अगर वे खुद मुझे फोन करें तो बंधक आज ही रिहा कर दिए जाएंगे ।,0.0,0.0,-5.107,-5.7301,-7.2471,-5.107,0.6743,1
train-s5202,यहां वे एक क्षेत्रीय सम्मेलन में हिस्सा लेने के साथ ही पाकिस्तानी नेताओं से बातचीत करेंगे ।,SOV,17,99,0.2606,0.4967,0.4,4,अपहर्ता उनके परिवार वालों के लिए क्षतिपूर्ति चाहते हैं ।,0.9899,0.0,-19.5533,-11.8042,-11.9968,-19.321,-5.4655,1
train-s5203,यह जानकारी सोमवार को एक अधिकारी ने दी ।,DOSV,9,5,0.1567,0.5132,0.6471,11,यहां वे एक क्षेत्रीय सम्मेलन में हिस्सा लेने के साथ ही पाकिस्तानी नेताओं से बातचीत करेंगे ।,1.2,0.0,2.8173,5.9514,5.793,1.3741,1.4096,1
train-s5204,कार्यक्रम के अनुसार सिंह २० और २१ जुलाई को इस्लामाबाद में सार्क देशों के विदेश मंत्रियों की बैठक में हिस्सा लेंगे ।,SOV,22,99,-0.0292,0.4857,0.6667,6,यह जानकारी सोमवार को एक अधिकारी ने दी ।,4.6869,0.0,-19.4377,-14.2634,-12.8653,-19.4245,-3.7942,1
train-s5210,बिहार में राष्ट्रपति शासन लगने के बाद विभिन्न राजनीतिक दलों ने अपनी रणनीति पर नए सिरे से विचार शुरू कर दिया है ।,SOV,23,99,0.1825,0.5035,0.5909,13,कार्यक्रम के अनुसार सिंह २० और २१ जुलाई को इस्लामाबाद में सार्क देशों के विदेश मंत्रियों की बैठक में हिस्सा लेंगे ।,-20.6061,0.0,-34.3211,-24.5521,-24.853,-34.295,-7.514,1
train-s5211,"भाजपा, जनता दल (यू) और लालू प्रसाद यादव राष्ट्रपति शासन के लिए लोक जनशक्ति पार्टी के नेता राम विलास पासवान को दोषी ठहरा रहे हैं ।",SOV,29,23,0.1085,0.5361,0.7391,17,बिहार में राष्ट्रपति शासन लगने के बाद विभिन्न राजनीतिक दलों ने अपनी रणनीति पर नए सिरे से विचार शुरू कर दिया है ।,-13.0435,0.0,-17.9783,-9.6696,-7.3449,-21.6766,-1.395,1
train-s5214,लेकिन बूटा सिंह वास्तव में क्या करेंगे यह कांग्रेसी ही जानते हैं ।,SOV,13,23,0.0702,0.5122,0.3793,11,"भाजपा, जनता दल (यू) और लालू प्रसाद यादव राष्ट्रपति शासन के लिए लोक जनशक्ति पार्टी के नेता राम विलास पासवान को दोषी ठहरा रहे हैं ।",0.0,0.0,-3.5215,-1.2598,-0.9728,-3.5215,-4.0287,1
train-s5217,दूसरे उन्होंने कुछ कानूनविदों से सलाह ली और एक प्रतिवेदन लेकर दिल्ली आए थे ।,SOV,15,23,0.0745,0.518,0.5385,7,लेकिन बूटा सिंह वास्तव में क्या करेंगे यह कांग्रेसी ही जानते हैं ।,1.0435,-1.0435,-14.5038,-8.2326,-8.7449,-14.5038,-2.2894,1
train-s5229,राष्ट्रपति शासन में वह अपने २५ सांसदों की ताकत के बूते पर कांग्रेस से अपनी बात मनवाते रहेंगे ।,SOV,19,99,-0.0047,0.468,0.4,6,दूसरे उन्होंने कुछ कानूनविदों से सलाह ली और एक प्रतिवेदन लेकर दिल्ली आए थे ।,-0.9899,-1.0303,-6.9023,-0.9463,-3.088,-6.8388,-2.5391,1
train-s5230,भाजपा के एक नेता ने लालू की केंद्र सरकार पर असर का उदाहरण देते हुए कहा कि आठ महीने पहले रेलवे बोर्ड में एक मेंबर स्टाफ का पद खाली हुआ था ।,SOV,32,1,0.2295,0.5344,0.6316,12,राष्ट्रपति शासन में वह अपने २५ सांसदों की ताकत के बूते पर कांग्रेस से अपनी बात मनवाते रहेंगे ।,5.0,0.0,0.6549,-5.8366,-3.4045,0.6891,-0.1404,1
train-s5231,लालू यादव ने इसके लिए जिसका नाम भेजा उसे नियुक्ति संबंधी कैबिनेट की समिति ने नामंजूर कर दिया ।,DOSV,19,5,0.074,0.4726,0.6562,21,भाजपा के एक नेता ने लालू की केंद्र सरकार पर असर का उदाहरण देते हुए कहा कि आठ महीने पहले रेलवे बोर्ड में एक मेंबर स्टाफ का पद खाली हुआ था ।,-9.6,1.2,-13.9415,-10.5173,-7.6734,-11.3104,-3.2351,1
train-s5232,लेकिन हाल ही में उन्होंने कैबिनेट कमेटी के फैसले को बदलवा लिया ।,SOV,13,23,-0.0914,0.5057,0.3684,7,लालू यादव ने इसके लिए जिसका नाम भेजा उसे नियुक्ति संबंधी कैबिनेट की समिति ने नामंजूर कर दिया ।,5.2174,0.0,-9.9554,-9.3879,-7.3624,-10.2789,-5.7446,1
train-s5234,भाजपा - जनता दल यू ने अब पासवान की आस छोड़ दी है ।,SOV,14,5,0.0914,0.4622,0.3846,5,लेकिन हाल ही में उन्होंने कैबिनेट कमेटी के फैसले को बदलवा लिया ।,-3.6,-1.2,-4.3754,-1.4561,-3.632,-4.3754,-4.0892,1
train-s5251,छत्तीसगढ़ में हाल के नक्सली हमले में मारे गए नागालैंड सशस्त्र पुलिस के जवानों के परिजनों को राज्य सरकार ने भी ५ लाख रुपये देने की घोषणा की है ।,IOSV,30,23,-0.218,0.4387,0.5,7,भाजपा - जनता दल यू ने अब पासवान की आस छोड़ दी है ।,0.5217,0.0,-9.9107,-18.4688,-16.0528,-8.5772,-5.2463,1
train-s5257,बिहार की जेलों से चलाई जा रही अपराधिक गतिविधियां रोक पाने में नाकाम रहने पर पटना हाईकोर्ट ने बुधवार को राज्य सरकार को कड़ी फटकार लगाई ।,SOV,27,99,-0.0174,0.491,0.6333,19,छत्तीसगढ़ में हाल के नक्सली हमले में मारे गए नागालैंड सशस्त्र पुलिस के जवानों के परिजनों को राज्य सरकार ने भी ५ लाख रुपये देने की घोषणा की है ।,-26.1818,0.0,-15.8133,-11.8954,-11.8071,-16.1197,-4.3175,1
train-s5266,"इंडियन मेडिकल एसोसिएशन द्वारा दायर एक जनहित याचिका पर सुनवाई करते हुए कोर्ट ने राज्य के मुख्य सचिव, पुलिस महानिदेशक, गृह सचिव और आईजी जेल से राज्य की जेलों में तत्काल तलाशी शुरू कराने का आदेश दिया था ।",SOV,41,99,-0.1641,0.563,0.5556,15,बिहार की जेलों से चलाई जा रही अपराधिक गतिविधियां रोक पाने में नाकाम रहने पर पटना हाईकोर्ट ने बुधवार को राज्य सरकार को कड़ी फटकार लगाई ।,-31.1919,0.0,-14.5567,-15.4338,-13.6486,-13.0876,-5.0944,1
train-s5270,"इसके साथ ही अदालत ने पटना, मुजफ्फरपुर, गया, भागलपुर, और बक्सर जेलों की सुरक्षा के लिए सीआईएसएफ तैनात करने के लिए राज्य सरकार को केंद्र सरकार से अनुरोध करने को कहा है ।",SOV,37,99,0.0087,0.5305,0.561,23,"इंडियन मेडिकल एसोसिएशन द्वारा दायर एक जनहित याचिका पर सुनवाई करते हुए कोर्ट ने राज्य के मुख्य सचिव, पुलिस महानिदेशक, गृह सचिव और आईजी जेल से राज्य की जेलों में तत्काल तलाशी शुरू कराने का आदेश दिया था ।",14.9293,1.0202,-15.9814,-2.3334,-3.7702,-16.0045,-3.3696,1
train-s5274,"डब्ल्यूएचओ और यूनीसेफ के विशेषज्ञों ने चेतावनी दी है कि अगर इस माह होने वाले राउंड में बच्चे फिर दवा पीने से छूटे तो अगस्त - सितम्बर में महामारी सिर उठा सकती है, क्योंकि संक्रमण का सबसे ज्यादा खतरा मानसून के बाद होता है ।",SOV,46,1,0.0062,0.4797,0.5405,20,"इसके साथ ही अदालत ने पटना, मुजफ्फरपुर, गया, भागलपुर, और बक्सर जेलों की सुरक्षा के लिए सीआईएसएफ तैनात करने के लिए राज्य सरकार को केंद्र सरकार से अनुरोध करने को कहा है ।",-5.0,0.0,-16.6175,-20.8124,-20.8915,-16.94,-1.2184,1
train-s5280,"पोलियो कार्यक्रम के प्रभारी और डब्ल्यूएचओ विशेषज्ञ डॉ शोबन सरकार के अनुसार फिरोजाबाद में पोलियो रोगियों का मिलना गंभीर चिंता का विषय है, क्योंकि पिछले दो - तीन सालों से जिला शून्य स्तर कायम किये हुए था ।",SOV,39,5,-0.0061,0.5524,0.6522,30,"डब्ल्यूएचओ और यूनीसेफ के विशेषज्ञों ने चेतावनी दी है कि अगर इस माह होने वाले राउंड में बच्चे फिर दवा पीने से छूटे तो अगस्त - सितम्बर में महामारी सिर उठा सकती है, क्योंकि संक्रमण का सबसे ज्यादा खतरा मानसून के बाद होता है ।",-9.6,0.0,-11.7868,1.1691,-1.5538,-11.5393,-2.3312,1
train-s5292,डॉ सरकार के अनुसार इन दो बड़े राज्यों की मुस्लिम जनता में दवा को लेकर भ्रम फैलना गंभीर चिंता का विषय है ।,SOV,23,5,-0.0197,0.4544,0.641,25,"पोलियो कार्यक्रम के प्रभारी और डब्ल्यूएचओ विशेषज्ञ डॉ शोबन सरकार के अनुसार फिरोजाबाद में पोलियो रोगियों का मिलना गंभीर चिंता का विषय है, क्योंकि पिछले दो - तीन सालों से जिला शून्य स्तर कायम किये हुए था ।",0.0,0.0,-12.9615,-9.9046,-6.8013,-11.0365,-2.9059,1
train-s5298,शुक्रवार को लंदन में मेट्रोपोलिटन पुलिस कमिश्नर इयान ब्लेयर ने भी यही खतरा दोहराया ।,SOV,15,23,0.0193,0.4937,0.6957,16,डॉ सरकार के अनुसार इन दो बड़े राज्यों की मुस्लिम जनता में दवा को लेकर भ्रम फैलना गंभीर चिंता का विषय है ।,2.6087,0.0,-2.1082,-0.4041,-1.6698,-1.011,-1.8384,1
train-s53,लक्ष्मीनारायण मंदिर और राजमहल की दीवारें और छतों की कलात्मकता यहाँ की समृद्धि की कहानी कहतीं हैं ।,SOV,18,1,0.1551,0.5181,0.3684,7,16 से 17वीं शताब्दी में बुंदेला शासकों द्वारा बनवाई गई ये इमारतें प्राचीन वैभव को बयाँ करती हैं ।,-5.0,0.0,2.179,-11.5184,-5.2693,2.179,1.2375,1
train-s531,यह शहर सात पहाड़ों तथा अनेक फ्यूर्ड से घिरा है ।,SOV,11,1,-0.0401,0.5071,0.4286,9,"यात्रियों के ठहरने के लिए यमनोत्री और इसके पूरे मार्ग पर यात्री विश्रामगृह, निजी विश्रामगृह और धर्मशालाएँ उपलब्‍ध हैं ।",4.0,0.0,-11.0728,-0.6633,-2.0813,-11.0728,-0.7163,1
train-s5319,वार्ता के बाद ब्लेयर ने इसे बहुत ही अच्छा करार दिया ।,SOV,12,23,-0.1885,0.6062,0.5333,8,शुक्रवार को लंदन में मेट्रोपोलिटन पुलिस कमिश्नर इयान ब्लेयर ने भी यही खतरा दोहराया ।,1.0435,0.0,-23.6029,-15.6255,-13.3909,-20.0921,-5.2195,1
train-s5321,बाद में ब्लेयर ने अपने भारत दौरे की समाप्ति पर मनमोहन के साथ नई दिल्ली में एक संयुक्त संवाददाता सम्मेलन को संबोधित किया ।,SOV,24,99,-0.0169,0.5037,0.75,9,वार्ता के बाद ब्लेयर ने इसे बहुत ही अच्छा करार दिया ।,-0.4343,0.0,-26.5914,-23.9156,-23.1752,-23.6084,-7.0162,1
train-s5326,ये लोग इस्लाम को विकृत कर रहे हैं ।,SOV,9,5,0.045,0.5188,0.7083,17,बाद में ब्लेयर ने अपने भारत दौरे की समाप्ति पर मनमोहन के साथ नई दिल्ली में एक संयुक्त संवाददाता सम्मेलन को संबोधित किया ।,-1.2,0.0,-13.5669,-8.8082,-9.0442,-13.6013,-1.7157,1
train-s534,"यहाँ गीत गाते हैं, पत्‍थर भी... ।",UNKNOWN,8,1,0.1676,0.4871,0.7273,8,यह शहर सात पहाड़ों तथा अनेक फ्यूर्ड से घिरा है ।,0.0,2.0,-15.3938,0.4685,-1.0881,-15.3938,-2.4322,1
train-s5340,सिंह ने रीगन को विश्व हस्ती और भारत का मित्र बताया ।,SOV,12,5,-0.2093,0.5196,0.4444,4,ये लोग इस्लाम को विकृत कर रहे हैं ।,4.8,0.0,-0.361,-4.4084,-5.6097,3.1882,-2.8523,1
train-s5344,उन्होंने दो बड़े लोकतांत्रिक देशों के संबंधों को मजबूती प्रदान करने में काफी योगदान दिया ।,SOV,16,5,-0.077,0.5445,0.5,6,सिंह ने रीगन को विश्व हस्ती और भारत का मित्र बताया ।,1.2,1.2,-19.2326,-8.4392,-8.0911,-19.6934,-4.8523,1
train-s5345,सिंह ने रीगन के परिवार और अमेरिका के लोगों के प्रति अपनी संवेदनाएं प्रकट की ।,SOV,16,23,0.2451,0.4987,0.5625,9,उन्होंने दो बड़े लोकतांत्रिक देशों के संबंधों को मजबूती प्रदान करने में काफी योगदान दिया ।,-5.2174,0.0,-17.7646,-15.1021,-14.9423,-21.0476,-4.3089,1
train-s5346,अमेरिका ने भारत को पैट्रियॅट पैक - २ एंटी - मिसाइल प्रणाली समेत तमाम अत्याधुनिक हथियार देने की पेशकश की है ।,SOV,22,5,0.0848,0.5042,0.8125,13,सिंह ने रीगन के परिवार और अमेरिका के लोगों के प्रति अपनी संवेदनाएं प्रकट की ।,15.6,0.0,-17.4319,-14.1021,-12.6181,-12.9115,-4.2598,1
train-s5356,चूंकि यह दोनों ही किस्म के विमान आधुनिक तकनीकों पर खरे उतरने के बावजूद काफी सस्ते हैं ।,SOV,18,23,-0.1177,0.5445,0.5,11,अमेरिका ने भारत को पैट्रियॅट पैक - २ एंटी - मिसाइल प्रणाली समेत तमाम अत्याधुनिक हथियार देने की पेशकश की है ।,2.087,0.0,-5.393,-2.8492,-3.4489,-5.3598,-5.0007,1
train-s5358,भारतीय वायुसेना की इच्छा पर संयुक्त अभ्यासों में एफ - १६ व हवाई पूर्व चेतावनी वाले विमानों को भी शामिल करने की इच्छा पूरी होने के संदर्भ में अमरीकी अधिकारियों ने कहा कि पश्चिम बंगाल में कलाइकुंडा बेस पर नवंबर में अभ्यास होना है ।,SOV,45,1,-0.0391,0.526,0.5,9,चूंकि यह दोनों ही किस्म के विमान आधुनिक तकनीकों पर खरे उतरने के बावजूद काफी सस्ते हैं ।,-25.0,0.0,-3.7844,1.8197,0.1255,-3.7844,-2.2528,1
train-s5359,अमरीकी संसद ने ११ सितंबर के हमले की जांच कमीशन की रिपोर्ट पर सभी १५ एजेंसियों से समन्वय बनाने वाले इंटेलीजेंस बिल को पास कर दिया है ।,SOV,28,23,0.1621,0.5062,0.6222,28,भारतीय वायुसेना की इच्छा पर संयुक्त अभ्यासों में एफ - १६ व हवाई पूर्व चेतावनी वाले विमानों को भी शामिल करने की इच्छा पूरी होने के संदर्भ में अमरीकी अधिकारियों ने कहा कि पश्चिम बंगाल में कलाइकुंडा बेस पर नवंबर में अभ्यास होना है ।,-3.1304,0.0,-15.4892,-7.8048,-6.0005,-14.1625,-2.8446,1
train-s5366,प्रमुख उद्योग चैंबर एसोचैम द्वारा एफबीटी पर आयोजित सम्मेलन को संबोधित करते हुए शोम ने कहा कि एफबीटी से संबंधित विसंगतियों के चलते बड़ी संख्या में नियोक्ताओं ने अपने कर्मचारियों पर इसका बोझ डाल दिया है ।,SOV,37,1,0.0769,0.4971,0.5714,16,अमरीकी संसद ने ११ सितंबर के हमले की जांच कमीशन की रिपोर्ट पर सभी १५ एजेंसियों से समन्वय बनाने वाले इंटेलीजेंस बिल को पास कर दिया है ।,-11.0,0.0,-2.5564,4.4635,0.485,-2.558,0.4317,1
train-s5379,वित्त मंत्रालय ने इस संबंध में तकनीकी व्यवस्था पूरी कर ली है ।,SOV,13,23,-0.081,0.5581,0.4865,18,प्रमुख उद्योग चैंबर एसोचैम द्वारा एफबीटी पर आयोजित सम्मेलन को संबोधित करते हुए शोम ने कहा कि एफबीटी से संबंधित विसंगतियों के चलते बड़ी संख्या में नियोक्ताओं ने अपने कर्मचारियों पर इसका बोझ डाल दिया है ।,-3.6522,0.0,-18.9725,-13.154,-11.3125,-18.9725,-5.3144,1
train-s5384,इस धारा के मुताबिक निर्दिष्ट एजेंसियां नियमित अंतराल पर उच्च मूल्य वाले वित्तीय कारोबार की सूचना सरकार को देंगी ।,SOV,20,99,0.0684,0.4678,0.9231,12,वित्त मंत्रालय ने इस संबंध में तकनीकी व्यवस्था पूरी कर ली है ।,1.3939,0.0,-0.4469,-1.8728,-0.1121,0.0086,-0.5866,1
train-s5386,टैक्स इन्फार्मेशन नेटवर्क इन आंकड़ों का संग्रह कर आयकर विभाग को भेज देगा ।,SOV,14,5,0.0179,0.4935,0.65,13,इस धारा के मुताबिक निर्दिष्ट एजेंसियां नियमित अंतराल पर उच्च मूल्य वाले वित्तीय कारोबार की सूचना सरकार को देंगी ।,0.0,0.0,-4.6357,-6.6867,-6.0944,-4.6357,0.4513,1
train-s5390,एलआईसीएचएफ के निदेशक और मुख्य कार्यकारी एस. के. माथुर ने बुधवार को कहा कि कंपनी ने अपनी बॉटमलाइन दरों की सुरक्षा के लिए होम लोन की ब्याज दरों में ०.५ प्रतिशत की वृद्धि की है ।,SOV,36,1,0.1536,0.4258,0.4286,6,टैक्स इन्फार्मेशन नेटवर्क इन आंकड़ों का संग्रह कर आयकर विभाग को भेज देगा ।,-8.0,0.0,-2.1264,-6.022,-6.3622,-2.1251,0.0114,1
train-s5393,दूसरी तरफ आईसीआईसीआई बैंक के रिटेल बैंकिंग प्रमुख वी. वैद्यनाथन ने कहा कि होम लोन में प्रस्तावित बढ़ोतरी चालू वित्त वर्ष के अंत तक कभी भी की जा सकती है ।,SOV,31,1,0.1181,0.4819,0.5556,20,एलआईसीएचएफ के निदेशक और मुख्य कार्यकारी एस. के. माथुर ने बुधवार को कहा कि कंपनी ने अपनी बॉटमलाइन दरों की सुरक्षा के लिए होम लोन की ब्याज दरों में ०.५ प्रतिशत की वृद्धि की है ।,7.0,0.0,-15.687,-7.7829,-8.974,-11.834,-1.1501,1
train-s54,यह महल राजा बीर सिंह जूदेव ने 17वीं शताब्दी में जहाँगीर के ओरछा आने के पहले बनवाया था ।,DOSV,19,23,0.2014,0.4289,0.6111,11,लक्ष्मीनारायण मंदिर और राजमहल की दीवारें और छतों की कलात्मकता यहाँ की समृद्धि की कहानी कहतीं हैं ।,5.2174,0.0,7.554,6.6536,6.4658,7.554,0.5427,1
train-s5403,इसके विकल्प के तौर पर हम लोग 'वीजा - ऑन - लाइन' की मंजूरी के लिए संबंधित मंत्रालयों से बातचीत करेंगे ।,SOV,24,99,-0.0035,0.4473,0.5909,13,"बहरहाल, विभिन्न देशों में कर्मचारियों की कमी और अन्य कारणों से केवल कुछ सैकड़ों को ही वीजा मंजूरी मिलती है ।",-6.303,0.0,-14.1926,-9.5756,-9.5758,-13.7283,-4.1237,1
train-s5408,बाद में कांचीपुरम के ज्यूडिशयल मजिस्ट्रेट ने उन्हें १० दिसंबर तक न्यायिक हिरासत पर भेज दिया था ।,SOV,18,99,0.1097,0.4932,0.375,9,इसके विकल्प के तौर पर हम लोग 'वीजा - ऑन - लाइन' की मंजूरी के लिए संबंधित मंत्रालयों से बातचीत करेंगे ।,-0.0606,-0.0808,-13.9699,-9.3069,-11.2377,-13.9044,-2.6962,1
train-s5418,जज ने हत्या के इरादे पर प्रकाश डालते हुए कहा कि अभियोजन पक्ष के मुताबिक शंकराचार्य किसी भी कीमत पर शंकररमन को रास्ते से हटाना चाहते थे ।,SOV,28,1,0.0509,0.4877,0.5,11,"लेकिन, जज ने अभियोजन पक्ष की ओर से पेश वरिष्ठ वकील के. टी. एस. तुलसी की दलीलों को मान लिया ।",5.0,0.0,-3.1282,-6.2424,-5.3557,-2.1711,-0.5875,1
train-s5420,सुनवाई के दौरान तुलसी ने बताया कि जांच एजेंसी के पास शंकराचार्य के खिलाफ पर्याप्त कानूनी सबूत हैं ।,SOV,19,1,-0.0914,0.5627,0.6071,17,जज ने हत्या के इरादे पर प्रकाश डालते हुए कहा कि अभियोजन पक्ष के मुताबिक शंकराचार्य किसी भी कीमत पर शंकररमन को रास्ते से हटाना चाहते थे ।,-1.0,0.0,1.0186,2.6625,5.8579,0.9879,-2.4757,1
train-s5428,जज ने इस पर भी गौर किया कि कम से कम चार गवाहों ने हमलावरों की शिनाख्त की है और उन्हें भुगतान करने के लिए बैंकों से रकम निकाली गई थी ।,SOV,32,5,0.0845,0.4509,0.6842,13,सुनवाई के दौरान तुलसी ने बताया कि जांच एजेंसी के पास शंकराचार्य के खिलाफ पर्याप्त कानूनी सबूत हैं ।,-1.2,-1.2,-22.8476,-17.709,-18.2892,-22.3687,-1.3419,1
train-s5437,नेपाल के शिक्षा एवं खेल मंत्री राधाकृष्ण मैनाली ने काठमांडू में कुछ पत्रकारों से चर्चा करते हुए कहा कि सत्ता अधिग्रहण के बाद विभिन्न देशों द्वारा नेपाल पर लगाया गया प्रतिबंध हमारी कूटनीतिक विफलता है ।,SOV,36,5,-0.155,0.5327,0.625,20,जज ने इस पर भी गौर किया कि कम से कम चार गवाहों ने हमलावरों की शिनाख्त की है और उन्हें भुगतान करने के लिए बैंकों से रकम निकाली गई थी ।,-3.6,0.0,-5.2551,-7.6385,-6.6734,-5.2532,-0.193,1
train-s5438,"दूसरी ओर नेपाली विदेश मंत्री रमेशनाथ पांडे ने मंगलवार को विदेश मंत्री के. नटवर सिंह से मुलाकात के बाद कहा, 'मुझे विश्वास है कि हमारी बातचीत से दोनों देशों में समझ बढ़ी है ।",SOV,36,99,-0.0022,0.5291,0.5556,20,नेपाल के शिक्षा एवं खेल मंत्री राधाकृष्ण मैनाली ने काठमांडू में कुछ पत्रकारों से चर्चा करते हुए कहा कि सत्ता अधिग्रहण के बाद विभिन्न देशों द्वारा नेपाल पर लगाया गया प्रतिबंध हमारी कूटनीतिक विफलता है ।,1.7374,0.0,-15.8807,-6.8904,-6.6588,-15.511,-1.3057,1
train-s5441,"जब उनसे पूछा गया कि क्या उन्होंने भारत से सैन्य मदद बहाल किए जाने की गुहार की है, तो वह यह सवाल टाल गए ।",SOV,26,5,0.1243,0.5271,0.6111,22,"दूसरी ओर नेपाली विदेश मंत्री रमेशनाथ पांडे ने मंगलवार को विदेश मंत्री के. नटवर सिंह से मुलाकात के बाद कहा, 'मुझे विश्वास है कि हमारी बातचीत से दोनों देशों में समझ बढ़ी है ।",-21.6,0.0,-11.2872,-4.7127,-6.156,-11.2872,-5.4005,1
train-s5442,तीन दिन की यात्रा पर भारत आए नेपाली विदेश मंत्री ने दावा किया कि नरेश को नेपाली जनता का पूरा समर्थन हासिल है ।,SOV,24,1,0.1341,0.5048,0.5769,15,"जब उनसे पूछा गया कि क्या उन्होंने भारत से सैन्य मदद बहाल किए जाने की गुहार की है, तो वह यह सवाल टाल गए ।",-10.0,0.0,-26.5872,-19.2478,-20.635,-25.6539,-7.8147,1
train-s5443,इसके उलट नटवर सिंह ने पांडे से कहा कि राजा ज्ञानेंद्र के कदमों से नेपाल का संकट और गहरा गया है ।,SOV,22,5,0.0933,0.5127,0.75,18,तीन दिन की यात्रा पर भारत आए नेपाली विदेश मंत्री ने दावा किया कि नरेश को नेपाली जनता का पूरा समर्थन हासिल है ।,0.0,1.2,-4.9167,2.311,0.2859,-4.9057,-1.8948,1
train-s5444,नटवर सिंह ने नेपाल में भारतीय साझा उपक्रमों को हो रही परेशानी का मुद्दा भी उठाया ।,SOV,17,1,-0.0907,0.5825,0.6364,14,इसके उलट नटवर सिंह ने पांडे से कहा कि राजा ज्ञानेंद्र के कदमों से नेपाल का संकट और गहरा गया है ।,9.0,0.0,-10.8623,-8.5982,-7.5902,-8.4137,-4.9522,1
train-s5446,"सरकार ने एक नेपाली संचार कंपनी को सेवा बहाल करने की छूट दे दी है, लेकिन भारत की भागीदारी वाली यूनाइटेड टेलिकॉम लिमिटेड कम्पनी (यूटीएल) की टेलीफोन सेवा अब भी पूरी तरह बाधित है ।",SOV,38,5,-0.0487,0.6072,0.5882,10,नटवर सिंह ने नेपाल में भारतीय साझा उपक्रमों को हो रही परेशानी का मुद्दा भी उठाया ।,3.6,0.0,-14.8821,-8.6706,-10.4346,-14.8431,-5.2904,1
train-s5448,नेपाल के सर्वाधिक प्रतिष्ठित पत्रकारों में से एक कनक मणि दीक्षित को भारत में पिछले सप्ताह दो गोष्ठियों में हिस्सा लेना मंहगा पड़ा ।,SOV,24,5,0.0854,0.4938,0.6053,23,"सरकार ने एक नेपाली संचार कंपनी को सेवा बहाल करने की छूट दे दी है, लेकिन भारत की भागीदारी वाली यूनाइटेड टेलिकॉम लिमिटेड कम्पनी (यूटीएल) की टेलीफोन सेवा अब भी पूरी तरह बाधित है ।",-13.2,0.0,-4.2069,-5.5788,-6.3254,-3.8938,-1.117,1
train-s5452,करोड़ों लोगों ने मंगलवार को दुर्लभ खगोलीय नजारे को देखा ।,SOV,11,5,0.2085,0.5083,0.5833,14,नेपाल के सर्वाधिक प्रतिष्ठित पत्रकारों में से एक कनक मणि दीक्षित को भारत में पिछले सप्ताह दो गोष्ठियों में हिस्सा लेना मंहगा पड़ा ।,1.2,0.0,-1.438,0.5166,1.5844,-1.4738,-1.482,1
train-s5457,हालांकि दिल्ली में धूल भरी आंधी ने मजा किरकिरा कर दिया ।,SOV,12,99,-0.0493,0.5127,0.7273,8,करोड़ों लोगों ने मंगलवार को दुर्लभ खगोलीय नजारे को देखा ।,-1.1919,0.0,-25.1661,-5.5796,-6.1051,-25.1661,-5.8596,1
train-s5459,विदेशों में भी करोड़ों लोगों ने शुक्र को सूर्य के पटल पर नजर आने और फिर धीरे - धीरे उसकी सतह से होते हुए जाते देखा ।,SOV,27,23,-0.0354,0.5609,0.6667,8,हालांकि दिल्ली में धूल भरी आंधी ने मजा किरकिरा कर दिया ।,21.3913,0.0,-0.5102,-1.9041,-5.1848,-0.5577,-0.4484,1
train-s5460,"भारत के अलावा अन्य एशियाई देशों, अफ्रीका, यूरोप, आस्ट्रेलिया और अमेरिका के पूर्वी हिस्से के लोगों ने अपने - अपने तरीके से इस खगोलीय घटना का आनंद उठाया ।",SOV,32,23,0.0013,0.5233,0.5926,16,विदेशों में भी करोड़ों लोगों ने शुक्र को सूर्य के पटल पर नजर आने और फिर धीरे - धीरे उसकी सतह से होते हुए जाते देखा ।,-3.1304,0.0,-15.9124,-12.2996,-9.3963,-16.8986,-4.5587,1
train-s5469,"राजधानी के अलावा जयपुर, चेन्नई, बंगलोर व कोलकाता में प्लेनेटोरियम स्कूली बच्चों से अटे रहे ।",SOV,18,5,0.0011,0.5375,0.5938,19,"भारत के अलावा अन्य एशियाई देशों, अफ्रीका, यूरोप, आस्ट्रेलिया और अमेरिका के पूर्वी हिस्से के लोगों ने अपने - अपने तरीके से इस खगोलीय घटना का आनंद उठाया ।",0.0,0.0,-3.2032,-7.645,-7.1834,-2.3422,-0.6149,1
train-s5485,सभी छह प्रबंधन संस्थानों के निदेशकों ने मंगलवार सुबह मानव संसाधन विकास मंत्रालय में सचिव एस. सी. त्रिपाठी से मुलाकात की ।,SOV,22,99,0.1812,0.5092,0.3333,6,"राजधानी के अलावा जयपुर, चेन्नई, बंगलोर व कोलकाता में प्लेनेटोरियम स्कूली बच्चों से अटे रहे ।",-8.9798,0.0,-20.2526,-17.0071,-17.8465,-17.1458,-5.2675,1
train-s5486,करीब डेढ़ घंटे चली बैठक में निदेशकों ने मंत्रालय को ६ जून को अहमदाबाद में हुई बैठक में बनी राय से अवगत कराया ।,SOV,24,99,0.1512,0.4573,0.7273,16,सभी छह प्रबंधन संस्थानों के निदेशकों ने मंगलवार सुबह मानव संसाधन विकास मंत्रालय में सचिव एस. सी. त्रिपाठी से मुलाकात की ।,-1.3232,0.0,-25.0297,-9.5904,-11.7882,-20.957,-1.8255,1
train-s549,यहाँ गीत गाते हैं पत्‍थर भी ।,UNKNOWN,7,1,0.13,0.392,0.25,2,"यहाँ गीत गाते हैं, पत्‍थर भी... ।",0.0,2.0,-15.3938,0.133,-4.133,-3.2371,-1.9214,1
train-s5493,सत्तापक्ष ने भी खूब मोर्चा संभाला ।,SOV,7,1,0.0962,0.4973,0.5833,14,करीब डेढ़ घंटे चली बैठक में निदेशकों ने मंत्रालय को ६ जून को अहमदाबाद में हुई बैठक में बनी राय से अवगत कराया ।,-1.0,0.0,-11.2893,-5.7969,-5.1819,-12.1097,-0.3539,1
train-s5501,"राजग सांसद नारे लगा रहे थे - चारा चोर, खजाना चोर, गद्दी छोड़ ।",SOV,16,1,-0.1573,0.627,0.4286,3,सत्तापक्ष ने भी खूब मोर्चा संभाला ।,-1.0,0.0,-20.2233,-11.4058,-18.4309,-20.2233,-2.3951,1
train-s5503,नारेबाजी के दौरान अध्यक्ष सोमनाथ चटर्जी ने राजग सांसदों से कहा कि उन्होंने जार्ज फर्नॉडिस को बोलने की अनुमति दी है ।,SOV,22,5,-0.0754,0.5459,0.4375,7,"राजग सांसद नारे लगा रहे थे - चारा चोर, खजाना चोर, गद्दी छोड़ ।",0.0,0.0,1.2827,2.8772,4.5558,0.2831,-0.7211,1
train-s5505,कांग्रेस की ओर से पवन कुमार बंसल ने बोलना शुरू कर दिया लेकिन हंगामा जारी रहा ।,SOV,17,23,0.0352,0.5403,0.4091,9,नारेबाजी के दौरान अध्यक्ष सोमनाथ चटर्जी ने राजग सांसदों से कहा कि उन्होंने जार्ज फर्नॉडिस को बोलने की अनुमति दी है ।,-6.2609,0.0,-22.0355,-13.3792,-11.6701,-22.0155,-0.7471,1
train-s5511,"विपक्ष ने, प्रधानमंत्री मनमोहन सिंह को बुलाकर नेता प्रतिपक्ष की बात सुनवाने की, मांग के बाद सभापति भैरों सिंह शेखावत को सदन की कार्यवाही दिन भर के लिए स्थगित करनी पड़ी ।",SOV,34,99,-0.0707,0.5341,0.5294,9,कांग्रेस की ओर से पवन कुमार बंसल ने बोलना शुरू कर दिया लेकिन हंगामा जारी रहा ।,-35.6162,0.0,-28.7925,-11.523,-13.2624,-28.7798,-4.3631,1
train-s5512,आज सुबह सदन की कार्यवाही जब शुरू हुई तो सभापति ने सत्ताधारी दल को धन्यवाद प्रस्ताव रखने के लिए कहा ।,SOV,21,99,0.0815,0.5131,0.5294,18,"विपक्ष ने, प्रधानमंत्री मनमोहन सिंह को बुलाकर नेता प्रतिपक्ष की बात सुनवाने की, मांग के बाद सभापति भैरों सिंह शेखावत को सदन की कार्यवाही दिन भर के लिए स्थगित करनी पड़ी ।",-12.0404,1.0101,-14.485,-9.7782,-9.3786,-10.576,-4.8381,1
train-s5523,जॉर्ज डब्लू बुश के दोबारा राष्ट्रपति निर्वाचित होने के बाद यह रम्सफील्ड की पहली विदेश यात्रा है ।,SOV,18,5,0.1691,0.5016,0.619,13,आज सुबह सदन की कार्यवाही जब शुरू हुई तो सभापति ने सत्ताधारी दल को धन्यवाद प्रस्ताव रखने के लिए कहा ।,-6.0,-1.2,-10.6759,-3.5594,-2.7301,-9.4037,-2.4776,1
train-s5525,इसके अलावा वह विदेश मंत्री के नटवर सिंह से भी मिलेंगे ।,SOV,12,5,0.1801,0.5245,0.6667,12,जॉर्ज डब्लू बुश के दोबारा राष्ट्रपति निर्वाचित होने के बाद यह रम्सफील्ड की पहली विदेश यात्रा है ।,6.0,0.0,-17.4938,-9.2438,-4.5392,-15.6874,-3.6968,1
train-s5528,शुद्ध शाकाहारी लालू यादव बगैर चीनी के नींबू की चाय पीना पसंद करते हैं ।,SOV,15,5,0.0552,0.5887,0.5,6,इसके अलावा वह विदेश मंत्री के नटवर सिंह से भी मिलेंगे ।,-3.6,0.0,-13.7168,-13.244,-13.1032,-13.7168,-2.6139,1
train-s5529,नाश्ते में उन्हें चने का सतुआ और साथ में खड़ा प्याज चाहिए ।,SOV,13,5,0.2569,0.3887,0.6,9,शुद्ध शाकाहारी लालू यादव बगैर चीनी के नींबू की चाय पीना पसंद करते हैं ।,7.2,-1.2,-10.7112,0.7692,-1.6593,-10.5487,-1.8092,1
train-s5530,"शाम के नाश्ते में उन्हें चना, मकई, चावल व बादाम का भूजा चाहिए ।",SOV,16,5,0.0811,0.5168,0.5385,7,नाश्ते में उन्हें चने का सतुआ और साथ में खड़ा प्याज चाहिए ।,6.0,-1.2,-3.096,1.4956,-0.3374,-1.8322,-3.4257,1
train-s5531,"रेल मंत्रालय ने रेलमंत्री की चाय, नाश्ता, दोपहर का खाना, उसके बाद का नाश्ता तथा रात के खाने का मीनू सभी प्रमुख स्टेशनों को जारी किया है ।",SOV,31,23,0.1662,0.374,0.5625,9,"शाम के नाश्ते में उन्हें चना, मकई, चावल व बादाम का भूजा चाहिए ।",-11.4783,0.0,-7.518,-10.2102,-6.8982,-7.518,-5.4254,1
train-s5532,"इसके बाद सुबह के नाश्ते में वे चने का सत्तू, नींबू तथा छिला हुआ खड़ा प्याज लेते हैं ।",SOV,20,23,0.1591,0.4631,0.7419,23,"रेल मंत्रालय ने रेलमंत्री की चाय, नाश्ता, दोपहर का खाना, उसके बाद का नाश्ता तथा रात के खाने का मीनू सभी प्रमुख स्टेशनों को जारी किया है ।",10.9565,1.0435,-7.3725,-3.756,-4.5592,-7.2543,-2.8796,1
train-s5534,दिन के भोजन में उन्हें कटहल की मसालेदार (लटपटी) सब्जी चाहिए ।,SOV,14,5,0.1094,0.4651,0.35,7,"इसके बाद सुबह के नाश्ते में वे चने का सत्तू, नींबू तथा छिला हुआ खड़ा प्याज लेते हैं ।",3.6,-1.2,-3.4032,0.7148,-1.2658,-3.2891,-2.4073,1
train-s5538,दोपहर के खाने के बाद लालू भूजा खाना पसंद करते हैं ।,SOV,12,23,0.1666,0.4625,0.5714,8,दिन के भोजन में उन्हें कटहल की मसालेदार (लटपटी) सब्जी चाहिए ।,-5.7391,0.0,-21.5129,-12.7575,-13.4502,-21.4832,-2.6965,1
train-s5542,रेलमंत्री रात में भी दिन वाले मीनू के हिसाब से ही खाना खाते हैं ।,SOV,15,23,0.2259,0.4433,0.5833,7,दोपहर के खाने के बाद लालू भूजा खाना पसंद करते हैं ।,2.087,0.0,-11.3392,-2.0397,-2.3277,-10.111,-1.2392,1
train-s5553,यह बात नटवर ने अपने आवास पर राजस्थान से आए समर्थकों को संबोधित करते हुए कही ।,DOSV,17,23,0.1548,0.4712,0.6,9,रेलमंत्री रात में भी दिन वाले मीनू के हिसाब से ही खाना खाते हैं ।,4.6957,0.0,-9.9184,-2.339,-4.7567,-8.813,-2.1597,1
train-s5560,उन्होंने सरकारी निवास पर जुटे समर्थकों से सवालिया अंदाज में कहा कि क्या ऐसी पार्टी तेल बेच सकती है ।,SOV,20,5,0.0623,0.5274,0.5294,9,यह बात नटवर ने अपने आवास पर राजस्थान से आए समर्थकों को संबोधित करते हुए कही ।,2.4,1.2,-1.8931,2.9939,1.5087,-1.8931,-0.6089,1
train-s5565,इन अन्य लोगों का नाम बताने से उन्होंने इनकार कर दिया ।,DOSV,12,5,0.1047,0.5258,0.5,10,उन्होंने सरकारी निवास पर जुटे समर्थकों से सवालिया अंदाज में कहा कि क्या ऐसी पार्टी तेल बेच सकती है ।,-7.2,-1.2,-17.4378,-9.05,-7.0717,-16.9774,-4.0037,1
train-s5573,"कभी उनको अपने ही सहयोगी चुनौती देते दिखाई देते हैं, तो कभी विभिन्न संगठन उनकी सत्ता को चुनौती दे रहे होते हैं ।",DOSV,24,23,-0.0073,0.5725,0.6,15,"मगर, समर्थकों में से कुछ ने माना कि वे नटवर सिंह के बेटे जगत सिंह के कहने पर ही यहां जमा हुए थे ।",2.6087,0.0,0.2582,-5.1688,-3.3894,0.1985,-1.6641,1
train-s5574,बुधवार को रक्षा मंत्री प्रणव मुखर्जी ने नवंबर में जम्मू कश्मीर में घुसपैठ में इजाफे की बात कही ।,SOV,19,99,-0.0305,0.4783,0.5417,13,"कभी उनको अपने ही सहयोगी चुनौती देते दिखाई देते हैं, तो कभी विभिन्न संगठन उनकी सत्ता को चुनौती दे रहे होते हैं ।",-1.4141,0.0,-21.7876,-11.941,-10.403,-20.6064,-4.46,1
train-s5584,उन्होंने शिवराज पाटिल की जम्मू - कश्मीर यात्रा के दौरान भी उनसे दूरी बनाए रखी थी ।,SOV,17,23,0.1399,0.5483,0.5263,10,बुधवार को रक्षा मंत्री प्रणव मुखर्जी ने नवंबर में जम्मू कश्मीर में घुसपैठ में इजाफे की बात कही ।,-4.6957,1.0435,-10.1908,-5.2967,-3.3983,-10.1908,-5.6531,1
train-s5585,हुर्यित नेताओं की इस 'जुर्रत' से खफा पाटिल ने हुर्यित नेताओं के पाकिस्तान के इशारे पर चलने की बात कही थी ।,SOV,24,1,0.0038,0.4798,0.3529,6,उन्होंने शिवराज पाटिल की जम्मू - कश्मीर यात्रा के दौरान भी उनसे दूरी बनाए रखी थी ।,-1.0,0.0,-13.2509,-17.2014,-15.3915,-13.0363,-5.5015,1
train-s5591,पर प्रधानमंत्री मनमोहन सिंह ने यह परंपरा तोड़ते हुए रक्षा मंत्री प्रणव मुखर्जी को ज्यादा तरजीह दी ।,SOV,18,99,-0.0838,0.5325,0.4583,11,हुर्यित नेताओं की इस 'जुर्रत' से खफा पाटिल ने हुर्यित नेताओं के पाकिस्तान के इशारे पर चलने की बात कही थी ।,3.2828,0.0,-20.8914,-18.5297,-14.8241,-17.9171,-4.7366,1
train-s5592,प्रधानमंत्री की अनुपस्थिति में रक्षा मंत्री ने ही देश का कामकाज संभाला था ।,SOV,14,5,0.0718,0.5864,0.5,9,पर प्रधानमंत्री मनमोहन सिंह ने यह परंपरा तोड़ते हुए रक्षा मंत्री प्रणव मुखर्जी को ज्यादा तरजीह दी ।,-1.2,0.0,-14.8997,-4.8991,-6.8114,-11.6811,-2.6468,1
train-s5593,सर क्रीक क्षेत्र में भारत - पाकिस्तान के संयुक्त पुन: सर्वेक्षण पर कच्छ के कुछ वरिष्ठ नेताओं ने कड़ी आपत्ति जताई है ।,SOV,23,23,0.0552,0.5029,0.7143,10,प्रधानमंत्री की अनुपस्थिति में रक्षा मंत्री ने ही देश का कामकाज संभाला था ।,-4.1739,0.0,-15.5314,-5.6351,-6.2478,-15.5314,-4.2863,1
train-s56,चतुर्भुज के आकार का यह महल 17वीं शताब्दी में मधुकर शाह ने बनवाया था ।,DOSV,15,5,0.0822,0.5314,0.6316,12,यह महल राजा बीर सिंह जूदेव ने 17वीं शताब्दी में जहाँगीर के ओरछा आने के पहले बनवाया था ।,-3.6,0.0,4.6186,-1.7989,3.1108,-1.5024,3.4618,1
train-s5604,उत्तर की ओर जाती रेखा कराची जिले के तत्कालीन जत्ती व बदिन तहसीलों की सीमा रेखा बताती है ।,SOV,19,1,0.037,0.485,0.6957,16,सर क्रीक क्षेत्र में भारत - पाकिस्तान के संयुक्त पुन: सर्वेक्षण पर कच्छ के कुछ वरिष्ठ नेताओं ने कड़ी आपत्ति जताई है ।,6.0,0.0,-0.0642,-1.2533,1.1743,-0.0642,0.1222,1
train-s5612,हालांकि स्थानीय प्रशासन ने कहा है कि स्थिति से निपटने के लिए सभी तैयारियां कर ली गईं हैं ।,SOV,19,1,0.1381,0.4261,0.4211,8,उत्तर की ओर जाती रेखा कराची जिले के तत्कालीन जत्ती व बदिन तहसीलों की सीमा रेखा बताती है ।,2.0,0.0,2.0098,-0.9399,-2.2971,2.0036,-13.0148,1
train-s5617,जलस्तर बढ़ने के बारे में उन्होंने कहा कि यह एक अनजान प्रक्रिया है ।,SOV,14,1,-0.021,0.4897,0.5789,11,हालांकि स्थानीय प्रशासन ने कहा है कि स्थिति से निपटने के लिए सभी तैयारियां कर ली गईं हैं ।,-4.0,-2.0,-11.5685,-9.6496,-10.5118,-11.3546,-3.4975,1
train-s5622,मेहता ने इन झटकों से किसी प्रकार के खतरे की आशंका से इनकार किया है ।,SOV,16,23,0.0531,0.4935,0.5714,8,जलस्तर बढ़ने के बारे में उन्होंने कहा कि यह एक अनजान प्रक्रिया है ।,0.5217,0.0,-26.1465,-19.9286,-17.1775,-26.1136,-6.1274,1
train-s5624,मेहता ने इन घटनाओं को सामान्य घटना बताया ।,SOV,9,5,-0.1991,0.5435,0.75,12,मेहता ने इन झटकों से किसी प्रकार के खतरे की आशंका से इनकार किया है ।,0.0,0.0,-12.2624,-8.629,-9.4409,-5.5682,-2.5912,1
train-s5631,कुछ सिक्ख नेता इस पर बैठक बुलाकर विचार करना चाहते हैं ।,SOV,12,5,-0.1984,0.5285,0.4444,4,मेहता ने इन घटनाओं को सामान्य घटना बताया ।,-1.2,0.0,-20.4392,-10.1026,-12.097,-20.4392,-3.623,1
train-s5642,मंजीत सिंह कलकत्ता सुझाव देते हुए कहते हैं कि इस तरह के कार्यक्रम गुरुद्वारों के प्रांगण तक ही सीमित होने चाहिए ।,SOV,22,1,0.1721,0.5316,0.6667,8,कुछ सिक्ख नेता इस पर बैठक बुलाकर विचार करना चाहते हैं ।,0.0,0.0,-3.0746,0.1177,0.2778,-3.0718,-3.5217,1
train-s5645,"दिल्ली सिक्ख गुरुद्वारा प्रबंधक कमेटी (डीएसजीएमसी) के अध्यक्ष परमजीत सिंह सरना, जिनके नेतृत्व में पिछले हफ्ते का जुलूस निकला था, ने ट्रैफिक जाम के लिए प्रशासनिक अक्षमता को जिम्मेदार ठहराया ।",SOV,35,23,0.0268,0.4855,0.5909,13,मंजीत सिंह कलकत्ता सुझाव देते हुए कहते हैं कि इस तरह के कार्यक्रम गुरुद्वारों के प्रांगण तक ही सीमित होने चाहिए ।,-38.087,0.0,-15.0348,-20.5353,-19.3702,-17.5381,-3.8602,1
train-s5652,"जिस धर्म की स्थापना कुछ मूल्यों और सिद्धांतों के लिए की गई, उस सिक्खी को हर समाज में महत्वपूर्ण भूमिका निभानी है ।",SOV,24,5,0.0266,0.522,0.5429,19,"दिल्ली सिक्ख गुरुद्वारा प्रबंधक कमेटी (डीएसजीएमसी) के अध्यक्ष परमजीत सिंह सरना, जिनके नेतृत्व में पिछले हफ्ते का जुलूस निकला था, ने ट्रैफिक जाम के लिए प्रशासनिक अक्षमता को जिम्मेदार ठहराया ।",-16.8,0.0,-18.4038,-12.1431,-13.4723,-18.4038,-5.15,1
train-s5659,"इन खबरों के बीच कि संयुक्त राष्ट्र महासचिव कोफी अन्नान को श्रीलंका में सरकार ने लिट्टे आतंकियों के प्रभाव वाले क्षेत्रों में जाने से रोक दिया, अन्नान ने इच्छा जताई है कि वे श्रीलंका दोबारा आना चाहते हैं और यहां के सभी क्षेत्रों को देखना चाहते हैं ।",SOV,49,5,0.1191,0.4895,0.7083,17,"जिस धर्म की स्थापना कुछ मूल्यों और सिद्धांतों के लिए की गई, उस सिक्खी को हर समाज में महत्वपूर्ण भूमिका निभानी है ।",-31.2,0.0,-11.9536,-16.057,-16.5517,-11.9506,-5.3337,1
train-s5660,श्रीलंका की दो दिवसीय यात्रा के अंत में संवाददाता सम्मेलन संबोधित करते हुए संयुक्त राष्ट्र महासाचिव कोफी अन्नान ने कहा कि उन्हें उम्मीद है कि वे यहां लौटेंगे ।,SOV,29,5,0.0409,0.5415,0.551,27,"इन खबरों के बीच कि संयुक्त राष्ट्र महासचिव कोफी अन्नान को श्रीलंका में सरकार ने लिट्टे आतंकियों के प्रभाव वाले क्षेत्रों में जाने से रोक दिया, अन्नान ने इच्छा जताई है कि वे श्रीलंका दोबारा आना चाहते हैं और यहां के सभी क्षेत्रों को देखना चाहते हैं ।",-2.4,0.0,-6.0583,-2.9573,-2.1233,-4.7454,-2.5643,1
train-s5662,पत्रकारों द्वारा लिट्टे प्रभावित इलाके में उनके जाने पर सरकार द्वारा रोक लगाए जाने के संबंध में पूछे गए सवाल पर अन्नान ने ये बातें कहीं ।,SOV,27,5,0.115,0.5143,0.5172,15,श्रीलंका की दो दिवसीय यात्रा के अंत में संवाददाता सम्मेलन संबोधित करते हुए संयुक्त राष्ट्र महासाचिव कोफी अन्नान ने कहा कि उन्हें उम्मीद है कि वे यहां लौटेंगे ।,-22.8,0.0,-6.2963,-1.1965,-0.5055,-7.9454,-0.0111,1
train-s5668,समुद्री तूफान में सब कुछ गंवाने के बाद अब उन्हें नए सिरे से जिंदगी शुरू करनी है ।,SOV,18,99,-0.0206,0.5418,0.5556,15,पत्रकारों द्वारा लिट्टे प्रभावित इलाके में उनके जाने पर सरकार द्वारा रोक लगाए जाने के संबंध में पूछे गए सवाल पर अन्नान ने ये बातें कहीं ।,-16.7071,-0.899,-15.3577,-12.4706,-10.4864,-15.3577,-3.2648,1
train-s5674,लिहाजा वह अधिक से अधिक राहत शिविरों का दौरा करना चाहते थे ।,SOV,13,5,0.1105,0.5415,0.7222,13,समुद्री तूफान में सब कुछ गंवाने के बाद अब उन्हें नए सिरे से जिंदगी शुरू करनी है ।,8.4,-1.2,-21.3216,-9.503,-9.1363,-21.2149,-3.6045,1
train-s5679,२६ दिसंबर की याद करते हुए एक अधिकारी बताता है कि उस दिन चमकदार धूप खिली थी ।,SOV,18,1,0.116,0.5303,0.6154,8,लिहाजा वह अधिक से अधिक राहत शिविरों का दौरा करना चाहते थे ।,-4.0,0.0,-1.0716,-1.1255,-5.9315,-1.0716,-1.1014,1
train-s5680,अधिकारी तट के किनारे जागिंग करने या खेलने में मशगूल थे ।,SOV,12,23,0.2671,0.4706,0.6111,11,२६ दिसंबर की याद करते हुए एक अधिकारी बताता है कि उस दिन चमकदार धूप खिली थी ।,1.0435,0.0,-16.9067,-11.5504,-9.4435,-14.194,-1.3124,1
train-s5690,हवाई अड्डे पर कतारबद्ध खड़े सैनिकों से प्रधानमंत्री ने कहा कि देश को आप पर गर्व है ।,IOSV,18,5,0.2333,0.5173,0.5,6,अधिकारी तट के किनारे जागिंग करने या खेलने में मशगूल थे ।,-1.2,0.0,1.6717,-7.4957,-8.3411,1.6717,-0.4972,1
train-s5691,राहत कैंप की ओर रवाना होते समय मनमोहन सिंह को पता चला कि पूरा मलक्का गांव सुनामी की भेंट चढ़ गया ।,SOV,22,5,0.0254,0.6029,0.6667,12,हवाई अड्डे पर कतारबद्ध खड़े सैनिकों से प्रधानमंत्री ने कहा कि देश को आप पर गर्व है ।,-7.2,0.0,-17.3639,-20.3887,-22.2745,-16.8392,-2.4499,1
train-s5692,तूफान में बच गए लोगों के घावों पर मरहम लगाते हुए प्रधानमंत्री ने कहा कि दुख की इस घड़ी में पूरा देश आपके साथ है ।,SOV,26,1,0.0326,0.503,0.5909,13,राहत कैंप की ओर रवाना होते समय मनमोहन सिंह को पता चला कि पूरा मलक्का गांव सुनामी की भेंट चढ़ गया ।,-9.0,0.0,-4.9956,-5.6749,-2.0451,-4.9961,0.851,1
train-s5701,आंखों में आंसू लिए परमजीत कौर हाथ जोड़कर प्रधानमंत्री से अपने परिवार को पंजाब में बसाने का निवेदन करती हैं ।,SOV,21,23,0.025,0.5353,0.6923,18,तूफान में बच गए लोगों के घावों पर मरहम लगाते हुए प्रधानमंत्री ने कहा कि दुख की इस घड़ी में पूरा देश आपके साथ है ।,3.1304,0.0,-4.6708,-9.8201,-7.4607,-4.8901,-2.0382,1
train-s5715,मौसम विभाग ने अगले दो दिनों में हिमाचल के कुछ भागों में हल्की बारिश और पंजाब व हरियाणा के कुछ हिस्सों में हल्की बारिश या गरज के साथ छींटे पड़ने की संभावना व्यक्त की है ।,SOV,36,23,0.0452,0.5388,0.619,13,आंखों में आंसू लिए परमजीत कौर हाथ जोड़कर प्रधानमंत्री से अपने परिवार को पंजाब में बसाने का निवेदन करती हैं ।,7.8261,0.0,-26.9942,-16.8112,-16.136,-26.9942,-6.0424,1
train-s5717,अखिल भारतीय उद्योग व्यापार मंडल के अध्यक्ष संदीप बंसल ने बुधवार को एक दिन की सांकेतिक हड़ताल के बाद संवाददाताओं को बताया कि वह पूरे भारत में २९ मार्च से १ अप्रैल तक ९६ घंटे का बंद रखेंगे ।,SOV,39,23,0.0579,0.494,0.5556,20,मौसम विभाग ने अगले दो दिनों में हिमाचल के कुछ भागों में हल्की बारिश और पंजाब व हरियाणा के कुछ हिस्सों में हल्की बारिश या गरज के साथ छींटे पड़ने की संभावना व्यक्त की है ।,-9.913,0.0,-10.9587,-6.9474,-5.3944,-10.9587,1.0199,1
train-s5724,इस बारे में एक अधिकारी ने बताया कि माता के दर्शन के लिए यात्रा बगैर किसी बाधा के जारी है ।,SOV,21,1,0.0703,0.4787,0.5897,23,अखिल भारतीय उद्योग व्यापार मंडल के अध्यक्ष संदीप बंसल ने बुधवार को एक दिन की सांकेतिक हड़ताल के बाद संवाददाताओं को बताया कि वह पूरे भारत में २९ मार्च से १ अप्रैल तक ९६ घंटे का बंद रखेंगे ।,0.0,2.0,-1.2915,1.8199,0.6695,-0.9683,-1.1319,1
train-s5729,लोकसभा अध्यक्ष सोमनाथ चटर्जी ने पाकिस्तान में आए विनाशकारी भूकंप में मारे गए लोगों के प्रति गहरी संवेदना व्यक्त की है ।,SOV,22,23,-0.068,0.4944,0.7619,16,इस बारे में एक अधिकारी ने बताया कि माता के दर्शन के लिए यात्रा बगैर किसी बाधा के जारी है ।,-10.9565,0.0,-39.7297,-26.6273,-27.1551,-39.3615,-6.9634,1
train-s573,रेप्टाइल पार्क में 10 फुट लंबे जिंदा मगरमच्छ के मुँह में प्रशिक्षक द्वारा अपना मुँह डालना व कोबरा साँप का चुंबन लेना रोमांचकारी है ।,SOV,25,5,-0.0107,0.4727,0.4286,3,यहाँ गीत गाते हैं पत्‍थर भी ।,-2.4,0.0,1.81,-4.6754,-6.238,2.1912,-1.7894,1
train-s5730,पाकिस्तान की सीनेट के अध्यक्ष मोहम्मद मियां समरू और नेशनल असेंबली के स्पीकर चौधरी आमिर हुसैन को अलग - अलग भेजे गए संदेश में चटर्जी ने भूकंप से हुई मौतों और तबाही पर गहरा दुख व्यक्त किया है ।,SOV,39,99,-0.0968,0.5792,0.5455,12,लोकसभा अध्यक्ष सोमनाथ चटर्जी ने पाकिस्तान में आए विनाशकारी भूकंप में मारे गए लोगों के प्रति गहरी संवेदना व्यक्त की है ।,-46.8384,0.0,-36.0912,-16.8697,-17.9265,-28.2994,-5.4664,1
train-s5731,चटर्जी ने भारत की संसद और नागरिकों की ओर से दुख व्यक्त करते हुए कहा है कि संकट की इस घड़ी में पूरा देश उनके साथ है ।,SOV,28,5,-0.136,0.5346,0.5385,21,पाकिस्तान की सीनेट के अध्यक्ष मोहम्मद मियां समरू और नेशनल असेंबली के स्पीकर चौधरी आमिर हुसैन को अलग - अलग भेजे गए संदेश में चटर्जी ने भूकंप से हुई मौतों और तबाही पर गहरा दुख व्यक्त किया है ।,2.4,0.0,0.2145,-11.2045,-7.7348,1.7763,-3.4663,1
train-s5732,लोक सभा सचिवालय से जारी विज्ञप्ति के मुताबिक चटर्जी ने भेजे शोक संदेश में कहा है 'मुझे पूरा विश्वास है कि पाकिस्तान के लोग एकजुट होकर इस दुख का मुकाबला करेंगे,SOV,32,5,0.002,0.5065,0.6429,18,चटर्जी ने भारत की संसद और नागरिकों की ओर से दुख व्यक्त करते हुए कहा है कि संकट की इस घड़ी में पूरा देश उनके साथ है ।,-4.8,0.0,-5.1252,-6.1066,-7.8946,-3.3869,-1.7914,1
train-s5748,हमें अविश्वास घटाने और भरोसा बढ़ाने वाले उपायों के साथ कठिन मुद्दों को सुलझाना चाहिए ।,SOV,16,5,0.0525,0.5048,0.7188,23,लोक सभा सचिवालय से जारी विज्ञप्ति के मुताबिक चटर्जी ने भेजे शोक संदेश में कहा है 'मुझे पूरा विश्वास है कि पाकिस्तान के लोग एकजुट होकर इस दुख का मुकाबला करेंगे,2.4,1.2,-2.197,-3.3572,-3.6187,-2.197,-2.259,1
train-s5757,जिले के कृषि अधिकारी डॉक्टर के. इलांगो ने रविवार को बताया कि करीब ५७ किलोमीटर दूरी तक समुद्र तटीय इलाके के कई गांवों में खारेपन की जांच के लिए कृषि योग्य भूमि का परीक्षण किया गया है ।,SOV,38,1,0.0095,0.5269,0.5625,9,हमें अविश्वास घटाने और भरोसा बढ़ाने वाले उपायों के साथ कठिन मुद्दों को सुलझाना चाहिए ।,-6.0,0.0,-0.8332,-11.6157,-4.9088,-0.831,-0.1469,1
train-s5762,इलांगो समेत १० वैज्ञानिकों ने सुनामी प्रभावित ४५ तटीय गांवों से लगभग सौ अलग - अलग स्थानों से मिट्टी के ९१ नमूने और पानी के १४ नमूने इकट्ठा किये ।,SOV,30,99,0.0923,0.4553,0.7632,29,जिले के कृषि अधिकारी डॉक्टर के. इलांगो ने रविवार को बताया कि करीब ५७ किलोमीटर दूरी तक समुद्र तटीय इलाके के कई गांवों में खारेपन की जांच के लिए कृषि योग्य भूमि का परीक्षण किया गया है ।,5.9394,0.0,-22.3805,-14.3549,-19.0647,-18.1411,-3.1215,1
train-s5766,तिब्बती संगठनों ने प्रधानमंत्री मनमोहन सिंह से चीन के प्रधानमंत्री वेन जिआबाओ के साथ तिब्बत के मुद्दे पर बात करने की अपील की है ।,SOV,25,23,-0.057,0.5088,0.5667,17,इलांगो समेत १० वैज्ञानिकों ने सुनामी प्रभावित ४५ तटीय गांवों से लगभग सौ अलग - अलग स्थानों से मिट्टी के ९१ नमूने और पानी के १४ नमूने इकट्ठा किये ।,9.3913,0.0,-14.9314,-17.2062,-16.4549,-14.9369,-4.158,1
train-s5769,उन्होंने चीनी प्रधानमंत्री से भी दलाई लामा से इस मुद्दे पर बात करने की अपील की है ।,SOV,18,5,0.0361,0.5093,0.6,15,तिब्बती संगठनों ने प्रधानमंत्री मनमोहन सिंह से चीन के प्रधानमंत्री वेन जिआबाओ के साथ तिब्बत के मुद्दे पर बात करने की अपील की है ।,10.8,1.2,-10.2393,-14.0124,-15.6509,-9.6151,-3.9289,1
train-s5773,तिब्बत में बिछाई जा रही रेलवे लाइन पर चिंता जताते हुए उन्होंने कहा कि यह रेलवे लाइन भारत के लिए बड़ा खतरा बन सकती है ।,SOV,26,1,0.0744,0.5165,0.6667,12,उन्होंने चीनी प्रधानमंत्री से भी दलाई लामा से इस मुद्दे पर बात करने की अपील की है ।,-10.0,-2.0,-1.5085,-6.7202,-2.9731,-1.4575,-0.5566,1
train-s578,"पुराणों के अनुसार जब राजा दक्ष ने यज्ञ का आयोजन किया, तो उन्होंने सारे देवताओं को निमंत्रण भेजे ।",SOV,20,23,0.2046,0.5134,0.64,16,रेप्टाइल पार्क में 10 फुट लंबे जिंदा मगरमच्छ के मुँह में प्रशिक्षक द्वारा अपना मुँह डालना व कोबरा साँप का चुंबन लेना रोमांचकारी है ।,-17.7391,0.0,-13.5377,-19.5782,-16.8734,-13.0449,-5.4172,1
train-s5783,पर बाद में चीन सरकार ने इन शर्तो का पालन करने से इनकार कर दिया ।,SOV,16,99,-0.0562,0.582,0.5,13,तिब्बत में बिछाई जा रही रेलवे लाइन पर चिंता जताते हुए उन्होंने कहा कि यह रेलवे लाइन भारत के लिए बड़ा खतरा बन सकती है ।,3.9091,0.0,-29.7745,-25.8394,-29.1282,-27.1811,-9.4613,1
train-s5785,नेपाल सरकार जिस तरह चीन के साथ रिश्ते बना रही है ।,SOV,12,23,-0.1264,0.5345,0.6875,11,पर बाद में चीन सरकार ने इन शर्तो का पालन करने से इनकार कर दिया ।,-1.0435,0.0,-10.075,-8.6127,-8.835,-9.3085,-2.9378,1
train-s5786,वे भविष्य में भारत के लिए नुकसानदेह साबित हो सकते हैं ।,SOV,12,99,-0.1127,0.5385,0.5833,7,नेपाल सरकार जिस तरह चीन के साथ रिश्ते बना रही है ।,-0.9192,1.0404,-33.5734,-14.963,-14.7643,-33.5586,-4.7658,1
train-s5787,इस मौके पर संसद सदस्य मोहन सिंह ने कहा कि हमारी सरकारें चीन के प्रति लगातार नरम रूख अपनाती जा रहीं हैं ।,SOV,23,1,0.2205,0.5188,0.4167,5,वे भविष्य में भारत के लिए नुकसानदेह साबित हो सकते हैं ।,2.0,0.0,-0.5263,-2.6689,-3.5826,-0.5263,-1.1992,1
train-s5790,क्योंकि वह समझती है कि तिब्बत के बारे में कोई भी बयान उसके चीन के रिश्तों पर असर डाल सकते हैं ।,SOV,22,1,-0.048,0.5108,0.5652,13,इस मौके पर संसद सदस्य मोहन सिंह ने कहा कि हमारी सरकारें चीन के प्रति लगातार नरम रूख अपनाती जा रहीं हैं ।,0.0,-2.0,-7.5468,-9.0898,-8.8027,-7.5468,-6.1419,1
train-s5795,यह जानकारी बृहस्पतिवार को केंद्रीय खाद्य सचिव एस. के. टुटेजा ने दी ।,DOSV,13,5,0.0041,0.4892,0.5,11,क्योंकि वह समझती है कि तिब्बत के बारे में कोई भी बयान उसके चीन के रिश्तों पर असर डाल सकते हैं ।,6.0,0.0,7.7014,8.5733,7.3421,6.208,1.6483,1
train-s5805,बुधवार को अपहर्ताओं ने उसके घर फोन कर १५ लाख रुपये की फिरौती मांगी ।,SOV,15,23,0.0893,0.4555,0.5385,7,यह जानकारी बृहस्पतिवार को केंद्रीय खाद्य सचिव एस. के. टुटेजा ने दी ।,5.7391,0.0,-20.9705,-9.481,-13.1812,-20.3934,-2.8607,1
train-s5807,पुलिस ने अपहरण का मामला दर्ज कर छानबीन शुरू कर दी है ।,SOV,13,23,0.0103,0.5007,0.6,9,बुधवार को अपहर्ताओं ने उसके घर फोन कर १५ लाख रुपये की फिरौती मांगी ।,-3.6522,0.0,-29.5005,-14.9118,-13.5901,-27.2404,-4.388,1
train-s5815,परिजनों की शिकायत पर पुलिस ने गुमशुदगी का मामला दर्ज कर लिया ।,SOV,13,23,-0.1891,0.5511,0.6923,9,पुलिस ने अपहरण का मामला दर्ज कर छानबीन शुरू कर दी है ।,-4.1739,0.0,-22.3493,-14.6738,-17.1503,-13.7366,-5.2221,1
train-s5819,फोन आने के बाद पुलिस ने गुमशुदगी के मामले को अपहरण के मामले में बदल दिया है ।,SOV,18,23,-0.1911,0.54,0.6154,8,परिजनों की शिकायत पर पुलिस ने गुमशुदगी का मामला दर्ज कर लिया ।,1.0435,0.0,-3.7472,-3.49,-0.3315,-4.3934,0.7752,1
train-s5831,सफर के बीच अगर किसी खतरे का अंदेशा होता है तो वह इस बाबत ड्राइवर को भी सचेत करता है ।,SOV,21,99,-0.0939,0.5758,0.7222,13,फोन आने के बाद पुलिस ने गुमशुदगी के मामले को अपहरण के मामले में बदल दिया है ।,-19.9596,-0.0101,-19.2292,-24.7284,-23.9212,-19.1145,-9.9862,1
train-s5839,रक्षा सामग्री खरीद घोटाले के संबंध में सुप्रीम कोर्ट में दूसरा हलफनामा दायर करने के केंद्र के फैसले पर जॉर्ज फर्नाँडिस ने कड़ी नाराजगी जताई है ।,SOV,27,5,-0.0457,0.5025,0.619,13,सफर के बीच अगर किसी खतरे का अंदेशा होता है तो वह इस बाबत ड्राइवर को भी सचेत करता है ।,-20.4,0.0,-17.829,-4.8736,-6.1965,-17.8514,-2.4097,1
train-s5841,शुक्रवार को वामदलों के साथ हुई बैठक के दौरान उन्होंने रक्षा मंत्री प्रणब मुखर्जी से जवाब तलब किया ।,SOV,19,23,0.1096,0.525,0.6296,17,रक्षा सामग्री खरीद घोटाले के संबंध में सुप्रीम कोर्ट में दूसरा हलफनामा दायर करने के केंद्र के फैसले पर जॉर्ज फर्नाँडिस ने कड़ी नाराजगी जताई है ।,-8.8696,-1.0435,-14.9935,-15.6975,-12.6131,-15.6375,-3.3058,1
train-s5842,फर्नाँडिस ने शनिवार को कहा कि इस मामले में उन्हें क्लीन चिट मिल चुकी है ।,SOV,16,1,0.1565,0.4762,0.5789,11,शुक्रवार को वामदलों के साथ हुई बैठक के दौरान उन्होंने रक्षा मंत्री प्रणब मुखर्जी से जवाब तलब किया ।,0.0,0.0,-2.8025,-4.7192,-2.7535,-2.8017,-0.4944,1
train-s5843,राज्यसभा चुनाव पर लगी रोक को सुप्रीम कोर्ट ने बुधवार को हटा दिया ।,DOSV,14,5,-0.0503,0.518,0.5,8,फर्नाँडिस ने शनिवार को कहा कि इस मामले में उन्हें क्लीन चिट मिल चुकी है ।,-4.8,0.0,3.1023,-0.0222,-0.8035,3.1032,3.3512,1
train-s5851,जस्टिस के. जी. बालाकृष्णन और जस्टिस पी. वी. रेड्डी की खंडपीठ ने निर्वाचन आयोग और केंद्र सरकार द्वारा राज्यसभा के चुनावों पर कोर्ट द्वारा गत ४ जून को लगाए गए स्टे को हटाने की मांग करने वाली याचिकाओं पर सभी पक्षों को सुनने के बाद अपने पूर्व के आदेश में संशोधन करके स्थगनादेश को हटाया ।,SOV,56,99,-0.1178,0.6095,0.6429,9,राज्यसभा चुनाव पर लगी रोक को सुप्रीम कोर्ट ने बुधवार को हटा दिया ।,-41.0101,0.0,-2.2732,-9.942,-9.5874,-4.0525,-2.1818,1
train-s5852,केंद्र सरकार की ओर से वरिष्ठ अधिवक्ता गोपाल सुब्रमण्यम ने कहा कि स्थगनादेश हटा देना चाहिए क्योंकि चुनाव कानून के अनुसार ही कराए जा रहे हैं ।,SOV,27,1,-0.0473,0.5123,0.5357,30,जस्टिस के. जी. बालाकृष्णन और जस्टिस पी. वी. रेड्डी की खंडपीठ ने निर्वाचन आयोग और केंद्र सरकार द्वारा राज्यसभा के चुनावों पर कोर्ट द्वारा गत ४ जून को लगाए गए स्टे को हटाने की मांग करने वाली याचिकाओं पर सभी पक्षों को सुनने के बाद अपने पूर्व के आदेश में संशोधन करके स्थगनादेश को हटाया ।,0.0,0.0,-2.6783,-2.4595,-0.3787,-4.0232,-1.1717,1
train-s5855,पूर्व सांसद इंद्रजीत की तरफ से वरिष्ठ अधिवक्ता फाली एस. नारीमन ने कहा कि चुनाव प्रक्रिया जारी रखी जाए ।,SOV,20,1,0.001,0.5143,0.5926,16,केंद्र सरकार की ओर से वरिष्ठ अधिवक्ता गोपाल सुब्रमण्यम ने कहा कि स्थगनादेश हटा देना चाहिए क्योंकि चुनाव कानून के अनुसार ही कराए जा रहे हैं ।,0.0,0.0,-6.5249,-1.9419,-4.1383,-7.6693,-1.5672,1
train-s5856,खंडपीठ ने सभी पक्षों को सुनने के बाद अपने पूर्व के आदेश में संशोधन कर स्थगनादेश हटा कर राज्यसभा की ६५ सीटों के लिए होने वाले चुनाव के लिए रास्ता प्रशस्त किया ।,SOV,33,99,0.0277,0.5194,0.45,9,पूर्व सांसद इंद्रजीत की तरफ से वरिष्ठ अधिवक्ता फाली एस. नारीमन ने कहा कि चुनाव प्रक्रिया जारी रखी जाए ।,-7.798,0.0,-23.9653,-18.7439,-21.0825,-23.3981,-3.5834,1
train-s5864,विश्वविद्यालय ने अपने परिसर में डेढ़ लाख रुपये की मदद से बायो - ईंधन प्लांट लगाया है ।,SOV,18,23,0.0104,0.4836,0.697,23,खंडपीठ ने सभी पक्षों को सुनने के बाद अपने पूर्व के आदेश में संशोधन कर स्थगनादेश हटा कर राज्यसभा की ६५ सीटों के लिए होने वाले चुनाव के लिए रास्ता प्रशस्त किया ।,4.6957,0.0,-4.6471,-6.097,-6.5409,-4.2205,-3.9989,1
train-s5873,यहां तक कि भारतीय रेलवे ने जात्रोपा के पेड़ों की खेती भी शुरू कर दी है ।,SOV,17,23,0.0218,0.5088,0.6111,11,विश्वविद्यालय ने अपने परिसर में डेढ़ लाख रुपये की मदद से बायो - ईंधन प्लांट लगाया है ।,-1.5652,1.0435,-21.8986,-15.6349,-16.4215,-21.8986,-4.9163,1
train-s5886,बाद में वे जानी - मानी अंतर्राष्ट्रीय हस्तियों की भी मूर्तियां बनाएंगे ।,SOV,13,5,0.0498,0.5099,0.7059,12,यहां तक कि भारतीय रेलवे ने जात्रोपा के पेड़ों की खेती भी शुरू कर दी है ।,7.2,-1.2,-9.7316,-3.5413,-6.6432,-9.7316,-3.8271,1
train-s5897,राज्य में ८९९५ मतदान केंद्रों पर निष्पक्ष और शांतिपूर्ण मतदान के लिए चुनाव आयोग ने ४२००० सुरक्षाकर्मियों को तैनात किया है ।,SOV,22,99,0.0313,0.5311,0.3077,4,बाद में वे जानी - मानी अंतर्राष्ट्रीय हस्तियों की भी मूर्तियां बनाएंगे ।,-5.9293,0.0,-18.693,-7.1424,-7.2905,-18.683,-4.9221,1
train-s5899,मतदाताओं ने इस बार राज्य में बुनियादी सुविधाओं को चुनावी मुद्दा बनाया है ।,SOV,14,99,0.0374,0.4749,0.7273,16,राज्य में ८९९५ मतदान केंद्रों पर निष्पक्ष और शांतिपूर्ण मतदान के लिए चुनाव आयोग ने ४२००० सुरक्षाकर्मियों को तैनात किया है ।,1.0303,0.0,-17.3113,-9.2983,-7.4675,-16.4424,-4.6462,1
train-s59,संभवतः यह सुल्तान गयासुद्दीन खिलजी ने बड़े हरम के रूप में बनवाया था.,DOSV,14,23,0.1026,0.4976,0.5333,8,चतुर्भुज के आकार का यह महल 17वीं शताब्दी में मधुकर शाह ने बनवाया था ।,7.8261,-1.0435,-10.9132,1.0852,4.2665,-5.9568,-0.7496,1
train-s590,असम के किसान इन 3 दिनों में बुवाई का काम रोक देते हैं ।,SOV,14,5,0.108,0.5037,0.5,10,"पुराणों के अनुसार जब राजा दक्ष ने यज्ञ का आयोजन किया, तो उन्होंने सारे देवताओं को निमंत्रण भेजे ।",0.0,0.0,-13.6769,-2.1154,-0.6112,-13.6106,-1.791,1
train-s5906,माकपा सांसद दीपांकर मुखर्जी ने भेल में सरकार की १० फीसदी हिस्सेदारी के विरोध में प्रधानमंत्री को लिखा है ।,SOV,20,23,-0.0131,0.4537,0.7857,11,मतदाताओं ने इस बार राज्य में बुनियादी सुविधाओं को चुनावी मुद्दा बनाया है ।,-1.5652,0.0,-7.1863,-2.6197,-2.1827,-7.1564,-1.7973,1
train-s5911,नाल्को में २० फीसदी विनिवेश के लिए वित्त मंत्रालय द्वारा खान मंत्रालय को लिखे गए पत्र के जवाब में केंद्रीय खान मंत्री शीशराम ओला ने नाल्को में विनिवेश के प्रस्ताव के प्रति अपना विरोध दर्ज कराया ।,SOV,37,99,0.015,0.4895,0.55,11,माकपा सांसद दीपांकर मुखर्जी ने भेल में सरकार की १० फीसदी हिस्सेदारी के विरोध में प्रधानमंत्री को लिखा है ।,-21.2424,0.0,-36.3707,-14.6211,-12.124,-38.2695,-6.2536,1
train-s5915,वित्त मंत्रालय नाल्को में २० फीसदी सरकारी हिस्सेदारी के विनिवेश से प्राप्त राशि को राष्ट्रीय निवेश कोश (एनआईएफ) में स्थानांतरित करना चाहता था ।,SOV,26,5,0.0476,0.4948,0.5946,22,नाल्को में २० फीसदी विनिवेश के लिए वित्त मंत्रालय द्वारा खान मंत्रालय को लिखे गए पत्र के जवाब में केंद्रीय खान मंत्री शीशराम ओला ने नाल्को में विनिवेश के प्रस्ताव के प्रति अपना विरोध दर्ज कराया ।,20.4,0.0,-19.9558,-9.4734,-9.0993,-14.7635,-2.5737,1
train-s5922,विदेश मंत्री के नटवर सिंह बृहस्पतिवार को वाशिंगटन में अमरीकी विदेश मंत्री कोलिन पावेल से पहली बार हो रहे साबके के दौरान द्विपक्षीय संबंधों सहित कई मुद्दों पर बातचीत करेंगे ।,SOV,31,99,0.2496,0.4876,0.5769,15,वित्त मंत्रालय नाल्को में २० फीसदी सरकारी हिस्सेदारी के विनिवेश से प्राप्त राशि को राष्ट्रीय निवेश कोश (एनआईएफ) में स्थानांतरित करना चाहता था ।,-9.1818,0.0,-42.4794,-17.4708,-18.6793,-42.4023,-4.761,1
train-s5933,पाकिस्तान ने देर रात इसकी पुष्टि करते हुए कहा कि नई दिल्ली ने मैच देखने के लिए मुशर्रफ की यात्रा के संबंध में संपर्क किया है ।,SOV,27,5,0.1022,0.5174,0.5484,17,विदेश मंत्री के नटवर सिंह बृहस्पतिवार को वाशिंगटन में अमरीकी विदेश मंत्री कोलिन पावेल से पहली बार हो रहे साबके के दौरान द्विपक्षीय संबंधों सहित कई मुद्दों पर बातचीत करेंगे ।,2.4,0.0,-3.5704,-6.3846,-3.3578,-3.5704,-1.6365,1
train-s5937,बुधवार को लंदन में विदेश मंत्री के. नटवर सिंह ने पत्रकारों से बातचीत में कहा कि मुशर्रफ को भेजा गया आमंत्रण इस्लामाबाद स्थित भारतीय उच्चायोग के पास है ।,SOV,29,99,0.0728,0.4977,0.6296,17,पाकिस्तान ने देर रात इसकी पुष्टि करते हुए कहा कि नई दिल्ली ने मैच देखने के लिए मुशर्रफ की यात्रा के संबंध में संपर्क किया है ।,-0.1212,0.0,-16.1181,-5.3731,-3.3314,-16.0021,-0.055,1
train-s594,"यहाँ तक पहुँचने के लिए ट्रेन, बस व हवाई सेवाएँ उपलब्ध हैं ।",SOV,14,5,0.0662,0.4728,0.4286,6,असम के किसान इन 3 दिनों में बुवाई का काम रोक देते हैं ।,-4.8,0.0,-15.4509,-6.4923,-7.8477,-14.3612,-5.8199,1
train-s5944,समूह के संस्थापक धीरुभाई अंबानी की पत्नी कोकिलाबेन ने दोनों बेटों मुकेश और अनिल अंबानी से अलग - अलग मिल कर सलाह - मशवरा शुरू कर दिया है ।,SOV,29,23,0.1425,0.5354,0.5517,16,बुधवार को लंदन में विदेश मंत्री के. नटवर सिंह ने पत्रकारों से बातचीत में कहा कि मुशर्रफ को भेजा गया आमंत्रण इस्लामाबाद स्थित भारतीय उच्चायोग के पास है ।,-17.2174,0.0,-10.856,-9.7426,-11.1579,-10.849,-3.4447,1
train-s5948,सूत्रों के अनुसार अपनी रिपोर्ट में कामथ ने कहा है कि समूह की विभिन्न कंपनियों की इक्विटी बांटने के साथ उनके नियंत्रण का भी बंटवारा कर दिया जाए ।,SOV,29,5,-0.0249,0.4972,0.5172,15,समूह के संस्थापक धीरुभाई अंबानी की पत्नी कोकिलाबेन ने दोनों बेटों मुकेश और अनिल अंबानी से अलग - अलग मिल कर सलाह - मशवरा शुरू कर दिया है ।,-1.2,0.0,2.0054,-2.7963,-2.797,2.0348,-0.7563,1
train-s5957,कामथ द्वारा सुझाई गई नियंत्रण की सीमा के तहत जिस भाई के हिस्से में आरआईएल होगी वह समूह की अन्य कंपनियां खरीद सकता है ।,SOV,25,5,0.104,0.4828,0.6207,18,सूत्रों के अनुसार अपनी रिपोर्ट में कामथ ने कहा है कि समूह की विभिन्न कंपनियों की इक्विटी बांटने के साथ उनके नियंत्रण का भी बंटवारा कर दिया जाए ।,-6.0,-1.2,-5.8341,-0.0916,-0.3938,-4.178,-3.0986,1
train-s5961,बैंकर्स ने रिलायंस इंफोकॉम की कीमत ५०००० करोड़ रुपये बताई है ।,SOV,12,5,0.1078,0.4681,0.56,14,कामथ द्वारा सुझाई गई नियंत्रण की सीमा के तहत जिस भाई के हिस्से में आरआईएल होगी वह समूह की अन्य कंपनियां खरीद सकता है ।,1.2,0.0,2.81,-4.4554,-2.1333,2.8125,-1.8287,1
train-s5963,यही कंपनी समूह को सबसे अधिक कैश फ्लो व लाभ उपलब्ध कराती है ।,SOV,14,23,-0.1084,0.4765,0.5,6,बैंकर्स ने रिलायंस इंफोकॉम की कीमत ५०००० करोड़ रुपये बताई है ।,0.5217,0.0,-21.2746,-14.9206,-15.2802,-21.2673,-4.2195,1
train-s5984,२९ सितंबर को केंद्र ने राज्यों के अधिकारियों के साथ सलाह - मशवरा कर जिलों के चयन का फार्मूला बनाया लेकिन उप्र में यह मुद्दा राजनीतिक रंग ले रहा है ।,SOV,31,23,0.186,0.4817,0.6429,9,यही कंपनी समूह को सबसे अधिक कैश फ्लो व लाभ उपलब्ध कराती है ।,6.7826,0.0,-11.5414,-2.5116,-3.2205,-11.5414,-2.3609,1
train-s5989,बिहार और उड़ीसा को केंद्र ने विशेष आर्थिक पैकेज दिए जबकि उत्तर प्रदेश की मांग को नजरअंदाज किया जा रहा है ।,IOSV,22,5,0.0528,0.4802,0.6129,19,२९ सितंबर को केंद्र ने राज्यों के अधिकारियों के साथ सलाह - मशवरा कर जिलों के चयन का फार्मूला बनाया लेकिन उप्र में यह मुद्दा राजनीतिक रंग ले रहा है ।,-1.2,0.0,1.2034,-0.9682,-2.5372,2.56,1.3232,1
train-s6,यहाँ लगने वाला तीन दिन का इज्तिमा पूरे देश के लोगों को आमंत्रित करता है ।,SOV,16,5,-0.406,0.5824,0.2857,2,इसे नवाब शाहजेहन ने बनवाया था ।,-7.2,0.0,-11.7126,-10.6206,-12.4331,-11.7126,-1.7147,1
train-s60,"इसके खुले गलियारे, बाहर निकली हुई बालकनी और खूबसूरत छत शाही शौक को आसानी से बयाँ करते हैं.",SOV,20,23,-0.0056,0.4976,0.4286,6,संभवतः यह सुल्तान गयासुद्दीन खिलजी ने बड़े हरम के रूप में बनवाया था.,-16.1739,0.0,-5.8658,-4.93,-4.7456,-5.8658,-2.4658,1
train-s6004,वैसे इन योजनाओं के बीच इसरो ऐसे रॉकेट पर भी काम कर रहा है ताकि अंतरिक्ष तक पहुंच को सस्ता बनाया जा सके ।,SOV,24,99,-0.0607,0.4643,0.6818,15,बिहार और उड़ीसा को केंद्र ने विशेष आर्थिक पैकेज दिए जबकि उत्तर प्रदेश की मांग को नजरअंदाज किया जा रहा है ।,-0.0606,0.0,-16.4303,-9.8915,-10.4096,-16.3246,-4.7556,1
train-s6007,इस दौरान प्रधानमंत्री पूर्व एशियाई सम्मेलन में एशियाई आर्थिक संघ की अपनी पहल को आगे बढ़ाएंगे ।,SOV,17,99,0.0018,0.4889,0.625,15,वैसे इन योजनाओं के बीच इसरो ऐसे रॉकेट पर भी काम कर रहा है ताकि अंतरिक्ष तक पहुंच को सस्ता बनाया जा सके ।,4.0303,0.0,-10.395,-0.1282,-3.3618,-10.395,-6.166,1
train-s6010,दक्षिण - पूर्वी एशिया के दस देशों का संगठन आसियान भारत और चीन से मजबूत आर्थिक एकीकरण की उम्मीद लगाए हुए है ।,SOV,23,5,0.2489,0.4546,0.6471,11,इस दौरान प्रधानमंत्री पूर्व एशियाई सम्मेलन में एशियाई आर्थिक संघ की अपनी पहल को आगे बढ़ाएंगे ।,-4.8,0.0,-15.1213,-8.3173,-9.043,-15.058,-3.394,1
train-s6030,नागालैंड और अरुणाचल प्रदेश के साथ असम के सीमा विवाद के हल के लिए सुप्रीमकोर्ट ने प्रस्तावित सीमा आयोग के गठन के लिए केंद्र को तीन हफ्ते का समय दिया है ।,SOV,32,99,0.1816,0.4679,0.6087,14,दक्षिण - पूर्वी एशिया के दस देशों का संगठन आसियान भारत और चीन से मजबूत आर्थिक एकीकरण की उम्मीद लगाए हुए है ।,-20.8687,0.0,-5.5678,-13.1147,-10.0422,-5.6789,-3.9745,1
train-s6031,कोर्ट ने इस अवधि में सरकार को प्रस्तावित आयोग के चेयरमैन और अन्य सदस्यों के नामों का सुझाव देने के लिए कहा है ।,SOV,24,23,0.0062,0.4729,0.6562,21,नागालैंड और अरुणाचल प्रदेश के साथ असम के सीमा विवाद के हल के लिए सुप्रीमकोर्ट ने प्रस्तावित सीमा आयोग के गठन के लिए केंद्र को तीन हफ्ते का समय दिया है ।,18.2609,0.0,-1.7336,-7.2011,-6.337,-3.0233,-0.9182,1
train-s6032,सीमा विवाद के हल के लिए असम द्वारा दाखिल की गई दो अर्जियों पर सुनवाई करते हुए प्रधान न्यायाधीश वाई. के. सब्बरवाल और न्यायाधीश सी. के. ठक्कर ने केंद्र को यह आदेश दिया ।,SOV,34,23,-0.0362,0.4909,0.6667,16,कोर्ट ने इस अवधि में सरकार को प्रस्तावित आयोग के चेयरमैन और अन्य सदस्यों के नामों का सुझाव देने के लिए कहा है ।,-16.6957,0.0,-10.9145,-11.6871,-8.7609,-10.6364,-2.4189,1
train-s6033,अटॉर्नी जनरल मिलन के. बनर्जी ने खंडपीठ से कहा कि आयोग की स्थापना के संबंध में उन्हें सरकार से परामर्श करना होगा और इस संबंध में निर्देश लेने होंगे ।,SOV,30,1,0.0055,0.5067,0.5588,19,सीमा विवाद के हल के लिए असम द्वारा दाखिल की गई दो अर्जियों पर सुनवाई करते हुए प्रधान न्यायाधीश वाई. के. सब्बरवाल और न्यायाधीश सी. के. ठक्कर ने केंद्र को यह आदेश दिया ।,-4.0,0.0,-4.3986,2.0501,-1.0355,-4.3986,0.9773,1
train-s6044,धमाका होते ही उग्रवादियों ने अंधाधुंध गोलियां बरसानी शुरू कर दीं ।,SOV,12,99,0.1147,0.5293,0.6667,20,अटॉर्नी जनरल मिलन के. बनर्जी ने खंडपीठ से कहा कि आयोग की स्थापना के संबंध में उन्हें सरकार से परामर्श करना होगा और इस संबंध में निर्देश लेने होंगे ।,-4.0909,0.0,-49.5581,-17.0523,-15.1614,-49.5516,-1.4251,1
train-s6046,अन्य जवानों ने भी मोर्चा संभाल लिया ।,SOV,8,1,-0.1967,0.5102,0.3333,4,धमाका होते ही उग्रवादियों ने अंधाधुंध गोलियां बरसानी शुरू कर दीं ।,-3.0,0.0,-25.0457,-5.5287,-8.4454,-25.0457,-1.6253,1
train-s6053,इन जिलों में शनिवार को नागा विद्रोहियों ने आंदोलन करते हुए कम से कम २० सरकारी भवनों में आग लगा दी थी ।,SOV,23,99,-0.3395,0.435,0.5,4,अन्य जवानों ने भी मोर्चा संभाल लिया ।,2.303,0.0,-21.7662,-9.2577,-10.6298,-21.7662,-5.4264,1
train-s6055,ऑल नागा स्टूडेंट्स यूनियन (आसू) ने २० जून से मणिपुर में अनिश्चितकालीन नाकेबंदी कर दी है ।,SOV,19,23,-0.1155,0.5724,0.5217,12,इन जिलों में शनिवार को नागा विद्रोहियों ने आंदोलन करते हुए कम से कम २० सरकारी भवनों में आग लगा दी थी ।,-9.913,0.0,-10.3967,-10.0256,-7.4386,-11.6831,-2.6097,1
train-s6059,जनता दल (यू) के वरिष्ठ नेता जॉर्ज फर्नांडीज ने ३० साल पहले कोला कंपनियों को खदेड़ा था ।,SOV,20,5,-0.112,0.4993,0.3158,6,ऑल नागा स्टूडेंट्स यूनियन (आसू) ने २० जून से मणिपुर में अनिश्चितकालीन नाकेबंदी कर दी है ।,-9.6,0.0,-0.6588,-0.1895,-0.3875,-0.6588,-1.6911,1
train-s6060,वर्तमान में यह काम बाबा रामदेव अपने तरीके से कर रहे हैं ।,DOSV,13,23,-0.0295,0.4326,0.5,10,जनता दल (यू) के वरिष्ठ नेता जॉर्ज फर्नांडीज ने ३० साल पहले कोला कंपनियों को खदेड़ा था ।,1.5652,0.0,-6.4554,5.314,4.493,-6.4554,1.0905,1
train-s6061,जॉर्ज ने रामदेव पर विवाद खड़ा करने के लिए वामपंथी नेताओं को कठघरे में खड़ा किया है ।,SOV,18,99,0.1102,0.5041,0.6154,8,वर्तमान में यह काम बाबा रामदेव अपने तरीके से कर रहे हैं ।,-7.4141,0.0,-21.631,-15.7104,-9.4045,-21.7083,-4.8933,1
train-s6062,जॉर्ज ने रामदेव की आयुर्वेदिक दवाओं के विरोध को बहुराष्ट्रीय कंपनियों की साजिश करार दिया है ।,SOV,17,23,-0.0987,0.5282,0.5556,10,जॉर्ज ने रामदेव पर विवाद खड़ा करने के लिए वामपंथी नेताओं को कठघरे में खड़ा किया है ।,-3.1304,0.0,-23.6356,-16.8391,-14.3352,-18.963,-4.4234,1
train-s6065,आज वही काम बाबा कर रहे हैं ।,DOSV,8,5,-0.0819,0.5371,0.5882,10,जॉर्ज ने रामदेव की आयुर्वेदिक दवाओं के विरोध को बहुराष्ट्रीय कंपनियों की साजिश करार दिया है ।,0.0,0.0,-0.0042,3.6946,2.8897,-0.0042,-1.0566,1
train-s6066,उनके आह्वान पर लोग कोल्ड ड्रिंक और फास्ट फूड छोड़ रहे हैं ।,SOV,13,5,0.0394,0.4343,0.375,3,आज वही काम बाबा कर रहे हैं ।,2.4,0.0,-2.9253,5.3683,1.8842,-3.2746,-0.1611,1
train-s6068,उन्होंने आम जनता को स्वस्थ रहने के लिए योग का रास्ता अपनाने के लिए प्रेरित किया है ।,SOV,18,99,-0.2747,0.5173,0.3846,5,उनके आह्वान पर लोग कोल्ड ड्रिंक और फास्ट फूड छोड़ रहे हैं ।,3.2424,1.0101,-22.4989,-15.5934,-17.0288,-22.4989,-6.1089,1
train-s607,यहाँ की हरियाली और सुरम्य वातावरण यात्रियों को पर्यटन का अलग अनुभव देते हैं ।,SOV,15,5,0.1756,0.4525,0.5,7,"यहाँ तक पहुँचने के लिए ट्रेन, बस व हवाई सेवाएँ उपलब्ध हैं ।",-2.4,0.0,-5.2611,-6.4588,-4.613,-3.1483,-3.2907,1
train-s6072,गोवा के राज्यपाल एस. सी. जमीर को वापस बुलाने की मांग को दोहराते हुए भंग राज्य विधानसभा के बर्खास्त मुख्यमंत्री मनोहर सिंह पारिकर ने बृहस्पतिवार को कहा है कि चार मार्च को राज्य में राष्ट्रपति शासन लगने के बावजूद राज्यपाल लगातार 'कांग्रेस एजेंट' के रूप में काम कर रहे हैं ।,SOV,53,5,0.1889,0.4295,0.6667,12,उन्होंने आम जनता को स्वस्थ रहने के लिए योग का रास्ता अपनाने के लिए प्रेरित किया है ।,-14.4,0.0,-1.7751,6.1423,6.8136,-1.76,0.5382,1
train-s6073,भाजपा राज्य इकाई के अध्यक्ष राजेंद्र आरलेकर के साथ यहां पार्टी मुख्यालय में उन्होंने पत्रकारों को कहा कि गोवा में निष्पक्ष राज्यपाल नियुक्त करने के लिए राष्ट्रपति से आग्रह किया है ।,SOV,32,99,0.0657,0.5119,0.6226,33,गोवा के राज्यपाल एस. सी. जमीर को वापस बुलाने की मांग को दोहराते हुए भंग राज्य विधानसभा के बर्खास्त मुख्यमंत्री मनोहर सिंह पारिकर ने बृहस्पतिवार को कहा है कि चार मार्च को राज्य में राष्ट्रपति शासन लगने के बावजूद राज्यपाल लगातार 'कांग्रेस एजेंट' के रूप में काम कर रहे हैं ।,-13.5657,-1.0808,-5.7132,-3.3277,-3.6529,-4.6577,-1.4327,1
train-s6075,वहां पार्टी नेताओं के साथ वह राज्यपाल जमीर की बर्खास्तगी के फैसले के खिलाफ अंतरिम राहत के संदर्भ में पिछले सप्ताह उच्च अदालत की सलाह पर सुप्रीम कोर्ट में अपील की अर्जी को अंतिम रूप देंगे ।,SOV,37,99,0.1444,0.4938,0.625,20,भाजपा राज्य इकाई के अध्यक्ष राजेंद्र आरलेकर के साथ यहां पार्टी मुख्यालय में उन्होंने पत्रकारों को कहा कि गोवा में निष्पक्ष राज्यपाल नियुक्त करने के लिए राष्ट्रपति से आग्रह किया है ।,4.101,0.9394,-27.9502,-10.7017,-10.6017,-26.0829,-4.7001,1
train-s6082,चिदंबरम् ने आज राज्यसभा को बताया कि सरकार शुक्रवार को एक कर संशोधन विधेयक लोकसभा में पेश करने जा रही है ।,SOV,22,5,0.1109,0.4938,0.6757,25,वहां पार्टी नेताओं के साथ वह राज्यपाल जमीर की बर्खास्तगी के फैसले के खिलाफ अंतरिम राहत के संदर्भ में पिछले सप्ताह उच्च अदालत की सलाह पर सुप्रीम कोर्ट में अपील की अर्जी को अंतिम रूप देंगे ।,0.0,0.0,-10.6532,-4.1002,-2.9573,-10.5243,-0.585,1
train-s6090,सरकार को राजस्व चाहिए ।,SOV,5,1,-0.0338,0.5185,0.6364,14,चिदंबरम् ने आज राज्यसभा को बताया कि सरकार शुक्रवार को एक कर संशोधन विधेयक लोकसभा में पेश करने जा रही है ।,-1.0,0.0,-7.2617,-0.2022,-0.3588,-0.7128,-0.5968,1
train-s6094,पर ये संस्थान धन एकत्र करने और काला धन को सफेद करने के साधन बन गए हैं ।,SOV,18,5,-0.0766,0.5195,0.6,3,सरकार को राजस्व चाहिए ।,12.0,0.0,-6.0803,-0.2829,-1.37,-6.0803,-1.5048,1
train-s6097,ऐसे में चिदंबरम की नजर इस धन पर जाना स्वाभाविक है ।,SOV,12,5,0.0065,0.4862,0.6111,11,पर ये संस्थान धन एकत्र करने और काला धन को सफेद करने के साधन बन गए हैं ।,-1.2,1.2,-13.931,-7.2453,-10.4323,-14.9559,-5.1477,1
train-s61,रात के समय इसे तवेली महल से निहारना बहुत सुखदायी है.,SOV,12,5,0.1388,0.4676,0.6,12,"इसके खुले गलियारे, बाहर निकली हुई बालकनी और खूबसूरत छत शाही शौक को आसानी से बयाँ करते हैं.",-1.2,0.0,-3.4528,0.4086,-1.5143,-2.5549,-0.364,1
train-s6104,राजधानी के विज्ञान भवन में विश्व आतंकवाद विरोधी दिवस के मौके पर आयोजित समारोह में विभिन्न देशों के राजनायिकों ने एक स्वर में कहा कि आतंकवाद के खिलाफ लड़ाई में सब एक हैं ।,SOV,34,23,0.1628,0.5383,0.5833,7,ऐसे में चिदंबरम की नजर इस धन पर जाना स्वाभाविक है ।,-5.7391,0.0,-10.0542,-0.4086,-0.6248,-10.0542,-1.5503,1
train-s6115,पाकिस्तान से ट्रेनिंग लेकर आए हिजबुल मुजाहिदीन के खूंखार आतंकी अली मोहम्मद को पुलिस ने गिरफ्तार किया है ।,DOSV,19,5,0.0394,0.5337,0.6471,22,राजधानी के विज्ञान भवन में विश्व आतंकवाद विरोधी दिवस के मौके पर आयोजित समारोह में विभिन्न देशों के राजनायिकों ने एक स्वर में कहा कि आतंकवाद के खिलाफ लड़ाई में सब एक हैं ।,-14.4,0.0,-20.1148,-9.7865,-9.7292,-20.1036,-3.8879,1
train-s6118,यह आरडीएक्स उसे दिल्ली में मौजूद एक अन्य आतंकी तक पहुंचाना था ।,DOSV,13,23,-0.229,0.5821,0.4737,9,पाकिस्तान से ट्रेनिंग लेकर आए हिजबुल मुजाहिदीन के खूंखार आतंकी अली मोहम्मद को पुलिस ने गिरफ्तार किया है ।,5.2174,-1.0435,-10.6625,-3.5863,-2.7789,-10.6625,-2.1737,1
train-s6125,निगम बोध घाट के समीप पहुंचने पर पुलिस टीम ने उसे दबोच लिया ।,SOV,14,5,0.121,0.4709,0.5385,7,यह आरडीएक्स उसे दिल्ली में मौजूद एक अन्य आतंकी तक पहुंचाना था ।,-7.2,0.0,-8.747,-4.2894,-3.2073,-8.5731,0.8782,1
train-s6128,२००१ में उसने जम्मू - कश्मीर पुलिस के एक जवान की ऑटोमेटिक राइफल व तीन कारतूस चुरा लिए थे ।,SOV,20,5,-0.0602,0.4806,0.5714,8,निगम बोध घाट के समीप पहुंचने पर पुलिस टीम ने उसे दबोच लिया ।,13.2,-1.2,-2.5305,-7.8068,-9.7947,-2.5305,-1.0252,1
train-s6129,इसके बाद उसने राइफल की मदद से एक व्यापारी से ६० हजार रुपये लूटे ।,SOV,15,99,0.0304,0.5502,0.4,8,२००१ में उसने जम्मू - कश्मीर पुलिस के एक जवान की ऑटोमेटिक राइफल व तीन कारतूस चुरा लिए थे ।,4.1515,0.0202,-17.4722,-7.9586,-11.3427,-11.6674,-4.9265,1
train-s6131,शाकिर ने अली मोहम्मद को कई अन्य कश्मीरी युवकों के साथ हथियारों की ट्रेनिंग लेने के लिए पाकिस्तान भेज दिया ।,SOV,21,99,0.0229,0.5602,0.6,9,इसके बाद उसने राइफल की मदद से एक व्यापारी से ६० हजार रुपये लूटे ।,1.3434,0.0,-1.1073,-1.7904,-0.3102,-1.1253,-1.9757,1
train-s6133,"२००१ में ट्रेनिंग लेने के बाद वह दो वर्ष तक जम्मू - कश्मीर में आतंकवाद फैलाता रहा, लेकिन २००३ में उसे गिरफ्तार कर लिया गया ।",SOV,27,99,-0.0189,0.4427,0.5238,11,शाकिर ने अली मोहम्मद को कई अन्य कश्मीरी युवकों के साथ हथियारों की ट्रेनिंग लेने के लिए पाकिस्तान भेज दिया ।,-6.8889,-0.9798,-17.5333,-4.2638,-2.181,-17.5333,-1.7474,1
train-s6134,कुछ महीने बाद जेल से छूटने के बाद हिजबुल कमांडर ने उसे ५० हजार रुपये देकर नेपाल भेज दिया ।,SOV,20,99,0.0671,0.4729,0.3704,10,"२००१ में ट्रेनिंग लेने के बाद वह दो वर्ष तक जम्मू - कश्मीर में आतंकवाद फैलाता रहा, लेकिन २००३ में उसे गिरफ्तार कर लिया गया ।",-12.8485,-0.0202,-0.629,-10.7104,-11.8576,0.9378,-1.6709,1
train-s6147,यहां वाहनों में फंसे करीब तीन हजार यात्रियों को प्रशासन ने आसपास के गांवों में शरण दिलाई है ।,DOSV,19,99,-0.1372,0.5121,0.5,10,कुछ महीने बाद जेल से छूटने के बाद हिजबुल कमांडर ने उसे ५० हजार रुपये देकर नेपाल भेज दिया ।,-4.2727,1.0,-13.8634,-6.0891,-9.9944,-13.8349,-1.6235,1
train-s6161,अदालत ने रजिस्ट्रार जनरल को मामले की जांच करने का निर्देश दिया है ।,SOV,14,5,-0.021,0.5184,0.5789,11,यहां वाहनों में फंसे करीब तीन हजार यात्रियों को प्रशासन ने आसपास के गांवों में शरण दिलाई है ।,4.8,0.0,-7.957,-9.9027,-7.3872,-7.9174,-6.1442,1
train-s6163,इस मामले में सुनवाई करते हुए न्यायमूर्ति अरिजीत पसायत व न्यायमूर्ति एच. के. सेमा की खंडपीठ ने कहा कि रजिस्ट्रार जनरल दिल्ली पुलिस के पुलिस महानिरीक्षक पद के किसी भी अधिकारी की इस जांच में मदद ले सकते हैं ।,SOV,40,1,0.0371,0.5026,0.6429,9,अदालत ने रजिस्ट्रार जनरल को मामले की जांच करने का निर्देश दिया है ।,5.0,0.0,0.7184,6.0129,5.1509,0.6363,0.741,1
train-s6170,विकेटकीपर कुमार संगकारा ने पांच शिकार बनाए ।,SOV,8,1,0.0296,0.5313,0.525,21,इस मामले में सुनवाई करते हुए न्यायमूर्ति अरिजीत पसायत व न्यायमूर्ति एच. के. सेमा की खंडपीठ ने कहा कि रजिस्ट्रार जनरल दिल्ली पुलिस के पुलिस महानिरीक्षक पद के किसी भी अधिकारी की इस जांच में मदद ले सकते हैं ।,-2.0,0.0,-3.8157,-5.7851,-5.8595,-3.1394,-2.1648,1
train-s6172,एशियाई टीम ३९.५ ओवर में २३२ बनाकर मुकाबले को ११२ रनों से हार गई ।,SOV,15,99,-0.272,0.5121,0.5,4,विकेटकीपर कुमार संगकारा ने पांच शिकार बनाए ।,0.9293,0.0,-1.6378,-2.6724,-3.6756,-1.6378,-0.543,1
train-s6179,गश्त पर निकले तटरक्षकों के जहाज ने उन्हें बचाया ।,SOV,10,1,0.0439,0.5258,0.3333,5,एशियाई टीम ३९.५ ओवर में २३२ बनाकर मुकाबले को ११२ रनों से हार गई ।,-6.0,-2.0,-11.5142,-10.0827,-9.4236,-9.6776,1.2219,1
train-s6182,उन्होंने अपनी यह इच्छा पार्टी के वरिष्ठ नेताओं को भी बता दी है ।,SOV,14,5,-0.4149,0.6241,0.4,4,गश्त पर निकले तटरक्षकों के जहाज ने उन्हें बचाया ।,6.0,1.2,-4.2384,-3.9541,0.6467,-4.2747,-0.6833,1
train-s6186,सोनिया ने एक बार फिर त्याग का रास्ता चुना और २३ मार्च को एनएसी के अध्यक्ष पद और लोकसभा की सदस्यता से इस्तीफा दे दिया ।,SOV,26,5,0.1624,0.4746,0.5714,8,उन्होंने अपनी यह इच्छा पार्टी के वरिष्ठ नेताओं को भी बता दी है ।,1.2,0.0,-10.7353,-4.052,-4.3649,-10.7353,-3.8872,1
train-s6197,"इसलिए, उन्हें यह पद संभालना चाहिए ।",SOV,8,5,-0.02,0.485,0.7692,20,सोनिया ने एक बार फिर त्याग का रास्ता चुना और २३ मार्च को एनएसी के अध्यक्ष पद और लोकसभा की सदस्यता से इस्तीफा दे दिया ।,0.0,0.0,-16.869,-6.67,-6.9097,-15.9718,-4.2834,1
train-s6198,पर सोनिया गांधी खुद को विवादों से दूर रखना चाहती हैं ।,SOV,12,23,0.0891,0.4832,0.375,3,"इसलिए, उन्हें यह पद संभालना चाहिए ।",4.6957,0.0,-9.9016,-14.0166,-15.6026,-9.9016,0.2751,1
train-s6202,यह पिटारा उन्होंने यहां राजीव जीवन रेखा चिकित्सा शिविर का शुभारंभ करने के बाद दयानंद महाविद्यालय में आयोजित समारोह में खोला ।,DOSV,22,99,-0.029,0.5206,0.5,6,पर सोनिया गांधी खुद को विवादों से दूर रखना चाहती हैं ।,8.5152,-1.0707,-2.7119,2.9762,4.3166,-3.7773,-3.0514,1
train-s6203,उन्होंने जिले के लोगों को 'इंदिरा युग' की वापसी के संकेत देते हुए कहा कि यह सब तो बानगी भर है ।,SOV,24,5,0.2296,0.4912,0.5455,12,यह पिटारा उन्होंने यहां राजीव जीवन रेखा चिकित्सा शिविर का शुभारंभ करने के बाद दयानंद महाविद्यालय में आयोजित समारोह में खोला ।,10.8,1.2,-3.2154,1.4635,2.2643,-2.0062,-0.5891,1
train-s6208,राजीव जीवन रेखा चिकित्सा शिविर का उद्देश्य गरीबों को पूरी सेवा देना है ।,SOV,14,5,0.1556,0.4746,0.5833,14,उन्होंने जिले के लोगों को 'इंदिरा युग' की वापसी के संकेत देते हुए कहा कि यह सब तो बानगी भर है ।,-4.8,0.0,-2.023,-8.0167,-5.2037,-1.027,-3.2282,1
train-s6210,एक हजार लोगों को ऑपरेशन की सुविधाएं मिलेगी ।,IOSV,9,1,0.2389,0.4604,0.7857,11,राजीव जीवन रेखा चिकित्सा शिविर का उद्देश्य गरीबों को पूरी सेवा देना है ।,-1.0,0.0,-2.3773,-7.5126,-7.5794,-2.1598,-0.9,1
train-s6212,बछरावां रेलवे स्टेशन पर राजीव जीवन रेखा निःशुल्क चिकित्सा शिविर का उद्घाटन करने के बाद वहां आयोजित जनसभा में गांधी ने कहा कि यह सुविधा अभी तक केवल अमेठी के लोगों को ही मिलती थी पर अब रायबरेली के लोग भी इस सेवा का लाभ उठा सकेंगे ।,SOV,48,99,0.2141,0.5104,0.4444,4,एक हजार लोगों को ऑपरेशन की सुविधाएं मिलेगी ।,-12.0404,0.0101,-6.041,-4.5577,-8.0064,-6.041,-2.4036,1
train-s6213,"विकलांगों को सेवा और सहायता की खास जरूरत बताते हुए उन्होंने कहा कि जल्द ही महावीर संस्थान, जयपुर की ओर से विकलांगों को कृत्रिम पैर देने के लिए रायबरेली में कैंप लगाया जाएगा ।",SOV,35,1,0.0895,0.4917,0.6875,33,बछरावां रेलवे स्टेशन पर राजीव जीवन रेखा निःशुल्क चिकित्सा शिविर का उद्घाटन करने के बाद वहां आयोजित जनसभा में गांधी ने कहा कि यह सुविधा अभी तक केवल अमेठी के लोगों को ही मिलती थी पर अब रायबरेली के लोग भी इस सेवा का लाभ उठा सकेंगे ।,-9.0,-2.0,-1.7011,-3.821,-1.1784,-1.6922,0.4434,1
train-s6214,सुनामी की चपेट में आए लोगों को श्रद्धांजलि देते हुए उन्होंने कहा कि इस आपदा का सामना करने के लिए सभी को सहयोग करना चाहिए ।,SOV,26,1,0.0486,0.4982,0.4857,17,"विकलांगों को सेवा और सहायता की खास जरूरत बताते हुए उन्होंने कहा कि जल्द ही महावीर संस्थान, जयपुर की ओर से विकलांगों को कृत्रिम पैर देने के लिए रायबरेली में कैंप लगाया जाएगा ।",-9.0,-2.0,-5.2292,-7.4649,-9.6306,-5.625,1.1618,1
train-s6215,समारोह में पूर्व विधायक सुरेंद्र बहादुर सिंह ने सुनामी पीड़ितों के लिए पांच लाख का चेक सोनिया को भेंट किया ।,SOV,21,99,0.0469,0.5753,0.6923,18,सुनामी की चपेट में आए लोगों को श्रद्धांजलि देते हुए उन्होंने कहा कि इस आपदा का सामना करने के लिए सभी को सहयोग करना चाहिए ।,-8.8283,0.0,-16.8351,-12.5275,-11.585,-15.8514,-1.676,1
train-s6221,वाजपेयी ने बृहस्पतिवार को संसद परिसर में पत्रकारों से बातचीत में एनएसी को औचित्यहीन करार दिया ।,SOV,17,99,0.0351,0.5633,0.6667,14,समारोह में पूर्व विधायक सुरेंद्र बहादुर सिंह ने सुनामी पीड़ितों के लिए पांच लाख का चेक सोनिया को भेंट किया ।,-1.0707,0.0,-38.1021,-21.3748,-19.6035,-36.786,-6.2879,1
train-s6225,गत दिनों भारत सुरक्षा यात्रा के दौरान भाजपा के पूर्व अध्यक्ष लालकृष्ण आडवाणी ने भी एनएसी को समाप्त करने का सुझाव दिया था ।,SOV,24,99,0.0762,0.5251,0.5882,10,वाजपेयी ने बृहस्पतिवार को संसद परिसर में पत्रकारों से बातचीत में एनएसी को औचित्यहीन करार दिया ।,0.2626,0.0,-17.0392,-11.9992,-15.3428,-15.6407,-7.1557,1
train-s6228,शनिवार की रात एनडीएफबी के प्रवक्ता एस. सरजारंग के स्थानीय मीडिया को भेजे ई - मेल के मुताबिक केंद्र और असम को उनके प्रस्ताव पर ध्यान देना चाहिए ।,SOV,29,23,0.0373,0.5103,0.5,12,गत दिनों भारत सुरक्षा यात्रा के दौरान भाजपा के पूर्व अध्यक्ष लालकृष्ण आडवाणी ने भी एनएसी को समाप्त करने का सुझाव दिया था ।,-27.1304,0.0,-15.5487,-14.2805,-13.7093,-15.5487,-7.1673,1
train-s6230,इसके अलावा प्रतिबंधित संगठन ने उनके खिलाफ जारी सभी अभियानों को रोकने को कहा ।,SOV,15,5,0.1133,0.4642,0.6552,19,शनिवार की रात एनडीएफबी के प्रवक्ता एस. सरजारंग के स्थानीय मीडिया को भेजे ई - मेल के मुताबिक केंद्र और असम को उनके प्रस्ताव पर ध्यान देना चाहिए ।,7.2,1.2,-12.8116,-7.9236,-5.4433,-10.7302,-3.7002,1
train-s6232,एडीएफबी के प्रस्ताव का स्वागत करते हुए मोहिलारी ने कहा कि सरकार को इस पर सकारात्मक रुख अपनाना चाहिए ।,SOV,20,1,-0.0002,0.5264,0.4667,7,इसके अलावा प्रतिबंधित संगठन ने उनके खिलाफ जारी सभी अभियानों को रोकने को कहा ।,-5.0,0.0,-0.3257,6.5666,3.9641,-0.3242,1.7915,1
train-s6235,वहीं एबीसीसीसी ने एक बयान में कहा कि हिंसा के बजाय शांति वार्ता ही किसी समस्या का समाधान हो सकता है ।,SOV,22,5,0.0449,0.5389,0.65,13,एडीएफबी के प्रस्ताव का स्वागत करते हुए मोहिलारी ने कहा कि सरकार को इस पर सकारात्मक रुख अपनाना चाहिए ।,2.4,0.0,-12.6091,-1.1707,-1.1335,-11.1808,-0.5213,1
train-s6236,केंद्र व राज्य सरकार को इस प्रस्ताव पर सकारात्मक रवैया अपनाना चाहिए ।,SOV,13,5,0.0068,0.497,0.6818,15,वहीं एबीसीसीसी ने एक बयान में कहा कि हिंसा के बजाय शांति वार्ता ही किसी समस्या का समाधान हो सकता है ।,-3.6,0.0,-21.4928,-8.1415,-6.8129,-21.4928,-2.6757,1
train-s6240,"विजयवर्गीय ने 'अमर उजाला' को बताया कि उमा भारती जैसी नेता, जिनके हजारों लाखों कार्यकर्ता समर्थक हों, के खिलाफ यदि पार्टी ने अनुशासनात्मक कार्रवाई का फैसला किया है तो यह पार्टी अध्यक्ष का साहसिक फैसला है ।",SOV,41,1,0.1028,0.5026,0.8462,11,केंद्र व राज्य सरकार को इस प्रस्ताव पर सकारात्मक रवैया अपनाना चाहिए ।,3.0,0.0,-6.7864,-5.7395,2.4557,-6.7864,-0.8025,1
train-s6246,केंद्रीय श्रम मंत्री के. चंद्रशेखर राव ने सभी केंद्रीय श्रम आयुक्तों को न्यूनतम मजदूरी अधिनियम को कड़ाई से लागू करने का आदेश दिया है ।,SOV,25,5,0.0959,0.5469,0.5366,22,"विजयवर्गीय ने 'अमर उजाला' को बताया कि उमा भारती जैसी नेता, जिनके हजारों लाखों कार्यकर्ता समर्थक हों, के खिलाफ यदि पार्टी ने अनुशासनात्मक कार्रवाई का फैसला किया है तो यह पार्टी अध्यक्ष का साहसिक फैसला है ।",3.6,0.0,-15.4763,-12.5873,-12.8943,-15.4669,-4.992,1
train-s6248,राव बुधवार को उप मुख्य श्रम आयुक्त और क्षेत्रीय श्रम आयुक्तों के सम्मेलन को संबोधित कर रहे थे ।,SOV,19,23,0.072,0.5119,0.6,15,केंद्रीय श्रम मंत्री के. चंद्रशेखर राव ने सभी केंद्रीय श्रम आयुक्तों को न्यूनतम मजदूरी अधिनियम को कड़ाई से लागू करने का आदेश दिया है ।,4.6957,0.0,-22.0127,-17.0821,-12.7595,-18.4186,-4.3891,1
train-s6257,मंगलौर शहरकाजी मुफ्ती मासूम अली ने अजमेर शरीफ में हुई आतंकवादी घटना की निंदा करते हुए लोगों से शांति व्यवस्था बनाए रखने की अपील की है ।,SOV,27,23,0.0706,0.5127,0.5789,11,राव बुधवार को उप मुख्य श्रम आयुक्त और क्षेत्रीय श्रम आयुक्तों के सम्मेलन को संबोधित कर रहे थे ।,-4.1739,0.0,-17.6069,-24.5991,-24.1966,-17.6069,-6.3421,1
train-s6266,मंगलवार की बैठक में कारगिल बीज कंपनी व अन्य व्यापारिक घरानों के प्रतिनिधियों ने हिस्सा लिया था ।,SOV,18,5,0.0447,0.5233,0.6667,18,मंगलौर शहरकाजी मुफ्ती मासूम अली ने अजमेर शरीफ में हुई आतंकवादी घटना की निंदा करते हुए लोगों से शांति व्यवस्था बनाए रखने की अपील की है ।,-3.6,0.0,-16.5447,-3.4736,-3.9697,-16.4974,-5.4619,1
train-s6267,चौधरी ने प्रधानमंत्री से किसानों की बैठक बुलाने की मांग की ।,SOV,12,5,0.1126,0.4328,0.6111,11,मंगलवार की बैठक में कारगिल बीज कंपनी व अन्य व्यापारिक घरानों के प्रतिनिधियों ने हिस्सा लिया था ।,4.8,0.0,-18.101,-18.9624,-18.1857,-14.6476,-6.0109,1
train-s6268,उन्होंने वित्तमंत्री पर आरोप लगाया कि वह यूपीए सरकार की नीतियों को नुकसान पहुंचाने के लिए कार्य कर रहे हैं ।,SOV,21,5,0.0389,0.5233,0.6667,8,चौधरी ने प्रधानमंत्री से किसानों की बैठक बुलाने की मांग की ।,0.0,1.2,-19.9813,-13.7894,-11.0467,-19.9813,-4.2382,1
train-s6270,इसके साथ सिंध भी काफी तेजी के साथ आतंकियों का मुख्य स्रोत बनता जा रहा है ।,SOV,17,23,-0.0985,0.5186,0.4762,10,उन्होंने वित्तमंत्री पर आरोप लगाया कि वह यूपीए सरकार की नीतियों को नुकसान पहुंचाने के लिए कार्य कर रहे हैं ।,4.1739,1.0435,-9.8056,-1.561,1.9873,-9.8056,-3.0367,1
train-s6274,पंजाब के 5500 धार्मिक शिक्षण संस्थान इन जेहादियों की भर्ती में मदद पहुंचा रहे हैं ।,SOV,16,5,0.0865,0.5466,0.6471,11,इसके साथ सिंध भी काफी तेजी के साथ आतंकियों का मुख्य स्रोत बनता जा रहा है ।,-6.0,0.0,-14.8424,-7.4416,-7.3483,-14.8343,-5.404,1
train-s6277,पैसा और सामाजिक सुरक्षा इन लोगों को जेहाद की ओर खींचती हैं ।,SOV,13,5,0.2763,0.4616,0.5,8,पंजाब के 5500 धार्मिक शिक्षण संस्थान इन जेहादियों की भर्ती में मदद पहुंचा रहे हैं ।,-1.2,0.0,-2.6901,-3.5739,-3.7451,-6.0655,2.0789,1
train-s6281,सरकार ने आपत्तिजनक अश्लील वीडियो दिखाए जाने के मामले में कठोर फैसला करते हुए एमटीवी और चैनल - वी समेत छह टीवी चैनलों को माफी मांगने का निर्देश दिया है ।,SOV,31,99,0.1529,0.4898,0.5385,7,पैसा और सामाजिक सुरक्षा इन लोगों को जेहाद की ओर खींचती हैं ।,-4.0,0.0,-14.6371,-20.189,-18.1078,-14.6378,-7.5656,1
train-s6282,रविवार को सूचना एवं प्रसारण मंत्रालय के वरिष्ठ अधिकारी ने बताया कि मामले को लेकर सभी चैनलों से हुई अलग - अलग बातचीत के बाद निर्णय लिया गया कि इन चैनलों को प्रसारण के माध्यम से दर्शकों से माफी मांगनी चाहिए ।,SOV,42,1,-0.0197,0.5042,0.6129,19,सरकार ने आपत्तिजनक अश्लील वीडियो दिखाए जाने के मामले में कठोर फैसला करते हुए एमटीवी और चैनल - वी समेत छह टीवी चैनलों को माफी मांगने का निर्देश दिया है ।,6.0,0.0,3.0491,1.025,0.435,3.0488,0.0182,1
train-s6284,"मंत्रालय ने चैनलों को निर्देश दिया है कि वे प्रसारण के दौरान स्क्रॉल के माध्यम से दर्शकों को कहें कि, 'सूचना एवं प्रसारण मंत्रालय ने कार्यक्रम प्रस्तुति की आचार संहिता की अवहेलना के लिए चैनलों को चेतावनी दी है ।",SOV,42,5,0.0466,0.5171,0.6667,28,रविवार को सूचना एवं प्रसारण मंत्रालय के वरिष्ठ अधिकारी ने बताया कि मामले को लेकर सभी चैनलों से हुई अलग - अलग बातचीत के बाद निर्णय लिया गया कि इन चैनलों को प्रसारण के माध्यम से दर्शकों से माफी मांगनी चाहिए ।,-1.2,0.0,-20.4617,-7.963,-5.6268,-17.6097,-4.866,1
train-s6288,भारत सुरक्षा यात्रा के छठे दिन आडवाणी ने मुस्लिमों से अयोध्या में राम मंदिर बनाने में मदद की अपील की ।,SOV,21,99,0.0093,0.5108,0.619,26,"मंत्रालय ने चैनलों को निर्देश दिया है कि वे प्रसारण के दौरान स्क्रॉल के माध्यम से दर्शकों को कहें कि, 'सूचना एवं प्रसारण मंत्रालय ने कार्यक्रम प्रस्तुति की आचार संहिता की अवहेलना के लिए चैनलों को चेतावनी दी है ।",-2.3333,0.0,-18.3445,-14.9377,-14.1499,-14.8024,-3.0652,1
train-s6290,इस बारे में मुझे उस वक्त जो कहना था उसे मैंने सरकार से कह दिया था ।,DOSV,17,5,0.2026,0.4972,0.619,13,भारत सुरक्षा यात्रा के छठे दिन आडवाणी ने मुस्लिमों से अयोध्या में राम मंदिर बनाने में मदद की अपील की ।,-9.6,0.0,2.5205,-3.3892,-5.9296,2.5043,-4.6966,1
train-s6293,आडवाणी कोयम्बटूर विस्फोट के मामले में जेल में बंद मदनी को रिहा करने के बारे में पूछे गए एक सवाल का जवाब दे रहे थे ।,SOV,26,5,0.088,0.4954,0.4706,8,इस बारे में मुझे उस वक्त जो कहना था उसे मैंने सरकार से कह दिया था ।,18.0,0.0,-14.5679,-5.9449,-5.0692,-14.5655,-4.7481,1
train-s6295,इसके साथ ही आडवाणी ने जैन धर्म के लोगों को अल्पसंख्यक समुदाय में रखने की मांग को त्रुटिपूर्ण बताते हुए कहा कि अल्पसंख्यक शिक्षा संस्थानों में अनुसूचित जाति और जनजाति को कानूनी रूप से आरक्षण देने के मामले में राष्ट्रीय स्तर पर बहस होनी चाहिए ।,SOV,46,5,0.0382,0.5147,0.5385,14,आडवाणी कोयम्बटूर विस्फोट के मामले में जेल में बंद मदनी को रिहा करने के बारे में पूछे गए एक सवाल का जवाब दे रहे थे ।,14.4,1.2,-1.4661,-0.9423,-0.0175,-2.2862,-0.8973,1
train-s6297,"मैं दोनों समुदायों के बीच एकता, सौहार्द, मैत्री और आपसी समझ बढ़ाने में अपनी भूमिका को लेकर पूरी तरह प्रतिबद्ध हूं ।",SOV,24,99,0.0453,0.4892,0.7391,34,इसके साथ ही आडवाणी ने जैन धर्म के लोगों को अल्पसंख्यक समुदाय में रखने की मांग को त्रुटिपूर्ण बताते हुए कहा कि अल्पसंख्यक शिक्षा संस्थानों में अनुसूचित जाति और जनजाति को कानूनी रूप से आरक्षण देने के मामले में राष्ट्रीय स्तर पर बहस होनी चाहिए ।,-12.101,1.0101,-19.3162,-9.7425,-8.2827,-19.3137,-4.4516,1
train-s6298,आडवाणी ने मुसलमानों से अयोध्या में मंदिर बनाने में मदद करने की अपील की ।,SOV,15,23,0.1756,0.4681,0.6667,16,"मैं दोनों समुदायों के बीच एकता, सौहार्द, मैत्री और आपसी समझ बढ़ाने में अपनी भूमिका को लेकर पूरी तरह प्रतिबद्ध हूं ।",4.6957,0.0,-24.9011,-17.9096,-17.3617,-22.187,-6.8072,1
train-s6306,'नेहरूवाद के नए आयाम' विषयक गोष्ठी में विदेश मंत्री नटवर सिंह ने संवाददाताओं से कहा कि पी. वी. नरसिंहराव के कार्यकाल में ही भारत ने इस्राइल में अपना प्रतिनिधि भेजा था ।,SOV,34,5,0.1492,0.5142,0.6,9,आडवाणी ने मुसलमानों से अयोध्या में मंदिर बनाने में मदद करने की अपील की ।,-8.4,0.0,-12.1263,-10.3899,-8.009,-12.1305,0.004,1
train-s6309,इससे पूर्व नेहरू सेंटर द्वारा आयोजित 'नेहरूवाद के नए आयाम' विषय पर अपना व्याख्यान देते हुए नटवर ने कहा कि भारत के पहले प्रधानमंत्री जवाहर लाल नेहरू चाहते थे कि गुटनिरपेक्ष आंदोलन (नाम) बदलती परिस्थितियों के साथ कायम रहे ।,SOV,44,5,0.0671,0.5399,0.5,17,'नेहरूवाद के नए आयाम' विषयक गोष्ठी में विदेश मंत्री नटवर सिंह ने संवाददाताओं से कहा कि पी. वी. नरसिंहराव के कार्यकाल में ही भारत ने इस्राइल में अपना प्रतिनिधि भेजा था ।,0.0,1.2,-7.4238,1.5735,-0.3295,-6.3238,-1.0307,1
train-s631,इस फिल्म में बिपाशा बसु ने भी बतौर अभिनेत्री काम किया है ।,SOV,13,23,0.0975,0.4606,0.6667,10,यहाँ की हरियाली और सुरम्य वातावरण यात्रियों को पर्यटन का अलग अनुभव देते हैं ।,-4.1739,0.0,1.2047,-0.2796,-1.5526,1.2047,-1.6351,1
train-s6310,उन्होंने जोर देकर कहा कि अब नाम में बहुत बड़े स्तर पर सुधार की जरूरत है ।,SOV,17,1,0.0265,0.4929,0.4318,19,इससे पूर्व नेहरू सेंटर द्वारा आयोजित 'नेहरूवाद के नए आयाम' विषय पर अपना व्याख्यान देते हुए नटवर ने कहा कि भारत के पहले प्रधानमंत्री जवाहर लाल नेहरू चाहते थे कि गुटनिरपेक्ष आंदोलन (नाम) बदलती परिस्थितियों के साथ कायम रहे ।,1.0,2.0,-16.5236,-1.836,-0.592,-16.4774,0.1117,1
train-s6313,उन्होंने अंतर्राष्ट्रीय एजेंडे में शांति को सर्वोपरि रखा ।,SOV,9,23,0.0886,0.5202,0.7647,13,उन्होंने जोर देकर कहा कि अब नाम में बहुत बड़े स्तर पर सुधार की जरूरत है ।,-0.5217,1.0435,-15.0497,-6.971,-8.2828,-11.4071,-3.9022,1
train-s6315,चुनाव के दौरान हिंसक घटनाओं में हो रही वृद्धि पर चिंता व्यक्त करते हुए पूर्व प्रधानमंत्री अटल बिहारी वाजपेयी ने कहा कि यह लोकतंत्र के लिए खतरनाक हो सकता है ।,SOV,31,1,0.1631,0.4618,0.4444,4,उन्होंने अंतर्राष्ट्रीय एजेंडे में शांति को सर्वोपरि रखा ।,-8.0,0.0,-2.4114,-2.8408,-3.5143,-2.4114,1.5223,1
train-s6316,दीन दयाल उपाध्याय की पुण्य तिथि के अवसर पर भाजपा कार्यालय में आयोजित एक कार्यक्रम में उपस्थित लोगों को संबोधित करते हुए वाजपेयी ने कहा कि हमने अपने लिए ही संसदीय लोकतंत्र को चुना है ।,SOV,36,1,-0.0721,0.5706,0.5806,18,चुनाव के दौरान हिंसक घटनाओं में हो रही वृद्धि पर चिंता व्यक्त करते हुए पूर्व प्रधानमंत्री अटल बिहारी वाजपेयी ने कहा कि यह लोकतंत्र के लिए खतरनाक हो सकता है ।,6.0,0.0,-5.097,-11.0909,-7.9327,-4.9566,-1.8315,1
train-s6322,वाजपेयी ने चेतावनी देते हुए कहा कि चुनावी हिंसा में बढ़ोतरी लोकतंत्र के लिए खतरनाक बात है ।,SOV,18,1,0.1502,0.5127,0.6389,23,दीन दयाल उपाध्याय की पुण्य तिथि के अवसर पर भाजपा कार्यालय में आयोजित एक कार्यक्रम में उपस्थित लोगों को संबोधित करते हुए वाजपेयी ने कहा कि हमने अपने लिए ही संसदीय लोकतंत्र को चुना है ।,1.0,0.0,0.4677,-3.0553,-1.3162,0.555,-5.2154,1
train-s6330,"विभाग ने १ - ७ जून के बीच हुई बारिश के आंकड़ों के हवाले से कहा है कि उत्तरी राज्यों में सिर्फ पंजाब, हरियाणा, दिल्ली और चंडीगढ़ में ही औसत से कम बारिश हुई है ।",SOV,38,1,-0.0742,0.6007,0.6111,11,वाजपेयी ने चेतावनी देते हुए कहा कि चुनावी हिंसा में बढ़ोतरी लोकतंत्र के लिए खतरनाक बात है ।,11.0,0.0,-13.4867,-0.6312,0.886,-13.2569,0.9192,1
train-s6347,प्रधानमंत्री मनमोहन सिंह द्वारा विपक्षी पार्टियों पर सरकार गिराने की साजिश रचने के आरोप लगाए जाने के बारे में पूछे जाने पर अर्जुन सिंह ने कहा कि यह सही और स्वाभाविक भी है ।,SOV,34,5,-0.0235,0.4858,0.4737,18,"विभाग ने १ - ७ जून के बीच हुई बारिश के आंकड़ों के हवाले से कहा है कि उत्तरी राज्यों में सिर्फ पंजाब, हरियाणा, दिल्ली और चंडीगढ़ में ही औसत से कम बारिश हुई है ।",-19.2,0.0,-12.9037,-6.3079,-7.9328,-12.8053,-9.2314,1
train-s6354,पार्टी मुख्यमंत्रियों को सुशासन देने के लिए आगाह करेगी ताकि चुनावी मोर्चे पर भी पार्टी को मजबूती मिल सके ।,SOV,20,23,-0.0193,0.5565,0.5882,20,प्रधानमंत्री मनमोहन सिंह द्वारा विपक्षी पार्टियों पर सरकार गिराने की साजिश रचने के आरोप लगाए जाने के बारे में पूछे जाने पर अर्जुन सिंह ने कहा कि यह सही और स्वाभाविक भी है ।,1.0435,0.0,-10.9573,-11.0369,-10.0687,-10.9573,-2.6343,1
train-s6361,अगर मुख्यमंत्री वैट को व्यापारियों के हित में बताते हैं तो फिर आलाकमान राज्यों को इसे लागू करने के लिए क्लिन चिट दे सकता है ।,SOV,26,99,-0.1103,0.5533,0.35,7,पार्टी मुख्यमंत्रियों को सुशासन देने के लिए आगाह करेगी ताकि चुनावी मोर्चे पर भी पार्टी को मजबूती मिल सके ।,-15.1111,0.0,-22.5891,-13.7678,-13.3772,-22.6136,-9.6779,1
train-s6366,"दूरसंचार जैसे प्रमुख क्षेत्रों में एफडीआई बढ़ाने के माकपा के विरोध को लेकर पूछे गए सवाल के जवाब में जोशी ने कहा कि यदि उन्होंने इसका विरोध किया है और इसके बावजूद कांग्रेस नेतृत्व वाली यूपीए सरकार को समर्थन देना जारी है, तो यह गलत है ।",SOV,48,1,0.0999,0.4843,0.4615,12,अगर मुख्यमंत्री वैट को व्यापारियों के हित में बताते हैं तो फिर आलाकमान राज्यों को इसे लागू करने के लिए क्लिन चिट दे सकता है ।,-17.0,0.0,-5.036,-0.3062,-4.1744,-5.036,-2.8281,1
train-s6369,जोशी ने सवालिया अंदाज में कहा कि क्या उन्होंने अपनी आर्थिक नीतियां बदल दी हैं?,SOV,16,1,0.0013,0.5001,0.6875,33,"दूरसंचार जैसे प्रमुख क्षेत्रों में एफडीआई बढ़ाने के माकपा के विरोध को लेकर पूछे गए सवाल के जवाब में जोशी ने कहा कि यदि उन्होंने इसका विरोध किया है और इसके बावजूद कांग्रेस नेतृत्व वाली यूपीए सरकार को समर्थन देना जारी है, तो यह गलत है ।",1.0,0.0,-3.0151,-4.0683,-3.6508,-0.3512,-0.3442,1
train-s6370,"यदि ऐसा है, तो पार्टी को यह स्पष्ट करना चाहिए ।",SOV,12,99,0.0505,0.5346,0.4375,7,जोशी ने सवालिया अंदाज में कहा कि क्या उन्होंने अपनी आर्थिक नीतियां बदल दी हैं?,-5.9293,1.0505,-26.4405,-13.1055,-11.5118,-26.4405,-9.1068,1
train-s6379,भारत और पाकिस्तान के बीच आतंकवाद और नशीली दवाओं की तस्करी रोकने के लिए हुई इस वार्ता में पाकिस्तानी अधिकारियों ने भारत के इस आरोप का खंडन किया कि वह मुस्लिम आतंकियों को भारतीय सीमा में घुसपैठ करा रहे हैं ।,SOV,41,5,0.1565,0.4626,0.6667,8,"यदि ऐसा है, तो पार्टी को यह स्पष्ट करना चाहिए ।",-14.4,0.0,-20.9793,-12.3356,-12.7886,-20.9793,-3.1316,1
train-s6383,हालांकि भारत ने सीमा पार से घुसपैठ पर अपनी चिंताओं से पाकिस्तान को अवगत करा दिया है ।,SOV,18,99,-0.1728,0.5601,0.5854,24,भारत और पाकिस्तान के बीच आतंकवाद और नशीली दवाओं की तस्करी रोकने के लिए हुई इस वार्ता में पाकिस्तानी अधिकारियों ने भारत के इस आरोप का खंडन किया कि वह मुस्लिम आतंकियों को भारतीय सीमा में घुसपैठ करा रहे हैं ।,0.0606,0.0,-36.3666,-21.2256,-19.3314,-23.4228,-7.117,1
train-s639,वह पहले अपने प्रधानमंत्री को यह फिल्म दिखाना चाहते हैं ।,SOV,11,1,-0.0329,0.5266,0.6923,9,इस फिल्म में बिपाशा बसु ने भी बतौर अभिनेत्री काम किया है ।,6.0,2.0,-15.0403,-7.3445,-7.1117,-15.0403,-2.9982,1
train-s6392,अदालत ने अशोक मेहरा नाम के व्यक्ति की याचिका पर सुनवाई के दौरान ये आदेश दिए ।,SOV,17,23,-0.0236,0.536,0.6111,11,हालांकि भारत ने सीमा पार से घुसपैठ पर अपनी चिंताओं से पाकिस्तान को अवगत करा दिया है ।,-2.6087,0.0,-12.2286,-12.878,-14.2477,-11.5845,-1.5832,1
train-s6394,यह जमीन उसने सर्वदेशिक आर्य सभा से खरीदी थी और वहां आज - कल प्राइमरी स्कूल चल रहा है ।,DOSV,20,5,0.0113,0.5002,0.6471,11,अदालत ने अशोक मेहरा नाम के व्यक्ति की याचिका पर सुनवाई के दौरान ये आदेश दिए ।,2.4,-1.2,4.8448,2.3349,1.8979,4.8448,-0.581,1
train-s6396,६ अप्रैल १९५० को भारत के तत्कालीन गर्वनर जनरल ने चंद्रवती को यह जमीन सौंपी थी ।,SOV,17,23,0.0952,0.4948,0.5,10,यह जमीन उसने सर्वदेशिक आर्य सभा से खरीदी थी और वहां आज - कल प्राइमरी स्कूल चल रहा है ।,-5.2174,0.0,1.0051,0.0699,-4.1373,1.4224,-0.552,1
train-s6398,दिल्ली के जिला जज ने प्रोबेट मंजूर की और प्रशासन ने इस संपत्ति को सर्वदेशिक आर्य प्रतिनिधि सभा के अध्यक्ष रामगोपाल शॉलवाले के जरिए इस ट्रस्ट के नाम दर्ज किया ।,SOV,31,5,-0.0976,0.5205,0.3529,6,६ अप्रैल १९५० को भारत के तत्कालीन गर्वनर जनरल ने चंद्रवती को यह जमीन सौंपी थी ।,-4.8,0.0,-4.3438,-7.2939,-7.229,-4.3348,-2.8283,1
train-s6400,इसके बाद सभा ने इस संपत्ति को लीज पर एक प्राइमरी स्कूल को दे दिया ।,SOV,16,99,0.0139,0.4896,0.6774,21,दिल्ली के जिला जज ने प्रोबेट मंजूर की और प्रशासन ने इस संपत्ति को सर्वदेशिक आर्य प्रतिनिधि सभा के अध्यक्ष रामगोपाल शॉलवाले के जरिए इस ट्रस्ट के नाम दर्ज किया ।,3.9091,1.0303,-8.5528,-7.6806,-8.0204,-8.5463,-4.2743,1
train-s6401,"१७ नवंबर, १९८४ को उन्होंने उसी संपत्ति को पंजीकृत सेल डीड के साथ याची अशोक मेहरा को बेच दिया ।",SOV,21,99,-0.0187,0.5228,0.6875,11,इसके बाद सभा ने इस संपत्ति को लीज पर एक प्राइमरी स्कूल को दे दिया ।,1.8182,-0.9798,-1.471,-0.299,-3.0497,-1.1927,-1.2785,1
train-s6403,कोर्ट ने इस याचिका को सुनवाई के लिए स्वीकार कर लिया है ।,SOV,13,23,0.1425,0.4928,0.2857,6,"१७ नवंबर, १९८४ को उन्होंने उसी संपत्ति को पंजीकृत सेल डीड के साथ याची अशोक मेहरा को बेच दिया ।",-1.5652,0.0,-23.5843,-14.7436,-14.7335,-23.5818,-5.6346,1
train-s6404,"अमेरिका पर आतंकी हमले के तीन साल बाद भी ओसामा बिन लादेन व अल - जवाहिरी, अल कायदा द्वारा किए जाने वाले हमले के लिए आदेश जारी करते हैं ।",SOV,31,99,-0.0499,0.5228,0.7692,10,कोर्ट ने इस याचिका को सुनवाई के लिए स्वीकार कर लिया है ।,-11.8485,0.0,-22.2303,-21.0258,-20.2314,-22.2303,-7.0664,1
train-s6405,अमेरिकी सेना के एक वरिष्ठ कमांडर ने यह बात कही है ।,SOV,12,1,-0.0939,0.497,0.4516,14,"अमेरिका पर आतंकी हमले के तीन साल बाद भी ओसामा बिन लादेन व अल - जवाहिरी, अल कायदा द्वारा किए जाने वाले हमले के लिए आदेश जारी करते हैं ।",-5.0,0.0,-9.125,-9.5185,-10.831,-9.125,-2.6764,1
train-s6409,वे अमेरिकी सैनिकों पर हमले की योजना बनाते हैं और कभी कभी हमले के लिए निर्देश भी देते हैं ।,SOV,20,5,0.0002,0.5031,0.75,9,अमेरिकी सेना के एक वरिष्ठ कमांडर ने यह बात कही है ।,2.4,1.2,-19.8377,-8.8051,-8.0242,-16.1823,-3.1372,1
train-s6413,"दावोस में वर्ल्ड इकोनॉमिक फोरम की बैठक के दौरान भारत ने जिस जोरदार तरीके से अपना पक्ष पेश किया और पूरी बैठक में छाया रहा, उसने दुनिया भर के लोगों का ध्यान अपनी ओर खींचा है ।",SOV,38,99,-0.1453,0.4706,0.5,10,वे अमेरिकी सैनिकों पर हमले की योजना बनाते हैं और कभी कभी हमले के लिए निर्देश भी देते हैं ।,-8.0,0.0,-17.4029,-17.5607,-17.612,-17.494,-5.9026,1
train-s6426,"आर्थिक प्रगति को भारत की विश्व शक्ति बनाने की चाबी बताते हुए ये लोग शिक्षा, जनसंख्या नियंत्रण और सूचना तकनीकी को सबसे ज्यादा अहम मानते हैं ।",SOV,28,23,0.08,0.5086,0.6579,25,"दावोस में वर्ल्ड इकोनॉमिक फोरम की बैठक के दौरान भारत ने जिस जोरदार तरीके से अपना पक्ष पेश किया और पूरी बैठक में छाया रहा, उसने दुनिया भर के लोगों का ध्यान अपनी ओर खींचा है ।",-10.9565,0.0,-2.9196,-5.038,-7.6187,-2.622,-3.8085,1
train-s643,माओवादियों ने यह निर्णय पिछले सप्ताह धनबाद में हुई अपनी सेंट्रल कमेटी की बैठक में लिया ।,SOV,17,5,0.1535,0.5366,0.6364,7,वह पहले अपने प्रधानमंत्री को यह फिल्म दिखाना चाहते हैं ।,10.8,0.0,-1.9792,2.7454,4.3313,-2.243,1.529,1
train-s6430,कौर ने अपनी जम्मू - कश्मीर यात्रा को यादगार बताया ।,SOV,11,5,0.1925,0.5176,0.5357,15,"आर्थिक प्रगति को भारत की विश्व शक्ति बनाने की चाबी बताते हुए ये लोग शिक्षा, जनसंख्या नियंत्रण और सूचना तकनीकी को सबसे ज्यादा अहम मानते हैं ।",-1.2,0.0,-6.1321,-12.8314,-11.6159,-3.3854,-3.0701,1
train-s6433,हर व्यक्ति को शांति के माहौल में जीने का अधिकार मिलना चाहिए ।,IOSV,13,1,0.1406,0.5107,0.5455,6,कौर ने अपनी जम्मू - कश्मीर यात्रा को यादगार बताया ।,4.0,0.0,-2.5328,-5.755,-2.4981,-2.5328,-0.9367,1
train-s6436,गुरशरण कौर को यहां की प्राकृतिक सुंदरता ने गहरे रूप से प्रभावित किया ।,DOSV,14,23,0.1985,0.4575,0.8462,11,हर व्यक्ति को शांति के माहौल में जीने का अधिकार मिलना चाहिए ।,-4.1739,0.0,-8.9812,-8.464,-8.5078,-9.0437,-3.0611,1
train-s6448,भिक्षुओं ने उन्हें इस मठ के इतिहास के बारे में जानकारी दी ।,SOV,13,23,0.129,0.5012,0.7857,11,गुरशरण कौर को यहां की प्राकृतिक सुंदरता ने गहरे रूप से प्रभावित किया ।,1.5652,-1.0435,-15.2134,-14.0781,-12.8442,-13.7573,-5.2122,1
train-s6456,वह अपने इस अभियान के तहत हैदराबाद पुलिस के आला अफसरों से मिलेंगी ।,SOV,14,5,0.0219,0.4415,0.6154,8,भिक्षुओं ने उन्हें इस मठ के इतिहास के बारे में जानकारी दी ।,6.0,1.2,-5.9617,-5.6797,-5.1663,-6.54,-1.6468,1
train-s6457,हालांकि स्थानीय पुलिस ने जांच को लेकर अपनी जबान बंद कर रखी है ।,SOV,14,99,0.0255,0.5969,0.5714,8,वह अपने इस अभियान के तहत हैदराबाद पुलिस के आला अफसरों से मिलेंगी ।,-0.9899,0.0,-22.5774,-13.5159,-13.456,-22.5247,-8.9324,1
train-s6458,हैदराबाद के पुलिस आयुक्त बलविंदर सिंह ने संवाददाताओं को बताया कि गुजरात पुलिस ने उनसे ठहरने और यातायात की व्यवस्था करने को कहा था जोकि उन्होंने करा दी है ।,SOV,30,1,-0.0601,0.4801,0.6429,9,हालांकि स्थानीय पुलिस ने जांच को लेकर अपनी जबान बंद कर रखी है ।,-5.0,0.0,-11.9064,-7.7349,-4.7522,-11.8969,-0.6762,1
train-s647,माओवादी - विरोधी अभियान में लगे झारखंड के एक वरिष्ठ पुलिस अधिकारी ने माओवादियों के इस निर्णय पर प्रतिक्रिया व्यक्त करते हुए कहा कि यह राज्य के गरीबों को माओवादियों द्वारा लुभाने का प्रयास है ।,SOV,36,1,0.1095,0.4647,0.5882,10,माओवादियों ने यह निर्णय पिछले सप्ताह धनबाद में हुई अपनी सेंट्रल कमेटी की बैठक में लिया ।,-4.0,0.0,2.7661,-9.4158,-7.3681,-1.1226,-2.1968,1
train-s6474,'मॉडल निकाहनामा' तैयार करने की कवायद में जुटे ऑल इंडिया मुस्लिम पर्सनल लॉ बोर्ड ने 'हिदायतनामे' का ड्रॉफ्ट तैयार कर लिया है ।,SOV,27,5,-0.085,0.567,0.5,15,हैदराबाद के पुलिस आयुक्त बलविंदर सिंह ने संवाददाताओं को बताया कि गुजरात पुलिस ने उनसे ठहरने और यातायात की व्यवस्था करने को कहा था जोकि उन्होंने करा दी है ।,-19.2,0.0,-8.8978,-5.09,-7.1155,-8.8978,-5.068,1
train-s6475,ढाई पेज के इस हिदायतनामे को तैयार करने में बोर्ड की मुस्लिम महिला सदस्यों ने अहम भूमिका निभाई है ।,SOV,20,5,0.06,0.455,0.3704,10,'मॉडल निकाहनामा' तैयार करने की कवायद में जुटे ऑल इंडिया मुस्लिम पर्सनल लॉ बोर्ड ने 'हिदायतनामे' का ड्रॉफ्ट तैयार कर लिया है ।,-8.4,0.0,-10.4097,-6.9709,-7.5934,-9.6205,-3.7515,1
train-s6483,सम्मेलन में यह प्रस्ताव अगर पारित हो जाता है तो बोर्ड निकाह कराने वाले काजियों को हिदायत जारी करेगा ।,SOV,20,99,0.0752,0.4586,0.55,11,ढाई पेज के इस हिदायतनामे को तैयार करने में बोर्ड की मुस्लिम महिला सदस्यों ने अहम भूमिका निभाई है ।,-18.303,0.0,-23.0026,-21.3084,-20.3548,-19.5079,-12.2272,1
train-s6484,"हिदायतनामा में बोर्ड ने यह प्रस्ताव भी किया है कि निकाह होते ही, शौहर पर आधी मेहर वाजिब हो जाएगी ।",SOV,22,5,0.2025,0.4878,0.6,12,सम्मेलन में यह प्रस्ताव अगर पारित हो जाता है तो बोर्ड निकाह कराने वाले काजियों को हिदायत जारी करेगा ।,1.2,0.0,-8.0598,-5.6166,-8.2874,-7.803,-0.1854,1
train-s6487,कई बार शौहर अपनी बीवी से मेहर माफ करा लेते हैं ।,SOV,12,99,-0.0074,0.5191,0.5455,12,"हिदायतनामा में बोर्ड ने यह प्रस्ताव भी किया है कि निकाह होते ही, शौहर पर आधी मेहर वाजिब हो जाएगी ।",-2.0202,0.0,-1.9837,-3.1077,-2.6287,-3.5138,-1.9788,1
train-s6499,बृहस्पतिवार को अमेरिका की मार्टिना नवरातिलोवा के साथ युगल मैच में वह अपना दायां घुटना चोटिल करा बैठी थीं ।,SOV,20,99,0.1967,0.4955,0.5,6,कई बार शौहर अपनी बीवी से मेहर माफ करा लेते हैं ।,-8.1717,-0.1111,-7.9183,-0.297,-0.7681,-6.6458,-2.5823,1
train-s6501,पिछले महीने १८ वर्ष की होने वाली सानिया ने पहला सेट बगैर खास दिक्कत के जीत लिया लेकिन दूसरे सेट में उनका प्रदर्शन उतार - चढ़ाव भरा रहा ।,SOV,29,5,0.1254,0.4993,0.45,9,बृहस्पतिवार को अमेरिका की मार्टिना नवरातिलोवा के साथ युगल मैच में वह अपना दायां घुटना चोटिल करा बैठी थीं ।,-6.0,0.0,-1.4584,8.5902,5.8827,-1.4584,0.44,1
train-s6502,साल के पहले गैंरड स्लैम टूर्नामेंट आस्ट्रेलियन ओपन के तीसरे दौर में जगह बनाकर सत्र का शानदार आगाज करने वाली सानिया ने पहले सेट के चौथे गेम में किरिलेंको की सर्विस भंग कर सेट ६ - ४ से अपने नाम कर लिया ।,SOV,43,99,0.0728,0.5288,0.4483,13,पिछले महीने १८ वर्ष की होने वाली सानिया ने पहला सेट बगैर खास दिक्कत के जीत लिया लेकिन दूसरे सेट में उनका प्रदर्शन उतार - चढ़ाव भरा रहा ।,-46.0909,0.0,-6.1428,-2.739,-4.4147,-7.2376,-1.5963,1
train-s6505,नौवें गेम में उन्होंने अपनी सर्विस पर लगातार दो डबल फाल्ट कर अपनी प्रतिद्वंद्वी को अंक तोहफे में दे डाला ।,SOV,21,99,0.0304,0.5124,0.6047,26,साल के पहले गैंरड स्लैम टूर्नामेंट आस्ट्रेलियन ओपन के तीसरे दौर में जगह बनाकर सत्र का शानदार आगाज करने वाली सानिया ने पहले सेट के चौथे गेम में किरिलेंको की सर्विस भंग कर सेट ६ - ४ से अपने नाम कर लिया ।,-5.5556,-1.0606,-1.9354,-5.5713,-2.2553,-1.9044,-2.2633,1
train-s6508,पर १२वें गेम में उन्होंने रूसी खिलाड़ी की सर्विस पर दो बेहतरीन विनर्स और सेट प्वाइंट बचाते हुए सेट को टाइब्रेकर में खींच लिया ।,SOV,25,99,0.1557,0.4503,0.6667,14,नौवें गेम में उन्होंने अपनी सर्विस पर लगातार दो डबल फाल्ट कर अपनी प्रतिद्वंद्वी को अंक तोहफे में दे डाला ।,6.7172,-0.0707,2.9739,-11.4265,-10.0513,4.2394,-3.5888,1
train-s651,अर्जुन मुंडा सरकार ने घोषणा की है कि वह इस वर्ष के अंत तक पंचायत चुनाव करा सकती है ।,SOV,20,1,-0.0045,0.5725,0.6389,23,माओवादी - विरोधी अभियान में लगे झारखंड के एक वरिष्ठ पुलिस अधिकारी ने माओवादियों के इस निर्णय पर प्रतिक्रिया व्यक्त करते हुए कहा कि यह राज्य के गरीबों को माओवादियों द्वारा लुभाने का प्रयास है ।,-3.0,0.0,-19.8682,-23.4414,-17.8053,-19.8607,-5.9066,1
train-s6512,लेकिन अब उन्होंने अगले हफ्ते कोलंबिया में होने वाले डब्लूटीए टूर्नामेंट से नाम वापस ले लिया है ।,SOV,18,99,0.0506,0.5162,0.44,11,पर १२वें गेम में उन्होंने रूसी खिलाड़ी की सर्विस पर दो बेहतरीन विनर्स और सेट प्वाइंट बचाते हुए सेट को टाइब्रेकर में खींच लिया ।,-0.8081,-1.0404,-44.6353,-16.2059,-15.9147,-42.9748,-11.4147,1
train-s654,नोएडा से अपने मॉडलिंग का सफर शुरू करने वाली सोनल चौहान ने शनिवार को ३३ देशों की बालाओं को पछाड़ते हुए मिस टूरिज्म इंटरकान्टिनेंटल का खिताब हासिल किया ।,SOV,29,99,-0.0109,0.517,0.65,13,अर्जुन मुंडा सरकार ने घोषणा की है कि वह इस वर्ष के अंत तक पंचायत चुनाव करा सकती है ।,-18.9091,0.0,-19.6615,-17.3166,-16.8857,-20.3258,-7.0061,1
train-s6542,हत्फ - ७ बाबर मिसाइल के सफलतापूर्वक छोड़े जाने के बाद पाकिस्तानी राष्ट्रपति परवेज मुशर्रफ ने कहा कि यह उनके देश के परमाणु कार्यक्रम के लिए 'मील के पत्थर' की तरह है ।,SOV,35,1,0.1613,0.5068,0.5,9,लेकिन अब उन्होंने अगले हफ्ते कोलंबिया में होने वाले डब्लूटीए टूर्नामेंट से नाम वापस ले लिया है ।,-6.0,0.0,-4.2135,-11.0793,-9.5601,-4.2135,-6.2658,1
train-s6550,कांग्रेस पर विभिन्न राज्यों में राज्यपालों के दुरुपयोग करने का आरोप लगाते हुए आंध्र प्रदेश के पूर्व मुख्यमंत्री ने कहा कि आज के समय में इस मुद्दे पर एक सर्वदलीय वाद - विवाद आयोजित कराया जाना चाहिए ।,SOV,38,1,-0.0201,0.5003,0.6,21,हत्फ - ७ बाबर मिसाइल के सफलतापूर्वक छोड़े जाने के बाद पाकिस्तानी राष्ट्रपति परवेज मुशर्रफ ने कहा कि यह उनके देश के परमाणु कार्यक्रम के लिए 'मील के पत्थर' की तरह है ।,-7.0,0.0,7.2106,5.6727,0.4978,7.2089,0.0096,1
train-s6555,उन्होंने मुख्यमंत्री मुलायम सिंह के आवास पर एक संवाददाता सम्मेलन को भी सम्बोधित किया ।,SOV,15,23,-0.0625,0.5267,0.5263,20,कांग्रेस पर विभिन्न राज्यों में राज्यपालों के दुरुपयोग करने का आरोप लगाते हुए आंध्र प्रदेश के पूर्व मुख्यमंत्री ने कहा कि आज के समय में इस मुद्दे पर एक सर्वदलीय वाद - विवाद आयोजित कराया जाना चाहिए ।,-0.5217,1.0435,-21.2627,-17.438,-17.6713,-19.9827,-3.4399,1
train-s6566,१८ मई को मस्जिद में बम विस्फोट के बाद राज्य सरकार ने इस घटना की सीबीआई जांच के आदेश दिए थे ।,SOV,22,99,0.0742,0.5043,0.7333,11,उन्होंने मुख्यमंत्री मुलायम सिंह के आवास पर एक संवाददाता सम्मेलन को भी सम्बोधित किया ।,9.1111,0.0,-20.5706,-15.5445,-20.271,-20.5706,-2.748,1
train-s6567,आंध्र प्रदेश सरकार ने इस जांच के आदेश दिए थे ।,SOV,11,1,-0.1098,0.5485,0.7273,16,१८ मई को मस्जिद में बम विस्फोट के बाद राज्य सरकार ने इस घटना की सीबीआई जांच के आदेश दिए थे ।,0.0,0.0,-17.2993,-15.6393,-20.0776,-14.4711,-3.977,1
train-s657,मलेशिया से फोन पर सोनल ने अमर उजाला से खास बातचीत में कहा कि नोएडावासियों के प्यार के कारण ही मैं यहां तक पहुंची हूं ।,SOV,26,99,0.0302,0.5545,0.4138,12,नोएडा से अपने मॉडलिंग का सफर शुरू करने वाली सोनल चौहान ने शनिवार को ३३ देशों की बालाओं को पछाड़ते हुए मिस टूरिज्म इंटरकान्टिनेंटल का खिताब हासिल किया ।,2.9697,0.0,-11.232,-1.8552,0.1097,-12.5072,0.2206,1
train-s6570,एआईएमआईएम एमपी असादुदीन आवैसी ने भी मजिस्ट्रेट से मिलकर फायरिंग को बेवजह बताते हुए सबूत के तौर पर कुछ दस्तावेज जमा किए ।,SOV,23,99,-0.1698,0.5257,0.5455,6,आंध्र प्रदेश सरकार ने इस जांच के आदेश दिए थे ।,-7.2626,0.0,1.027,-11.396,-14.035,1.0304,-1.7017,1
train-s6579,किसानों को सरकारी मूल्य से करीब 20 फीसदी ज्यादा गन्ने की कीमत मिली है ।,IOSV,15,1,-0.1163,0.5684,0.5217,12,एआईएमआईएम एमपी असादुदीन आवैसी ने भी मजिस्ट्रेट से मिलकर फायरिंग को बेवजह बताते हुए सबूत के तौर पर कुछ दस्तावेज जमा किए ।,8.0,0.0,7.0074,-0.9481,-3.482,7.0054,0.4718,1
train-s6581,वर्तमान में उपभोक्ताओं को 22 रुपये प्रति किलो की दर से चीनी खरीदनी पड़ रही है ।,SOV,17,23,0.1268,0.5843,0.6,9,किसानों को सरकारी मूल्य से करीब 20 फीसदी ज्यादा गन्ने की कीमत मिली है ।,1.0435,0.0,-3.0761,-0.8867,-3.8839,-3.0734,0.0355,1
train-s6584,वर्तमान गन्ना सीजन में उत्तर प्रदेश सरकार ने गन्ने की कीमत प्रति कुंतल 115 रुपए और 120 रुपये प्रति कुंतल निर्धारित की थी ।,SOV,24,99,0.1256,0.4417,0.5882,10,वर्तमान में उपभोक्ताओं को 22 रुपये प्रति किलो की दर से चीनी खरीदनी पड़ रही है ।,-0.9192,0.0,-17.2251,-7.0948,-9.8951,-11.1597,-3.5036,1
train-s6590,निवेशकों ने उत्तर प्रदेश की चीनी मिलों के स्टॉक ज्यादा खरीदे हैं ।,SOV,13,5,0.0241,0.493,0.4483,13,"क्योंकि, गन्ने के सीजन के शुरू होते ही इन उत्पादकों ने किसानों को 125 रुपये से लेकर 130 रुपए प्रति कुंतल की कीमत देनी शुरू कर दी ।",-1.2,0.0,-1.8216,1.8819,0.5123,-1.8654,-2.898,1
train-s6601,मुख्यमंत्री ने स्पष्ट किया 'मैंने केंद्रीय नेतृत्व से बात की है और उन्होंने मुझे अपने पद पर बने रहने के लिए कहा है,SOV,24,1,0.0162,0.498,0.4615,6,निवेशकों ने उत्तर प्रदेश की चीनी मिलों के स्टॉक ज्यादा खरीदे हैं ।,-1.0,0.0,-22.1827,-15.6396,-13.657,-22.0278,-5.0356,1
train-s6606,उन्होंने आगे कहा कि पार्टी महासचिव अरूण जेटली ने भी इस तरह की खबरों का खंडन किया है ।,SOV,19,1,0.0329,0.5159,0.6667,16,मुख्यमंत्री ने स्पष्ट किया 'मैंने केंद्रीय नेतृत्व से बात की है और उन्होंने मुझे अपने पद पर बने रहने के लिए कहा है,0.0,2.0,-4.9071,2.8772,5.1531,-4.6953,-2.9137,1
train-s6607,मुख्यमंत्री ने दावा किया कि उन्हें केंद्रीय नेतृत्व का पूरा समर्थन हासिल है ।,SOV,14,1,-0.0973,0.5482,0.5789,11,उन्होंने आगे कहा कि पार्टी महासचिव अरूण जेटली ने भी इस तरह की खबरों का खंडन किया है ।,-1.0,0.0,-28.9225,-17.8163,-20.252,-26.5315,-6.6544,1
train-s6608,उन्होंने आगे कहा कि पूर्व प्रधानमंत्री अटल बिहारी वाजपेयी समेत कई वरिष्ठ नेताओं ने मुझे पद पर बने रहने और अपने कर्तव्य का पालन करने के लिए कहा है ।,SOV,30,1,0.0916,0.5266,0.7857,11,मुख्यमंत्री ने दावा किया कि उन्हें केंद्रीय नेतृत्व का पूरा समर्थन हासिल है ।,0.0,2.0,-4.9071,3.9948,-0.8084,-4.9075,-2.9137,1
train-s6611,उन्होंने मुझे बिहार विधानसभा चुनाव प्रचार में हिस्सा लेने के लिए कहा है ।,SOV,14,23,-0.0033,0.4991,0.6,18,उन्होंने आगे कहा कि पूर्व प्रधानमंत्री अटल बिहारी वाजपेयी समेत कई वरिष्ठ नेताओं ने मुझे पद पर बने रहने और अपने कर्तव्य का पालन करने के लिए कहा है ।,6.7826,0.0,-16.2305,-3.7199,-4.965,-13.4466,-1.6035,1
train-s6612,भारत ने भूकंप प्रभावित पाक अधिकृत कश्मीर (पीओके) में पुनर्निर्माण कार्य शुरू करने की पेशकश की है ।,SOV,20,23,0.1248,0.5435,0.5714,8,उन्होंने मुझे बिहार विधानसभा चुनाव प्रचार में हिस्सा लेने के लिए कहा है ।,-0.5217,0.0,-26.4442,-21.9022,-21.315,-26.0197,-3.9151,1
train-s6617,भाजपा उपाध्यक्ष एम. वेंकैया नायडू ने शनिवार को कहा कि वोल्कर पैनल रिपोर्ट में लगाए गए आरोपों में यूपीए सरकार की ओर से जांच के आदेश में विश्वसनीयता की कमी है ।,SOV,32,1,0.1074,0.5488,0.6,12,भारत ने भूकंप प्रभावित पाक अधिकृत कश्मीर (पीओके) में पुनर्निर्माण कार्य शुरू करने की पेशकश की है ।,-4.0,0.0,-2.0086,-2.0769,0.1587,-2.0086,-0.3284,1
train-s6620,इसके लिए विदेशी सरकारों की मदद से भारतीय अधिकारियों द्वारा एक आपराधिक जांच होनी चाहिए ।,SOV,16,23,0.0716,0.5168,0.5938,19,भाजपा उपाध्यक्ष एम. वेंकैया नायडू ने शनिवार को कहा कि वोल्कर पैनल रिपोर्ट में लगाए गए आरोपों में यूपीए सरकार की ओर से जांच के आदेश में विश्वसनीयता की कमी है ।,0.5217,1.0435,-9.3863,-7.3789,-7.2457,-9.3863,-3.0152,1
train-s6623,केसरी मेमोरियल जर्नलिस्ट ट्रस्ट की ओर से आयोजित एक समारोह को संबोधित करते हुए उन्होंने कहा कि जांच पूरी होने से पहले ही नटवर सिंह को क्लीन चिट दे दी गई है ।,SOV,33,1,-0.0455,0.5665,0.5,8,इसके लिए विदेशी सरकारों की मदद से भारतीय अधिकारियों द्वारा एक आपराधिक जांच होनी चाहिए ।,-13.0,-2.0,-6.1848,-4.4443,-4.414,-6.1848,-0.4231,1
train-s6626,नायडू ने दावा किया कि नटवर सिंह संयुक्त राष्ट्र अमेरिका और वोल्कर पैनल समेत सभी के बारे में अनाप - शनाप बयानबाजी कर रहे हैं ।,SOV,26,1,0.1392,0.5122,0.5152,17,केसरी मेमोरियल जर्नलिस्ट ट्रस्ट की ओर से आयोजित एक समारोह को संबोधित करते हुए उन्होंने कहा कि जांच पूरी होने से पहले ही नटवर सिंह को क्लीन चिट दे दी गई है ।,-1.0,0.0,-26.6415,-17.7692,-17.4684,-25.8612,-5.8681,1
train-s6627,फरीदाबाद के सेक्टर - 31 थाना क्षेत्र में करीब दस बदमाशों ने एक सिगरेट कंपनी के गोदाम में डकैती डालकर 55 लाख रुपये की कीमत के सिगरेट के 280 कार्टन उड़ा लिए ।,SOV,33,23,0.0053,0.5144,0.5769,15,नायडू ने दावा किया कि नटवर सिंह संयुक्त राष्ट्र अमेरिका और वोल्कर पैनल समेत सभी के बारे में अनाप - शनाप बयानबाजी कर रहे हैं ।,5.2174,0.0,-0.4114,-5.1044,-4.307,-0.4231,-1.5331,1
train-s6628,इस वारदात की सूचना मिलते ही फरीदाबाद पुलिस ने फौरन दिल्ली व उत्तर प्रदेश पुलिस को घटना से अवगत कराया ।,SOV,21,99,-0.0401,0.5126,0.6061,20,फरीदाबाद के सेक्टर - 31 थाना क्षेत्र में करीब दस बदमाशों ने एक सिगरेट कंपनी के गोदाम में डकैती डालकर 55 लाख रुपये की कीमत के सिगरेट के 280 कार्टन उड़ा लिए ।,-11.1717,0.0,-30.7847,-19.4303,-18.8867,-31.0414,-2.7636,1
train-s6629,"दिल्ली पुलिस ने सभी थानों, चौकियों व दिल्ली में गश्त करने वाली पुलिस टीमों को घटना की जानकारी दी ।",SOV,21,23,-0.0662,0.5439,0.5714,12,इस वारदात की सूचना मिलते ही फरीदाबाद पुलिस ने फौरन दिल्ली व उत्तर प्रदेश पुलिस को घटना से अवगत कराया ।,-0.5217,0.0,-8.3135,-11.2624,-9.1735,-6.1623,-4.6187,1
train-s6636,दयाराम के ऊपर बदमाशों ने रजाई डाल दी ।,SOV,9,5,-0.0019,0.5823,0.4762,10,"दिल्ली पुलिस ने सभी थानों, चौकियों व दिल्ली में गश्त करने वाली पुलिस टीमों को घटना की जानकारी दी ।",-2.4,0.0,0.3201,0.6234,-0.3714,0.33,-0.6742,1
train-s6638,उन्होंने टाटा 407 को गोदाम के गेट पर लगाकर उसमें सिगरेटों से भरे कार्टन भर लिए ।,SOV,17,23,-0.1918,0.5348,0.3333,3,दयाराम के ऊपर बदमाशों ने रजाई डाल दी ।,1.0435,1.0435,-1.6451,0.2923,-3.3487,-1.6451,-3.3079,1
train-s6639,बदमाश रात के डेढ़ बजे से लेकर तीन बजे तक इस वारदात को अंजाम देते रहे ।,SOV,17,23,-0.1241,0.5779,0.3529,6,उन्होंने टाटा 407 को गोदाम के गेट पर लगाकर उसमें सिगरेटों से भरे कार्टन भर लिए ।,-3.1304,0.0,-19.8074,-19.3098,-16.875,-19.8419,-4.6843,1
train-s6643,दयाराम ने सुबह किसी तरह अपने हाथ - पैर खोलकर करीब सात बजे घटना की सूचना गोदाम के प्रबंधक सुबोदीप चक्रवर्ती को दी ।,SOV,24,99,0.0424,0.5066,0.4706,8,बदमाश रात के डेढ़ बजे से लेकर तीन बजे तक इस वारदात को अंजाम देते रहे ।,10.1818,0.0,7.0166,-5.0802,-4.6482,7.5602,-0.6283,1
train-s6644,प्रबंधक ने पुलिस को इस घटना से अवगत कराया ।,SOV,10,23,-0.011,0.487,0.6667,16,दयाराम ने सुबह किसी तरह अपने हाथ - पैर खोलकर करीब सात बजे घटना की सूचना गोदाम के प्रबंधक सुबोदीप चक्रवर्ती को दी ।,-1.0435,0.0,-27.3785,-23.0419,-21.8185,-22.942,-3.1214,1
train-s6646,इसके बाद पुलिस ने सभी थानों व चौकियों को अलर्ट कर दिया ।,SOV,13,23,-0.12,0.5603,0.8,8,प्रबंधक ने पुलिस को इस घटना से अवगत कराया ।,0.0,1.0435,-21.5008,-12.56,-10.826,-19.4971,-6.8108,1
train-s6648,सेक्टर - 31 पुलिस ने गोदाम के मैनेजर की शिकायत पर भादंस की धारा 458 व 380 के तहत मामला दर्ज किया ।,SOV,23,99,-0.1645,0.5898,0.5385,7,इसके बाद पुलिस ने सभी थानों व चौकियों को अलर्ट कर दिया ।,-12.9596,0.0,-15.3418,-19.1238,-15.1733,-17.1107,-5.3078,1
train-s6649,पुलिस ने अभी केवल चोरी का मामला दर्ज किया है ।,SOV,11,23,-0.0932,0.4899,0.5217,12,सेक्टर - 31 पुलिस ने गोदाम के मैनेजर की शिकायत पर भादंस की धारा 458 व 380 के तहत मामला दर्ज किया ।,0.0,-1.0435,-22.0208,-15.0269,-19.8872,-15.1129,-5.9574,1
train-s6653,पूर्व राज्यपाल पी. सी. एलेक्जेंडर ने अपनी आत्मकथा में कांग्रेस के चंद 'स्वयंभू' नेताओं पर दखलंदाजी कर 2002 के राष्ट्रपति चुनाव में कांग्रेस की प्रत्याशिता पर विराम लगाने का आरोप लगाया है ।,SOV,35,23,-0.1603,0.4808,0.8182,9,पुलिस ने अभी केवल चोरी का मामला दर्ज किया है ।,16.6957,0.0,-17.3534,-16.8553,-18.4238,-17.3108,-7.2375,1
train-s6655,कभी गांधी परिवार के बहुत करीबी रहे व इंदिरा गांधी और राजीव गांधी के साथ काम कर चुके एलेक्जेंडर ने दावा किया कि कुछ कांग्रेस नेताओं और राजग के कुछ छोटे दलों की तल्ख बयानबाजी से उनके राष्ट्रपति बनने की संभावना पर पानी फिर गया ।,SOV,46,1,0.0367,0.507,0.6,21,पूर्व राज्यपाल पी. सी. एलेक्जेंडर ने अपनी आत्मकथा में कांग्रेस के चंद 'स्वयंभू' नेताओं पर दखलंदाजी कर 2002 के राष्ट्रपति चुनाव में कांग्रेस की प्रत्याशिता पर विराम लगाने का आरोप लगाया है ।,-19.0,0.0,-22.772,-18.0827,-16.9441,-22.772,-7.8467,1
train-s6656,पी. सी. एलेक्जेंडर ने अपनी किताब 'थ्रू द कॉरिडोर ऑफ पावर' में कहा है कि पार्टी में सोनिया गांधी के राजनीतिक हितों के कुछ स्वयंभू हितैषियों ने ही राष्ट्रपति पद के लिए कांग्रेस का पत्ता साफ कर दिया ।,SOV,41,1,-0.0249,0.4928,0.6087,28,कभी गांधी परिवार के बहुत करीबी रहे व इंदिरा गांधी और राजीव गांधी के साथ काम कर चुके एलेक्जेंडर ने दावा किया कि कुछ कांग्रेस नेताओं और राजग के कुछ छोटे दलों की तल्ख बयानबाजी से उनके राष्ट्रपति बनने की संभावना पर पानी फिर गया ।,6.0,0.0,-6.0901,4.3907,2.6567,-6.0901,0.4757,1
train-s6658,अपनी तल्ख बयानबाजियों से भरी आत्मकथा में एलेक्जेंडर ने कहा कि 2002 के राष्ट्रपति चुनाव में उनकी उम्मीदवारी कुछ कांग्रेस नेताओं की जोड़ - तोड़ के कारण खारिज हो गई ।,SOV,31,1,0.0367,0.4803,0.5122,21,पी. सी. एलेक्जेंडर ने अपनी किताब 'थ्रू द कॉरिडोर ऑफ पावर' में कहा है कि पार्टी में सोनिया गांधी के राजनीतिक हितों के कुछ स्वयंभू हितैषियों ने ही राष्ट्रपति पद के लिए कांग्रेस का पत्ता साफ कर दिया ।,-5.0,0.0,-2.4491,6.588,8.9133,-3.7347,-0.284,1
train-s6661,हर्पर कॉलिंस द्वारा प्रकाशित किताब में उन्होंने दावा किया कि आखिर में कांग्रेस को मजबूरन राजग के प्रत्याशी को समर्थन देना पड़ा ।,SOV,23,5,0.0937,0.5079,0.6452,20,अपनी तल्ख बयानबाजियों से भरी आत्मकथा में एलेक्जेंडर ने कहा कि 2002 के राष्ट्रपति चुनाव में उनकी उम्मीदवारी कुछ कांग्रेस नेताओं की जोड़ - तोड़ के कारण खारिज हो गई ।,-6.0,-1.2,-17.8752,-17.0027,-18.1144,-16.8687,-4.9754,1
train-s6666,रक्षा मंत्री प्रणव मुखर्जी ने मंगलवार को कहा कि इसके लिए परंपरागत हथियारों पर पकड़ थोड़ी कम की जाएगी ।,SOV,20,1,0.1226,0.4831,0.5652,13,हर्पर कॉलिंस द्वारा प्रकाशित किताब में उन्होंने दावा किया कि आखिर में कांग्रेस को मजबूरन राजग के प्रत्याशी को समर्थन देना पड़ा ।,-3.0,0.0,-2.1567,-0.1728,-3.9206,-2.161,-0.3441,1
train-s6667,इसके साथ ही रक्षा मंत्री ने बताया कि भारत को फ्रांस से रक्षा उपकरणों के संयुक्त उत्पादन का भी प्रस्ताव मिला है ।,SOV,23,1,-0.0199,0.4622,0.65,13,रक्षा मंत्री प्रणव मुखर्जी ने मंगलवार को कहा कि इसके लिए परंपरागत हथियारों पर पकड़ थोड़ी कम की जाएगी ।,0.0,2.0,-13.0604,-4.1804,-0.308,-11.1121,-1.0034,1
train-s6672,रक्षा सामग्रियों के रक्षा उत्पादन और विदेशी रक्षा तकनीकों के हस्तांतरण की आवश्यकता पर बल देते हुए रक्षा मंत्री ने कहा कि सरकार को उम्मीद है कि विजय केलकर कमेटी की रिपोर्ट का दूसरा हिस्सा संभवतः इस महीने के आखिर में या फिर अगस्त में सौंप दिया जाएगा ।,SOV,49,1,0.0867,0.5332,0.7391,17,इसके साथ ही रक्षा मंत्री ने बताया कि भारत को फ्रांस से रक्षा उपकरणों के संयुक्त उत्पादन का भी प्रस्ताव मिला है ।,-14.0,0.0,-1.4025,3.7707,3.7989,-0.868,0.7814,1
train-s6680,पाक अधिकृत कश्मीर के नेताओं के साथ एक बैठक में सोमवार को मुशर्रफ ने कश्मीर समस्या के समाधान के लिए नियंत्रण रेखा को स्थायी सीमा के रूप में स्वीकार करने की संभावना से भी इनकार किया ।,SOV,37,99,0.1416,0.5157,0.7143,35,रक्षा सामग्रियों के रक्षा उत्पादन और विदेशी रक्षा तकनीकों के हस्तांतरण की आवश्यकता पर बल देते हुए रक्षा मंत्री ने कहा कि सरकार को उम्मीद है कि विजय केलकर कमेटी की रिपोर्ट का दूसरा हिस्सा संभवतः इस महीने के आखिर में या फिर अगस्त में सौंप दिया जाएगा ।,5.6061,0.0,-40.699,-33.3247,-33.5799,-40.3673,-6.9816,1
train-s6685,हाल ही में शुरू हुई श्रीनगर - मुजफ्फराबाद बस सेवा को मुशर्रफ ने आपसी विश्वास कायम करने का एक प्रशंसनीय उपाय बताया ।,DOSV,23,5,0.0972,0.4785,0.7568,28,पाक अधिकृत कश्मीर के नेताओं के साथ एक बैठक में सोमवार को मुशर्रफ ने कश्मीर समस्या के समाधान के लिए नियंत्रण रेखा को स्थायी सीमा के रूप में स्वीकार करने की संभावना से भी इनकार किया ।,-3.6,0.0,0.0758,-6.8839,-5.1096,1.9639,-1.7062,1
train-s6687,राजग ने बिहार विधानसभा भंग करने के विरोध में 25 जून को प्रस्तावित अपनी रैली स्थगित कर दी है ।,SOV,20,23,0.1653,0.5379,0.4167,20,"बहरहाल, इस बैठक में पाक अधिकृत कश्मीर के राष्ट्रपति जनरल (रिटायर्ड) अनवर खान, पाक अधिकृत कश्मीर के प्रधानमंत्री सिकंदर हयात, जम्मू - कश्मीर लिबरेशन फ्रंट (जेकेएलएफ) के नेता अमानुल्लाह खान और पाक अधिकृत कश्मीर के हुर्रियत नेताओं ने हिस्सा लिया ।",-2.087,0.0,-19.4024,-19.1149,-21.2076,-19.3611,-6.4701,1
train-s6693,जद (यू) के अध्यक्ष जॉर्ज फर्नॉडिस व नितिश कुमार समेत राजग के कई बड़े नेता पटना में विरोध - प्रदर्शनों में हिस्सा लेंगे ।,SOV,26,99,-0.096,0.5125,0.55,11,राजग ने बिहार विधानसभा भंग करने के विरोध में 25 जून को प्रस्तावित अपनी रैली स्थगित कर दी है ।,-22.6566,0.0,-15.5081,-10.0258,-6.4957,-12.7156,-6.822,1
train-s670,प्रधानमंत्री जैसे देश के अहम पद तक पहुंचने वाले इस माटी पुत्र को हजारों लोगों ने नम आंखों से अंतिम विदाई दी ।,IOSV,23,99,0.135,0.5457,0.6154,16,मलेशिया से फोन पर सोनल ने अमर उजाला से खास बातचीत में कहा कि नोएडावासियों के प्यार के कारण ही मैं यहां तक पहुंची हूं ।,-12.4646,0.0,-22.5843,-9.0958,-9.0792,-23.0335,-8.0758,1
train-s6700,उन्होंने सदन को बताया कि मंत्रालय में अधिकारियों से कह दिया गया है कि इस बीमारी के उन्मूलन के लिए कार्यक्रम बनाएं ।,SOV,23,1,0.177,0.4872,0.5,13,जद (यू) के अध्यक्ष जॉर्ज फर्नॉडिस व नितिश कुमार समेत राजग के कई बड़े नेता पटना में विरोध - प्रदर्शनों में हिस्सा लेंगे ।,1.0,2.0,-10.5703,0.5031,4.4691,-10.5703,-1.3451,1
train-s6703,इससे पहले महंत योगी आदित्यनाथ ने कहा कि गोरखपुर समेत पूर्वी उत्तर प्रदेश और बिहार में इस बीमारी ने अब भयानक रूप ले लिया है ।,SOV,26,1,-0.0041,0.5116,0.6957,16,उन्होंने सदन को बताया कि मंत्रालय में अधिकारियों से कह दिया गया है कि इस बीमारी के उन्मूलन के लिए कार्यक्रम बनाएं ।,2.0,2.0,-6.2446,-0.6463,-3.1531,-6.1663,-4.8705,1
train-s6707,सरकार को इस बीमारी की पहचान के लिए वहां लैब स्थापित करनी चाहिए ।,SOV,14,99,-0.1768,0.5052,0.6538,17,इससे पहले महंत योगी आदित्यनाथ ने कहा कि गोरखपुर समेत पूर्वी उत्तर प्रदेश और बिहार में इस बीमारी ने अब भयानक रूप ले लिया है ।,-7.0707,0.0,-12.5633,-10.5604,-12.4929,-11.9106,-0.9623,1
train-s671,बुद्ध पूर्णिमा पार्क में राव की पार्थिव देह को उनके ज्येष्ठ पुत्र पी. वी. रंगाराव ने मुखाग्नि दी ।,IOSV,19,23,-0.0682,0.5126,0.6087,14,प्रधानमंत्री जैसे देश के अहम पद तक पहुंचने वाले इस माटी पुत्र को हजारों लोगों ने नम आंखों से अंतिम विदाई दी ।,-3.6522,0.0,-8.7023,-9.9798,-11.4709,-7.5518,0.5408,1
train-s6710,इसलिए केंद्र को पोलियो उन्मूलन की तरह इसके लिए भी व्यापक कार्यक्रम बनाना चाहिए ।,SOV,15,99,-0.0428,0.4925,0.6429,9,सरकार को इस बीमारी की पहचान के लिए वहां लैब स्थापित करनी चाहिए ।,3.1313,1.0,-10.0959,-5.8804,-8.9663,-10.0768,-3.9991,1
train-s6713,बिहार व झारखंड के नतीजों के लिए मुस्लिम नेतृत्व सेकुलर पार्टियों को जिम्मेदार मानता है ।,SOV,16,23,0.0164,0.491,0.7333,11,इसलिए केंद्र को पोलियो उन्मूलन की तरह इसके लिए भी व्यापक कार्यक्रम बनाना चाहिए ।,-8.8696,0.0,-13.6241,-5.99,-6.4583,-13.6241,-2.7124,1
train-s6718,वह मुस्लिम वोटों के विभाजन को अस्थाई मानते हैं ।,SOV,10,5,0.1686,0.5107,0.3125,5,बिहार व झारखंड के नतीजों के लिए मुस्लिम नेतृत्व सेकुलर पार्टियों को जिम्मेदार मानता है ।,0.0,1.2,-1.3654,-4.0462,-3.9293,-1.2876,-5.2585,1
train-s6720,गठबंधन में सभी पार्टियों को एक - दूसरे का सम्मान जरूरी होता है ।,IOSV,14,23,-0.026,0.4996,0.3,3,वह मुस्लिम वोटों के विभाजन को अस्थाई मानते हैं ।,-0.5217,0.0,-10.3086,-4.0046,-4.3543,-10.3086,-2.9219,1
train-s6721,पर झारखंड में जिस तरह कांग्रेस ने झामुमो के साथ समझौता किया उससे राजद का नाराज होना लाजिमी था ।,SOV,20,23,0.2165,0.4984,0.5714,8,गठबंधन में सभी पार्टियों को एक - दूसरे का सम्मान जरूरी होता है ।,-4.1739,-1.0435,-8.0094,-15.4965,-17.9675,-8.0037,-4.4227,1
train-s6722,तकरीबन सभी सीटों पर गठबंधन पार्टियों के उम्मीदवार एक - दूसरे के सामने चुनाव लड़ रहे थे ।,SOV,18,23,-0.0698,0.5507,0.7,14,पर झारखंड में जिस तरह कांग्रेस ने झामुमो के साथ समझौता किया उससे राजद का नाराज होना लाजिमी था ।,-4.1739,0.0,-5.7824,-2.206,-3.358,-5.7824,-1.0024,1
train-s6724,फारूखी सेकुलर वोटों के बंटवारे को रोकने के लिए सरकार से बात करना चाहते हैं ।,SOV,16,5,0.1113,0.4891,0.5,9,तकरीबन सभी सीटों पर गठबंधन पार्टियों के उम्मीदवार एक - दूसरे के सामने चुनाव लड़ रहे थे ।,3.6,0.0,-13.4796,-10.4033,-12.6509,-13.4796,-1.3699,1
train-s6728,जामा मस्जिद के शाही इमाम सैयद अहमद बुखारी इसके लिए कांग्रेस को जिम्मेदार ठहराते हैं ।,SOV,16,23,0.139,0.522,0.5625,9,फारूखी सेकुलर वोटों के बंटवारे को रोकने के लिए सरकार से बात करना चाहते हैं ।,-10.9565,-1.0435,-17.9804,-13.7373,-12.3758,-17.978,-1.8454,1
train-s6732,पटना हाईकोर्ट ने बृहस्पतिवार को बिहार सरकार से जेलों में संख्या से अधिक कैदियों की समस्या को हल करने और कैदियों के अपहरण और फिरौती का अवैध धंधा चलाने के लिए जेल से बाहर अपने साथियों से संपर्क रोकने के लिए जैमर लगाने के उपायों पर 27 जनवरी तक विस्तृत रिपोर्ट मांगी है ।,SOV,54,99,0.1142,0.4873,0.25,4,जामा मस्जिद के शाही इमाम सैयद अहमद बुखारी इसके लिए कांग्रेस को जिम्मेदार ठहराते हैं ।,-2.2222,0.0,-12.4429,-13.9326,-11.7419,-12.4411,-5.9471,1
train-s6733,चीफ जस्टिस जे. एन. भट्ट और जस्टिस आर. एन. प्रसाद वाली खंडपीठ ने राज्य सरकार से जेलों में अधिक कैदियों की समस्या हल करने और जन सुविधाएं बेहतर करने के लिए केंद्र की ओर से दिए जाने वाले धन के इस्तेमाल पर रिपोर्ट देने को कहा है ।,SOV,48,23,-0.0785,0.5472,0.6111,33,पटना हाईकोर्ट ने बृहस्पतिवार को बिहार सरकार से जेलों में संख्या से अधिक कैदियों की समस्या को हल करने और कैदियों के अपहरण और फिरौती का अवैध धंधा चलाने के लिए जेल से बाहर अपने साथियों से संपर्क रोकने के लिए जैमर लगाने के उपायों पर 27 जनवरी तक विस्तृत रिपोर्ट मांगी है ।,7.8261,0.0,-6.3045,-6.8562,-6.9762,-8.696,-0.73,1
train-s6735,हुर्रियत कांफ्रेंस का नरमपंथी धड़ा 17 अप्रैल को पाकिस्तान के राष्ट्रपति परवेज मुशर्रफ से मुलाकात करेगा ।,SOV,17,23,0.0062,0.5371,0.5,24,चीफ जस्टिस जे. एन. भट्ट और जस्टिस आर. एन. प्रसाद वाली खंडपीठ ने राज्य सरकार से जेलों में अधिक कैदियों की समस्या हल करने और जन सुविधाएं बेहतर करने के लिए केंद्र की ओर से दिए जाने वाले धन के इस्तेमाल पर रिपोर्ट देने को कहा है ।,-4.6957,0.0,-14.5649,-15.0481,-12.1639,-14.636,-3.936,1
train-s6736,इसके चेयरमैन मीरवाइज उमर फारूख ने मंगलवार को यह बात कही ।,SOV,12,5,0.188,0.5218,0.4118,7,हुर्रियत कांफ्रेंस का नरमपंथी धड़ा 17 अप्रैल को पाकिस्तान के राष्ट्रपति परवेज मुशर्रफ से मुलाकात करेगा ।,-4.8,0.0,-19.3909,-11.3085,-13.715,-18.1877,-3.2219,1
train-s6739,उसने मुशर्रफ से मुलाकात के बाद अपने नेताओं द्वारा प्रधानमंत्री मनमोहन सिंह से मिलने की इच्छा भी जताई ।,SOV,19,23,-0.0022,0.4378,0.4167,5,इसके चेयरमैन मीरवाइज उमर फारूख ने मंगलवार को यह बात कही ।,16.1739,1.0435,-18.0139,-13.4687,-14.7039,-18.1223,-4.3759,1
train-s6740,फारूख ने बैठक के बाद संवाददाताओं को बताया कि दिल्ली आने पर हम मुशर्रफ से मिलना चाहते हैं ।,SOV,19,5,0.0548,0.53,0.5789,11,उसने मुशर्रफ से मुलाकात के बाद अपने नेताओं द्वारा प्रधानमंत्री मनमोहन सिंह से मिलने की इच्छा भी जताई ।,0.0,0.0,-11.2958,-9.4766,-7.7235,-11.2719,-1.4725,1
train-s6758,हालांकि राज्यों ने केंद्र को इस सीजन के लिए उर्वरकों की दोगुनी मांग की थी ।,SOV,16,99,-0.0054,0.5695,0.5789,11,फारूख ने बैठक के बाद संवाददाताओं को बताया कि दिल्ली आने पर हम मुशर्रफ से मिलना चाहते हैं ।,8.1212,0.0,-8.3216,-15.0208,-12.9256,-8.0628,-7.0467,1
train-s6765,"किसानों को उवर्रक मिलें, इसके लिए अपनी वितरण एजेंसी पर नजर रखें ।",IOSV,14,1,-0.0625,0.4948,0.5625,9,हालांकि राज्यों ने केंद्र को इस सीजन के लिए उर्वरकों की दोगुनी मांग की थी ।,-1.0,0.0,-1.4628,0.4024,2.5125,-1.456,-1.5241,1
train-s6770,असम सरकार ने स्पष्ट कर दिया है कि वार्ता के लिए बातचीत का दरवाजा हमेशा खुला हुआ है ।,SOV,19,1,0.1379,0.4546,0.3571,5,"किसानों को उवर्रक मिलें, इसके लिए अपनी वितरण एजेंसी पर नजर रखें ।",-2.0,0.0,-18.8014,-20.6593,-17.6701,-18.8014,-6.6871,1
train-s6778,जो सांसद दिल्ली के बाहर अपने क्षेत्र में कार्य कर रहे हैं उन्हें विषम परिस्थितियों में कार्य करना पड़ता है ।,SOV,21,5,-0.0281,0.4912,0.6842,13,असम सरकार ने स्पष्ट कर दिया है कि वार्ता के लिए बातचीत का दरवाजा हमेशा खुला हुआ है ।,-14.4,1.2,-5.8369,-9.6268,-8.7229,-5.8369,-5.7359,1
train-s6784,फागुनी राम ने सवाल उठाया कि १२ हजार रुपये महीने में सांसद अपने क्षेत्र की जनता की सेवा कैसे कर पाएगा ।,SOV,22,1,-0.0179,0.4491,0.619,13,जो सांसद दिल्ली के बाहर अपने क्षेत्र में कार्य कर रहे हैं उन्हें विषम परिस्थितियों में कार्य करना पड़ता है ।,-2.0,0.0,-16.1838,-9.1249,-8.3793,-16.1838,-1.3242,1
train-s6787,हरियाणा के मुख्यमंत्री भूपेंद्र सिंह हुड्डा ने घोषणा की है कि गुड़गांव के आईएमटी मानेसर की तर्ज पर फरीदाबाद में भी औद्योगिक मॉडल टाउनशिप तथा निजी क्षेत्र में विशेष आर्थिक जोन (एसईजेड) की स्थापना की जाएगी ।,SOV,39,1,0.0743,0.476,0.6364,14,फागुनी राम ने सवाल उठाया कि १२ हजार रुपये महीने में सांसद अपने क्षेत्र की जनता की सेवा कैसे कर पाएगा ।,-6.0,0.0,-16.0944,-26.0284,-22.5512,-14.8153,-9.7883,1
train-s6788,उन्होंने ईडीसी (एक्स्टर्नल डेवलपमेंट चार्ज) समाप्त करने की उद्योगपतियों की मांग भी स्वीकार की ।,SOV,17,5,0.1231,0.5098,0.5641,22,हरियाणा के मुख्यमंत्री भूपेंद्र सिंह हुड्डा ने घोषणा की है कि गुड़गांव के आईएमटी मानेसर की तर्ज पर फरीदाबाद में भी औद्योगिक मॉडल टाउनशिप तथा निजी क्षेत्र में विशेष आर्थिक जोन (एसईजेड) की स्थापना की जाएगी ।,0.0,1.2,-3.1266,-4.9733,-4.6073,-5.1694,-4.0044,1
train-s6789,हुड्डा शुक्रवार को दिल्ली के एक होटल में फरीदाबाद इंडस्ट्रीज एसोसिएशन (एफआईए) द्वारा आयोजित समारोह में यहां के उद्योगपतियों को संबोधित कर रहे थे ।,SOV,27,99,0.0965,0.4933,0.4118,7,उन्होंने ईडीसी (एक्स्टर्नल डेवलपमेंट चार्ज) समाप्त करने की उद्योगपतियों की मांग भी स्वीकार की ।,7.3737,0.0,-23.1263,-13.8749,-14.9914,-23.1263,-4.1537,1
train-s679,गोरखा रेजिमेंट ने २१ गोले दागकर पूर्व प्रधानमंत्री राव को अंतिम सलामी दी ।,SOV,14,23,0.1119,0.4412,0.3684,7,बुद्ध पूर्णिमा पार्क में राव की पार्थिव देह को उनके ज्येष्ठ पुत्र पी. वी. रंगाराव ने मुखाग्नि दी ।,-1.0435,0.0,-8.9319,-13.4364,-15.4776,-7.8593,-2.4081,1
train-s68,इसके गुंबद से मोहित होकर शाहजहाँ ने ताज महल बनाने के पहले अपने चार स्थापत्य विशेषज्ञों को यहाँ भेजा था.,SOV,21,99,0.117,0.5007,0.6667,8,रात के समय इसे तवेली महल से निहारना बहुत सुखदायी है.,-4.9596,0.0101,-0.7568,-0.5612,2.6199,-0.7484,-0.7938,1
train-s6802,इसमें ईडीसी समाप्त करने की बात पर मुख्यमंत्री ने संबंधित अधिकारियों को आदेश दिए कि वे इस मामले पर बैठक बुलाकर इसे निपटाएं ।,SOV,24,23,0.18,0.4813,0.4074,11,हुड्डा शुक्रवार को दिल्ली के एक होटल में फरीदाबाद इंडस्ट्रीज एसोसिएशन (एफआईए) द्वारा आयोजित समारोह में यहां के उद्योगपतियों को संबोधित कर रहे थे ।,-8.8696,0.0,-11.7735,-6.3837,-3.8311,-11.7735,-1.5778,1
train-s6805,आयकर अधिकारियों ने हाल ही में एक छापे के दौरान उसकी लाखों रुपये की संपत्ति जब्त की थी ।,SOV,19,99,-0.0132,0.5275,0.5417,13,इसमें ईडीसी समाप्त करने की बात पर मुख्यमंत्री ने संबंधित अधिकारियों को आदेश दिए कि वे इस मामले पर बैठक बुलाकर इसे निपटाएं ।,-2.404,0.0,-22.4408,-21.8662,-20.2057,-21.9231,-6.0577,1
train-s6808,आयकर विभाग ने मुंबई पुलिस को उसकी भूमिका के बारे में जांच करने को कहा था ।,SOV,17,1,-0.009,0.4856,0.5789,11,आयकर अधिकारियों ने हाल ही में एक छापे के दौरान उसकी लाखों रुपये की संपत्ति जब्त की थी ।,8.0,0.0,-6.6848,-4.9191,-6.3775,-4.7668,-3.6857,1
train-s6813,बाद में उन्होंने वार्डन रोड स्थित आवास पर जाने - माने कार्टूनिस्ट आर. के. लक्ष्मण से मुलाकात की ।,SOV,19,99,0.0038,0.5006,0.5294,9,आयकर विभाग ने मुंबई पुलिस को उसकी भूमिका के बारे में जांच करने को कहा था ।,5.1919,-1.0,-26.7382,-16.3795,-15.4523,-22.0104,-6.9973,1
train-s6818,पश्चिम बंगाल की राजधानी में बृहस्पतिवार को एक घर में छापा मारकर सेना और सीआईडी ने संयुक्त रूप से राज्य में अब तक का सबसे बड़ा हथियारों का जखीरा पकड़ा है ।,SOV,32,99,0.1718,0.5061,0.4211,8,बाद में उन्होंने वार्डन रोड स्थित आवास पर जाने - माने कार्टूनिस्ट आर. के. लक्ष्मण से मुलाकात की ।,-1.6364,0.0,-8.4728,-4.9142,-4.5309,-8.459,-4.6743,1
train-s6835,विमान संख्या आईसी - ८०३ के कैप्टन एमपीएस गिल को जब नन्हें यात्री मोहम्मद हासन की तकलीफ के बारे में पता चला तो उन्होंने बिना समय गंवाए विमान को वापस दिल्ली की तरफ मोड़ दिया ।,SOV,36,99,0.0658,0.5077,0.7812,25,पश्चिम बंगाल की राजधानी में बृहस्पतिवार को एक घर में छापा मारकर सेना और सीआईडी ने संयुक्त रूप से राज्य में अब तक का सबसे बड़ा हथियारों का जखीरा पकड़ा है ।,-55.3131,0.0101,-42.7251,-17.771,-16.2342,-42.7292,-5.2205,1
train-s6839,बच्चे के पिता अब्दुल जब्बार और मां फिरोजा जब्बार ने चालक दल का तहे दिल से शुक्रिया अदा किया ।,SOV,20,23,0.0626,0.477,0.5278,19,विमान संख्या आईसी - ८०३ के कैप्टन एमपीएस गिल को जब नन्हें यात्री मोहम्मद हासन की तकलीफ के बारे में पता चला तो उन्होंने बिना समय गंवाए विमान को वापस दिल्ली की तरफ मोड़ दिया ।,-16.6957,0.0,-37.2975,-14.8217,-17.8143,-36.7354,-2.3661,1
train-s6841,भारत और पाकिस्तान ने जम्मू - कश्मीर में भूकंप पीड़ितों की मदद के लिए संयुक्त राहत कार्यक्रम चलाने के मकसद से शनिवार को टीथवाल में नियंत्रण रेखा पर तीसरा प्वाइंट खोल दिया ।,SOV,33,99,0.0404,0.4993,0.55,11,बच्चे के पिता अब्दुल जब्बार और मां फिरोजा जब्बार ने चालक दल का तहे दिल से शुक्रिया अदा किया ।,-17.8586,0.0,-3.8201,-8.9671,-8.3282,-3.8054,-3.8405,1
train-s6843,प्रधान जिला एवं सत्र अदालत न्यायाधीश एम. चिन्नापांडी ने आरोपियों की अनुपस्थिति के बारे में उनके वकीलों द्वारा दिए गए ब्योरे को स्वीकार कर लिया और मामले की सुनवाई टाल दी ।,SOV,32,5,0.0428,0.4771,0.5758,19,भारत और पाकिस्तान ने जम्मू - कश्मीर में भूकंप पीड़ितों की मदद के लिए संयुक्त राहत कार्यक्रम चलाने के मकसद से शनिवार को टीथवाल में नियंत्रण रेखा पर तीसरा प्वाइंट खोल दिया ।,-9.6,0.0,-15.8807,-15.1587,-13.9714,-15.8925,-6.4183,1
train-s6844,सोलह साल के शाहिद को ये दो दिन याद रहेंगे जब भारत और द. अफ्रीका के स्टार खिलाड़ियों ने इनकी गेंदबाजी की तारीफ की और कंधा थपथपा कर भविष्य के लिए शुभकामनाएं दीं ।,SOV,34,5,-0.0174,0.4774,0.5312,17,प्रधान जिला एवं सत्र अदालत न्यायाधीश एम. चिन्नापांडी ने आरोपियों की अनुपस्थिति के बारे में उनके वकीलों द्वारा दिए गए ब्योरे को स्वीकार कर लिया और मामले की सुनवाई टाल दी ।,-4.8,0.0,-2.076,-3.2986,-4.9126,-2.076,-3.5234,1
train-s685,आंध्र प्रदेश सरकार ने शुक्रवार को हुसैन सागर झील के किनारे राव की अंत्येष्टि के लिए २.९ एकड़ जमीन को मंजूरी थी ।,SOV,23,99,-0.1143,0.5147,0.4286,6,गोरखा रेजिमेंट ने २१ गोले दागकर पूर्व प्रधानमंत्री राव को अंतिम सलामी दी ।,-5.3434,0.0,-6.6583,-11.3584,-13.0303,-6.3605,-6.4485,1
train-s6851,सबेरे सौरव ने खुद शाहिद को अपने पास बुलाया और फिर गेंदबाजी करने को कहा ।,SOV,16,23,0.0318,0.4508,0.5294,18,सोलह साल के शाहिद को ये दो दिन याद रहेंगे जब भारत और द. अफ्रीका के स्टार खिलाड़ियों ने इनकी गेंदबाजी की तारीफ की और कंधा थपथपा कर भविष्य के लिए शुभकामनाएं दीं ।,1.0435,0.0,-8.3413,-1.5894,-4.7866,-9.9979,-1.3539,1
train-s6852,इस दौरान इस प्रतिभाशाली गेंदबाज ने तीन बार कप्तान के डंडे उड़ाकर उन्हें भौंचक्का कर दिया ।,SOV,17,99,-0.1085,0.5295,0.5,8,सबेरे सौरव ने खुद शाहिद को अपने पास बुलाया और फिर गेंदबाजी करने को कहा ।,-4.7879,-0.0101,-11.1958,-2.884,-1.5091,-11.1958,-3.2348,1
train-s6858,केंद्र सरकार ने आतंकवादी संगठनों को सख्त संदेश देते हुए कहा कि जम्मू - कश्मीर में सभी तबकों से शांति प्रक्रिया पर वार्ता की जाएगी लेकिन जो लोग इसको रोकने की कोशिश करेंगे उनके साथ कड़ाई से निपटा जाएगा ।,SOV,40,1,-0.0817,0.5172,0.6471,11,इस दौरान इस प्रतिभाशाली गेंदबाज ने तीन बार कप्तान के डंडे उड़ाकर उन्हें भौंचक्का कर दिया ।,4.0,0.0,-5.955,-4.8231,-2.9363,-5.955,-0.0949,1
train-s6862,"दरअसल, वार्ता के जरिए सभी समस्याओं के निराकरण का मंत्र कांग्रेस का ही दिया हुआ है ।",DOSV,18,23,0.0493,0.5236,0.55,22,केंद्र सरकार ने आतंकवादी संगठनों को सख्त संदेश देते हुए कहा कि जम्मू - कश्मीर में सभी तबकों से शांति प्रक्रिया पर वार्ता की जाएगी लेकिन जो लोग इसको रोकने की कोशिश करेंगे उनके साथ कड़ाई से निपटा जाएगा ।,3.1304,0.0,-6.5789,-0.7143,-0.9939,-6.7729,-1.2088,1
train-s6863,यहां तक कि पूर्ववर्ती राजग सरकार ने भी जम्मू - कश्मीर में सभी अलगाववादियों से बात करके कांग्रेस की नीति को ही आगे बढ़ाया था ।,SOV,26,99,0.0822,0.5009,0.6111,11,"दरअसल, वार्ता के जरिए सभी समस्याओं के निराकरण का मंत्र कांग्रेस का ही दिया हुआ है ।",-5.5354,1.0303,-13.9953,-15.8771,-14.8807,-12.5706,-3.5173,1
train-s6867,एक अन्य सवाल के जवाब में उन्होंने कहा कि पुलिस बल को आधुनिक हथियारों से लैस करने के लिए बजट में ही इसके लिए आवश्यक प्रावधान बनाने होंगे ।,SOV,29,1,0.0801,0.5287,0.6154,16,यहां तक कि पूर्ववर्ती राजग सरकार ने भी जम्मू - कश्मीर में सभी अलगाववादियों से बात करके कांग्रेस की नीति को ही आगे बढ़ाया था ।,-5.0,-2.0,-6.6236,-3.6353,-5.7234,-6.6209,-2.5651,1
train-s6871,अपनी यात्रा के बारे में विदेश मंत्री नटवर सिंह ने सकारात्मक परिणाम की उम्मीद जताई है ।,SOV,17,5,0.137,0.472,0.6897,20,एक अन्य सवाल के जवाब में उन्होंने कहा कि पुलिस बल को आधुनिक हथियारों से लैस करने के लिए बजट में ही इसके लिए आवश्यक प्रावधान बनाने होंगे ।,-1.2,0.0,-12.8256,-13.4385,-11.4186,-12.8256,-3.1655,1
train-s6876,दोनों देशों के बीच वार्ता का मुद्दा आपसी व्यापार बढ़ाना होगा ।,SOV,12,5,0.1649,0.5191,0.7647,13,अपनी यात्रा के बारे में विदेश मंत्री नटवर सिंह ने सकारात्मक परिणाम की उम्मीद जताई है ।,-2.4,0.0,-0.498,-4.3007,-3.129,-0.498,-1.0069,1
train-s6880,जब नटवर से पाकिस्तान की प्रस्तावित यात्रा के बारे में पूछा गया तो उन्होंने कहा कि उन्हें सकारात्मक परिणाम की उम्मीद है ।,SOV,23,1,0.0409,0.5166,0.6667,8,दोनों देशों के बीच वार्ता का मुद्दा आपसी व्यापार बढ़ाना होगा ।,-12.0,0.0,-15.0287,-16.3134,-17.9391,-15.0287,-1.4873,1
train-s6881,नटवर ने जोर देते हुए कहा कि तीनों देशों को इस परियोजना पर तेजी से काम करना चाहिए ।,SOV,19,1,0.1965,0.5113,0.5652,13,जब नटवर से पाकिस्तान की प्रस्तावित यात्रा के बारे में पूछा गया तो उन्होंने कहा कि उन्हें सकारात्मक परिणाम की उम्मीद है ।,1.0,0.0,-8.302,-4.6223,-0.1075,-6.5451,-5.9007,1
train-s6888,ताज की व्यवस्था अभी तक एएसआई ही देख रही है ।,DOSV,11,5,-0.011,0.5793,0.6842,13,नटवर ने जोर देते हुए कहा कि तीनों देशों को इस परियोजना पर तेजी से काम करना चाहिए ।,-1.2,-1.2,1.5518,-3.7115,-2.3895,1.5518,2.0485,1
train-s6889,मुगल बादशाह शाहजहां ने १६३२ से १६५४ के बीच इसका निर्माण अपनी पत्नी मुमताज महल के लिए कराया था ।,SOV,20,23,0.1346,0.4484,0.6364,7,ताज की व्यवस्था अभी तक एएसआई ही देख रही है ।,1.5652,0.0,8.7931,7.0225,9.6976,8.7931,0.1389,1
train-s6891,वक्फ बोर्ड ने यह फैसला इलाहाबाद हाईकोर्ट के निर्देश पर सुनाया ।,SOV,12,5,0.077,0.5119,0.4,8,मुगल बादशाह शाहजहां ने १६३२ से १६५४ के बीच इसका निर्माण अपनी पत्नी मुमताज महल के लिए कराया था ।,2.4,0.0,2.6061,0.3772,1.4612,2.7791,1.3725,1
train-s6897,वह इस फैसले को उचित न्यायिक मंच पर चुनौती देगा ।,SOV,11,23,-0.0511,0.478,0.5,6,वक्फ बोर्ड ने यह फैसला इलाहाबाद हाईकोर्ट के निर्देश पर सुनाया ।,0.5217,1.0435,-9.2892,-12.1183,-12.3542,-9.165,-4.4278,1
train-s69,मस्जिद का गलियारा खंभों और आर्चेस से सजा हुआ है.,SOV,11,1,0.0193,0.4945,0.5238,11,इसके गुंबद से मोहित होकर शाहजहाँ ने ताज महल बनाने के पहले अपने चार स्थापत्य विशेषज्ञों को यहाँ भेजा था.,1.0,0.0,-0.771,2.8498,4.8558,-0.771,-0.3862,1
train-s6900,इलाहाबाद हाईकोर्ट में इरफान बेदार नामक व्यक्ति ने एक याचिका दायर कर कहा था कि ताजमहल एक वक्फ संपत्ति है और उसे इसका मुतवल्ली (केयरटेकर) घोषित किया जाए ।,SOV,31,5,0.0288,0.5075,0.6364,7,वह इस फैसले को उचित न्यायिक मंच पर चुनौती देगा ।,1.2,0.0,-5.5087,-1.3555,-0.1253,-5.5087,-1.3176,1
train-s6904,एएसआई के इस जवाब पर हाईकोर्ट ने वक्फ बोर्ड से इसकी सुनवाई को कहा ।,SOV,15,23,-0.0185,0.5046,0.4194,13,इलाहाबाद हाईकोर्ट में इरफान बेदार नामक व्यक्ति ने एक याचिका दायर कर कहा था कि ताजमहल एक वक्फ संपत्ति है और उसे इसका मुतवल्ली (केयरटेकर) घोषित किया जाए ।,-2.6087,0.0,-1.0098,-4.0843,-1.7725,0.4241,-1.4841,1
train-s6909,उन्होंने भारतीय संविधान के हवाले से कहा कि धार्मिक आजादी के तहत भी वक्फ बोर्ड को ऐसा करने का अधिकार है ।,SOV,22,1,-0.0468,0.5165,0.6,9,एएसआई के इस जवाब पर हाईकोर्ट ने वक्फ बोर्ड से इसकी सुनवाई को कहा ।,4.0,2.0,-3.4825,5.1361,3.5893,-3.4466,-0.3395,1
train-s6910,वे अदालत में इसे चुनौती देंगे ।,SOV,7,23,0.1724,0.5027,0.5909,13,उन्होंने भारतीय संविधान के हवाले से कहा कि धार्मिक आजादी के तहत भी वक्फ बोर्ड को ऐसा करने का अधिकार है ।,-0.5217,1.0435,-7.9203,-9.5851,-9.467,-8.2372,-3.0133,1
train-s6912,"राजद, एनडीए और लोजपा ने मुस्लिम और अति पिछड़ी जातियों को मनाने के लिए प्रचार युद्ध छेड़ दिया है ।",SOV,21,5,0.1148,0.5683,0.5714,4,वे अदालत में इसे चुनौती देंगे ।,-4.8,0.0,-3.1056,-7.5179,-10.0079,-3.1056,-4.8374,1
train-s6913,राज्य के सभी दल स्थानीय समाचार में विज्ञापन देकर खुद को मुस्लिमों और पिछड़ों का हितैषी बता रहे हैं ।,SOV,20,99,-0.2715,0.5883,0.4762,10,"राजद, एनडीए और लोजपा ने मुस्लिम और अति पिछड़ी जातियों को मनाने के लिए प्रचार युद्ध छेड़ दिया है ।",1.0505,0.0202,-6.9845,-3.0392,-0.6227,-6.8082,-3.4014,1
train-s6918,वहीं दूसरी ओर जद (यू) ने अपने विज्ञापन में लालू को 'लालटेन वाले नेताजी' बताते हुए कहा है कि उन्होंने गरीबों और वंचित लोगों की बात कर खुद को और अपने परिवार को दौलतमंद बनाने का काम किया है ।,SOV,44,99,0.1059,0.4864,0.6,12,राज्य के सभी दल स्थानीय समाचार में विज्ञापन देकर खुद को मुस्लिमों और पिछड़ों का हितैषी बता रहे हैं ।,17.4242,0.0,-19.8092,-4.7683,-2.9621,-21.1978,-3.5457,1
train-s6919,मुख्यमंत्री पद की दौड़ में सबसे आगे अरुणाचल प्रदेश के मुख्यमंत्री गेगांग अपांग को बुधवार को कांग्रेस विधायक दल की बैठक में और मजबूती मिल गई ।,IOSV,27,99,-0.0028,0.4891,0.5682,25,वहीं दूसरी ओर जद (यू) ने अपने विज्ञापन में लालू को 'लालटेन वाले नेताजी' बताते हुए कहा है कि उन्होंने गरीबों और वंचित लोगों की बात कर खुद को और अपने परिवार को दौलतमंद बनाने का काम किया है ।,-9.0,0.0,-7.3007,0.3088,1.1545,-8.0346,-2.3557,1
train-s692,कांग्रेस और भाजपा को आड़े हाथों लेते हुए उन्होंने कहा कि इन दोनों पार्टियों ने लोगों का विश्वास खो दिया है ।,SOV,22,1,0.0507,0.4688,0.5652,13,आंध्र प्रदेश सरकार ने शुक्रवार को हुसैन सागर झील के किनारे राव की अंत्येष्टि के लिए २.९ एकड़ जमीन को मंजूरी थी ।,-7.0,-2.0,-2.5914,-2.7404,-6.6402,-2.5914,-0.8769,1
train-s6920,यहां कुल 13 निर्दलीयों में से 11 ने उन्हें अपना समर्थन दिया ।,SOV,13,99,0.1366,0.5105,0.5926,16,मुख्यमंत्री पद की दौड़ में सबसे आगे अरुणाचल प्रदेश के मुख्यमंत्री गेगांग अपांग को बुधवार को कांग्रेस विधायक दल की बैठक में और मजबूती मिल गई ।,-2.0707,0.9798,-18.5455,-13.2505,-9.6088,-18.8148,-3.4501,1
train-s6923,फोरम ने इस बारे में अपांग और सीडब्लूसी सदस्य रमेश चेन्नीथाला को सूचित कर दिया ।,SOV,16,23,-0.0783,0.5054,0.3846,5,यहां कुल 13 निर्दलीयों में से 11 ने उन्हें अपना समर्थन दिया ।,0.5217,-1.0435,-16.8027,-15.2575,-14.6468,-16.7278,-4.464,1
train-s6925,भारत के पांच दिवसीय दौरे से लौटने के बाद देउबा ने रविवार की रात पत्रकारों से कहा कि हम हर तरीके से माओवादियों के साथ वार्ता करने के पक्ष में हैं ।,SOV,32,23,-0.0933,0.4929,0.5,8,फोरम ने इस बारे में अपांग और सीडब्लूसी सदस्य रमेश चेन्नीथाला को सूचित कर दिया ।,-10.4348,0.0,-7.8511,-7.1604,-6.3983,-7.9114,-0.2533,1
train-s6929,मैं अपने इस दौरे से संतुष्ट हूं ।,SOV,8,5,0.101,0.4827,0.625,20,भारत के पांच दिवसीय दौरे से लौटने के बाद देउबा ने रविवार की रात पत्रकारों से कहा कि हम हर तरीके से माओवादियों के साथ वार्ता करने के पक्ष में हैं ।,0.0,1.2,-10.5849,-11.1648,-9.7327,-10.8794,-5.9392,1
train-s6931,अभिनेता सलमान खान द्वारा दायर याचिका पर बॉम्बे हाईकोर्ट ने 28 जुलाई तक अपना फैसला सुरक्षित रखा है ।,SOV,19,99,0.0788,0.5592,0.625,5,मैं अपने इस दौरे से संतुष्ट हूं ।,-13.101,0.0,-22.4203,-9.2693,-3.2868,-22.4203,-4.6798,1
train-s6935,उनकी याचिका पर बुधवार को सुनवाई के बाद जस्टिस विजया ताहिलरमानी ने अपना फैसला सुरक्षित रखा है ।,SOV,18,99,-0.0439,0.5377,0.4737,9,अभिनेता सलमान खान द्वारा दायर याचिका पर बॉम्बे हाईकोर्ट ने 28 जुलाई तक अपना फैसला सुरक्षित रखा है ।,-4.4141,0.0,-30.2716,-10.0771,-16.7789,-21.4394,-5.085,1
train-s6936,इससे पूर्व निचली अदालत ने 17 जून को सलमान की याचिका को खारिज कर दिया था ।,SOV,17,99,-0.0568,0.5212,0.5556,10,उनकी याचिका पर बुधवार को सुनवाई के बाद जस्टिस विजया ताहिलरमानी ने अपना फैसला सुरक्षित रखा है ।,-1.101,1.0303,-26.9193,-22.2833,-18.7208,-26.9193,-7.7389,1
train-s694,यादव ने शुक्रवार को यहां पार्टी सम्मेलन में कहा कि तीसरा मोर्चा कांग्रेस और भाजपा से समान दूरी बनाए रखेगा ।,SOV,21,23,0.0524,0.5462,0.4545,10,कांग्रेस और भाजपा को आड़े हाथों लेते हुए उन्होंने कहा कि इन दोनों पार्टियों ने लोगों का विश्वास खो दिया है ।,1.0435,0.0,-13.9049,-9.4314,-9.6392,-13.8571,-0.8393,1
train-s6940,दरअसल भाजपा ने इसके जरिए कांग्रेस के पोटा समापन के जरिए मुस्लिम मतदाताओं को लुभाने के प्रयास के खिलाफ मोरचा खोला है और अपने परंपरागत मतदाताओं को संबोधित करने की कोशिश की है ।,SOV,34,99,-0.1293,0.4831,0.5882,10,इससे पूर्व निचली अदालत ने 17 जून को सलमान की याचिका को खारिज कर दिया था ।,12.6667,0.0,-8.6212,-3.0648,-1.9049,-8.7326,-4.2325,1
train-s6941,ऐन महाराष्ट्र चुनावों से पहले कांग्रेस पोटा हटाकर मुस्लिम मतदाताओं को एक संदेश देना चाहती है ।,SOV,17,23,0.0304,0.4948,0.6765,23,दरअसल भाजपा ने इसके जरिए कांग्रेस के पोटा समापन के जरिए मुस्लिम मतदाताओं को लुभाने के प्रयास के खिलाफ मोरचा खोला है और अपने परंपरागत मतदाताओं को संबोधित करने की कोशिश की है ।,2.087,0.0,-12.5703,-10.5824,-10.2565,-10.3055,-0.7593,1
train-s6955,इस पर यात्रियों ने जोर - जोर से चिल्लाना शुरू कर दिया ।,SOV,13,23,0.113,0.4499,0.5882,10,ऐन महाराष्ट्र चुनावों से पहले कांग्रेस पोटा हटाकर मुस्लिम मतदाताओं को एक संदेश देना चाहती है ।,0.0,1.0435,-20.879,-10.8783,-10.2684,-20.879,-5.6487,1
train-s6956,शोर सुनकर गार्ड ने वॉकी - टॉकी पर बात कर जगाधरी आउटर से पहले गाड़ी रुकवाई ।,SOV,17,99,-0.1446,0.6142,0.6923,9,इस पर यात्रियों ने जोर - जोर से चिल्लाना शुरू कर दिया ।,-0.0202,0.0,-4.2173,0.4644,0.4599,-4.2801,1.8437,1
train-s6957,गाड़ी में सवार यात्रियों ने बताया कि जब गाड़ी अंबाला से कुछ आगे निकली थी तभी से कुछ दुर्गंध आ रही थी ।,SOV,23,1,-0.0932,0.5527,0.5882,10,शोर सुनकर गार्ड ने वॉकी - टॉकी पर बात कर जगाधरी आउटर से पहले गाड़ी रुकवाई ।,1.0,0.0,-21.3239,-6.8954,-9.2688,-20.9159,0.4813,1
train-s6958,रेल के गार्ड व तकनीकी कर्मचारी ने जांच में पाया कि इस बोगी के ब्रेक पहिए से चिपक जाने की वजह से पहिया जाम हो गया था ।,SOV,28,1,0.0744,0.5743,0.5652,13,गाड़ी में सवार यात्रियों ने बताया कि जब गाड़ी अंबाला से कुछ आगे निकली थी तभी से कुछ दुर्गंध आ रही थी ।,-5.0,0.0,-5.7506,-2.347,0.0516,-5.7512,0.293,1
train-s6964,बोफोर्स तोप घोटाले में गांधी परिवार के करीबी क्वात्रोची को क्लीन चिट देने के मामले में भाजपा ने केंद्रीय कानून मंत्री हंसराज भारद्वाज को बर्खास्त करने की मांग की है ।,SOV,31,99,-0.0119,0.5434,0.7143,20,रेल के गार्ड व तकनीकी कर्मचारी ने जांच में पाया कि इस बोगी के ब्रेक पहिए से चिपक जाने की वजह से पहिया जाम हो गया था ।,-6.6061,0.0,-20.5103,-15.121,-15.238,-19.6588,-5.5559,1
train-s6976,जेटली ने आरोप लगाया कि क्या यह अभियुक्त की सहायता किये जाने का खुला प्रयास है ।,SOV,17,1,0.095,0.5043,0.5484,17,बोफोर्स तोप घोटाले में गांधी परिवार के करीबी क्वात्रोची को क्लीन चिट देने के मामले में भाजपा ने केंद्रीय कानून मंत्री हंसराज भारद्वाज को बर्खास्त करने की मांग की है ।,-1.0,0.0,-30.4268,-23.096,-17.3056,-30.4104,-6.8464,1
train-s6983,उत्तर पश्चिम मुंबई स्थित छत्रपति शिवाजी अंतर्राष्ट्रीय हवाई अड्डे पर विमान उतरने के तुरंत बाद मुंबई पुलिस ने उसे अपनी हिरासत में ले लिया ।,SOV,25,23,0.003,0.5542,0.7059,12,जेटली ने आरोप लगाया कि क्या यह अभियुक्त की सहायता किये जाने का खुला प्रयास है ।,-19.8261,0.0,-22.7384,-4.5338,-6.7066,-22.7384,-1.9832,1
train-s6984,संयुक्त पुलिस आयुक्त (अपराध) सत्यपाल सिंह ने रविवार को बताया कि दुबई पुलिस की सूचना पर मुंबई पुलिस ने इस भारतीय व्यवसायी को हिरासत में लिया है ।,SOV,30,1,0.0442,0.5231,0.56,14,उत्तर पश्चिम मुंबई स्थित छत्रपति शिवाजी अंतर्राष्ट्रीय हवाई अड्डे पर विमान उतरने के तुरंत बाद मुंबई पुलिस ने उसे अपनी हिरासत में ले लिया ।,-7.0,0.0,-4.8987,-1.015,-0.4549,-2.8542,1.1838,1
train-s6988,तब तक पुलिस अख्तर से पूछताछ करती रहेगी ।,SOV,9,23,-0.0383,0.5624,0.7,21,संयुक्त पुलिस आयुक्त (अपराध) सत्यपाल सिंह ने रविवार को बताया कि दुबई पुलिस की सूचना पर मुंबई पुलिस ने इस भारतीय व्यवसायी को हिरासत में लिया है ।,-1.0435,1.0435,-6.1306,-10.867,-11.9541,-4.0597,-3.6437,1
train-s699,रिलायंस की बिजली परियोजना के बारे में मुख्यमंत्री ने कहा कि उन्होंने यूपी विकास परिषद के अध्यक्ष अमर सिंह से कहा है कि वह अनिल अंबानी से बातचीत करें ।,SOV,30,1,-0.0204,0.4819,0.619,13,यादव ने शुक्रवार को यहां पार्टी सम्मेलन में कहा कि तीसरा मोर्चा कांग्रेस और भाजपा से समान दूरी बनाए रखेगा ।,-5.0,0.0,-9.359,-5.9287,-1.87,-9.1752,-0.5306,1
train-s6991,खुफिया विभाग के अधिकारी पिछले कई घंटों से उससे पूछताछ कर रहे हैं ।,SOV,14,23,0.0243,0.5978,0.5556,5,तब तक पुलिस अख्तर से पूछताछ करती रहेगी ।,-6.2609,0.0,-15.5171,-8.9576,-10.9764,-12.5347,-4.691,1
train-s6996,वहीं दुबई स्थित इस भारतीय व्यवसायी को गिरफ्तार करने के बाद दुबई के पुलिस प्रमुख लेफ्टिनेंट जनरल दहाई खलफाम तामिम ने शनिवार को एक संवाददाता सम्मेलन में बताया कि अख्तर ने ९० के दशक के शुरुआत में परमाणु जानकारियां बेचने का प्रयास किया था ।,SOV,45,99,-0.014,0.4688,0.5714,8,खुफिया विभाग के अधिकारी पिछले कई घंटों से उससे पूछताछ कर रहे हैं ।,-1.9596,0.0,-7.4182,0.5153,-0.8005,-7.4349,-1.4028,1
train-s7001,हाल में स्कूली बच्चों के ताबड़तोड़ अपहरणों ने हजारों मासूमों से उनका बचपन छीन लिया ।,SOV,16,23,0.0154,0.5488,0.5778,26,वहीं दुबई स्थित इस भारतीय व्यवसायी को गिरफ्तार करने के बाद दुबई के पुलिस प्रमुख लेफ्टिनेंट जनरल दहाई खलफाम तामिम ने शनिवार को एक संवाददाता सम्मेलन में बताया कि अख्तर ने ९० के दशक के शुरुआत में परमाणु जानकारियां बेचने का प्रयास किया था ।,-1.5652,0.0,-1.6268,-3.3273,-3.5609,-1.6277,-3.9047,1
train-s7013,हालांकि न्यू स्टेट एकेडमी की प्रधानाचार्या डॉ. संगीता भाटिया ने कहा कि अधिकतर प्री - स्कूलों में इस तरह का प्रशिक्षण बच्चों को दिया जाता है ।,SOV,27,1,0.0675,0.5079,0.5625,9,हाल में स्कूली बच्चों के ताबड़तोड़ अपहरणों ने हजारों मासूमों से उनका बचपन छीन लिया ।,8.0,0.0,-2.852,-0.2022,-1.0293,-2.852,-7.2984,1
train-s7018,अपने धुर विरोधी और पूर्व मानव संसाधन विकास मंत्री मुरली मनोहर जोशी समेत इलाहाबाद के पूर्व छात्र रहे करीब २० प्रमुख लोगों को लिखने के बाद अर्जुन सिंह का इरादा अब विश्वविद्यालय को केंद्रीय दर्जे के बारे में वहां के शिक्षकों तथा अन्य प्रमुख लोगों की राय जानने का है ।,SOV,51,99,0.0556,0.545,0.4815,13,हालांकि न्यू स्टेट एकेडमी की प्रधानाचार्या डॉ. संगीता भाटिया ने कहा कि अधिकतर प्री - स्कूलों में इस तरह का प्रशिक्षण बच्चों को दिया जाता है ।,-1.8788,0.0,-8.0621,-3.3022,-1.4571,-7.0464,2.0762,1
train-s7022,अपने एजेंडे को पूरी तेजी से लागू करने में जुटे अर्जुन सिंह का अगला लक्ष्य अब इलाहाबाद विश्वविद्यालय को केंद्रीय दर्जा दिलाने संबंधी विधेयक को संसद में लाना है ।,SOV,30,5,0.1112,0.5144,0.7059,36,अपने धुर विरोधी और पूर्व मानव संसाधन विकास मंत्री मुरली मनोहर जोशी समेत इलाहाबाद के पूर्व छात्र रहे करीब २० प्रमुख लोगों को लिखने के बाद अर्जुन सिंह का इरादा अब विश्वविद्यालय को केंद्रीय दर्जे के बारे में वहां के शिक्षकों तथा अन्य प्रमुख लोगों की राय जानने का है ।,-15.6,0.0,-10.2677,-0.6111,-0.8281,-9.3002,1.7844,1
train-s7024,अर्जुन सिंह ने इस प्रतिनिधिमंडल को यह आश्वासन दिया था कि वह अपने विश्वविद्यालय (अर्जुन सिंह भी इलाहाबाद विश्वविद्यालय के छात्र रहे हैं) को केंद्रीय दर्जा अवश्य दिलाएंगे और इस संबंध में जल्द ही विधेयक लाने का इरादा भी जताया था ।,SOV,44,5,0.1422,0.5421,0.7,21,अपने एजेंडे को पूरी तेजी से लागू करने में जुटे अर्जुन सिंह का अगला लक्ष्य अब इलाहाबाद विश्वविद्यालय को केंद्रीय दर्जा दिलाने संबंधी विधेयक को संसद में लाना है ।,-1.2,0.0,-13.0209,-17.8355,-15.9626,-10.0898,-3.859,1
train-s7033,जहां विहिप के अंतर्राष्ट्रीय महासचिव प्रवीण तोगड़िया ने वाजपेयी और लालकृष्ण आडवाणी को राजनीति से संन्यास ले लेने की सलाह दी है ।,SOV,23,23,0.0335,0.5345,0.5909,26,अर्जुन सिंह ने इस प्रतिनिधिमंडल को यह आश्वासन दिया था कि वह अपने विश्वविद्यालय (अर्जुन सिंह भी इलाहाबाद विश्वविद्यालय के छात्र रहे हैं) को केंद्रीय दर्जा अवश्य दिलाएंगे और इस संबंध में जल्द ही विधेयक लाने का इरादा भी जताया था ।,8.3478,0.0,-14.1359,-14.5479,-14.1681,-14.1297,-5.91,1
train-s7034,वहीं विहिप के उपाध्यक्ष गिरिराज किशोर ने कहा कि वाजपेयी ने गुजरात दंगों के लिए नरेंद्र मोदी को मुख्यमंत्री पद से हटाने की बात कहकर बहुत बड़ी गलती की है ।,SOV,31,1,-0.0874,0.5063,0.5652,13,जहां विहिप के अंतर्राष्ट्रीय महासचिव प्रवीण तोगड़िया ने वाजपेयी और लालकृष्ण आडवाणी को राजनीति से संन्यास ले लेने की सलाह दी है ।,5.0,0.0,-15.1986,-5.1529,-5.156,-14.4097,-2.9792,1
train-s7035,उन्होंने भाजपा की दोहरी नीति पर तंज करते हुए कहा कि जब जनता को चुनाव दो सेक्युलर पार्टियों के बीच करना था तो उसने नंबर वन पर कांग्रेस को चुना ।,SOV,31,5,-0.102,0.5659,0.5806,18,वहीं विहिप के उपाध्यक्ष गिरिराज किशोर ने कहा कि वाजपेयी ने गुजरात दंगों के लिए नरेंद्र मोदी को मुख्यमंत्री पद से हटाने की बात कहकर बहुत बड़ी गलती की है ।,2.4,1.2,-4.5629,-1.3577,-0.4633,-3.5522,-3.5894,1
train-s7036,अब वाजपेयी अपनी नाकामी छुपा रहे हैं ।,SOV,8,5,0.0703,0.4987,0.6129,19,उन्होंने भाजपा की दोहरी नीति पर तंज करते हुए कहा कि जब जनता को चुनाव दो सेक्युलर पार्टियों के बीच करना था तो उसने नंबर वन पर कांग्रेस को चुना ।,1.2,1.2,0.5847,-3.4818,-1.8908,0.5847,-2.0082,1
train-s7049,अब उसके नतीजे उन्हें भोगने ही होंगे,DOSV,7,5,0.0151,0.4224,0.375,3,अब वाजपेयी अपनी नाकामी छुपा रहे हैं ।,0.0,1.2,5.32,1.0962,-0.1788,4.8857,-0.089,1
train-s705,"देश की धार्मिक, सामाजिक और राजनीतिक समस्याओं के लिए आरएसएस के सरसंघचालक केसी सुदर्शन ने रविवार को स्थानीय मिनी स्टेडियम में आयोजित स्वयंसेवक सम्मेलन में गांधी, नेहरू और जिन्ना को कटघरे में खड़ा किया ।",SOV,37,99,0.1702,0.561,0.6,18,रिलायंस की बिजली परियोजना के बारे में मुख्यमंत्री ने कहा कि उन्होंने यूपी विकास परिषद के अध्यक्ष अमर सिंह से कहा है कि वह अनिल अंबानी से बातचीत करें ।,-29.0707,0.0,-23.7996,-19.3902,-17.0444,-23.5669,-2.9543,1
train-s7050,वह राजग की आने वाली दुर्दशा को देख सकते हैं ।,SOV,11,1,-0.0589,0.3608,0.4286,3,अब उसके नतीजे उन्हें भोगने ही होंगे,5.0,2.0,-3.5764,0.3036,-2.609,-3.5764,-1.7903,1
train-s7062,कई दल व नेताओं ने इस जिम्मेदारी को बखूबी अंजाम दिया है ।,SOV,13,5,0.1398,0.5745,0.4545,5,वह राजग की आने वाली दुर्दशा को देख सकते हैं ।,-3.6,0.0,-19.486,-17.5952,-14.0154,-19.486,-5.8921,1
train-s7066,भाजपा की अगुआई वाली राष्ट्रीय जनतांत्रिक गठबंधन (राजग) सरकार के समय संघ हर नीति निर्धारण में अहम किरदार निभाता रहा है ।,SOV,24,23,-0.1944,0.4856,0.3846,5,कई दल व नेताओं ने इस जिम्मेदारी को बखूबी अंजाम दिया है ।,-15.6522,0.0,-3.8074,-10.3923,-10.5414,-3.8074,-3.9136,1
train-s7067,भाजपा शासित राज्यों के मुख्यमंत्री अभी भी संघ कार्यालय जाकर निर्देश लेते हैं ।,SOV,14,23,0.0784,0.4997,0.5417,13,भाजपा की अगुआई वाली राष्ट्रीय जनतांत्रिक गठबंधन (राजग) सरकार के समय संघ हर नीति निर्धारण में अहम किरदार निभाता रहा है ।,-5.7391,-1.0435,-7.2439,-8.2766,-8.5329,-3.1528,-5.5253,1
train-s7068,क्योंकि उनका रिपोर्ट कार्ड संघ ही तैयार करता है ।,DOSV,10,23,0.0397,0.3993,0.4286,6,भाजपा शासित राज्यों के मुख्यमंत्री अभी भी संघ कार्यालय जाकर निर्देश लेते हैं ।,-0.5217,0.0,-10.3654,-9.0891,-9.8295,-10.8397,-7.7781,1
train-s7070,भाजपा पर निशाना साधते हुए पार्टी प्रवक्ता ने कहा कि अंतर विरोध व अंतर कलह से घिरा विपक्षी दल अपनी भूमिका निभाने में विफल रहा है ।,SOV,27,1,0.1454,0.3968,0.6,6,क्योंकि उनका रिपोर्ट कार्ड संघ ही तैयार करता है ।,-2.0,0.0,-1.2809,-2.9916,-1.7932,-1.2809,-0.0228,1
train-s7073,केंद्रीय गृह मंत्रालय नक्सलियों पर सीधे नजर रखने के लिए एक अलग विंग बनाने जा रहा है ।,SOV,18,5,-0.0803,0.5271,0.5556,15,भाजपा पर निशाना साधते हुए पार्टी प्रवक्ता ने कहा कि अंतर विरोध व अंतर कलह से घिरा विपक्षी दल अपनी भूमिका निभाने में विफल रहा है ।,0.0,0.0,-1.9774,-0.4606,-2.4867,-1.9078,-4.1965,1
train-s7075,इसके अलावा राज्य सरकारें अपने खुफिया तंत्र को मजबूत बनाएंगी ।,SOV,11,23,-0.0038,0.4633,0.6667,12,केंद्रीय गृह मंत्रालय नक्सलियों पर सीधे नजर रखने के लिए एक अलग विंग बनाने जा रहा है ।,-0.5217,1.0435,-19.6532,-8.9345,-7.0613,-19.6532,-6.8617,1
train-s7083,गृह मंत्रालय ने राज्यों से कहा कि नक्सलवाद से निपटने के लिए केंद्र के संबंधित इलाकों में सामाजिक व आर्थिक विकास की नीति पर कड़ाई से पालन करना होगा ।,SOV,30,1,0.1423,0.4909,0.4545,5,इसके अलावा राज्य सरकारें अपने खुफिया तंत्र को मजबूत बनाएंगी ।,-1.0,0.0,-5.112,5.6603,5.3518,-5.112,-1.0196,1
train-s7084,केंद्र इस समस्या से निपटने के लिए राज्यों को हर संभव सहायता देगा ।,SOV,14,23,0.0541,0.5355,0.6667,20,गृह मंत्रालय ने राज्यों से कहा कि नक्सलवाद से निपटने के लिए केंद्र के संबंधित इलाकों में सामाजिक व आर्थिक विकास की नीति पर कड़ाई से पालन करना होगा ।,1.0435,0.0,-10.9583,-7.9383,-6.6845,-9.6769,-3.4374,1
train-s7087,राज्यों ने सुरक्षा संबंधी व्यय योजना को साल 2006 के बाद भी जारी रखने का अनुरोध किया ।,SOV,18,5,0.1107,0.4808,0.5714,8,केंद्र इस समस्या से निपटने के लिए राज्यों को हर संभव सहायता देगा ।,8.4,0.0,-13.4042,-14.0716,-15.8202,-9.7569,-4.2957,1
train-s7091,केंद्र प्रत्येक बटालियन के लिए 25 करोड़ रुपये देगा ।,SOV,10,5,-0.0031,0.4833,0.7778,14,राज्यों ने सुरक्षा संबंधी व्यय योजना को साल 2006 के बाद भी जारी रखने का अनुरोध किया ।,2.4,0.0,1.3699,-4.2659,-2.1934,1.1985,-1.1016,1
train-s7093,गृह सचिव ने एक सवाल के जवाब में कहा कि छत्तीसगढ़ में नक्सलियों के खिलाफ लोगों का जनजागरण अभियान एक अच्छा कदम है ।,SOV,24,1,-0.0529,0.4967,0.4,4,केंद्र प्रत्येक बटालियन के लिए 25 करोड़ रुपये देगा ।,2.0,0.0,3.269,-2.6765,0.9414,3.269,2.9823,1
train-s710,संघ प्रमुख ने एक बार फिर दोहराया कि संघ के संगठन अनेक हैं किंतु विचारधारा एक ही है ।,SOV,19,1,0.0568,0.5076,0.5676,21,"देश की धार्मिक, सामाजिक और राजनीतिक समस्याओं के लिए आरएसएस के सरसंघचालक केसी सुदर्शन ने रविवार को स्थानीय मिनी स्टेडियम में आयोजित स्वयंसेवक सम्मेलन में गांधी, नेहरू और जिन्ना को कटघरे में खड़ा किया ।",0.0,0.0,-5.5465,-5.3453,-0.7225,-5.5465,0.1678,1
train-s7111,जिले के परसलगोटा इलाके में बारूदी सुरंगें हटा रही पुलिस पार्टी पर नक्सलियों ने अचानक फायरिंग शुरू कर दी ।,SOV,20,99,0.1538,0.5567,0.5385,7,"बहरहाल, सरकार इस अभियान को चलाने वाले लोगों को सुरक्षा देगी ।",-19.4949,0.0,-21.0496,-25.5391,-23.3315,-21.0496,-2.5488,1
train-s7119,एक जगह पर पोलिंग पार्टी के एक प्रत्याशी के पक्ष में काम करने की शिकायत भी चुनाव आयोग को मिली है ।,SOV,22,5,-0.1403,0.5891,0.55,11,जिले के परसलगोटा इलाके में बारूदी सुरंगें हटा रही पुलिस पार्टी पर नक्सलियों ने अचानक फायरिंग शुरू कर दी ।,0.0,0.0,1.1729,5.0284,10.3004,1.1729,0.6802,1
train-s713,डॉ. हेडगेवार और पंडित मदन मोहन मालवीय ने विरोध करते हुए इसके नकारात्मक परिणामों से अवगत कराया ।,SOV,18,23,0.0425,0.4814,0.8421,16,संघ प्रमुख ने एक बार फिर दोहराया कि संघ के संगठन अनेक हैं किंतु विचारधारा एक ही है ।,-10.4348,0.0,-20.166,-24.5739,-23.7207,-19.8366,-4.4661,1
train-s7147,"वह नियमित रूप से पार्टी कार्यालय भी जाते हैं तथा विधायकों, सांसदों के जरिये उठायी जाने वाली समस्याओं के निराकरण में विशेष दिलचस्पी लेते हैं ।",SOV,27,5,0.0036,0.4921,0.7273,16,एक जगह पर पोलिंग पार्टी के एक प्रत्याशी के पक्ष में काम करने की शिकायत भी चुनाव आयोग को मिली है ।,2.4,1.2,-2.0951,-1.2977,0.9209,-2.5812,-1.8987,1
train-s715,दो साल तक गांधी ने मौलाना मोहम्मद अली और मौलाना शौकत अली के साथ समूचे देश का दौरा करके आंदोलन को जारी रखा ।,SOV,24,99,-0.207,0.5268,0.3889,7,डॉ. हेडगेवार और पंडित मदन मोहन मालवीय ने विरोध करते हुए इसके नकारात्मक परिणामों से अवगत कराया ।,-6.4141,0.0,-6.9717,-9.8729,-7.0381,-7.8535,-5.8085,1
train-s7155,पुलिस ने मामला दर्ज कर जांच शुरू कर दी है ।,SOV,11,23,0.0543,0.5188,0.4815,13,"वह नियमित रूप से पार्टी कार्यालय भी जाते हैं तथा विधायकों, सांसदों के जरिये उठायी जाने वाली समस्याओं के निराकरण में विशेष दिलचस्पी लेते हैं ।",-2.6087,0.0,-33.5729,-16.1703,-17.2714,-33.5729,-4.1799,1
train-s716,पर देश में अंग्रेजों ने इस आंदोलन को कुचल दिया ।,SOV,11,23,-0.0167,0.5026,0.5833,14,दो साल तक गांधी ने मौलाना मोहम्मद अली और मौलाना शौकत अली के साथ समूचे देश का दौरा करके आंदोलन को जारी रखा ।,3.1304,0.0,-6.2113,-10.2851,-11.8847,-6.6806,-2.148,1
train-s7160,वहां तीनों ने उसके साथ दुष्कर्म किया ।,SOV,8,23,-0.1265,0.5021,0.7273,8,पुलिस ने मामला दर्ज कर जांच शुरू कर दी है ।,0.0,1.0435,-16.9911,0.3365,-0.9443,-16.7043,-2.5901,1
train-s7163,पुलिस ने तीनों युवकों के खिलाफ मामला दर्ज कर लिया है ।,SOV,12,23,-0.1916,0.4606,0.75,6,वहां तीनों ने उसके साथ दुष्कर्म किया ।,-3.1304,0.0,-30.4643,-16.2998,-15.0969,-25.544,-6.4708,1
train-s7165,केंद्र की संयुक्त प्रगतिशील गठबंधन सरकार अब देश के डॉक्टरों को दुनिया में हो रही नई खोजों और शोधों के प्रति जागरूक करना चाहती है ।,SOV,26,99,-0.1823,0.4881,0.5833,7,पुलिस ने तीनों युवकों के खिलाफ मामला दर्ज कर लिया है ।,1.1515,-1.0,-17.7536,-9.0843,-9.1379,-17.7412,-3.7925,1
train-s7174,अमर उजाला ने इस बारे में चिकित्सा जगत के कुछ प्रतिनिधियों से बात की ।,SOV,15,23,0.1532,0.4809,0.7308,19,केंद्र की संयुक्त प्रगतिशील गठबंधन सरकार अब देश के डॉक्टरों को दुनिया में हो रही नई खोजों और शोधों के प्रति जागरूक करना चाहती है ।,-1.5652,-1.0435,-14.5753,-13.6808,-13.4112,-11.4663,-6.7099,1
train-s7175,"कुछ डॉक्टर इसे जायज ठहरा रहे हैं, तो कुछ इसे गलत बता रहे हैं ।",SOV,16,5,0.0844,0.5131,0.6667,10,अमर उजाला ने इस बारे में चिकित्सा जगत के कुछ प्रतिनिधियों से बात की ।,-1.2,-1.2,-8.8781,-6.6642,-10.0539,-7.7842,-2.502,1
train-s7176,डॉ. रामदास ने अपने बयान में कहा है कि डॉक्टरों को अपने पंजीकरण के नवीकरण के लिए प्रत्येक पांच वर्ष में जांच परीक्षा देनी होगी ।,SOV,26,1,0.0302,0.5157,0.4375,7,"कुछ डॉक्टर इसे जायज ठहरा रहे हैं, तो कुछ इसे गलत बता रहे हैं ।",0.0,0.0,-8.7689,-4.9022,-3.1038,-8.7689,0.2035,1
train-s7179,सर गंगाराम अस्पताल के नेफ्रोलॉजी विभाग के प्रमुख डॉ. डी. एस. राणा ने डॉ. रामदास के बयान पर प्रतिक्रिया व्यक्त करते हुए कहा कि यह तो अच्छी बात है ।,SOV,30,1,0.0237,0.5238,0.6154,16,डॉ. रामदास ने अपने बयान में कहा है कि डॉक्टरों को अपने पंजीकरण के नवीकरण के लिए प्रत्येक पांच वर्ष में जांच परीक्षा देनी होगी ।,-4.0,0.0,2.1222,-8.2333,-9.9715,0.6054,-1.3575,1
train-s718,खलीफा को गद्दी से उतारने पर खिलाफत आंदोलन की विफलता का गुस्सा मुसलमानों ने १९२३ के मालाबार दंगों में १५०० हिंदुओं के कत्ल और बीस हजार लोगों का धर्मपरिवर्तन कर निकाला ।,DOSV,32,23,-0.1567,0.5984,0.7273,8,पर देश में अंग्रेजों ने इस आंदोलन को कुचल दिया ।,13.5652,0.0,-1.1052,3.2215,4.1569,-0.6133,-0.9702,1
train-s7180,डॉक्टरों को अपने विषय के बारे में जानकारी तो होनी ही चाहिए ।,SOV,13,5,0.1139,0.5057,0.5667,17,सर गंगाराम अस्पताल के नेफ्रोलॉजी विभाग के प्रमुख डॉ. डी. एस. राणा ने डॉ. रामदास के बयान पर प्रतिक्रिया व्यक्त करते हुए कहा कि यह तो अच्छी बात है ।,0.0,0.0,-15.4842,-1.4628,-0.1193,-15.0408,-2.5362,1
train-s7193,अग्नि परियोजना के निदेशक अविनाश चंद्र ने बृहस्पतिवार को बताया कि दो घरेलू निजी उद्योगों से रक्षा अनुसंधान और विकास संगठन (डीआरडीओ) को इंजन प्राप्त हुए हैं ।,SOV,30,1,0.0586,0.4697,0.6923,9,डॉक्टरों को अपने विषय के बारे में जानकारी तो होनी ही चाहिए ।,-5.0,0.0,1.9527,-4.4017,-3.202,1.9535,-0.3505,1
train-s7204,एंटी - बैलिस्टिक मिसाइल के हमलों के खतरों का जिक्र करते हुए चंद्र ने कहा कि दुश्मनों को दुविधा में रखने के लिए डीआरडीओ इंटीग्रेटिंग इंटेलिजेंट डिकॉय नामक तकनीक पर काम कर रहा है ।,SOV,35,1,0.0641,0.5421,0.6,18,अग्नि परियोजना के निदेशक अविनाश चंद्र ने बृहस्पतिवार को बताया कि दो घरेलू निजी उद्योगों से रक्षा अनुसंधान और विकास संगठन (डीआरडीओ) को इंजन प्राप्त हुए हैं ।,-10.0,0.0,5.5981,9.6905,6.7494,2.826,0.1201,1
train-s7207,पेट्रोलियम मंत्रालय छोड़ने के कुछ महीनों बाद मणिशंकर अय्यर ने बृहस्पतिवार को मंत्रालय में वरिष्ठ नौकरशाहों के काम के तरीकों को लेकर जमकर फटकार लगाई ।,SOV,26,99,-0.0823,0.5368,0.5143,18,एंटी - बैलिस्टिक मिसाइल के हमलों के खतरों का जिक्र करते हुए चंद्र ने कहा कि दुश्मनों को दुविधा में रखने के लिए डीआरडीओ इंटीग्रेटिंग इंटेलिजेंट डिकॉय नामक तकनीक पर काम कर रहा है ।,-13.8081,0.0,-40.1764,-11.1868,-10.3443,-40.9983,-3.1397,1
train-s7208,यहां एक सेमीनार में अय्यर ने स्वीकार किया कि पेट्रोलियम मंत्रालय के अधिकारियों और उनके बीच छत्तीस का आंकड़ा था ।,SOV,21,23,-0.0969,0.4882,0.6154,16,पेट्रोलियम मंत्रालय छोड़ने के कुछ महीनों बाद मणिशंकर अय्यर ने बृहस्पतिवार को मंत्रालय में वरिष्ठ नौकरशाहों के काम के तरीकों को लेकर जमकर फटकार लगाई ।,-0.5217,1.0435,-23.4144,-8.916,-10.0696,-22.1262,-2.3235,1
train-s7213,इस मौके पर मंत्रालय में अतिरिक्त सचिव (अंतरराष्ट्रीय सहयोग) तालमीज अहमद की अप्रत्यक्ष रूप से चर्चा करते हुए अय्यर ने कहा कि पेट्रोलियम मंत्रालय से एक आईएफएस अधिकारी को हटाने के बाद उन्हें मंत्रालय से हटाया गया ।,SOV,40,23,-0.0285,0.4849,0.5714,12,यहां एक सेमीनार में अय्यर ने स्वीकार किया कि पेट्रोलियम मंत्रालय के अधिकारियों और उनके बीच छत्तीस का आंकड़ा था ।,8.3478,0.0,-20.2696,-3.0917,-3.0807,-20.8739,-2.4778,1
train-s7218,केंद्र ने टेस्ट परीक्षा को रद्द करने के प्रस्ताव को आज वापस ले लिया ।,SOV,15,23,-0.0039,0.4916,0.675,27,इस मौके पर मंत्रालय में अतिरिक्त सचिव (अंतरराष्ट्रीय सहयोग) तालमीज अहमद की अप्रत्यक्ष रूप से चर्चा करते हुए अय्यर ने कहा कि पेट्रोलियम मंत्रालय से एक आईएफएस अधिकारी को हटाने के बाद उन्हें मंत्रालय से हटाया गया ।,-5.2174,0.0,-16.5263,-6.3294,-4.2612,-16.4698,-3.9805,1
train-s722,इन हालात में राष्ट्रीय समाज अथवा हिंदुओं को बचाने और बसाने का काम राष्ट्रीय स्वंयसेवक संघ के कार्यकर्ताओं ने किया ।,DOSV,21,5,-0.0728,0.559,0.5625,18,खलीफा को गद्दी से उतारने पर खिलाफत आंदोलन की विफलता का गुस्सा मुसलमानों ने १९२३ के मालाबार दंगों में १५०० हिंदुओं के कत्ल और बीस हजार लोगों का धर्मपरिवर्तन कर निकाला ।,3.6,0.0,-3.1497,4.6675,2.9975,-2.314,3.8104,1
train-s7224,मरने वालों में एक पुलिस कांस्टेबल भी शामिल है ।,SOV,10,5,-0.0471,0.5051,0.7333,11,केंद्र ने टेस्ट परीक्षा को रद्द करने के प्रस्ताव को आज वापस ले लिया ।,-2.4,0.0,-17.5815,-6.4255,-6.0339,-17.5101,1.6103,1
train-s7229,उन्होंने स्टेडियम के अंदर और बाहर खड़े वाहनों को निशाना बनाया तथा पुलिस पर भी पथराव किया ।,SOV,18,23,0.0527,0.5429,0.6,6,मरने वालों में एक पुलिस कांस्टेबल भी शामिल है ।,-1.0435,1.0435,-23.7191,-7.0966,-7.4269,-23.7191,-4.1427,1
train-s723,"उस समय देश के नेता आजादी का जश्न मना रहे थे, पर संघ के कार्यकर्ता हिंदुओं की रक्षा में जुटे थे ।",SOV,23,5,0.0326,0.4494,0.619,13,इन हालात में राष्ट्रीय समाज अथवा हिंदुओं को बचाने और बसाने का काम राष्ट्रीय स्वंयसेवक संघ के कार्यकर्ताओं ने किया ।,1.2,0.0,-19.3275,-0.7092,-3.1555,-19.321,-3.9439,1
train-s7232,कन्नड़ सुपरस्टार को आज हजारों लोगों ने नम आंखों से अंतिम विदाई दी ।,IOSV,14,99,-0.0428,0.54,0.6667,12,उन्होंने स्टेडियम के अंदर और बाहर खड़े वाहनों को निशाना बनाया तथा पुलिस पर भी पथराव किया ।,-0.1111,0.0,-13.7835,-9.3794,-10.2267,-14.1907,-3.2535,1
train-s7233,कांग्रेस अध्यक्ष सोनिया गांधी ने उनके निधन पर गहरा दुख जताते हुए उन्हें महान कलाकार बताया ।,SOV,17,23,-0.1179,0.5315,0.6429,9,कन्नड़ सुपरस्टार को आज हजारों लोगों ने नम आंखों से अंतिम विदाई दी ।,-7.8261,0.0,-14.3892,-4.3472,-5.3587,-10.7034,-3.1251,1
train-s7238,भड़के प्रशंसकों ने दो सरकारी बसे फूंक दीं और कई वाहनों को नुकसान पहुंचाया ।,SOV,15,1,-0.0245,0.5333,0.4706,8,कांग्रेस अध्यक्ष सोनिया गांधी ने उनके निधन पर गहरा दुख जताते हुए उन्हें महान कलाकार बताया ।,0.0,0.0,-4.9223,-1.8391,-3.0546,-4.9223,-1.103,1
train-s7240,कांतिरवा स्टूडियो में राजकुमार का अंतिम संस्कार किए जाने से पहले वहां पर जुटे प्रशंसकों को तितर - बितर करने के लिए पुलिस को कई राउंड आंसू गैस के गोले दागने पड़े ।,SOV,33,23,-0.1374,0.4924,0.5333,8,भड़के प्रशंसकों ने दो सरकारी बसे फूंक दीं और कई वाहनों को नुकसान पहुंचाया ।,-28.1739,0.0,-22.9122,-6.0454,-8.6702,-20.8777,-0.5088,1
train-s7241,स्टूडियो में घुसने के लिए बेताब सैकड़ों प्रशंसकों ने पुलिस से धक्कामुक्की की और उसके बाद पथराव शुरू कर दिया ।,SOV,21,5,0.0046,0.5054,0.5758,19,कांतिरवा स्टूडियो में राजकुमार का अंतिम संस्कार किए जाने से पहले वहां पर जुटे प्रशंसकों को तितर - बितर करने के लिए पुलिस को कई राउंड आंसू गैस के गोले दागने पड़े ।,-9.6,0.0,-4.4071,-7.208,-5.5615,-2.1665,-1.6119,1
train-s7247,बॉलीवुड अभिनेता सलमान खान को जेल में तीन दिन काटने के बाद बृहस्पतिवार को जमानत मिल गई ।,IOSV,18,23,-0.0635,0.5154,0.619,13,स्टूडियो में घुसने के लिए बेताब सैकड़ों प्रशंसकों ने पुलिस से धक्कामुक्की की और उसके बाद पथराव शुरू कर दिया ।,-8.8696,0.0,-21.1457,-7.716,-5.9515,-21.1458,-3.3522,1
train-s7248,एक स्थानीय अदालत ने खान को दो लाख रुपये के निजी मुचलके और एक - एक लाख की दो सिक्योरिटी पर जमानत पर रिहा करने के निर्देश दिए ।,SOV,29,1,-0.0086,0.5086,0.7222,13,बॉलीवुड अभिनेता सलमान खान को जेल में तीन दिन काटने के बाद बृहस्पतिवार को जमानत मिल गई ।,19.0,0.0,-18.3721,-16.1003,-20.8033,-20.2771,-4.9066,1
train-s7249,जमानत मिलने के बाद भी सलमान ने जेल में ही दोपहर को दाल - रोटी खाई और होटल के लिए रवाना होने से पहले जेल अधीक्षक एम. एल. चौहान से मुलाकात की ।,SOV,33,99,-0.0683,0.4818,0.6897,20,एक स्थानीय अदालत ने खान को दो लाख रुपये के निजी मुचलके और एक - एक लाख की दो सिक्योरिटी पर जमानत पर रिहा करने के निर्देश दिए ।,-3.8182,0.0,3.4143,1.4642,0.2295,3.2418,0.3047,1
train-s7257,सिंतबर १९९८ में चिंकारा को मारने के लिए पांच वर्ष सजा मिलने पर जेल भेजे गए ४० वर्षीय अभिनेता की जमानत के मामले में अभियोजन और बचाव पक्ष की लंबी दलीलों के बाद अदालत ने फैसला दिया ।,SOV,38,99,-0.0226,0.4954,0.7576,25,जमानत मिलने के बाद भी सलमान ने जेल में ही दोपहर को दाल - रोटी खाई और होटल के लिए रवाना होने से पहले जेल अधीक्षक एम. एल. चौहान से मुलाकात की ।,-21.8889,0.0,-17.7113,-5.8775,-5.8847,-17.5402,-3.4053,1
train-s726,गुरू जी ने ही स्वयंसेवकों को स्वतंत्रता आंदोलन में व्यक्तिगत तौर पर शामिल होने की आज्ञा दी थी ।,SOV,19,5,0.2633,0.5409,0.6957,16,"उस समय देश के नेता आजादी का जश्न मना रहे थे, पर संघ के कार्यकर्ता हिंदुओं की रक्षा में जुटे थे ।",7.2,0.0,-7.3054,-13.1156,-12.4684,-7.3054,0.0244,1
train-s7264,उसके बाद जारी की गई प्रतीक्षा सूची के अनुसार लगभग दस हजार श्रद्धालु अपनी बारी के इंतजार में बेस कैंप कटरा में डेरा डाले हुए हैं ।,SOV,27,99,-0.0069,0.5079,0.6316,24,सिंतबर १९९८ में चिंकारा को मारने के लिए पांच वर्ष सजा मिलने पर जेल भेजे गए ४० वर्षीय अभिनेता की जमानत के मामले में अभियोजन और बचाव पक्ष की लंबी दलीलों के बाद अदालत ने फैसला दिया ।,-16.2424,0.0,-27.818,-9.7044,-8.9111,-27.7169,-2.4593,1
train-s7273,इस सीट से संजय दत्त की बहन प्रिया दत्त चुनाव लड़ रही हैं ।,SOV,14,5,0.144,0.4118,0.7037,19,उसके बाद जारी की गई प्रतीक्षा सूची के अनुसार लगभग दस हजार श्रद्धालु अपनी बारी के इंतजार में बेस कैंप कटरा में डेरा डाले हुए हैं ।,-2.4,0.0,-21.4855,-6.7185,-6.8592,-21.4855,-0.7329,1
train-s7275,सीबीआई अपनी पूछताछ में मुंबई में १९९२ में हुए सिलसिलेवार बम धमाकों की साजिश में सलेम और संजय दत्त की भूमिका के बारे में जानकारी हासिल करना चाहती है ।,SOV,30,99,0.2069,0.4676,0.4286,6,इस सीट से संजय दत्त की बहन प्रिया दत्त चुनाव लड़ रही हैं ।,10.0404,0.0,-18.9214,-12.6615,-14.7023,-18.9214,-2.6922,1
train-s728,"उन्होंने डॉ. श्यामा प्रसाद मुखर्जी के सुझाव पर दीन दयाल उपाध्याय, कुशा भाऊ ठाकरे, सुंदर सिंह भंडारी, अटल बिहारी वाजपेयी और लाल कृष्ण आडवाणी जैसे लोग राजनीतिक क्षेत्र में दिए ।",SOV,34,99,0.1229,0.5364,0.7895,15,गुरू जी ने ही स्वयंसेवकों को स्वतंत्रता आंदोलन में व्यक्तिगत तौर पर शामिल होने की आज्ञा दी थी ।,-1.2828,1.0303,-16.0371,-1.4709,-3.4065,-17.5613,-1.4107,1
train-s7286,सुप्रीम कोर्ट ने शुक्रवार को राष्ट्र गान से सिंध शब्द हटाने की मांग वाली याचिका खारिज कर दी ।,SOV,19,23,0.1885,0.4974,0.6,18,सीबीआई अपनी पूछताछ में मुंबई में १९९२ में हुए सिलसिलेवार बम धमाकों की साजिश में सलेम और संजय दत्त की भूमिका के बारे में जानकारी हासिल करना चाहती है ।,1.0435,0.0,-26.9632,-20.1364,-18.8223,-26.9632,-7.1227,1
train-s7287,इसके साथ ही सुप्रीम कोर्ट ने याचिका कर्ता संजीव भटनागर पर कोर्ट का समय बर्बाद करने के लिए दस हजार रुपये जुर्माना भी लगाया ।,SOV,25,99,-0.0005,0.5369,0.7895,15,सुप्रीम कोर्ट ने शुक्रवार को राष्ट्र गान से सिंध शब्द हटाने की मांग वाली याचिका खारिज कर दी ।,7.8586,0.9798,-23.52,-4.5975,-1.4455,-19.4627,-4.333,1
train-s7288,प्रधान न्यायाधीश आर. सी. लाहोटी और जस्टिस पी. के. बालासुब्रह्मण्यम वाली खंडपीठ ने याचिका खारिज कर दी ।,SOV,18,5,-0.042,0.5645,0.64,16,इसके साथ ही सुप्रीम कोर्ट ने याचिका कर्ता संजीव भटनागर पर कोर्ट का समय बर्बाद करने के लिए दस हजार रुपये जुर्माना भी लगाया ।,-14.4,0.0,-28.6342,-15.6345,-13.6066,-23.1159,-5.3205,1
train-s7292,भटनागर ने सिंध शब्द के विकल्प के रूप में कश्मीर जैसे शब्द बताए हैं ।,SOV,15,23,-0.2555,0.5501,0.4444,8,प्रधान न्यायाधीश आर. सी. लाहोटी और जस्टिस पी. के. बालासुब्रह्मण्यम वाली खंडपीठ ने याचिका खारिज कर दी ।,-4.1739,0.0,-5.1711,-8.3466,-4.8291,-5.1673,-3.4381,1
train-s7295,इससे पहले सुप्रीम कोर्ट ने याचिका पर ३ जनवरी को केंद्र को नोटिस जारी किया था और संबंधित पक्षों की दलीलें सुनने के बाद २७ अप्रैल को अपना फैसला सुरक्षित रखा था ।,SOV,33,99,-0.0538,0.4649,0.6,9,भटनागर ने सिंध शब्द के विकल्प के रूप में कश्मीर जैसे शब्द बताए हैं ।,-6.4747,1.0,-36.3991,-14.0634,-9.6977,-36.3991,-8.5518,1
train-s7300,सूत्रों के मुताबिक कैबिनेट ने गृह मंत्रालय में मणिपुर के लिए एक विशेष सलाहकार के पद को मंजूरी दे दी है ।,SOV,22,99,-0.0176,0.5062,0.6364,21,इससे पहले सुप्रीम कोर्ट ने याचिका पर ३ जनवरी को केंद्र को नोटिस जारी किया था और संबंधित पक्षों की दलीलें सुनने के बाद २७ अप्रैल को अपना फैसला सुरक्षित रखा था ।,0.9394,0.0,-26.1941,-22.2656,-23.4963,-26.1986,-6.5427,1
train-s7319,समझौतों पर हस्ताक्षर किए जाने के दौरान भारत के प्रधानमंत्री मनमोहन सिंह व इटली के राष्ट्रपति कार्लो एजिग्लियो सियांपी मौजूद थे ।,SOV,22,23,0.0828,0.468,0.6364,14,सूत्रों के मुताबिक कैबिनेट ने गृह मंत्रालय में मणिपुर के लिए एक विशेष सलाहकार के पद को मंजूरी दे दी है ।,2.087,0.0,-24.2959,-14.3007,-15.8397,-24.248,-5.4158,1
train-s732,उन्होंने कार्यकर्ताओं से कहा कि विदेशियों के सांस्कृतिक आक्रमण के प्रति सचेत रहें और संघ के कार्य को आगे बढ़ाएं ।,SOV,21,1,0.0049,0.5263,0.3824,13,"उन्होंने डॉ. श्यामा प्रसाद मुखर्जी के सुझाव पर दीन दयाल उपाध्याय, कुशा भाऊ ठाकरे, सुंदर सिंह भंडारी, अटल बिहारी वाजपेयी और लाल कृष्ण आडवाणी जैसे लोग राजनीतिक क्षेत्र में दिए ।",1.0,2.0,-6.5067,3.1367,0.8475,-6.0238,-1.3523,1
train-s7323,सियांपी ने अपनी भारत यात्रा को महत्वपूर्ण बताया है ।,SOV,10,5,0.1364,0.5406,0.4091,9,समझौतों पर हस्ताक्षर किए जाने के दौरान भारत के प्रधानमंत्री मनमोहन सिंह व इटली के राष्ट्रपति कार्लो एजिग्लियो सियांपी मौजूद थे ।,-1.2,0.0,-14.4932,-10.1362,-9.3128,-13.8896,-5.2626,1
train-s7325,सियांपी ने पत्रकारों को बताया कि यात्रा के दौरान उन्हें भारत जैसे शांतिप्रिय देश के साथ संबंध बढ़ाने का मौका मिलेगा ।,SOV,22,1,0.1321,0.5277,0.6,6,सियांपी ने अपनी भारत यात्रा को महत्वपूर्ण बताया है ।,0.0,0.0,-7.2334,-5.4789,-8.1403,-7.0521,-1.888,1
train-s7333,इस सम्मेलन में भारत और इटली के करीब २०० कंपनियों के कार्यकारी अधिकारी भाग ले रहे हैं ।,SOV,18,5,0.1285,0.5109,0.5909,13,सियांपी ने पत्रकारों को बताया कि यात्रा के दौरान उन्हें भारत जैसे शांतिप्रिय देश के साथ संबंध बढ़ाने का मौका मिलेगा ।,-2.4,0.0,-21.7299,-4.8435,-4.3956,-18.842,-2.7969,1
train-s7334,नक्सलियों ने रविवार रात अपनी साजिश को अंजाम देने से पहले जहानाबाद जेल में दहशत का माहौल पैदा कर दिया था ।,SOV,22,99,0.0252,0.5382,0.6111,11,इस सम्मेलन में भारत और इटली के करीब २०० कंपनियों के कार्यकारी अधिकारी भाग ले रहे हैं ।,-1.5556,0.0,-34.4602,-20.9409,-20.4471,-34.4602,-6.7083,1
train-s7335,उन्होंने गार्डों से जबर्दस्ती वार्डो के ताले खुलवाए और जेल में बम फिट करने की बात कहते हुए कैदियों से भाग जाने को कहा ।,SOV,25,23,0.1235,0.4824,0.5909,13,नक्सलियों ने रविवार रात अपनी साजिश को अंजाम देने से पहले जहानाबाद जेल में दहशत का माहौल पैदा कर दिया था ।,2.6087,1.0435,-5.3667,-2.3172,-3.3796,-5.1988,-2.2306,1
train-s7346,"बिरजू के मुताबिक, इसके बाद नक्सलियों ने बाकी बचे कैदियों से बड़े शर्मा के बारे में जानकारी ली और उसे वार्ड से निकालकर गोली मार दी ।",SOV,28,99,0.0102,0.5518,0.52,13,उन्होंने गार्डों से जबर्दस्ती वार्डो के ताले खुलवाए और जेल में बम फिट करने की बात कहते हुए कैदियों से भाग जाने को कहा ।,-1.5253,-1.0404,-21.2136,-13.0176,-14.5722,-21.1373,-6.2813,1
train-s7347,नक्सली सरकार - विरोधी और पुलिस विरोधी नारे भी लगा रहे थे ।,SOV,13,1,-0.0911,0.5205,0.4643,13,"बिरजू के मुताबिक, इसके बाद नक्सलियों ने बाकी बचे कैदियों से बड़े शर्मा के बारे में जानकारी ली और उसे वार्ड से निकालकर गोली मार दी ।",7.0,0.0,-9.8383,-7.7714,-8.1275,-9.8383,0.667,1
train-s7348,बिरजू ने इस संवाददाता के सामने सवाल उठाया कि हम जेल में हैं क्योंकि हम कानून का सम्मान करते हैं ।,SOV,21,5,-0.2739,0.631,0.5385,7,नक्सली सरकार - विरोधी और पुलिस विरोधी नारे भी लगा रहे थे ।,-1.2,0.0,-15.1784,-9.8278,-8.2144,-15.1784,-3.4707,1
train-s7349,"यदि हम भागना चाहते, तो क्या आपको लगता है कि कोई पुलिस वाला हमको रोक लेता ।",SOV,18,23,0.0807,0.5266,0.619,13,बिरजू ने इस संवाददाता के सामने सवाल उठाया कि हम जेल में हैं क्योंकि हम कानून का सम्मान करते हैं ।,-6.2609,0.0,-17.2886,-2.9779,-3.0369,-16.765,-6.1299,1
train-s7351,इन लोगों ने उसे अपनी झोपड़ी के अंदर ही रहने को कहा ।,SOV,13,5,-0.0897,0.5207,0.6111,11,"यदि हम भागना चाहते, तो क्या आपको लगता है कि कोई पुलिस वाला हमको रोक लेता ।",4.8,-1.2,-18.1601,-6.3546,-7.055,-15.0664,-0.5326,1
train-s7357,गेल के मुताबिक यह तीनों कर्मचारी त्रिपुरा के तालीमुरा के भास्कर पारा इलाके में स्थित गैस फील्ड में सर्वेक्षण का काम कर रहे थे ।,SOV,25,23,0.0724,0.4591,0.6154,8,इन लोगों ने उसे अपनी झोपड़ी के अंदर ही रहने को कहा ।,4.6957,0.0,-15.7953,-11.6636,-10.7569,-15.7546,-4.3242,1
train-s7359,अब पोस्टपेड प्लॉन के ३०० रुपये महीना किराया देने वालों को दोहरा फुल टॉक टाइम मिलेगा ।,IOSV,17,5,0.1019,0.4677,0.64,16,गेल के मुताबिक यह तीनों कर्मचारी त्रिपुरा के तालीमुरा के भास्कर पारा इलाके में स्थित गैस फील्ड में सर्वेक्षण का काम कर रहे थे ।,3.6,1.2,2.5508,3.4295,2.2076,2.5496,-3.8781,1
train-s7362,इस पर उसे ६०० रुपये का टॉक टाइम मिलेगा ।,IOSV,10,5,-0.0284,0.4311,0.4118,7,अब पोस्टपेड प्लॉन के ३०० रुपये महीना किराया देने वालों को दोहरा फुल टॉक टाइम मिलेगा ।,3.6,0.0,-6.3743,-2.6539,-2.2349,-6.3618,-2.5786,1
train-s7368,एयरटेल के प्रिपेड ग्राहक चाहें तो वे अपने मौजूदा नंबर को इस प्लॉन में बदल सकते हैं ।,SOV,18,23,-0.1066,0.5197,0.4,4,इस पर उसे ६०० रुपये का टॉक टाइम मिलेगा ।,-3.1304,-1.0435,-0.7904,-7.3915,-8.8052,-1.1458,-2.0416,1
train-s7370,खेर ने बृहस्पतिवार को सुरजीत को नोटिस भेज कर उनके खिलाफ लगाए आरोप ४८ घंटे में वापस लेने या मानहानि के मुक़दमे के लिए तैयार रहने को कहा है ।,SOV,30,23,0.0432,0.4788,0.5556,10,एयरटेल के प्रिपेड ग्राहक चाहें तो वे अपने मौजूदा नंबर को इस प्लॉन में बदल सकते हैं ।,26.6087,0.0,-9.6948,-11.6136,-9.7081,-9.646,-3.9018,1
train-s7374,पद से हटाए जाने के एक दिन बाद खेर ने बृहस्पतिवार को यहां पत्रकारों से कहा कि माकपा के मुखा 'पीपुल्स डेमोक्रेसी' में सुरजीत ने उन पर हिंदूवादी संगठनों के एजेंडे पर काम करने और भगवाकरण की प्रक्रिया में लिप्त होने का आरोप लगाया है ।,SOV,48,99,-0.1337,0.5,0.5,15,खेर ने बृहस्पतिवार को सुरजीत को नोटिस भेज कर उनके खिलाफ लगाए आरोप ४८ घंटे में वापस लेने या मानहानि के मुक़दमे के लिए तैयार रहने को कहा है ।,-13.2121,0.0101,-15.438,-9.3796,-7.5423,-11.8142,0.5583,1
train-s7377,उन्होंने अपनी बर्खास्तगी पर सरकार से स्पष्टीकरण मांगा है ।,SOV,10,23,-0.0062,0.5375,0.5625,27,पद से हटाए जाने के एक दिन बाद खेर ने बृहस्पतिवार को यहां पत्रकारों से कहा कि माकपा के मुखा 'पीपुल्स डेमोक्रेसी' में सुरजीत ने उन पर हिंदूवादी संगठनों के एजेंडे पर काम करने और भगवाकरण की प्रक्रिया में लिप्त होने का आरोप लगाया है ।,-0.5217,1.0435,-22.6784,-14.8445,-13.6899,-22.6837,-4.2324,1
train-s7380,खेर खुद को आरएसएस का आदमी क़रार दिए जाने से बेहद आहत हैं ।,SOV,14,5,0.1612,0.5066,0.6,6,उन्होंने अपनी बर्खास्तगी पर सरकार से स्पष्टीकरण मांगा है ।,1.2,0.0,-9.2606,-11.7142,-12.218,-9.1571,-2.9564,1
train-s7383,उनकी जगह शर्मिला टैगोर को बोर्ड का अध्यक्ष बनाए जाने पर प्रतिक्रिया व्यक्त करते हुए उन्होंने इस सरकारी निर्णय को निरंकुश और ग़ैर - जिम्मेदाराना क़रार दिया ।,SOV,28,99,-0.2109,0.574,0.5,7,खेर खुद को आरएसएस का आदमी क़रार दिए जाने से बेहद आहत हैं ।,-24.6869,-1.0202,-14.0884,-7.7957,-9.8922,-10.7391,-5.823,1
train-s7388,बासु चटर्जी से भी सरकार ने बात की थी ।,DOSV,10,5,-0.0351,0.541,0.5357,15,उनकी जगह शर्मिला टैगोर को बोर्ड का अध्यक्ष बनाए जाने पर प्रतिक्रिया व्यक्त करते हुए उन्होंने इस सरकारी निर्णय को निरंकुश और ग़ैर - जिम्मेदाराना क़रार दिया ।,-3.6,0.0,-7.6953,-11.588,-12.1529,-7.6953,-2.62,1
train-s7394,दर्द के कारण चलने में परेशानी महसूस कर रहे कांग्रेस सांसद राहुल गांधी ने अपने संसदीय क्षेत्र की डॉरसी रोड पर शिलान्यास को अंजाम तो दिया ।,SOV,27,23,-0.0534,0.5481,0.6,6,बासु चटर्जी से भी सरकार ने बात की थी ।,-21.3913,0.0,-7.1752,-9.1271,-9.0187,-6.0896,-3.3271,1
train-s7400,जैसे ही राहुल गाड़ी में बैठकर जाने लगे वहां मौजूद लोगों ने 'राहुल वापस जाओ' के नारे लगाए ।,SOV,21,5,-0.1099,0.5307,0.5926,16,दर्द के कारण चलने में परेशानी महसूस कर रहे कांग्रेस सांसद राहुल गांधी ने अपने संसदीय क्षेत्र की डॉरसी रोड पर शिलान्यास को अंजाम तो दिया ।,-1.2,0.0,-5.8932,-10.9893,-12.2639,-7.5641,-2.4108,1
train-s741,राजद के राष्ट्रीय प्रवक्ता शिवानंद तिवारी का नाम लिए बिना सुभाष ने लालू की इस बात के लिए आलोचना की कि चुनाव चिन्ह उनके आवास पर भेजा गया ।,SOV,29,23,0.0789,0.4874,0.6667,14,उन्होंने कार्यकर्ताओं से कहा कि विदेशियों के सांस्कृतिक आक्रमण के प्रति सचेत रहें और संघ के कार्य को आगे बढ़ाएं ।,-12.0,0.0,-18.2709,-14.8329,-15.9313,-14.9488,-4.3781,1
train-s7417,२००३ - ०४ के दौरान ब्रिगेडियर एस. एस. राव इंफाल में ७३वें ब्रिगेड की कमान संभाल रहे थे ।,SOV,19,23,0.0396,0.507,0.5238,11,जैसे ही राहुल गाड़ी में बैठकर जाने लगे वहां मौजूद लोगों ने 'राहुल वापस जाओ' के नारे लगाए ।,-2.6087,0.0,-5.9777,-2.5698,0.5608,-5.9807,-3.3024,1
train-s7420,जब सेना के एक अधिकारी से इस बाबत पूछा गया तो उन्होंने इस पर कोई भी टिथी करने से इंकार करते हुए कहा कि कोर्ट ऑफ इंक्वायरी ने ब्रिगेडियर से सवाल पूछे ।,SOV,33,5,0.2233,0.5424,0.2105,4,२००३ - ०४ के दौरान ब्रिगेडियर एस. एस. राव इंफाल में ७३वें ब्रिगेड की कमान संभाल रहे थे ।,-1.2,0.0,-6.8886,-10.0658,-12.4565,-6.8886,-3.7808,1
train-s7425,उसने आरोप लगाए हैं कि नगमा तक १० लाख रुपये हवाला के जरिए भिजवाए गए ।,SOV,16,1,-0.1271,0.5606,0.5758,19,जब सेना के एक अधिकारी से इस बाबत पूछा गया तो उन्होंने इस पर कोई भी टिथी करने से इंकार करते हुए कहा कि कोर्ट ऑफ इंक्वायरी ने ब्रिगेडियर से सवाल पूछे ।,0.0,2.0,-20.104,-15.3771,-15.272,-20.104,-4.9345,1
train-s7433,मामले को अदालत व जांच एजेंसी को देखना बाकी है ।,SOV,11,1,-0.021,0.5131,0.3125,5,उसने आरोप लगाए हैं कि नगमा तक १० लाख रुपये हवाला के जरिए भिजवाए गए ।,-7.0,0.0,-7.0796,-7.0192,-7.9922,-6.6283,1.3427,1
train-s7437,चुनाव आयोग ने शुक्रवार को बिहार विधानसभा चुनाव के लिए फोटो पहचान की अनिवार्यता खत्म कर दी ।,SOV,18,99,0.068,0.4509,0.6364,7,मामले को अदालत व जांच एजेंसी को देखना बाकी है ।,-2.1818,0.0,-28.8179,-17.7622,-19.5546,-28.8089,-6.7849,1
train-s7438,अभी तक चुनाव आयोग ने 'नो फोटो आई कार्ड नो वोट' नामक अभियान छेड़ रखा था ।,SOV,19,5,0.0325,0.4793,0.6667,12,चुनाव आयोग ने शुक्रवार को बिहार विधानसभा चुनाव के लिए फोटो पहचान की अनिवार्यता खत्म कर दी ।,9.6,1.2,-4.1262,-3.5909,-1.8831,-2.5442,-2.9022,1
train-s7443,चुनाव आयोग ने १५ सितम्बर तक बिहार के सभी २४३ विधानसभा क्षेत्रों में फोटो पहचान बांटने का काम प्रशासन को सौंपा था ।,SOV,23,5,0.0181,0.5088,0.5789,11,अभी तक चुनाव आयोग ने 'नो फोटो आई कार्ड नो वोट' नामक अभियान छेड़ रखा था ।,-1.2,0.0,4.7451,-1.7576,1.5106,6.088,-1.385,1
train-s7455,"मुंबई में १७ फरवरी को आयोजित समारोह में राष्ट्रपति ए. पी. जे. अब्दुल कलाम डॉक्टर गंगुभाई हंगल, लता मंगेशकर और चार अन्य संगीतकारों को सम्मानित करेंगे ।",SOV,28,99,0.1379,0.4927,0.5652,13,चुनाव आयोग ने १५ सितम्बर तक बिहार के सभी २४३ विधानसभा क्षेत्रों में फोटो पहचान बांटने का काम प्रशासन को सौंपा था ।,2.8384,0.0,-13.0637,-11.5245,-9.7191,-12.9915,-3.4013,1
train-s7456,इंडियन म्यूजिक एकॉडमी (आईएमए) के ट्रस्टी ने पत्र भेजकर डॉ. हंगल को इसकी जानकारी दी है ।,SOV,19,23,0.2001,0.4951,0.4286,12,"मुंबई में १७ फरवरी को आयोजित समारोह में राष्ट्रपति ए. पी. जे. अब्दुल कलाम डॉक्टर गंगुभाई हंगल, लता मंगेशकर और चार अन्य संगीतकारों को सम्मानित करेंगे ।",-10.4348,0.0,-7.6226,-9.5755,-9.6971,-7.0109,-3.719,1
train-s7465,इससे पहले अय्यर ने वित्त मंत्री पी. चिदंबरम के साथ प्रधानमंत्री मनमोहन सिंह से इस मसले पर चर्चा की और विभिन्न विकल्पों पर विचार किया ।,SOV,26,99,-0.0106,0.4508,0.3684,7,इंडियन म्यूजिक एकॉडमी (आईएमए) के ट्रस्टी ने पत्र भेजकर डॉ. हंगल को इसकी जानकारी दी है ।,-1.1212,1.1111,-22.197,-13.999,-13.4785,-22.2002,-7.5321,1
train-s7469,सरकारी तेल कंपनियाँ भी अंतर्राष्ट्रीय क़ीमत का खामियाजा वहन करने से कतरा रही हैं ।,SOV,15,1,-0.0661,0.5206,0.6923,18,इससे पहले अय्यर ने वित्त मंत्री पी. चिदंबरम के साथ प्रधानमंत्री मनमोहन सिंह से इस मसले पर चर्चा की और विभिन्न विकल्पों पर विचार किया ।,3.0,0.0,-12.1369,-9.9689,-10.8348,-12.1369,1.7152,1
train-s7474,दीर्धकालीन नीति के रूप में पेट्रोलियम मंत्रालय अन्य विकल्पों पर भी विचार कर रही है ।,SOV,16,23,-0.0545,0.549,0.3333,5,सरकारी तेल कंपनियाँ भी अंतर्राष्ट्रीय क़ीमत का खामियाजा वहन करने से कतरा रही हैं ।,-5.2174,0.0,-13.7327,-12.1687,-12.6685,-13.5974,-4.8916,1
train-s7484,वित्त मंत्री पी. चिदंबरम ने सोमवार को आर्थिक मामलों में यूपीए सरकार की राह में वामदलों के रोड़े अटकाने की बात को दरकिनार कर दिया ।,SOV,26,23,-0.0307,0.4814,0.75,12,दीर्धकालीन नीति के रूप में पेट्रोलियम मंत्रालय अन्य विकल्पों पर भी विचार कर रही है ।,0.5217,0.0,-20.2476,-15.3771,-16.2038,-16.7037,-2.6811,1
train-s7486,कांग्रेस के मुखपत्र 'वीकशनम' दैनिक के पुर्नस्थापना समारोह में चिदंबरम ने संवाददाताओं को बताया कि वामदलों की अपनी विचारधारा है और वे उसका आदर करते हैं ।,SOV,29,5,0.1092,0.4868,0.5385,14,वित्त मंत्री पी. चिदंबरम ने सोमवार को आर्थिक मामलों में यूपीए सरकार की राह में वामदलों के रोड़े अटकाने की बात को दरकिनार कर दिया ।,-10.8,0.0,-8.7295,-5.839,-4.8807,-9.377,-3.533,1
train-s7489,"वामदलों के गतिरोध के बावजूद सरकार नागरिक उड्डयन, टेलीकॉम और बैंकिंग सेक्टर में प्रत्यक्ष विदेशी निवेश (एफडीआई) पर आगे बढ़ना शुरू कर सकती है ।",SOV,28,23,0.1284,0.4761,0.5172,15,कांग्रेस के मुखपत्र 'वीकशनम' दैनिक के पुर्नस्थापना समारोह में चिदंबरम ने संवाददाताओं को बताया कि वामदलों की अपनी विचारधारा है और वे उसका आदर करते हैं ।,2.087,0.0,-17.5015,-14.7931,-16.3238,-14.6089,-5.04,1
train-s7491,सरकार ने उन्हें कई मुद्दों पर मनाने में कामयाबी भी हासिल की है ।,SOV,14,23,0.086,0.5067,0.6071,17,"वामदलों के गतिरोध के बावजूद सरकार नागरिक उड्डयन, टेलीकॉम और बैंकिंग सेक्टर में प्रत्यक्ष विदेशी निवेश (एफडीआई) पर आगे बढ़ना शुरू कर सकती है ।",-3.6522,0.0,-16.7487,-22.3043,-23.093,-14.6471,-6.6879,1
train-s7502,इन लोगों ने एक संयुक्त कमेटी गठित की है ।,SOV,10,5,-0.016,0.5252,0.6429,9,सरकार ने उन्हें कई मुद्दों पर मनाने में कामयाबी भी हासिल की है ।,-2.4,0.0,-24.944,-16.6823,-18.0847,-23.7069,-4.7055,1
train-s7503,यह कमेटी अपने - अपने देशों की सरकारों को सड़क मार्ग खोलने के लिए मनाएगी ।,SOV,16,5,0.1445,0.4791,0.7,7,इन लोगों ने एक संयुक्त कमेटी गठित की है ।,3.6,0.0,-2.3156,1.9035,2.2202,0.7994,0.4222,1
train-s7507,किसी जमाने में सबसे सक्रिय व्यापारिक केंद्र रहा फिरोजपुर अमृतसर से पिछड़ गया है ।,SOV,15,1,0.0385,0.4912,0.5,8,यह कमेटी अपने - अपने देशों की सरकारों को सड़क मार्ग खोलने के लिए मनाएगी ।,-7.0,0.0,-5.8418,1.0889,1.5215,-5.8418,-2.4911,1
train-s751,दरअसल जेल आज अपराध के अड्डे बनते जा रहे हैं ।,SOV,11,23,0.0602,0.4847,0.6207,18,राजद के राष्ट्रीय प्रवक्ता शिवानंद तिवारी का नाम लिए बिना सुभाष ने लालू की इस बात के लिए आलोचना की कि चुनाव चिन्ह उनके आवास पर भेजा गया ।,3.1304,0.0,-2.0159,-3.9426,-4.0303,-2.042,-0.8123,1
train-s7512,गोवा मसले को सुलझाने के लिए पार्टी ने तारिक अनवर और छगन भुजबल को गोवा भेजा है ।,SOV,18,23,0.1454,0.5053,0.6,9,किसी जमाने में सबसे सक्रिय व्यापारिक केंद्र रहा फिरोजपुर अमृतसर से पिछड़ गया है ।,-5.7391,0.0,0.8065,0.2425,-2.5698,0.8,-0.1587,1
train-s7514,यह जानकारी मंगलवार को पार्टी के प्रवक्ता डीपी त्रिपाठी ने पत्रकारों को दी ।,DOSV,14,23,-0.1985,0.5155,0.3333,6,गोवा मसले को सुलझाने के लिए पार्टी ने तारिक अनवर और छगन भुजबल को गोवा भेजा है ।,2.087,0.0,-3.7315,2.8983,0.983,-2.3829,-2.3402,1
train-s7520,भाजपा नेता वरूण गांधी और शिवसेना सांसद सुरेश प्रभु के एनसीपी में आने की अटकलों पर त्रिपाठी पत्रकारों के सवालों को टाल गए ।,SOV,24,5,0.0142,0.4461,0.5714,8,यह जानकारी मंगलवार को पार्टी के प्रवक्ता डीपी त्रिपाठी ने पत्रकारों को दी ।,-14.4,0.0,-12.9967,0.8506,-0.6453,-16.3416,1.2256,1
train-s7523,गोवा में एनसीपी के विधायकों को मंत्रिमंडल में शामिल करने के सवाल पर उन्होंने कहा कि हम विकल्पों की तलाश कर रहे हैं ।,SOV,24,1,0.051,0.5305,0.4167,10,भाजपा नेता वरूण गांधी और शिवसेना सांसद सुरेश प्रभु के एनसीपी में आने की अटकलों पर त्रिपाठी पत्रकारों के सवालों को टाल गए ।,-12.0,-2.0,-10.4447,-5.4032,-4.721,-10.4318,-1.5558,1
train-s7529,कल ही भारतीय विदेश मंत्री नटवर सिंह ने कहा था कि पाकिस्तानी राष्ट्रपति का प्रस्ताव औपचारिक रूप से मिले तो इस पर विचार हो सकता है ।,SOV,27,1,0.1247,0.5023,0.5,12,गोवा में एनसीपी के विधायकों को मंत्रिमंडल में शामिल करने के सवाल पर उन्होंने कहा कि हम विकल्पों की तलाश कर रहे हैं ।,4.0,0.0,1.6236,2.1202,3.6929,1.8549,1.4521,1
train-s7535,इस्लामाबाद में पाकिस्तानी विदेश विभाग के प्रवक्ता ने नटवर सिंह के बयान का स्वागत करते हुए कहा कि कश्मीर मसले के समाधान की ओर यह सकारात्मक और रचनात्मक कदम है ।,SOV,31,5,0.0794,0.5278,0.7037,19,कल ही भारतीय विदेश मंत्री नटवर सिंह ने कहा था कि पाकिस्तानी राष्ट्रपति का प्रस्ताव औपचारिक रूप से मिले तो इस पर विचार हो सकता है ।,7.2,0.0,0.1398,-3.2672,-5.1775,-1.0143,-1.7268,1
train-s7544,कसूरी ने स्वीकार किया कि कश्मीर पर भारत और पाकिस्तान के बीच गुप्त वार्ताएं हो रही हैं और इस पर प्रगति हो रही है ।,SOV,25,1,0.1849,0.5124,0.6774,21,इस्लामाबाद में पाकिस्तानी विदेश विभाग के प्रवक्ता ने नटवर सिंह के बयान का स्वागत करते हुए कहा कि कश्मीर मसले के समाधान की ओर यह सकारात्मक और रचनात्मक कदम है ।,-1.0,0.0,-26.6454,-15.7437,-10.9076,-25.8201,-5.4106,1
train-s7550,हुर्रियत कांफ्रेंस के नरमपंथी घटक ने रविवार को कहा कि भारत व पाकिस्तान ने सही ट्रैक पर अच्छी शुरुआत की है ।,SOV,22,1,-0.1006,0.5208,0.64,16,कसूरी ने स्वीकार किया कि कश्मीर पर भारत और पाकिस्तान के बीच गुप्त वार्ताएं हो रही हैं और इस पर प्रगति हो रही है ।,-4.0,0.0,-0.9919,-2.5319,-3.2453,-0.9968,-0.1526,1
train-s7556,प्रधानमंत्री मनमोहन सिंह ने कश्मीर समस्या के समाधान के लिए तीसरे पक्ष की मध्यस्थता की संभावना को पूरी तरह से खारिज कर दिया ।,SOV,24,99,0.0814,0.488,0.5909,13,हुर्रियत कांफ्रेंस के नरमपंथी घटक ने रविवार को कहा कि भारत व पाकिस्तान ने सही ट्रैक पर अच्छी शुरुआत की है ।,-9.101,0.0,-31.4477,-19.002,-18.3863,-31.4477,-5.783,1
train-s7558,प्रधानमंत्री मनमोहन सिंह ने रविवार को आंध्र प्रदेश के रंगा रेड्डी जिले के अलूर गांव में काम के बदले अनाज योजना की शुरुआत के बाद पत्रकारों से बातचीत में यह बात कही ।,SOV,33,99,0.0644,0.498,0.7083,17,प्रधानमंत्री मनमोहन सिंह ने कश्मीर समस्या के समाधान के लिए तीसरे पक्ष की मध्यस्थता की संभावना को पूरी तरह से खारिज कर दिया ।,-15.7677,0.0,-28.3559,-15.2469,-17.9634,-26.8912,-4.5349,1
train-s7562,बाद में एक जनसभा को संबोधित करते हुए प्रधानमंत्री सिंह ने कहा कि आने वाले दिनों में काम के बदले अनाज योजनाओं में और सुधार किया जाएगा ।,SOV,28,1,0.143,0.4784,0.6061,20,प्रधानमंत्री मनमोहन सिंह ने रविवार को आंध्र प्रदेश के रंगा रेड्डी जिले के अलूर गांव में काम के बदले अनाज योजना की शुरुआत के बाद पत्रकारों से बातचीत में यह बात कही ।,-5.0,0.0,-1.7196,2.2153,1.0699,-0.3942,-3.0185,1
train-s7570,केंद्र सरकार इस कार्यक्रम के तहत राज्यों को अतिरिक्त मजदूरी रोजगार उपलब्ध कराने के लिए अनाज और नकदी मुहैया कराएगी ।,SOV,21,99,0.0238,0.5176,0.5714,16,बाद में एक जनसभा को संबोधित करते हुए प्रधानमंत्री सिंह ने कहा कि आने वाले दिनों में काम के बदले अनाज योजनाओं में और सुधार किया जाएगा ।,-1.6263,0.0,-25.6612,-15.9495,-16.5578,-24.0174,-4.716,1
train-s7574,"वजह साफ करते हुए उन्होंने कहा कि भारत के अमेरिकी लाइन पर चलने के कारण मसलन औद्योगिक श्रमिकों से बर्बरता की नीति, बढ़ता हुआ सैन्यकरण और आर्थिक नव उदारवादी नीतियों से खफा होकर ही यह पुरस्कार ठुकरा दिया है ।",SOV,41,1,0.0442,0.4451,0.5238,11,केंद्र सरकार इस कार्यक्रम के तहत राज्यों को अतिरिक्त मजदूरी रोजगार उपलब्ध कराने के लिए अनाज और नकदी मुहैया कराएगी ।,-3.0,-2.0,-9.6427,-4.8722,-1.4418,-9.6427,0.7152,1
train-s7579,अरुंधति ने पुरस्कार देने के फैसले के लिए अकादमी के इस वर्ष के निर्णायक मंडल के प्रति आभार जताते हुए कहा है कि उनके दिल में जूरी और इस पुरस्कार से सम्मानित लेखकों के प्रति सम्मान है ।,SOV,38,5,-0.0303,0.5478,0.5366,22,"वजह साफ करते हुए उन्होंने कहा कि भारत के अमेरिकी लाइन पर चलने के कारण मसलन औद्योगिक श्रमिकों से बर्बरता की नीति, बढ़ता हुआ सैन्यकरण और आर्थिक नव उदारवादी नीतियों से खफा होकर ही यह पुरस्कार ठुकरा दिया है ।",12.0,0.0,0.4801,-1.2878,-0.0051,1.1809,-3.3019,1
train-s7580,लेकिन सरकार की वर्तमान नीतियों के विरोधस्वरूप मैंने इस पुरस्कार को अस्वीकार कर दिया है ।,SOV,16,99,0.0605,0.5036,0.6316,24,अरुंधति ने पुरस्कार देने के फैसले के लिए अकादमी के इस वर्ष के निर्णायक मंडल के प्रति आभार जताते हुए कहा है कि उनके दिल में जूरी और इस पुरस्कार से सम्मानित लेखकों के प्रति सम्मान है ।,-2.7374,-0.0303,-32.5942,-20.7677,-19.1024,-30.1625,-6.6483,1
train-s759,वहां कमरुद्दीन नाम के एक कैदी की रहस्यमय मौत के बाद एक अन्य कैदी को प्रताड़ित करने के लिए जेल अधिकारी ने उसके पाले १०० कबूतरों को ही मौत के घाट उतार दिया था ।,SOV,35,99,-0.2284,0.5802,0.4545,5,दरअसल जेल आज अपराध के अड्डे बनते जा रहे हैं ।,-4.7071,0.9091,-19.5668,-10.2916,-10.9495,-18.3138,-2.6131,1
train-s7590,संसद के बजट सत्र को सुचारु ढंग से चलाने के लिए लोकसभा अध्यक्ष सोमनाथ चटर्जी ने बुधवार को सर्वदलीय बैठक बुलाई है ।,SOV,23,23,0.0171,0.4897,0.625,10,लेकिन सरकार की वर्तमान नीतियों के विरोधस्वरूप मैंने इस पुरस्कार को अस्वीकार कर दिया है ।,-15.6522,0.0,-14.4063,-5.3037,-3.7704,-14.2792,-2.2958,1
train-s7593,लोकसभा अध्यक्ष संसद का नया सत्र शुरू होने से पहले हर बार सर्वदलीय बैठक बुलाने की औपचारिकता निभाते हैं ।,SOV,20,23,0.1026,0.4931,0.5652,13,संसद के बजट सत्र को सुचारु ढंग से चलाने के लिए लोकसभा अध्यक्ष सोमनाथ चटर्जी ने बुधवार को सर्वदलीय बैठक बुलाई है ।,1.5652,0.0,-0.5659,-7.7491,-6.0708,-2.8641,-4.3789,1
train-s7596,इसलिए चटर्जी चाहते हैं कि सभी दलों से सदन को सुचारु ढंग से चलाने के मसले पर बात की जाए ।,SOV,21,1,0.1899,0.5162,0.75,15,लोकसभा अध्यक्ष संसद का नया सत्र शुरू होने से पहले हर बार सर्वदलीय बैठक बुलाने की औपचारिकता निभाते हैं ।,0.0,2.0,-1.656,2.966,-2.335,-1.6592,-1.2143,1
train-s760,गत मई महीने में वाराणसी में एक गैंगवार में संतोष गुप्ता ने अन्नू त्रिपाठी नाम के कैदी को मार डाला था ।,SOV,22,99,-0.1733,0.4946,0.6857,24,वहां कमरुद्दीन नाम के एक कैदी की रहस्यमय मौत के बाद एक अन्य कैदी को प्रताड़ित करने के लिए जेल अधिकारी ने उसके पाले १०० कबूतरों को ही मौत के घाट उतार दिया था ।,5.0,0.0,-5.7581,-1.5938,-2.9218,-5.7187,2.3208,1
train-s7601,अब अध्यक्ष को अपने इस फैसले की सूचना सदन को देनी है ।,SOV,13,23,0.2101,0.5285,0.5714,12,इसलिए चटर्जी चाहते हैं कि सभी दलों से सदन को सुचारु ढंग से चलाने के मसले पर बात की जाए ।,3.1304,1.0435,4.189,-2.2692,-0.4059,1.1168,-0.103,1
train-s7602,अध्यक्ष सदन से भी समर्थन चाहते हैं ।,SOV,8,5,0.0047,0.5113,0.7692,10,अब अध्यक्ष को अपने इस फैसले की सूचना सदन को देनी है ।,0.0,0.0,-6.5084,-6.9337,-9.3093,-4.4444,-3.1583,1
train-s7603,जबकि सरकार को इस बार बजट भी पेश करना है ।,SOV,11,99,0.0375,0.5644,0.75,6,अध्यक्ष सदन से भी समर्थन चाहते हैं ।,-0.0606,0.0,-20.8668,-15.5303,-14.4511,-20.9018,-8.5705,1
train-s7607,भाजपा ने इस पर तीखी प्रतिक्रिया व्यक्त की है ।,SOV,10,23,-0.0302,0.504,0.9091,10,जबकि सरकार को इस बार बजट भी पेश करना है ।,-1.5652,-1.0435,-33.2037,-29.3396,-28.397,-30.2209,-5.2874,1
train-s7609,सरकार को बाहर से समर्थन दे रही भारतीय कम्युनिस्ट पार्टी ने भी भाजपा के सुर में सुर मिलाते हुए प्रधानमंत्री की टिथी को बेवजह बताया है ।,SOV,27,23,-0.1754,0.5582,0.6,6,भाजपा ने इस पर तीखी प्रतिक्रिया व्यक्त की है ।,-18.7826,0.0,-2.5185,-8.0721,-6.7625,-2.7677,-0.4665,1
train-s7610,कांग्रेस ने प्रधानमंत्री का पूरा बचाव करते हुए भाजपा की इस बात के लिए आलोचना की है कि उसने तथ्यों को जाने बिना ही बात का बतंगड़ बना दिया ।,SOV,30,23,-0.0788,0.5153,0.5926,16,सरकार को बाहर से समर्थन दे रही भारतीय कम्युनिस्ट पार्टी ने भी भाजपा के सुर में सुर मिलाते हुए प्रधानमंत्री की टिथी को बेवजह बताया है ।,-1.5652,0.0,-17.6318,-18.9183,-18.3999,-12.7095,-5.5803,1
train-s7615,भाजपा कार्यकारिणी की बैठक से ठीक पूर्व प्रधानमंत्री के इस बयान से भाजपा को सरकार को घेरने का एक नया मुद्दा मिल गया है ।,IOSV,25,23,0.0564,0.5007,0.6333,19,कांग्रेस ने प्रधानमंत्री का पूरा बचाव करते हुए भाजपा की इस बात के लिए आलोचना की है कि उसने तथ्यों को जाने बिना ही बात का बतंगड़ बना दिया ।,-1.5652,0.0,-14.3003,-9.0366,-9.2067,-12.0684,-3.9859,1
train-s7617,लेकिन डॉ. सिंह ने वाजपेयी के खिलाफ अमेरिका में टिथी करके इस परंपरा को तोड़ दिया है ।,SOV,18,99,0.0738,0.5104,0.8,20,भाजपा कार्यकारिणी की बैठक से ठीक पूर्व प्रधानमंत्री के इस बयान से भाजपा को सरकार को घेरने का एक नया मुद्दा मिल गया है ।,5.1212,0.0,-10.0679,-12.6847,-10.7474,-10.0433,-6.8569,1
train-s7620,इसे लेकर पार्टी देशव्यापी प्रदर्शन की रणनीति भी तय करेगी ।,SOV,11,23,-0.0233,0.5315,0.5556,10,लेकिन डॉ. सिंह ने वाजपेयी के खिलाफ अमेरिका में टिथी करके इस परंपरा को तोड़ दिया है ।,0.5217,0.0,-14.4796,-10.0699,-9.7508,-14.5091,-5.2643,1
train-s7621,"मनमोहन के बयान पर आपत्ति व्यक्त करते हुए भाकपा महासचिव ए. बी. बर्धन ने कहा कि किसी ने संसद में अथवा उसके बाहर क्या कहा, इसको बुश को बताने की क्या जरूरत है ।",SOV,35,1,0.1624,0.5497,0.6364,7,इसे लेकर पार्टी देशव्यापी प्रदर्शन की रणनीति भी तय करेगी ।,-2.0,0.0,-4.1913,0.4699,2.3873,-4.1913,-0.0139,1
train-s7627,पार्टी प्रवक्ता जयंती नटराजन ने इस बारे में सफाई देते हुए कहा कि हो सकता है राष्ट्रपति बुश ने खुद प्रधानमंत्री से इस तरह का सवाल किया हो और मनमोहन सिंह ने जवाब हां में दिया हो ।,SOV,38,1,-0.1018,0.5297,0.5143,18,"मनमोहन के बयान पर आपत्ति व्यक्त करते हुए भाकपा महासचिव ए. बी. बर्धन ने कहा कि किसी ने संसद में अथवा उसके बाहर क्या कहा, इसको बुश को बताने की क्या जरूरत है ।",1.0,0.0,-2.5796,-4.9751,-2.1264,-2.5745,-0.471,1
train-s7632,रक्षा मंत्री प्रणव मुखर्जी ने भी प्रधानमंत्री के बयान को पूरी तरह सही करार दिया है ।,SOV,17,23,-0.0807,0.5182,0.5263,10,"हालांकि, हर बार की तरह कांग्रेस ने दोहराया कि भाजपा बेवजह गैरजरूरी बातों को तूल देती है ।",-7.3043,0.0,-20.0891,-13.2988,-11.4216,-20.0613,-3.6383,1
train-s7634,बंदूक के साथ अब माओवादी खुद को एक और संघर्ष के लिए तैयार कर रहे हैं ।,SOV,17,99,0.047,0.5101,0.7059,12,रक्षा मंत्री प्रणव मुखर्जी ने भी प्रधानमंत्री के बयान को पूरी तरह सही करार दिया है ।,0.7374,-0.9192,-10.0347,-9.2013,-7.808,-10.0759,-3.0002,1
train-s7640,सांस्कृतिक प्रकोष्ठ के जरिए आदिवासियों में माओवादी अपनी पकड़ मजबूत कर रहे हैं ।,SOV,14,99,-0.0897,0.5132,0.7059,12,बंदूक के साथ अब माओवादी खुद को एक और संघर्ष के लिए तैयार कर रहे हैं ।,-6.1414,0.0,-14.4346,-9.043,-10.3026,-11.015,-1.3643,1
train-s7641,प्रशासन भी माओवादियों के इन मंसूबों को समझ गया है ।,SOV,11,1,0.1953,0.4498,0.5714,8,सांस्कृतिक प्रकोष्ठ के जरिए आदिवासियों में माओवादी अपनी पकड़ मजबूत कर रहे हैं ।,3.0,0.0,-0.5774,-1.6327,-3.0339,-0.6134,3.3513,1
train-s7643,लोगों को समझाने के लिए पुलिस ने भी नुक्कड़ नाटक तैयार किया है ।,SOV,14,23,-0.003,0.4829,0.6364,7,प्रशासन भी माओवादियों के इन मंसूबों को समझ गया है ।,-6.7826,0.0,-6.9942,-5.2929,-8.0792,-6.9433,-3.504,1
train-s7645,इसके जवाब में माओवादियों ने भी एक नाटक तैयार किया है ।,SOV,12,23,-0.0739,0.5301,0.7857,11,लोगों को समझाने के लिए पुलिस ने भी नुक्कड़ नाटक तैयार किया है ।,-3.6522,0.0,-9.9015,-8.6298,-15.6631,-10.7352,-5.7224,1
train-s7650,रांची के एक वरिष्ठ पुलिस अधिकारी ने स्वीकार किया कि माओवादियों का सांस्कृतिक प्रकोष्ठ आदिवासी इलाकों में काफी असरदार हो रहा है ।,SOV,23,1,-0.0659,0.5102,0.75,9,इसके जवाब में माओवादियों ने भी एक नाटक तैयार किया है ।,-6.0,0.0,-28.7335,-21.056,-11.3018,-26.7389,-6.3539,1
train-s7657,उपद्रवियों ने चार दर्जन से अधिक दुकानों में तोड़ - फोड़ व लूट - पाट के साथ ही उन्हें आग के हवाले कर दिया ।,SOV,25,99,0.0148,0.5247,0.7826,18,रांची के एक वरिष्ठ पुलिस अधिकारी ने स्वीकार किया कि माओवादियों का सांस्कृतिक प्रकोष्ठ आदिवासी इलाकों में काफी असरदार हो रहा है ।,-2.3131,-0.0101,-12.1656,-7.5475,-7.3346,-12.1478,-0.3916,1
train-s7659,तनावपूर्ण स्थिति के बीच दर्जनों लोगों को पुलिस ने गिरफ्तार किया है ।,DOSV,13,23,-0.1299,0.5281,0.6,15,उपद्रवियों ने चार दर्जन से अधिक दुकानों में तोड़ - फोड़ व लूट - पाट के साथ ही उन्हें आग के हवाले कर दिया ।,-5.2174,0.0,-18.9601,-8.9045,-9.5689,-18.9499,-1.5104,1
train-s7661,पुलिस ने रेलवे स्टेशन पर तोड़ - फोड़ कर भाग रहे एक युवक को गोली मार दी ।,SOV,18,5,-0.1673,0.5491,0.7692,10,तनावपूर्ण स्थिति के बीच दर्जनों लोगों को पुलिस ने गिरफ्तार किया है ।,-1.2,0.0,-22.0857,-6.4679,-8.0835,-20.4689,-5.8958,1
train-s7667,इसी बात पर समिति के पदाधिकारियों ने शुक्रवार की सुबह लगभग साढ़े छह बजे संस्कृत पाठशाला के समीप नारेबाजी शुरू कर दी ।,SOV,23,99,-0.1659,0.5737,0.6667,12,पुलिस ने रेलवे स्टेशन पर तोड़ - फोड़ कर भाग रहे एक युवक को गोली मार दी ।,-11.1616,0.0,-37.1518,-22.5195,-21.4099,-34.9904,-4.1369,1
train-s7670,उपद्रवी दुकानों को लूटने के साथ ही उनमें आग लगा रहे थे ।,SOV,13,99,0.0803,0.4194,0.6957,16,इसी बात पर समिति के पदाधिकारियों ने शुक्रवार की सुबह लगभग साढ़े छह बजे संस्कृत पाठशाला के समीप नारेबाजी शुरू कर दी ।,-1.2121,0.0101,-23.8361,-16.329,-17.3002,-23.8369,-2.5459,1
train-s7671,उपद्रवियों ने उसे पकड़कर गोली मार दी थी ।,SOV,9,5,-0.1196,0.5831,0.6154,8,उपद्रवी दुकानों को लूटने के साथ ही उनमें आग लगा रहे थे ।,-1.2,0.0,-15.9272,-9.9131,-7.8941,-15.9272,-3.4473,1
train-s7675,उपद्रवियों ने सदर चौक और सलाहाबाद स्थित कई दुकानों को आग के हवाले कर दिया ।,SOV,16,5,-0.5287,0.6695,0.3333,3,उपद्रवियों ने उसे पकड़कर गोली मार दी थी ।,1.2,0.0,-23.7195,-9.4046,-10.4872,-19.0359,-0.3584,1
train-s7682,उधर पुलिस ने रेलवे स्टेशन पर तोड़ - फोड़ कर भाग रहे एक युवक महताब को गोली मार दी ।,SOV,20,23,-0.2102,0.5262,0.5625,9,उपद्रवियों ने सदर चौक और सलाहाबाद स्थित कई दुकानों को आग के हवाले कर दिया ।,5.7391,0.0,-23.0737,-7.4249,-7.624,-23.1777,-6.1308,1
train-s7694,सुरेश ने अपनी शिकायत में कहा है कि शंकराचार्य के आदेश पर ही उनके सहयोगियों ने पीतम (पीठिका) के नीचे दबे आभूषणों को निकाल लिया ।,SOV,28,1,-0.1443,0.5527,0.65,13,उधर पुलिस ने रेलवे स्टेशन पर तोड़ - फोड़ कर भाग रहे एक युवक महताब को गोली मार दी ।,1.0,0.0,-9.4974,-5.8114,-2.561,-9.326,0.5857,1
train-s7698,लेकिन इस तारीफ ने कांग्रेस को बचाव की मुद्रा में ला दिया है और कांग्रेस को सफाई देनी पड़ रही है ।,SOV,22,23,-0.1309,0.5131,0.5357,15,सुरेश ने अपनी शिकायत में कहा है कि शंकराचार्य के आदेश पर ही उनके सहयोगियों ने पीतम (पीठिका) के नीचे दबे आभूषणों को निकाल लिया ।,4.1739,0.0,-12.5689,-9.2423,-8.7961,-12.5549,-6.7062,1
train-s7700,उन्हें सांप्रदायिक शक्तियों के खिलाफ पार्टी की लड़ाई जारी रहने का संकल्प भी जाहिर करना पड़ा ।,SOV,17,23,-0.0235,0.5014,0.6364,14,लेकिन इस तारीफ ने कांग्रेस को बचाव की मुद्रा में ला दिया है और कांग्रेस को सफाई देनी पड़ रही है ।,2.087,1.0435,-7.0413,-11.6741,-11.8825,-7.079,-4.2491,1
train-s7706,रेल मंत्री लालू प्रसाद यादव द्वारा लालकृष्ण आडवाणी पर लगाए आरोपों के बारे में प्रवक्ता ने कहा कि अगर उन पर आरोप लगे हैं तो उन्हें इनका जवाब देना चाहिए ।,SOV,31,1,0.0565,0.5496,0.5882,10,उन्हें सांप्रदायिक शक्तियों के खिलाफ पार्टी की लड़ाई जारी रहने का संकल्प भी जाहिर करना पड़ा ।,-12.0,0.0,-7.7242,1.3481,2.1854,-7.7242,-1.8231,1
train-s7707,दो बच्चों के कानून के सवाल पर कांग्रेस प्रवक्ता ने कहा कि इसे कांग्रेस अध्यक्ष सोनिया गांधी भी देख रही हैं क्योंकि यह काफी गंभीर मसला है ।,SOV,28,1,-0.0033,0.5433,0.4516,14,रेल मंत्री लालू प्रसाद यादव द्वारा लालकृष्ण आडवाणी पर लगाए आरोपों के बारे में प्रवक्ता ने कहा कि अगर उन पर आरोप लगे हैं तो उन्हें इनका जवाब देना चाहिए ।,-4.0,0.0,-6.0077,-5.357,-5.1113,-6.0505,-3.7434,1
train-s7710,योजना के अनुसार स्पीकर प्रश्नकाल के दौरान चर्चा के लिए निर्धारित २० प्रश्नों को बिना बारी के उठाएंगे ।,SOV,19,99,0.0361,0.5145,0.75,21,दो बच्चों के कानून के सवाल पर कांग्रेस प्रवक्ता ने कहा कि इसे कांग्रेस अध्यक्ष सोनिया गांधी भी देख रही हैं क्योंकि यह काफी गंभीर मसला है ।,4.2424,0.0,-4.9599,-1.2268,0.5462,-4.9212,-0.1344,1
train-s7713,इस मुद्दे पर भाजपा के उपनेता वी. के. मल्होत्रा ने सुझाव दिया कि स्पीकर को इस मुद्दे को पहले संसदीय सलाहकार समिति के सामने रखना चाहिए ।,SOV,27,5,0.0689,0.4782,0.5789,11,योजना के अनुसार स्पीकर प्रश्नकाल के दौरान चर्चा के लिए निर्धारित २० प्रश्नों को बिना बारी के उठाएंगे ।,-2.4,0.0,-21.176,-9.9783,-9.6941,-21.1589,-2.6783,1
train-s7716,उन्होंने सांसद से कहा कि आपको अपने सवाल की पूर्व सूचना देनी चाहिए ।,SOV,14,1,-0.0139,0.4836,0.6296,17,इस मुद्दे पर भाजपा के उपनेता वी. के. मल्होत्रा ने सुझाव दिया कि स्पीकर को इस मुद्दे को पहले संसदीय सलाहकार समिति के सामने रखना चाहिए ।,1.0,2.0,2.3236,3.0892,2.6146,2.3217,-1.3228,1
train-s7727,घटना में मरने वालों में हकीम के परिवार के सात सदस्य भी शामिल हैं ।,SOV,15,5,-0.0615,0.5164,0.6429,9,उन्होंने सांसद से कहा कि आपको अपने सवाल की पूर्व सूचना देनी चाहिए ।,-4.8,0.0,-13.6472,-4.7592,-8.1763,-13.6215,-5.8281,1
train-s7740,जस्टिस मोहम्मद नवाज अब्बासी ने अपने फैसले में मौत की सजा को सही ठहराया था ।,SOV,16,23,0.2075,0.4671,0.6667,10,घटना में मरने वालों में हकीम के परिवार के सात सदस्य भी शामिल हैं ।,-5.7391,0.0,-18.4926,-19.2772,-16.7132,-18.4926,-5.7162,1
train-s7741,बिहार समेत कुछ राज्यों में होने वाले विधानसभा चुनाव की मजूबरी में राजग के घटक दलों ने मतभेद भुला दिया है ।,SOV,22,5,-0.0539,0.5443,0.5625,9,जस्टिस मोहम्मद नवाज अब्बासी ने अपने फैसले में मौत की सजा को सही ठहराया था ।,-13.2,0.0,-6.4256,-2.184,-2.499,-6.4256,-1.8851,1
train-s7748,राजग ने आगामी विधानसभा चुनावों के मद्देनजर सभी विवादों को दरकिनार कर गठबंधन को और अधिक मजबूत करने का प्रस्ताव पारित किया ।,SOV,23,99,0.0956,0.5023,0.5455,12,बिहार समेत कुछ राज्यों में होने वाले विधानसभा चुनाव की मजूबरी में राजग के घटक दलों ने मतभेद भुला दिया है ।,0.1515,0.0,-22.4115,-17.2194,-13.4229,-20.5682,-5.6426,1
train-s7756,राजग ने पाकिस्तान के साथ संबंध सामान्य बनाने के सिलसिले में सरकार द्वारा किए गए प्रयासों का स्वागत करते हुए कहा है कि जम्मू कश्मीर के मामले में प्रधानमंत्री और विदेश मंत्री द्वारा दिए गए बयान संसद में पारित प्रस्ताव से बिलकुल अलग है ।,SOV,45,5,0.0328,0.5079,0.6087,14,राजग ने आगामी विधानसभा चुनावों के मद्देनजर सभी विवादों को दरकिनार कर गठबंधन को और अधिक मजबूत करने का प्रस्ताव पारित किया ।,8.4,0.0,-4.6475,-4.044,-2.8296,-4.2146,-1.2915,1
train-s777,वर्षो तक मुकदमें का इंतजार जेलों में सड़ते इन विचाराधीन कैदियों को अवसाद में जाने को विवश कर देती है ।,SOV,21,23,0.0396,0.5099,0.6364,14,गत मई महीने में वाराणसी में एक गैंगवार में संतोष गुप्ता ने अन्नू त्रिपाठी नाम के कैदी को मार डाला था ।,2.6087,0.0,-14.6471,-10.9593,-10.283,-14.6489,1.6092,1
train-s7770,कुछ साल पहले एनआईएन ने देश भर के ४५० खाद्यान्नों को चिह्नित किया था ।,SOV,15,23,0.1073,0.5173,0.5556,25,राजग ने पाकिस्तान के साथ संबंध सामान्य बनाने के सिलसिले में सरकार द्वारा किए गए प्रयासों का स्वागत करते हुए कहा है कि जम्मू कश्मीर के मामले में प्रधानमंत्री और विदेश मंत्री द्वारा दिए गए बयान संसद में पारित प्रस्ताव से बिलकुल अलग है ।,-1.0435,0.0,-13.9476,-12.9581,-11.9373,-13.9476,-3.3449,1
train-s7776,समय से पूर्व मानसून की मेहरबानी को देखते हुए किसानों ने बुआई शुरू कर दी ।,SOV,16,99,-0.0196,0.4532,0.6,9,कुछ साल पहले एनआईएन ने देश भर के ४५० खाद्यान्नों को चिह्नित किया था ।,-9.3131,0.0,-11.6242,-16.7647,-15.0195,-11.7371,-3.4567,1
train-s7788,झारखंड की राजधानी रांची से लगभग २३० किलोमीटर दूर गिरिडिह जिले में माओवादी विद्रोहियों ने रविवार को रेल पटरी को उड़ा दिया ।,SOV,23,99,-0.0549,0.5197,0.5625,9,समय से पूर्व मानसून की मेहरबानी को देखते हुए किसानों ने बुआई शुरू कर दी ।,-7.7879,0.0,-10.8121,-8.663,-9.322,-10.8019,-0.6715,1
train-s7789,पुलिस महानिदेशक जे. बी. महापात्रा ने यह जानकारी दी है ।,SOV,11,1,-0.0753,0.5502,0.6522,15,झारखंड की राजधानी रांची से लगभग २३० किलोमीटर दूर गिरिडिह जिले में माओवादी विद्रोहियों ने रविवार को रेल पटरी को उड़ा दिया ।,-4.0,0.0,-9.011,-14.8249,-12.498,-9.011,-0.7321,1
train-s7791,विद्रोहियों ने चंदोरो और चौधरी बंद रेलवे स्टेशन के बीच सुबह ७ बजे लगभग एक मीटर रेलवे पटरी उड़ा दी ।,SOV,21,23,-0.0594,0.5202,0.4545,5,पुलिस महानिदेशक जे. बी. महापात्रा ने यह जानकारी दी है ।,2.087,0.0,-4.3332,-2.6415,-4.3072,-4.3189,-1.6092,1
train-s7798,राज्य पुलिस ने यहां पर एक सुरक्षा शिविर लगा रखा है ।,SOV,12,5,-0.1696,0.521,0.7143,15,विद्रोहियों ने चंदोरो और चौधरी बंद रेलवे स्टेशन के बीच सुबह ७ बजे लगभग एक मीटर रेलवे पटरी उड़ा दी ।,0.0,-1.2,-9.4344,-5.0442,-11.1435,-9.3279,-2.4265,1
train-s7800,झुमरा में तैनात एक पुलिसकर्मी ने कहा कि किसी भी वक्त माओवादी विद्रोही हमारे शिविरों पर हमला कर सकते हैं लेकिन हम सबसे अधिक आतंकित मच्छरों से हैं ।,SOV,29,1,-0.0323,0.5294,0.8333,10,राज्य पुलिस ने यहां पर एक सुरक्षा शिविर लगा रखा है ।,2.0,0.0,-7.9148,-3.4741,-3.7206,-7.9215,-7.1359,1
train-s7805,राजधानी में सीलिंग और अवैध निर्माण के खिलाफ जारी अभियान पर विरोध जताते हुए दोनों नेताओं ने जंतर - मंतर पर उपस्थित प्रदर्शनकारियों को संबोधित किया ।,SOV,27,99,-0.2138,0.6143,0.5172,15,झुमरा में तैनात एक पुलिसकर्मी ने कहा कि किसी भी वक्त माओवादी विद्रोही हमारे शिविरों पर हमला कर सकते हैं लेकिन हम सबसे अधिक आतंकित मच्छरों से हैं ।,-25.8687,0.0,-24.5575,-17.2986,-18.0292,-24.6452,-5.6309,1
train-s7809,राजधानी में सीलिंग के खिलाफ जारी अभियान पर उमा भारती ने कहा कि इस मुद्दे पर भाजपा को मदनलाल खुराना का साथ देना चाहिए ।,SOV,25,23,-0.0732,0.5873,0.5556,15,राजधानी में सीलिंग और अवैध निर्माण के खिलाफ जारी अभियान पर विरोध जताते हुए दोनों नेताओं ने जंतर - मंतर पर उपस्थित प्रदर्शनकारियों को संबोधित किया ।,1.5652,0.0,-19.7709,-3.2813,-5.2397,-15.4034,-2.3236,1
train-s7810,प्रदर्शनकारियों को संबोधित करने के बाद दोनों नेताओं ने प्रधानमंत्री को ज्ञापन सौंपा ।,SOV,14,23,0.02,0.5481,0.6,15,राजधानी में सीलिंग के खिलाफ जारी अभियान पर उमा भारती ने कहा कि इस मुद्दे पर भाजपा को मदनलाल खुराना का साथ देना चाहिए ।,-8.3478,0.0,-28.0928,-12.4319,-12.6179,-25.9937,-1.9836,1
train-s7815,उन्होंने इस संबंध में महाराष्ट्र के उल्हास नगर का उदाहरण दिया ।,SOV,12,5,-0.1293,0.4955,0.4286,6,प्रदर्शनकारियों को संबोधित करने के बाद दोनों नेताओं ने प्रधानमंत्री को ज्ञापन सौंपा ।,6.0,1.2,-11.8175,-8.2666,-5.3479,-11.413,-3.7406,1
train-s7818,अमेरिकी अंतरिक्ष एजेंसी नासा के इस अभियान से धूमकेतु के रहस्यों को जानने में मदद मिलेगी ।,IOSV,17,23,0.1234,0.4848,0.5833,7,उन्होंने इस संबंध में महाराष्ट्र के उल्हास नगर का उदाहरण दिया ।,-12.0,0.0,-29.1895,-12.5157,-12.4205,-28.7444,-5.5158,1
train-s782,लेकिन दूसरी तरफ बाहुबली किस्म के कैदी जेल को अपनी ऐय्याशी के अड्डे के रूप में इस्तेमाल करते हैं ।,SOV,20,99,-0.0223,0.4824,0.5714,12,वर्षो तक मुकदमें का इंतजार जेलों में सड़ते इन विचाराधीन कैदियों को अवसाद में जाने को विवश कर देती है ।,5.8182,0.0,-30.1965,-18.6674,-15.1485,-30.2142,-10.5053,1
train-s7838,खास तौर पर विदर्भ व मराठवाड़ा में उसने चुनावी नतीजों पर खासा असर डाला था ।,SOV,16,99,0.146,0.5414,0.6471,11,अमेरिकी अंतरिक्ष एजेंसी नासा के इस अभियान से धूमकेतु के रहस्यों को जानने में मदद मिलेगी ।,-2.9697,0.0202,-5.2798,-4.5906,-4.8644,-5.2798,-4.5281,1
train-s7850,सिंह ने दोनों दलों से पांच - पांच विधायकों को मंत्री बनाया है ।,SOV,14,23,-0.0578,0.5558,0.25,4,खास तौर पर विदर्भ व मराठवाड़ा में उसने चुनावी नतीजों पर खासा असर डाला था ।,-0.5217,0.0,-18.8938,-12.8489,-10.7951,-18.8938,-3.4362,1
train-s7854,नए मंत्रियों को कर्नाटक के राज्यपाल टी. एन. चतुर्वेदी ने कड़ी सुरक्षा के बीच एक समारोह में पद और गोपनीयता की शपथ दिलाई ।,IOSV,24,99,-0.0329,0.5022,0.6429,9,सिंह ने दोनों दलों से पांच - पांच विधायकों को मंत्री बनाया है ।,-0.1919,0.0,-18.5461,-8.979,-12.3977,-21.0441,-3.5557,1
train-s7862,मंत्रिमंडल विस्तार में देरी के बारे में पूछे जाने पर सिंह ने बताया कि इस सिलसिले में कांग्रेस अध्यक्ष सोनिया गांधी से विचार विमर्श किया गया ।,SOV,27,1,0.0535,0.5165,0.7083,17,नए मंत्रियों को कर्नाटक के राज्यपाल टी. एन. चतुर्वेदी ने कड़ी सुरक्षा के बीच एक समारोह में पद और गोपनीयता की शपथ दिलाई ।,-8.0,0.0,-8.1864,4.3255,0.878,-8.1839,-4.6354,1
train-s7866,सिंह ने इस बात का संकेत दिया कि जल्द ही मंत्रिमंडल का दूसरा विस्तार भी किया जाएगा ।,SOV,18,1,0.0292,0.5363,0.6667,18,मंत्रिमंडल विस्तार में देरी के बारे में पूछे जाने पर सिंह ने बताया कि इस सिलसिले में कांग्रेस अध्यक्ष सोनिया गांधी से विचार विमर्श किया गया ।,2.0,0.0,-25.6293,-17.1719,-13.7102,-19.7824,-1.1795,1
train-s788,ये सभी देश अब उसकी संपत्ति जब्त कर सकेंगे ।,SOV,10,23,0.0054,0.4961,0.45,9,लेकिन दूसरी तरफ बाहुबली किस्म के कैदी जेल को अपनी ऐय्याशी के अड्डे के रूप में इस्तेमाल करते हैं ।,-2.6087,-1.0435,-24.432,-14.2385,-16.5903,-24.432,-3.7536,1
train-s7880,ईरानी परमाणु कार्यक्रम को विश्व शांति के लिए खतरा करार देते हुए पूर्व इस्राइली प्रधानमंत्री एहुद बराक ने कहा है कि भारत ईरान को सैन्य परमाणु ताकत बनने से रोकने में महत्वपूर्ण रोल अदा कर सकता है ।,SOV,38,1,0.0115,0.5167,0.7778,14,सिंह ने इस बात का संकेत दिया कि जल्द ही मंत्रिमंडल का दूसरा विस्तार भी किया जाएगा ।,-6.0,0.0,-1.4738,3.6482,5.2014,-1.4738,0.8709,1
train-s7881,मध्यपूर्व की स्थिति पर व्याख्यान देते हुए भी उन्होंने यह बात कही ।,SOV,13,5,0.0043,0.5433,0.5263,20,ईरानी परमाणु कार्यक्रम को विश्व शांति के लिए खतरा करार देते हुए पूर्व इस्राइली प्रधानमंत्री एहुद बराक ने कहा है कि भारत ईरान को सैन्य परमाणु ताकत बनने से रोकने में महत्वपूर्ण रोल अदा कर सकता है ।,-7.2,-1.2,-4.9415,-7.0612,-7.1656,-4.4992,-0.2009,1
train-s7889,इस्राइल भारत के साथ अपने रिश्ते को उच्च प्राथमिकता देता है ।,SOV,12,23,0.0532,0.5117,0.4615,6,मध्यपूर्व की स्थिति पर व्याख्यान देते हुए भी उन्होंने यह बात कही ।,1.5652,0.0,-8.6476,-11.4575,-9.9076,-8.6476,-1.1854,1
train-s7890,उन्होंने अहमदीनेजाद के नेतृत्व वाली मौजूदा ईरानी सरकार को कट्टरपंथी और अड़ियल करार दिया ।,SOV,15,5,0.0294,0.5141,0.5833,7,इस्राइल भारत के साथ अपने रिश्ते को उच्च प्राथमिकता देता है ।,3.6,1.2,-12.434,-8.6348,-7.9086,-11.1618,-6.0179,1
train-s7897,विश्व हिंदू परिषद (विहिप) के अंतर्राष्ट्रीय सचिव प्रवीण तोगड़िया को अज्ञात व्यक्ति ने पत्र भेजकर जान से मारने की धमकी दी है ।,IOSV,25,23,0.0718,0.5444,0.6,9,उन्होंने अहमदीनेजाद के नेतृत्व वाली मौजूदा ईरानी सरकार को कट्टरपंथी और अड़ियल करार दिया ।,-11.4783,0.0,-17.5165,-12.0404,-10.0616,-17.5165,-3.794,1
train-s79,मंदिर के समीप स्थित इस महल का निर्माण शाह बदगा खान ने अकबर की हिंदू पत्नी के लिए करवाया था ।,DOSV,21,5,-0.0564,0.5097,0.5455,6,मस्जिद का गलियारा खंभों और आर्चेस से सजा हुआ है.,-2.4,0.0,8.41,6.5462,5.5933,8.41,2.2228,1
train-s790,आधिकारिक सूत्रों ने यहां बताया कि इंटरपोल की महासभा ने पिछले सप्ताह बर्लिन में एक प्रस्ताव पारित कर अल कायदा और तालिबान से जुड़े लोगों के खिलाफ एक विशेष अंतर्राष्ट्रीय नोटिस जारी करने का फैसला लिया ।,SOV,37,1,0.0692,0.5054,0.6,6,ये सभी देश अब उसकी संपत्ति जब्त कर सकेंगे ।,-2.0,-2.0,-2.185,1.5007,2.0895,-2.185,-0.0166,1
train-s7902,वह अल्पसंख्यकों के विरुद्ध भड़काऊ भाषण देने की वजह से उन्हें सबक सिखाना चाहता है ।,SOV,16,23,0.0221,0.492,0.56,14,विश्व हिंदू परिषद (विहिप) के अंतर्राष्ट्रीय सचिव प्रवीण तोगड़िया को अज्ञात व्यक्ति ने पत्र भेजकर जान से मारने की धमकी दी है ।,-2.6087,1.0435,-9.3802,-8.2392,-8.957,-9.3742,-2.84,1
train-s7904,जिसको गंभीरता से लेते हुए विहिप कार्यालय सचिव अभयसिंह जाला ने तुरंत इसकी सूचना गुजरात के गृहमंत्री अमित शाह को दी ।,SOV,22,23,0.0535,0.5122,0.5,8,वह अल्पसंख्यकों के विरुद्ध भड़काऊ भाषण देने की वजह से उन्हें सबक सिखाना चाहता है ।,-7.3043,0.0,-3.0997,0.5441,2.0877,-2.1785,0.3177,1
train-s7905,गृहमंत्री ने तोगड़िया की सुरक्षा सुनिश्चित करने के लिए पुलिस आयुक्त कार्यालय को उचित व्यवस्था करने का निर्देश दिया ।,SOV,20,23,-0.0441,0.5004,0.4091,9,जिसको गंभीरता से लेते हुए विहिप कार्यालय सचिव अभयसिंह जाला ने तुरंत इसकी सूचना गुजरात के गृहमंत्री अमित शाह को दी ।,3.1304,0.0,-13.3463,-15.8391,-13.6376,-9.8727,-7.5595,1
train-s7917,सांख्यिकी मंत्रालय के मुताबिक ४४ बिजली परियोजनाएं जिन पर काम चल रहा है ।,DOSV,14,23,0.125,0.4706,0.65,13,गृहमंत्री ने तोगड़िया की सुरक्षा सुनिश्चित करने के लिए पुलिस आयुक्त कार्यालय को उचित व्यवस्था करने का निर्देश दिया ।,-5.2174,0.0,-8.0253,-6.1973,-7.4631,-8.0253,-2.7828,1
train-s7920,इराक के पूर्व शासक सद्दाम हुसैन ने १९९० के दशक के मध्य में ही अमेरिका और ब्रिटेन को आतंकवादी हमले होने की चेतावनी दी थी ।,SOV,26,23,-0.0625,0.5,0.5714,8,सांख्यिकी मंत्रालय के मुताबिक ४४ बिजली परियोजनाएं जिन पर काम चल रहा है ।,-4.6957,0.0,-11.6215,-14.132,-14.0421,-11.7156,-5.4528,1
train-s7921,उन्होंने अपने सहयोगियों के साथ एक बैठक में कहा था कि आतंकवादी इन हमलों में जनसंहारक हथियारों का इस्तेमाल भी कर सकते हैं ।,SOV,24,5,-0.0772,0.511,0.6538,17,इराक के पूर्व शासक सद्दाम हुसैन ने १९९० के दशक के मध्य में ही अमेरिका और ब्रिटेन को आतंकवादी हमले होने की चेतावनी दी थी ।,2.4,1.2,-10.1883,-3.6812,-2.9889,-10.1883,-0.3004,1
train-s7929,यह बात मैंने ब्रिटेन को भी बताई है ।,DOSV,9,5,-0.2611,0.5242,0.2143,3,"हालांकि, इसमें वह इराक द्वारा किसी ऐसे हमले से इनकार रहे हैं ।",1.2,-1.2,5.6417,1.28,2.5652,5.6417,-0.231,1
train-s7938,उन्होंने ही एबीसी को यह टेप उपलब्ध कराया है ।,SOV,10,23,0.0258,0.4822,0.6667,6,यह बात मैंने ब्रिटेन को भी बताई है ।,-1.5652,1.0435,-12.7491,-14.3943,-18.4142,-10.9114,-4.7636,1
train-s7944,एबीसी ने इस टेप को वर्ष १९९५ में अप्रैल महीने के आखिरी हफ्ते या मई में रिकॉर्ड किया गया बताया है ।,SOV,22,99,0.177,0.4648,0.5,5,उन्होंने ही एबीसी को यह टेप उपलब्ध कराया है ।,7.6667,0.0,-8.5488,4.5233,1.6129,-3.2804,-0.226,1
train-s7951,"एबीसी के मुताबिक, उन्होंने अपने स्रोतों के जरिए १२ घंटों के ये टेप हासिल किए ।",SOV,17,99,-0.0063,0.4721,0.5,11,एबीसी ने इस टेप को वर्ष १९९५ में अप्रैल महीने के आखिरी हफ्ते या मई में रिकॉर्ड किया गया बताया है ।,-2.1717,-1.0202,-14.5867,-18.3874,-17.871,-11.8581,-8.5189,1
train-s7953,अदालत ने इन तीनों की जमानत याचिकाओं को भी खारिज कर दिया ।,SOV,13,5,0.0593,0.4943,0.2941,5,"एबीसी के मुताबिक, उन्होंने अपने स्रोतों के जरिए १२ घंटों के ये टेप हासिल किए ।",-1.2,0.0,-22.1601,-18.4786,-17.3206,-22.1601,-7.265,1
train-s7956,जांच के दौरान आयकर अधिकारियों को बार गर्ल के मोबाइल में सट्टेबाजों और कुछ श्रीलंकाई क्रिकेटरों के टेलीफोन नंबर मिले थे ।,IOSV,22,23,-0.2025,0.5111,0.6923,9,अदालत ने इन तीनों की जमानत याचिकाओं को भी खारिज कर दिया ।,8.8696,0.0,-5.7194,5.3469,3.5748,-5.7194,-0.2066,1
train-s7957,इसके बाद मामले की जांच पुलिस ने अपने हाथ में ले ली थी ।,DOSV,14,23,-0.0409,0.4701,0.4545,10,जांच के दौरान आयकर अधिकारियों को बार गर्ल के मोबाइल में सट्टेबाजों और कुछ श्रीलंकाई क्रिकेटरों के टेलीफोन नंबर मिले थे ।,1.0435,1.0435,-14.9664,-0.0511,-1.644,-14.9664,-2.61,1
train-s7958,पुलिस ने एक सप्ताह तक चली गहन पूछताछ के बाद तरन्नुम को गिरफ्तार किया है ।,SOV,16,23,-0.0484,0.5187,0.7143,10,इसके बाद मामले की जांच पुलिस ने अपने हाथ में ले ली थी ।,-4.6957,0.0,-19.8559,-12.9614,-10.1452,-17.8213,-4.9501,1
train-s7965,भाजपा - शिवसेना ने १३ अक्तूबर को चुनाव टालने के लिए चुनाव आयोग से अनुरोध भी किया था ।,SOV,19,23,-0.0737,0.5196,0.75,12,पुलिस ने एक सप्ताह तक चली गहन पूछताछ के बाद तरन्नुम को गिरफ्तार किया है ।,-5.2174,0.0,-19.5075,-15.9842,-15.5895,-18.4448,-6.5207,1
train-s7966,लेकिन आयोग ने इनके अनुरोध को ठुकरा दिया ।,SOV,9,5,-0.0206,0.5332,0.5263,10,भाजपा - शिवसेना ने १३ अक्तूबर को चुनाव टालने के लिए चुनाव आयोग से अनुरोध भी किया था ।,2.4,0.0,-19.4557,-9.9662,-11.5948,-17.9273,-8.5584,1
train-s7972,इसके बाद सत्ता पक्ष और विपक्ष के सदस्यों ने एक दूसरे पर आरोप - प्रत्यारोप लगाना शुरू कर दिया ।,SOV,20,23,-0.0474,0.5258,0.4444,4,लेकिन आयोग ने इनके अनुरोध को ठुकरा दिया ।,-1.5652,1.0435,-28.8703,-14.0517,-15.4763,-28.7633,-7.9396,1
train-s7975,कानून मंत्री हंसराज भारद्वाज ने अपने जवाब में कहा कि न्यायपालिका में दखल देने वाले किसी भी व्यक्ति से गंभीरता से निपटा जाएगा ।,SOV,24,1,-0.1996,0.5103,0.6,12,इसके बाद सत्ता पक्ष और विपक्ष के सदस्यों ने एक दूसरे पर आरोप - प्रत्यारोप लगाना शुरू कर दिया ।,-2.0,0.0,-7.8831,-6.0531,-2.313,-7.8831,1.0977,1
train-s7977,देश के हजारों निजी गैर अनुदान प्राप्त और अल्पसंख्यक कॉलेजों के मामले में सुप्रीम कोर्ट ने बुधवार को प्रबंधन कोटे की सीटें निर्धारित करने और इनके उम्मीदवारों के चयन के तरीके पर अपना फैसला सुरक्षित रखा है ।,SOV,38,99,-0.013,0.5399,0.625,15,कानून मंत्री हंसराज भारद्वाज ने अपने जवाब में कहा कि न्यायपालिका में दखल देने वाले किसी भी व्यक्ति से गंभीरता से निपटा जाएगा ।,-26.7374,0.0,-31.9889,-11.795,-9.1131,-31.9889,-4.9527,1
train-s7978,"चीफ जस्टिस आर. सी. लाहोटी, जस्टिस वाई. के. सब्बरवाल, जस्टिस डी. एम. धर्माधिकारी, जस्टिस अरुण कुमार, जस्टिस जी. पी. माथुर, जस्टिस तरुण चटर्जी और जस्टिस पी. के. बालासुब्रमण्यम वाली सात सदस्यीय खंडपीठ ने शैक्षणिक संस्थानों की ओर से पांच जजों वाली खंडपीठ के आदेश का स्पष्टीकरण मांगने वाली याचिकाओं पर अपना फैसला सुरक्षित रखा ।",SOV,60,23,0.0626,0.5095,0.7105,27,देश के हजारों निजी गैर अनुदान प्राप्त और अल्पसंख्यक कॉलेजों के मामले में सुप्रीम कोर्ट ने बुधवार को प्रबंधन कोटे की सीटें निर्धारित करने और इनके उम्मीदवारों के चयन के तरीके पर अपना फैसला सुरक्षित रखा है ।,-65.7391,0.0,-24.4342,-14.9159,-18.6808,-16.4926,-4.5868,1
train-s798,जिसमें उसका जन्म स्थान महाराष्ट्र का रत्नागिरी दर्ज है व उसके पास भारतीय पासपोर्ट ए - ३३३६०२३३३६०२ है ।,SOV,19,23,0.0556,0.5108,0.5676,21,आधिकारिक सूत्रों ने यहां बताया कि इंटरपोल की महासभा ने पिछले सप्ताह बर्लिन में एक प्रस्ताव पारित कर अल कायदा और तालिबान से जुड़े लोगों के खिलाफ एक विशेष अंतर्राष्ट्रीय नोटिस जारी करने का फैसला लिया ।,0.0,1.0435,-10.0096,-3.8846,-3.8344,-9.7732,-3.6062,1
train-s7982,भारतीय वायु सेना की बर्खास्त फ्लाइंग ऑफिसर अंजलि गुप्ता ने राष्ट्रीय महिला आयोग (एनसीडब्लू) से अपनी बर्खास्तगी के मामले में फिर से जांच की गुहार लगाई है ।,SOV,30,99,-0.0212,0.5441,0.2667,16,"चीफ जस्टिस आर. सी. लाहोटी, जस्टिस वाई. के. सब्बरवाल, जस्टिस डी. एम. धर्माधिकारी, जस्टिस अरुण कुमार, जस्टिस जी. पी. माथुर, जस्टिस तरुण चटर्जी और जस्टिस पी. के. बालासुब्रमण्यम वाली सात सदस्यीय खंडपीठ ने शैक्षणिक संस्थानों की ओर से पांच जजों वाली खंडपीठ के आदेश का स्पष्टीकरण मांगने वाली याचिकाओं पर अपना फैसला सुरक्षित रखा ।",-18.6667,0.0,-16.1941,-2.848,-5.1092,-16.1803,-3.4846,1
train-s7986,गुप्ता ने आज राष्ट्रीय महिला आयोग की अध्यक्ष गिरिजा व्यास से मुलाकात कर उन्हें एक ज्ञापन सौंपा ।,SOV,18,99,0.1849,0.5139,0.5667,17,भारतीय वायु सेना की बर्खास्त फ्लाइंग ऑफिसर अंजलि गुप्ता ने राष्ट्रीय महिला आयोग (एनसीडब्लू) से अपनी बर्खास्तगी के मामले में फिर से जांच की गुहार लगाई है ।,-0.0808,0.0303,-32.3035,-17.2304,-13.7309,-27.1818,-3.4671,1
train-s7987,व्यास ने उन्हें कर्नाटक राज्य मानवाधिकार और वायु सेना की ओर से की गई जांच की रिपोर्ट मंगाने का आश्वासन दिया है ।,SOV,23,5,0.1582,0.4661,0.7222,13,गुप्ता ने आज राष्ट्रीय महिला आयोग की अध्यक्ष गिरिजा व्यास से मुलाकात कर उन्हें एक ज्ञापन सौंपा ।,18.0,-1.2,-14.0311,-11.7408,-8.6584,-9.2334,-4.2579,1
train-s7989,सैन्य अदालत ने उन्हें पांच मामलों में दोषी पाए जाने के बाद ८ दिसंबर को सेवा से बर्खास्त कर दिया था ।,SOV,22,99,0.0729,0.4911,0.6957,16,व्यास ने उन्हें कर्नाटक राज्य मानवाधिकार और वायु सेना की ओर से की गई जांच की रिपोर्ट मंगाने का आश्वासन दिया है ।,-7.4545,-1.0,-29.2326,-14.8281,-16.6457,-27.3593,-4.8868,1
train-s7991,मुजफ्फरपुर के सब - इंस्पेक्टर इस्माइल को पत्नी के लिए ताजमहल के समान कृति बनाने की प्रेरणा ताजमहल से ही मिली ।,IOSV,22,23,-0.0656,0.5324,0.6364,14,सैन्य अदालत ने उन्हें पांच मामलों में दोषी पाए जाने के बाद ८ दिसंबर को सेवा से बर्खास्त कर दिया था ।,-4.1739,0.0,1.4892,-2.678,-2.3069,1.6778,-2.1484,1
train-s7995,हाल ही में डीआईजी गुप्तेशवर पांडे ने उन्हें निलंबित कर दिया ।,SOV,12,23,0.0954,0.4904,0.5,11,मुजफ्फरपुर के सब - इंस्पेक्टर इस्माइल को पत्नी के लिए ताजमहल के समान कृति बनाने की प्रेरणा ताजमहल से ही मिली ।,-4.6957,0.0,-13.2877,-17.5794,-16.8026,-13.2856,-3.47,1
train-s7997,मोहम्मद इस्माइल ने इस बिल्डिंग में स्थित अपने कार्यालय को छह महीने पहले मुमताज हवा महल का रूप दिया था ।,SOV,21,23,-0.1965,0.4616,0.5,6,हाल ही में डीआईजी गुप्तेशवर पांडे ने उन्हें निलंबित कर दिया ।,1.0435,0.0,-7.4524,-11.9099,-10.8355,-5.1247,-3.481,1
train-s800,दाऊद को अमेरिका ने २००३ में विशेष दर्जे वाला वैश्विक आतंकवादी करार दिया है ।,DOSV,15,99,0.2221,0.4202,0.4211,8,जिसमें उसका जन्म स्थान महाराष्ट्र का रत्नागिरी दर्ज है व उसके पास भारतीय पासपोर्ट ए - ३३३६०२३३३६०२ है ।,1.202,0.0,-12.7947,-14.9498,-10.355,-12.7597,-4.2253,1
train-s8009,इसके अलावा समिति समुद्र में स्थित तेल एवं गैस सुविधाओं की सुरक्षा को और पुख्ता करने के उपाय भी सुझाएगी ।,SOV,21,5,-0.1082,0.5357,0.4,6,"बहरहाल, विभागीय कार्रवाई ने सब - इंस्पेक्टर के हौसले पस्त कर दिए हैं ।",16.8,1.2,-5.3655,-1.1776,-4.0793,-5.3655,-4.3465,1
train-s8017,बाद में एक पत्रकार सम्मेलन में इन नेताओं ने आरोप लगाया कि गुरूद्वारा चुनाव के आयुक्त जे. एस. शेखों बादल के एक पूर्व मंत्री जनमेजा सिंह शेखों के भाई हैं और उन्होंने बादल के इशारे पर चुनावों में जमकर धांधलियां कीं ।,SOV,42,23,0.1051,0.4705,0.619,13,इसके अलावा समिति समुद्र में स्थित तेल एवं गैस सुविधाओं की सुरक्षा को और पुख्ता करने के उपाय भी सुझाएगी ।,-2.087,0.0,-26.727,-15.4568,-15.5442,-26.7074,-5.2185,1
train-s8019,उन्होंने गृह मंत्री से आग्रह किया कि ११ जुलाई को हुए चुनाव को रद्द करके नए सिरे से स्वतंत्र और निष्पक्ष चुनाव कराए जाएं ।,SOV,25,5,0.0076,0.5044,0.5952,25,बाद में एक पत्रकार सम्मेलन में इन नेताओं ने आरोप लगाया कि गुरूद्वारा चुनाव के आयुक्त जे. एस. शेखों बादल के एक पूर्व मंत्री जनमेजा सिंह शेखों के भाई हैं और उन्होंने बादल के इशारे पर चुनावों में जमकर धांधलियां कीं ।,0.0,1.2,-22.0908,-17.1273,-15.2066,-19.8598,-4.5477,1
train-s8020,एसवाईएल के मसले पर भाजपा के रुख की कड़ी आलोचना करते हुए इन नेताओं ने कहा कि भाजपा को इस संवेदनशील मसले पर भड़काऊ बयानबाजी से बाज आना चाहिए वरना दोनों राज्यों का माहौल बिगड़ सकता है ।,SOV,38,5,0.0836,0.5376,0.64,16,उन्होंने गृह मंत्री से आग्रह किया कि ११ जुलाई को हुए चुनाव को रद्द करके नए सिरे से स्वतंत्र और निष्पक्ष चुनाव कराए जाएं ।,-1.2,0.0,-3.8057,-1.5097,-3.8749,-3.8059,-2.5668,1
train-s8023,यूनाइटेड किंगडम ने भारत व यूरोपीय संघ (ईयू) के बीच मुक्त व्यापार समझौते (एफटीए) का प्रस्ताव रखा है ।,SOV,23,5,-0.0829,0.542,0.4737,18,एसवाईएल के मसले पर भाजपा के रुख की कड़ी आलोचना करते हुए इन नेताओं ने कहा कि भाजपा को इस संवेदनशील मसले पर भड़काऊ बयानबाजी से बाज आना चाहिए वरना दोनों राज्यों का माहौल बिगड़ सकता है ।,6.0,0.0,-12.5016,-3.6168,-3.56,-12.4985,-3.5707,1
train-s8024,आज यहां यूके के व्यापार मंत्री इयान पीयरसन के साथ मुलाकात के बाद संवाददाताओं से बातचीत करते हुए केंद्रीय वाणिज्य एवं उद्योग मंत्री कमलनाथ ने यह जानकारी दी ।,SOV,29,99,0.0408,0.5066,0.4348,10,यूनाइटेड किंगडम ने भारत व यूरोपीय संघ (ईयू) के बीच मुक्त व्यापार समझौते (एफटीए) का प्रस्ताव रखा है ।,12.5859,-1.1111,-23.4951,-13.0546,-11.1716,-22.6382,-1.5482,1
train-s8025,इस प्रस्ताव के बारे में उन्होंने कहा कि व्यापार को बढ़ाने वाले प्रत्येक विचार के लिए भारत के दरवाजे खुले हुए हैं ।,SOV,23,1,0.1274,0.4741,0.6207,18,आज यहां यूके के व्यापार मंत्री इयान पीयरसन के साथ मुलाकात के बाद संवाददाताओं से बातचीत करते हुए केंद्रीय वाणिज्य एवं उद्योग मंत्री कमलनाथ ने यह जानकारी दी ।,-4.0,-2.0,-7.4568,-2.4213,-1.3101,-7.4568,0.6291,1
train-s8030,"इसके अलावा कमलनाथ ने भारतीय दवाओं, अकाउंटेंट फर्मों और कानून की डिग्री को यूके में मान्यता देने का मुद्दा भी उठाया ।",SOV,23,5,0.1411,0.495,0.5652,13,इस प्रस्ताव के बारे में उन्होंने कहा कि व्यापार को बढ़ाने वाले प्रत्येक विचार के लिए भारत के दरवाजे खुले हुए हैं ।,18.0,1.2,-11.5748,-8.6887,-9.4159,-12.1555,-6.7911,1
train-s8031,बैठक के दौरान पीयरसन ने यूके के बैंकों को भारत में प्रवेश देने और शराब पर लगी उच्च शुल्क दरों के मुद्दों को उठाया ।,SOV,25,5,0.026,0.5567,0.5652,13,"इसके अलावा कमलनाथ ने भारतीय दवाओं, अकाउंटेंट फर्मों और कानून की डिग्री को यूके में मान्यता देने का मुद्दा भी उठाया ।",18.0,0.0,-9.4821,-0.2817,-1.0825,-4.7406,-2.0514,1
train-s8032,इस मौके पर दोनों पक्षों ने विश्व व्यापार संगठन (डब्लूटीओ) वार्ता के चालू दोहा दौर को वर्ष २००६ के आखिर तक समाप्त कर लेने पर सहमति व्यक्त की ।,SOV,31,99,-0.0252,0.5218,0.6,15,बैठक के दौरान पीयरसन ने यूके के बैंकों को भारत में प्रवेश देने और शराब पर लगी उच्च शुल्क दरों के मुद्दों को उठाया ।,-3.4343,0.0,-31.089,-23.8998,-24.8912,-34.183,-6.8892,1
train-s8033,सरकार ने भारतीय मानक ब्यूरो को राष्ट्रीय पूछताछ केंद्र के रूप में नामित किया है ।,SOV,16,23,-0.0498,0.5201,0.5484,17,इस मौके पर दोनों पक्षों ने विश्व व्यापार संगठन (डब्लूटीओ) वार्ता के चालू दोहा दौर को वर्ष २००६ के आखिर तक समाप्त कर लेने पर सहमति व्यक्त की ।,-0.5217,0.0,-12.6877,-11.1613,-12.7576,-12.666,-4.1694,1
train-s8035,विश्व व्यापार संगठन के समझौते के तहत सरकार ने यह कदम उठाया है ।,SOV,14,5,0.0136,0.4483,0.875,14,सरकार ने भारतीय मानक ब्यूरो को राष्ट्रीय पूछताछ केंद्र के रूप में नामित किया है ।,-6.0,0.0,-14.8684,-8.8648,-10.6503,-14.1912,-1.5027,1
train-s8036,केंद्रीय उपभोक्ता मामलों के राज्य मंत्री तसलीमुद्दीन ने राज्य सभा में एक सवाल के जवाब में कहा कि राष्ट्रीय पूछताछ केंद्र के रूप में ब्यूरो तकनीकी विनियमों और मानकों से संबंधित प्रश्नों का जवाब देता है ।,SOV,37,5,0.0867,0.506,0.7143,10,विश्व व्यापार संगठन के समझौते के तहत सरकार ने यह कदम उठाया है ।,-3.6,0.0,-2.0441,-0.7252,-0.4422,-2.0441,1.9388,1
train-s8040,इस कड़ी में योजना आयोग ने ग्रामीण स्वास्थ्य मिशन (एनएचआरएम) की निगरानी के लिए एक विशेषज्ञ समूह गठित कर दिया है ।,SOV,24,99,0.1008,0.4816,0.7838,29,केंद्रीय उपभोक्ता मामलों के राज्य मंत्री तसलीमुद्दीन ने राज्य सभा में एक सवाल के जवाब में कहा कि राष्ट्रीय पूछताछ केंद्र के रूप में ब्यूरो तकनीकी विनियमों और मानकों से संबंधित प्रश्नों का जवाब देता है ।,-4.2727,0.0,-16.7044,-6.75,-7.5956,-16.5895,-4.7413,1
train-s8046,ग्रुप को ३१ जनवरी २००६ तक अपनी रिपोर्ट देनी है ।,SOV,11,5,0.1609,0.4848,0.75,18,इस कड़ी में योजना आयोग ने ग्रामीण स्वास्थ्य मिशन (एनएचआरएम) की निगरानी के लिए एक विशेषज्ञ समूह गठित कर दिया है ।,0.0,0.0,-8.4924,-6.2537,-4.1631,-8.486,-1.5306,1
train-s8047,ग्रुप एक साल के दौरान मिशन की सफलता व असफलता का लेखा - जोखा तैयार करेगा ।,SOV,17,23,0.2495,0.4415,0.4545,5,ग्रुप को ३१ जनवरी २००६ तक अपनी रिपोर्ट देनी है ।,2.6087,0.0,-7.0277,-7.3766,-5.8416,-6.4183,-3.6324,1
train-s8048,अगले वित्तीय वर्ष से पहले ही स्वास्थ्य मंत्रालय और योजना आयोग मिलकर खामियों को दुरुस्त करेंगे ।,SOV,17,99,0.1521,0.5144,0.6471,11,ग्रुप एक साल के दौरान मिशन की सफलता व असफलता का लेखा - जोखा तैयार करेगा ।,-13.0404,0.0,-2.6785,-11.1038,-8.6254,-2.4823,-4.8061,1
train-s8058,पाकिस्तान पर सरकार की नीतियों पर हमला करने के लिए वाजपेयी ने पूर्व विदेश मंत्री यशवंत सिन्हा को मैदान में उतारा ।,SOV,22,23,0.1235,0.462,0.7059,12,अगले वित्तीय वर्ष से पहले ही स्वास्थ्य मंत्रालय और योजना आयोग मिलकर खामियों को दुरुस्त करेंगे ।,-10.4348,0.0,-10.9102,-1.8804,-3.258,-12.1287,-2.6866,1
train-s8067,अटल बिहारी के लिखे को जारी करते हुए पूर्व विदेश मंत्री और पार्टी के नेता यशवंत सिंहा ने बृहस्पतिवार को कहा कि भाजपा आज भी भारत - पाक शांति प्रक्रिया के जारी रखने के पक्ष में है पर पार्टी को यूपीए सरकार द्वारा इस प्रक्रिया को आगे बढ़ाने के तरीकों पर आपत्ति है ।,SOV,54,5,-0.0582,0.5514,0.6364,14,पाकिस्तान पर सरकार की नीतियों पर हमला करने के लिए वाजपेयी ने पूर्व विदेश मंत्री यशवंत सिन्हा को मैदान में उतारा ।,-7.2,0.0,-8.1104,-4.7277,1.8594,-6.6743,0.3078,1
train-s8069,पाकिस्तान को इस वार्ता को सफल बनाने के लिए हिंसा बंद करनी होगी ।,SOV,14,23,0.0405,0.5065,0.6852,37,अटल बिहारी के लिखे को जारी करते हुए पूर्व विदेश मंत्री और पार्टी के नेता यशवंत सिंहा ने बृहस्पतिवार को कहा कि भाजपा आज भी भारत - पाक शांति प्रक्रिया के जारी रखने के पक्ष में है पर पार्टी को यूपीए सरकार द्वारा इस प्रक्रिया को आगे बढ़ाने के तरीकों पर आपत्ति है ।,-4.6957,0.0,-15.7237,-10.6012,-9.3933,-13.5981,-4.7759,1
train-s807,विधायकों की खरीद - फरोख्त के गंदे खेल में शामिल होने के लिए भाजपा नेतृत्व वाले राजग की आलोचना करते हुए प्रसाद ने कहा कि चुनाव में सबसे बड़ी पार्टी के रूप में उभरने के बाद राजद ने सरकार बनाने का दावा पेश किया था ।,SOV,46,5,-0.0359,0.5713,0.6,9,दाऊद को अमेरिका ने २००३ में विशेष दर्जे वाला वैश्विक आतंकवादी करार दिया है ।,-13.2,0.0,-5.5819,-3.7083,-7.9311,-5.5739,-1.9222,1
train-s8070,भारत सरकार को इस बारे में स्पष्ट और कड़ा रुख अपनाना चाहिए ।,SOV,13,5,-0.0389,0.5573,0.5714,8,पाकिस्तान को इस वार्ता को सफल बनाने के लिए हिंसा बंद करनी होगी ।,1.2,-1.2,-16.1263,-8.4489,-10.7568,-14.643,-4.743,1
train-s8074,"सिन्हा ने कश्मीर पर हुर्रियत द्वारा त्रिपक्षीय वार्ता और अंतर्राष्ट्रीय गारंटी की मांग को खारिज करते हुए कहा, यूपीए सरकार को स्थिति स्पष्ट करनी चाहिए ।",SOV,27,5,-0.0239,0.5267,0.6923,9,भारत सरकार को इस बारे में स्पष्ट और कड़ा रुख अपनाना चाहिए ।,13.2,0.0,-2.4204,-10.8735,-8.5655,-2.4204,-0.3174,1
train-s8075,उन्होंने हुर्रियत को अनावश्यक महत्व देने पर भी आपत्ति जताई ।,SOV,11,5,-0.0903,0.505,0.5556,15,"सिन्हा ने कश्मीर पर हुर्रियत द्वारा त्रिपक्षीय वार्ता और अंतर्राष्ट्रीय गारंटी की मांग को खारिज करते हुए कहा, यूपीए सरकार को स्थिति स्पष्ट करनी चाहिए ।",0.0,1.2,-24.4318,-16.58,-15.6939,-23.4997,-7.2438,1
train-s8076,"उपभोक्ता अदालत ने मेडिक्लेम पॉलिसी के एक मामले में ओरियंटल इंश्योरेंस कंपनी को झाड़ पिलाते हुए बीमित व्यक्ति को क्लेम के भुगतान सहित ९३,३६९ रुपये के हरजाने का निर्देश दिया है ।",SOV,32,99,-0.1177,0.5387,0.5455,6,उन्होंने हुर्रियत को अनावश्यक महत्व देने पर भी आपत्ति जताई ।,-3.0101,0.0,-11.3944,-13.5992,-7.8677,-11.3944,-4.0982,1
train-s8082,इससे पहले जिला उपभोक्ता अदालत ने २८ अप्रैल १९९८ को अपने फैसले में कंपनी को निर्देश दिया था कि वह निगम दंपति को इलाज और मुकदमे पर हुए खर्च के साथ बीमा राशि का भुगतान करे ।,SOV,37,99,0.0545,0.4762,0.5625,18,"उपभोक्ता अदालत ने मेडिक्लेम पॉलिसी के एक मामले में ओरियंटल इंश्योरेंस कंपनी को झाड़ पिलाते हुए बीमित व्यक्ति को क्लेम के भुगतान सहित ९३,३६९ रुपये के हरजाने का निर्देश दिया है ।",-5.8384,1.0303,-17.6125,-12.0155,-11.4851,-11.8793,-7.8943,1
train-s8084,आयोग ने यह अपील खारिज करते हुए कंपनी की दलील को अनुचित करार दिया ।,SOV,15,23,0.0171,0.4916,0.7027,26,इससे पहले जिला उपभोक्ता अदालत ने २८ अप्रैल १९९८ को अपने फैसले में कंपनी को निर्देश दिया था कि वह निगम दंपति को इलाज और मुकदमे पर हुए खर्च के साथ बीमा राशि का भुगतान करे ।,-0.5217,0.0,-20.1971,-21.3609,-21.6198,-19.2105,-5.4012,1
train-s8085,"सरकार ने आईआईटी, आईआईएम और आईआईएससी जैसे प्रतिष्ठित संस्थानों को संशोधित ब्लॉक ग्रांट देने को मंजूरी देकर बड़ा तोहफा दिया है ।",SOV,23,23,-0.0198,0.5036,0.7333,11,आयोग ने यह अपील खारिज करते हुए कंपनी की दलील को अनुचित करार दिया ।,-1.0435,0.0,-6.694,-13.0161,-14.9628,-4.5146,-5.3435,1
train-s8089,मानव संसाधन विकास मंत्रालय ने इनकी यह बात संशोधन के साथ मानने का आश्वासन दिया था ।,SOV,17,1,-0.0971,0.5295,0.4348,10,"सरकार ने आईआईटी, आईआईएम और आईआईएससी जैसे प्रतिष्ठित संस्थानों को संशोधित ब्लॉक ग्रांट देने को मंजूरी देकर बड़ा तोहफा दिया है ।",4.0,0.0,-14.3157,-16.6613,-17.1889,-11.3569,-2.8362,1
train-s8090,अब ये संस्थान मिलने वाले कुल अनुदान और अपने द्वारा परामर्श अथवा परियोजना कार्य के द्वारा अर्जित राशि के बाद इस संयुक्त राशि में से कुल खर्च के बाद जितना बचा लेंगे उतनी ही राशि इन्हें सरकार और ब्लॉक ग्रांट 'रिवार्ड' के रुप में देगी ।,DOSV,48,23,0.1562,0.4585,0.7059,12,मानव संसाधन विकास मंत्रालय ने इनकी यह बात संशोधन के साथ मानने का आश्वासन दिया था ।,-40.6957,-1.0435,3.1849,1.0376,-1.0951,3.2913,-0.6077,1
train-s810,चुनावों की तारीख के बारे में उन्होंने कहा कि इस बारे में फैसला चुनाव आयोग का विशेषाधिकार है ।,SOV,19,1,0.0145,0.5474,0.6304,29,विधायकों की खरीद - फरोख्त के गंदे खेल में शामिल होने के लिए भाजपा नेतृत्व वाले राजग की आलोचना करते हुए प्रसाद ने कहा कि चुनाव में सबसे बड़ी पार्टी के रूप में उभरने के बाद राजद ने सरकार बनाने का दावा पेश किया था ।,-5.0,-2.0,-9.1847,-5.8931,-5.7889,-9.0912,-0.4079,1
train-s8101,उन्होंने आगे कहा कि आयकर विभाग ने प्रक्रियाओं को दुरुस्त किया है ताकि अनुमानित व्यय के बारे में पता लगाया जा सके ।,SOV,23,1,0.0122,0.4557,0.625,30,अब ये संस्थान मिलने वाले कुल अनुदान और अपने द्वारा परामर्श अथवा परियोजना कार्य के द्वारा अर्जित राशि के बाद इस संयुक्त राशि में से कुल खर्च के बाद जितना बचा लेंगे उतनी ही राशि इन्हें सरकार और ब्लॉक ग्रांट 'रिवार्ड' के रुप में देगी ।,0.0,2.0,-4.9071,4.129,2.0227,-4.9071,-3.965,1
train-s8102,विभाग सभी बड़े सौदों का ब्योरा रखेगा ।,SOV,8,1,0.0035,0.5152,0.6087,14,उन्होंने आगे कहा कि आयकर विभाग ने प्रक्रियाओं को दुरुस्त किया है ताकि अनुमानित व्यय के बारे में पता लगाया जा सके ।,4.0,0.0,-1.8475,-2.5816,-0.7504,1.7222,1.4838,1
train-s8109,सुप्रीम कोर्ट ने शुक्रवार को मेडिकल और इंजीनियरिंग और अन्य व्यावसायिक प्रवेश परीक्षाओं की तैयारी कर रहे हजारों छात्रों को चेताया ।,SOV,22,5,0.2737,0.4485,0.625,5,विभाग सभी बड़े सौदों का ब्योरा रखेगा ।,14.4,0.0,-5.2829,-2.8271,-2.3381,-6.0079,-3.8084,1
train-s811,चुनावों से पहले सियासी ताकतों के संभावित ध्रुवीकरण के बारे में उन्होंने सवाल टालते हुए कहा कि चुनावों से पहले पूर्ण गठबंधन हो जाएगा ।,SOV,25,23,0.1924,0.5174,0.5789,11,चुनावों की तारीख के बारे में उन्होंने कहा कि इस बारे में फैसला चुनाव आयोग का विशेषाधिकार है ।,-3.6522,0.0,-1.0981,-6.7112,-9.7368,0.5385,-1.3827,1
train-s8111,जस्टिस के. जी. बालाकृष्णन और जस्टिस पी. पी. नाओलेकर की खंडपीठ ने छात्रों को चेताया कि ऐसी किसी भी प्रवेश परीक्षा में बैठने का खतरा वह अपनी जिम्मेदारी पर ही उठाएं ।,SOV,32,1,0.0184,0.5148,0.6364,14,सुप्रीम कोर्ट ने शुक्रवार को मेडिकल और इंजीनियरिंग और अन्य व्यावसायिक प्रवेश परीक्षाओं की तैयारी कर रहे हजारों छात्रों को चेताया ।,-10.0,0.0,-7.4713,-5.736,-6.8115,-6.1481,-0.0812,1
train-s8116,खंडपीठ ने एआईसीईटी के वकील प्रवीण पारिख को अवमानना याचिका का जवाब दाखिल करने को कहा है ।,SOV,18,1,-0.059,0.5364,0.5,16,जस्टिस के. जी. बालाकृष्णन और जस्टिस पी. पी. नाओलेकर की खंडपीठ ने छात्रों को चेताया कि ऐसी किसी भी प्रवेश परीक्षा में बैठने का खतरा वह अपनी जिम्मेदारी पर ही उठाएं ।,11.0,0.0,-9.1965,-8.0198,-7.3777,-4.1348,-4.045,1
train-s8118,भाजपा के नेतृत्व वाले विपक्ष ने बुधवार को कहा कि केंद्र की यूपीए सरकार वामपंथियों के दबाव में काम कर रही है ।,SOV,23,1,0.003,0.521,0.6667,12,खंडपीठ ने एआईसीईटी के वकील प्रवीण पारिख को अवमानना याचिका का जवाब दाखिल करने को कहा है ।,-4.0,0.0,-3.1518,-3.1288,-1.2408,-3.1118,0.3349,1
train-s813,भारत ने इस अवधि के दौरान इसमें शामिल होने की इच्छा व्यक्त की है ।,SOV,15,5,0.078,0.5178,0.56,14,चुनावों से पहले सियासी ताकतों के संभावित ध्रुवीकरण के बारे में उन्होंने सवाल टालते हुए कहा कि चुनावों से पहले पूर्ण गठबंधन हो जाएगा ।,-1.2,0.0,-29.5705,-23.0463,-23.3481,-29.5705,-7.802,1
train-s8135,"शनिवार को मिले नतीजों के मुताबिक कांग्रेस ने १३ सीटों पर जीत दर्ज की, जबकि भाजपा के हिस्से में सात सीटें आईं ।",SOV,24,99,0.0457,0.5102,0.6087,14,भाजपा के नेतृत्व वाले विपक्ष ने बुधवार को कहा कि केंद्र की यूपीए सरकार वामपंथियों के दबाव में काम कर रही है ।,-10.9293,0.0,-27.6281,-17.2779,-19.0623,-26.7411,-7.1406,1
train-s8139,कांग्रेस ने दिल्ली की बलजीत नगर व राजौरी गार्डेन सीट पर अपना कब्जा बरकरार रखा ।,SOV,16,23,0.0631,0.4887,0.5,12,"शनिवार को मिले नतीजों के मुताबिक कांग्रेस ने १३ सीटों पर जीत दर्ज की, जबकि भाजपा के हिस्से में सात सीटें आईं ।",-5.2174,0.0,-28.9188,-16.4358,-14.6098,-26.654,-5.3106,1
train-s8140,जम्मू - कश्मीर के मुख्यमंत्री मुफ्ती मोहम्मद सईद ने पहलगाम सीट से जीत हासिल की है ।,SOV,17,23,-0.0962,0.4976,0.5,8,कांग्रेस ने दिल्ली की बलजीत नगर व राजौरी गार्डेन सीट पर अपना कब्जा बरकरार रखा ।,-13.5652,0.0,-30.7318,-18.0085,-17.9907,-29.9711,-6.8118,1
train-s8142,"यूपी से मिले नतीजों के मुताबिक गाजियाबाद में सपा के सुरेंद्र कुमार मुन्नी ने कांग्रेस के सतीश त्यागी को ११,४५८ मतों से हराया ।",SOV,24,99,0.1406,0.528,0.4706,8,जम्मू - कश्मीर के मुख्यमंत्री मुफ्ती मोहम्मद सईद ने पहलगाम सीट से जीत हासिल की है ।,-3.3939,0.0,-9.0421,-12.2702,-11.9896,-8.7483,-2.0911,1
train-s8143,"अहिरौरी में सपा के श्याम प्रकाश ने बसपा के प्रभाष कुमार को १०,५७३ मतों से पराजित किया ।",SOV,18,99,-0.0515,0.5052,0.4167,10,"यूपी से मिले नतीजों के मुताबिक गाजियाबाद में सपा के सुरेंद्र कुमार मुन्नी ने कांग्रेस के सतीश त्यागी को ११,४५८ मतों से हराया ।",-3.9495,0.0,-18.1715,-15.4836,-17.7155,-16.0589,-3.8115,1
train-s8144,वहीं रालोद ने बघरा सीट पर कब्जा बरकरार रखा है ।,SOV,11,99,-0.049,0.5357,0.5,9,"अहिरौरी में सपा के श्याम प्रकाश ने बसपा के प्रभाष कुमार को १०,५७३ मतों से पराजित किया ।",-1.0505,0.0,-26.6988,-13.7497,-12.0786,-26.7323,-5.9184,1
train-s8145,"सिंचाई मंत्री अनुराधा चौधरी के इस्तीफे से रिक्त हुई सीट पर रालोद के परमजीत सिंह मलिक ने कांग्रेस के पंकज मलिक को ३,७०१ मतों से हराया ।",SOV,27,23,-0.179,0.5305,0.5455,6,वहीं रालोद ने बघरा सीट पर कब्जा बरकरार रखा है ।,-13.0435,0.0,-9.3104,-9.1795,-7.6685,-9.9261,-1.0715,1
train-s8146,"अतरौली में भाजपा की प्रेमलता देवी ने सपा के अशोक कुमार को १०,५६४ मतों से पराजित किया ।",SOV,18,99,-0.0748,0.5275,0.4815,13,"सिंचाई मंत्री अनुराधा चौधरी के इस्तीफे से रिक्त हुई सीट पर रालोद के परमजीत सिंह मलिक ने कांग्रेस के पंकज मलिक को ३,७०१ मतों से हराया ।",-3.9899,0.0,-19.7382,-16.2839,-17.3186,-19.8624,-3.9469,1
train-s8148,"सैदपुर में सपा के राजनाथ यादव ने भाजपा के डा. महेंद्र नाथ पांडेय को १८,५८७ मतों से पराजित किया ।",SOV,20,99,0.0286,0.5438,0.5,9,"अतरौली में भाजपा की प्रेमलता देवी ने सपा के अशोक कुमार को १०,५६४ मतों से पराजित किया ।",-3.9192,0.0,-20.0524,-15.8525,-19.6318,-9.6134,-3.3144,1
train-s8149,"सिद्धौर में सपा के राम मगन ने बसपा की धर्मी देवी को १४,०५३ मतों से हराया ।",SOV,17,23,-0.0968,0.5403,0.4,8,"सैदपुर में सपा के राजनाथ यादव ने भाजपा के डा. महेंद्र नाथ पांडेय को १८,५८७ मतों से पराजित किया ।",1.5652,0.0,-8.2143,-5.629,-8.3634,-6.2419,-1.8869,1
train-s8150,"मड़ियाहूं से सपा की श्रद्धा यादव ने बसपा के अमित कुमार यादव को कड़े मुकाबले में ४,८९८ मतों से पराजित किया ।",SOV,22,99,0.0926,0.5701,0.4706,8,"सिद्धौर में सपा के राम मगन ने बसपा की धर्मी देवी को १४,०५३ मतों से हराया ।",-6.3838,0.0,-15.6091,-12.3412,-12.0177,-14.6126,-2.3477,1
train-s8151,"इसी तरह मिल्कीपुर में सपा के रामचंद्र ने बसपा के आनंद सेन को ३५,०१८ मतों के अंतर से हराया ।",SOV,20,99,-0.0172,0.5227,0.5,11,"मड़ियाहूं से सपा की श्रद्धा यादव ने बसपा के अमित कुमार यादव को कड़े मुकाबले में ४,८९८ मतों से पराजित किया ।",8.7879,0.0,-15.7683,-5.37,-5.5757,-13.7281,-2.3258,1
train-s8152,"मुजेहना में सपा की नंदिता शुक्ला ने बसपा के राम पाल सिंह को ५०,६४१ मतों से पराजित किया ।",SOV,19,99,0.0069,0.506,0.55,11,"इसी तरह मिल्कीपुर में सपा के रामचंद्र ने बसपा के आनंद सेन को ३५,०१८ मतों के अंतर से हराया ।",-4.3434,0.0,-19.1768,-15.6813,-19.3454,-16.7843,-3.1945,1
train-s8153,"वहीं इलाहाबाद पश्चिम में बसपा के राजू पाल ने सपा के खालिद अजीम उर्फ अशरफ को ४,८२४ मतों से हराया ।",SOV,21,99,-0.0461,0.5445,0.5263,10,"मुजेहना में सपा की नंदिता शुक्ला ने बसपा के राम पाल सिंह को ५०,६४१ मतों से पराजित किया ।",7.7778,0.0,-11.0066,-6.6174,-9.0466,-12.1783,-2.3235,1
train-s8154,बसपा ने यह सीट सपा से छीनी है ।,SOV,9,5,-0.029,0.4838,0.4286,9,"वहीं इलाहाबाद पश्चिम में बसपा के राजू पाल ने सपा के खालिद अजीम उर्फ अशरफ को ४,८२४ मतों से हराया ।",0.0,0.0,-6.6227,-3.7878,-3.6685,-3.2505,-1.2058,1
train-s8155,भाजपा अकाली दल के संयुक्त उम्मीदवार महिंदर पाल मान को दूसरे स्थान से संतोष करना पड़ा ।,SOV,17,5,-0.0468,0.5011,0.5556,5,बसपा ने यह सीट सपा से छीनी है ।,-10.8,0.0,-12.089,-6.097,-11.0284,-12.089,-2.9509,1
train-s8156,जम्मू - कश्मीर के पहलगाम विधानसभा क्षेत्र में मुख्यमंत्री मुफ्ती मोहम्मद सईद ने अपने निकटतम प्रतिद्वंद्वी कांग्रेस प्रत्याशी रफी अहमद मीर को ५१७४ वोटों के अंतर से हराया ।,SOV,29,23,0.201,0.4807,0.5882,10,भाजपा अकाली दल के संयुक्त उम्मीदवार महिंदर पाल मान को दूसरे स्थान से संतोष करना पड़ा ।,-2.6087,0.0,-15.9727,-14.5423,-14.0512,-15.3924,-1.7242,1
train-s8157,हिमाचल प्रदेश में भाजपा ने ११ साल बाद कांगड़ा जिले की गुलेर विधानसभा सीट पर जीत हासिल की ।,SOV,19,99,-0.0899,0.504,0.4138,12,जम्मू - कश्मीर के पहलगाम विधानसभा क्षेत्र में मुख्यमंत्री मुफ्ती मोहम्मद सईद ने अपने निकटतम प्रतिद्वंद्वी कांग्रेस प्रत्याशी रफी अहमद मीर को ५१७४ वोटों के अंतर से हराया ।,-5.8081,0.0,-32.4654,-21.7772,-19.6132,-34.5388,-8.6994,1
train-s8158,उत्तरांचल के द्वारहाट विधानसभा क्षेत्र के उपचुनाव में उक्रांद के पुष्पेश त्रिपाठी 'पंकज' ने अपने निकटतम प्रतिद्वंद्वी कांग्रेस के महेश नेगी को ५०६४ मतों से हराया ।,SOV,29,23,0.1221,0.5092,0.5263,10,हिमाचल प्रदेश में भाजपा ने ११ साल बाद कांगड़ा जिले की गुलेर विधानसभा सीट पर जीत हासिल की ।,-7.8261,0.0,-13.3861,-7.7035,-7.7311,-12.8256,-2.1813,1
train-s8159,मध्य प्रदेश में सत्तारूढ़ भाजपा को झटका देते हुए कांग्रेस ने बालाघाट विधानसभा सीट पर जीत हासिल की ।,SOV,19,99,-0.0783,0.5165,0.4138,12,उत्तरांचल के द्वारहाट विधानसभा क्षेत्र के उपचुनाव में उक्रांद के पुष्पेश त्रिपाठी 'पंकज' ने अपने निकटतम प्रतिद्वंद्वी कांग्रेस के महेश नेगी को ५०६४ मतों से हराया ।,-11.1717,0.0,-30.4747,-22.3362,-19.3894,-32.0773,-6.5594,1
train-s8163,गोवा में कांग्रेस के गढ़ में सेंध लगाते हुए भाजपा ने पोइनगुइनिम विधानसभा सीट पर जीत दर्ज की ।,SOV,19,99,0.0094,0.5378,0.6316,12,मध्य प्रदेश में सत्तारूढ़ भाजपा को झटका देते हुए कांग्रेस ने बालाघाट विधानसभा सीट पर जीत हासिल की ।,-10.1616,0.0,-21.8234,-14.2881,-17.1778,-17.8698,-7.5902,1
train-s8164,"नागालैंड में विपक्षी पार्टी कांग्रेस ने दो सीटों पर कब्जा कायम रखा, जबकि नागालैंड पीपुल्स फ्रंट से उसे एक सीट गवांनी पड़ी ।",SOV,24,99,0.0542,0.5609,0.5789,11,गोवा में कांग्रेस के गढ़ में सेंध लगाते हुए भाजपा ने पोइनगुइनिम विधानसभा सीट पर जीत दर्ज की ।,-5.2222,0.0,-27.439,-14.219,-13.3383,-27.4276,-3.9246,1
train-s8165,बेस्ट बेकरी कांड में बार बार बयान बदलने और अदालत की अवमानना के मामले में एक साल कैद की सजा पाई जाहिरा शेख ने एक बार फिर रुख बदल लिया है ।,SOV,32,5,-0.0836,0.492,0.5,12,"नागालैंड में विपक्षी पार्टी कांग्रेस ने दो सीटों पर कब्जा कायम रखा, जबकि नागालैंड पीपुल्स फ्रंट से उसे एक सीट गवांनी पड़ी ।",-27.6,0.0,-11.2214,-9.1612,-9.9321,-10.8611,-5.436,1
train-s8168,मैं वडोदरा जाना चाहती हूं,SOV,5,1,-0.0491,0.5305,0.8125,26,बेस्ट बेकरी कांड में बार बार बयान बदलने और अदालत की अवमानना के मामले में एक साल कैद की सजा पाई जाहिरा शेख ने एक बार फिर रुख बदल लिया है ।,1.0,2.0,1.556,-5.3477,-4.3958,1.556,-3.92,1
train-s8169,इस पर जज ने भोईवाडा लॉकअप के पुलिसकर्मियों से जाहिरा को उपलब्ध कराई जा रही सुविधाओं के बारे में पूछताछ की ।,SOV,22,99,0.2207,0.4773,0.2,1,मैं वडोदरा जाना चाहती हूं,4.8485,1.0404,-16.4199,-6.7493,-6.9291,-16.4199,-5.3694,1
train-s8171,पूछताछ के दौरान ही जाहिरा ने एक महिला कांस्टेबल की ओर इशारा करते हुए कहा कि मैडम हमेशा मुझ पर चिल्लाती रहती हैं ।,SOV,24,5,-0.0491,0.5445,0.5909,13,इस पर जज ने भोईवाडा लॉकअप के पुलिसकर्मियों से जाहिरा को उपलब्ध कराई जा रही सुविधाओं के बारे में पूछताछ की ।,4.8,0.0,-7.2674,-2.3921,-0.6551,-6.1837,-0.7686,1
train-s8172,'इस पर कांस्टेबल ने अदालत को बताया कि जाहिरा मांसाहारी भोजन और नमाज के लिए दुप्पटा मांग रही थी ।,SOV,21,5,-0.0211,0.4895,0.5417,13,पूछताछ के दौरान ही जाहिरा ने एक महिला कांस्टेबल की ओर इशारा करते हुए कहा कि मैडम हमेशा मुझ पर चिल्लाती रहती हैं ।,-1.2,1.2,-13.458,-2.5219,-1.6241,-15.0964,0.4469,1
train-s8173,उन्होंने पुलिस को निर्देश दिया कि वह जहीरा को लॉकअप में नमाज अदा करने और घर का खाना उपलब्ध कराने की अनुमति दे ।,SOV,24,5,-0.1292,0.5346,0.5238,11,'इस पर कांस्टेबल ने अदालत को बताया कि जाहिरा मांसाहारी भोजन और नमाज के लिए दुप्पटा मांग रही थी ।,0.0,1.2,-18.9831,-9.9222,-8.2481,-18.2684,-5.5892,1
train-s8180,तृणमूल वर्तमान में राज्य में माकपा के नेतृत्व वाली वाम मोर्चे की सरकार की 'जनता विरोधी नीतियों' और 'विफलताओं' से संबंधित विभिन्न मुद्दों पर आंदोलन शुरू करना चाहती है ।,SOV,34,99,0.1791,0.5029,0.5833,14,उन्होंने पुलिस को निर्देश दिया कि वह जहीरा को लॉकअप में नमाज अदा करने और घर का खाना उपलब्ध कराने की अनुमति दे ।,24.7677,0.0,-12.1394,-9.9794,-6.7677,-12.1386,-3.4033,1
train-s8181,विधानसभा में विपक्ष के तृणमूल नेता पंकज बनर्जी ने बताया कि राज्य की वाम मोर्चा सरकार के खिलाफ आंदोलन जारी रख हम अपने रास्ते पर चलना चाहते हैं ।,SOV,29,1,0.0962,0.5418,0.6176,21,तृणमूल वर्तमान में राज्य में माकपा के नेतृत्व वाली वाम मोर्चे की सरकार की 'जनता विरोधी नीतियों' और 'विफलताओं' से संबंधित विभिन्न मुद्दों पर आंदोलन शुरू करना चाहती है ।,5.0,0.0,-6.6046,-5.4961,-5.0135,-6.6079,-1.0109,1
train-s8182,इस वर्ष जून में नगर निगम के चुनाव में स्वतंत्र रुख अपनाने से तृणमूल को काफी सफलता मिली थी और उसने ४२ सीटों पर जीत हासिल की थी ।,IOSV,29,99,0.0272,0.5426,0.5172,15,विधानसभा में विपक्ष के तृणमूल नेता पंकज बनर्जी ने बताया कि राज्य की वाम मोर्चा सरकार के खिलाफ आंदोलन जारी रख हम अपने रास्ते पर चलना चाहते हैं ।,0.1616,0.0,-20.3292,-11.2279,-9.9006,-19.3888,-4.9497,1
train-s8183,भाजपा के साथ चुनावी तालमेल के बावजूद तृणमूल ने स्थानीय चुनावों में भाजपा से दूरी बनाए रखी थी ।,SOV,19,99,0.1782,0.5552,0.5862,17,इस वर्ष जून में नगर निगम के चुनाव में स्वतंत्र रुख अपनाने से तृणमूल को काफी सफलता मिली थी और उसने ४२ सीटों पर जीत हासिल की थी ।,-7.6869,0.0,-34.7028,-17.041,-17.0497,-33.7814,-4.7173,1
train-s8187,बांग्लादेश लौटने से पहले चौधरी और कूलने ने पत्रकारों से कहा कि उनकी बैठक फायदेमंद रही ।,SOV,17,5,-0.0045,0.4773,0.5263,10,भाजपा के साथ चुनावी तालमेल के बावजूद तृणमूल ने स्थानीय चुनावों में भाजपा से दूरी बनाए रखी थी ।,-2.4,0.0,-5.83,1.0415,-1.5764,-5.8233,-3.1459,1
train-s8199,शनिवार को लालू व राबड़ी ने कहा था कि खरमास अभी समाप्त हुआ है ।,SOV,15,1,-0.0267,0.5653,0.4706,8,बांग्लादेश लौटने से पहले चौधरी और कूलने ने पत्रकारों से कहा कि उनकी बैठक फायदेमंद रही ।,2.0,0.0,2.89,5.1948,0.0499,2.968,1.1587,1
train-s8201,डांस बार मालिकों ने महाराष्ट्र सरकार के पाबंदी संबंधी फैसले को बॉम्बे हाईकोर्ट में चुनौती दी है ।,SOV,18,23,-0.1697,0.5164,0.4,6,शनिवार को लालू व राबड़ी ने कहा था कि खरमास अभी समाप्त हुआ है ।,-6.7826,0.0,-13.9031,-16.2186,-12.2327,-13.8445,-4.1816,1
train-s8202,महाराष्ट्र सरकार ने अपने फैसले में एक कानून के तहत डांस बार चलाने पर पाबंदी लगा दी है ।,SOV,19,99,-0.118,0.5319,0.5,9,डांस बार मालिकों ने महाराष्ट्र सरकार के पाबंदी संबंधी फैसले को बॉम्बे हाईकोर्ट में चुनौती दी है ।,-3.0,0.0,-22.6413,-19.1108,-18.6286,-15.9031,-5.2977,1
train-s8203,"डांस बार मालिकों के समूह 'आहार' ने अपनी याचिका में कहा कि मुंबई पुलिस (संशोधित) विधेयक, २००५ के लागू होने से करीब १० लाख लोग बेरोजगार हो जाएंगे ।",SOV,34,1,-0.1044,0.5289,0.6316,12,महाराष्ट्र सरकार ने अपने फैसले में एक कानून के तहत डांस बार चलाने पर पाबंदी लगा दी है ।,-6.0,0.0,-4.918,-8.8829,-2.4572,-4.7357,0.8429,1
train-s8206,कश्मीर मुद्दे पर शुक्रवार को नई दिल्ली में प्रधानमंत्री मनमोहन सिंह ने कश्मीर मुद्दे के स्थाई समाधान की उम्मीद में जम्मू कश्मीर लिबरेशन फ्रंट (जेकेएलएफ) के अध्यक्ष यासीन मलिक के दो सदस्यीय प्रतिनिधि दल से बातचीत की ।,SOV,40,99,0.0368,0.5377,0.5294,18,"डांस बार मालिकों के समूह 'आहार' ने अपनी याचिका में कहा कि मुंबई पुलिस (संशोधित) विधेयक, २००५ के लागू होने से करीब १० लाख लोग बेरोजगार हो जाएंगे ।",24.2222,0.0,-26.4164,-11.5804,-14.8912,-22.9879,-4.286,1
train-s8207,प्रधानमंत्री ने मलिक को केंद्र के इस मुद्दे को खुले दिमाग से देखने का भरोसा दिलाया ।,SOV,17,5,0.1446,0.5164,0.5,20,कश्मीर मुद्दे पर शुक्रवार को नई दिल्ली में प्रधानमंत्री मनमोहन सिंह ने कश्मीर मुद्दे के स्थाई समाधान की उम्मीद में जम्मू कश्मीर लिबरेशन फ्रंट (जेकेएलएफ) के अध्यक्ष यासीन मलिक के दो सदस्यीय प्रतिनिधि दल से बातचीत की ।,10.8,0.0,-23.8979,-11.0093,-13.1365,-18.0708,-5.0703,1
train-s8209,जबकि मलिक ने सार्थक वार्ता के लिए इसमें आतंकी नेताओं को भी शामिल करने की बात कही ।,SOV,18,23,0.0728,0.4788,0.7059,12,प्रधानमंत्री ने मलिक को केंद्र के इस मुद्दे को खुले दिमाग से देखने का भरोसा दिलाया ।,13.5652,0.0,-18.4094,-10.3009,-10.8088,-13.8988,-7.3755,1
train-s8211,"वहीं, हुर्रियत के नरमपंथी गुट को अभी इस पर कोई फैसला लेना बाकी है ।",SOV,16,5,0.0375,0.4935,0.6111,11,जबकि मलिक ने सार्थक वार्ता के लिए इसमें आतंकी नेताओं को भी शामिल करने की बात कही ।,-1.2,0.0,-17.3603,-6.3159,-2.8166,-17.3063,-2.6057,1
train-s8213,प्रधानमंत्री ने मलिक से पहली मुलाकात में कहा कि कश्मीर में माहौल उम्मीदों से भरा है ।,SOV,17,5,-0.0253,0.4803,0.5625,9,"वहीं, हुर्रियत के नरमपंथी गुट को अभी इस पर कोई फैसला लेना बाकी है ।",1.2,0.0,-7.3184,-2.049,-1.3581,-7.3184,0.0898,1
train-s8215,"बातचीत में प्रधानमंत्री के साथ गृह मंत्री शिवराज पाटिल, राष्ट्रीय सुरक्षा सलाहकार एम. के. नारायणन और गृह सचिव वी. के. दुग्गल ने भाग लिया ।",SOV,26,23,0.1254,0.5388,0.5882,10,प्रधानमंत्री ने मलिक से पहली मुलाकात में कहा कि कश्मीर में माहौल उम्मीदों से भरा है ।,6.2609,0.0,-16.0203,-7.4963,-6.5154,-12.9347,-3.4934,1
train-s8219,उन्होंने आज की बातचीत को वार्ता प्रक्रिया के बजाय सलाह - मश्विरा कहा ।,SOV,14,23,0.114,0.4838,0.5385,14,"बातचीत में प्रधानमंत्री के साथ गृह मंत्री शिवराज पाटिल, राष्ट्रीय सुरक्षा सलाहकार एम. के. नारायणन और गृह सचिव वी. के. दुग्गल ने भाग लिया ।",3.1304,1.0435,-2.793,3.8704,5.0321,-1.2869,-3.0016,1
train-s8223,हुर्रियत कांफ्रेंस के कट्टरपंथी धड़े के प्रमुख सैयद अली शाह गिलानी ने केंद्र की राउंड टेबिल कांफ्रेंस में शिरकत करने से साफ इनकार कर दिया ।,SOV,26,23,0.2193,0.4601,0.5714,8,उन्होंने आज की बातचीत को वार्ता प्रक्रिया के बजाय सलाह - मश्विरा कहा ।,-17.2174,0.0,-29.5516,-21.7373,-24.2127,-29.5408,-7.3039,1
train-s8225,जबकि मीरवायज उमर फारुक के नेतृत्व वाले हुर्रियत कांफ्रेंस के नरमपंथी धड़े ने राउंड टेबिल कांफ्रेंस में शिरकत करने पर फैसला लेने के लिए बैठक सोमवार को बुलाई है ।,SOV,30,99,-0.0137,0.5052,0.4615,12,हुर्रियत कांफ्रेंस के कट्टरपंथी धड़े के प्रमुख सैयद अली शाह गिलानी ने केंद्र की राउंड टेबिल कांफ्रेंस में शिरकत करने से साफ इनकार कर दिया ।,-14.1212,0.0,-9.6041,-13.0382,-11.5555,-9.6295,-6.9864,1
train-s823,इसके बाद नेपाल में राजशाही द्वारा आपातकाल लगाने और बंगलादेश में सुरक्षा की हालत खराब होने के कारण भारत ने फरवरी में इसमें शामिल होने से इनकार कर दिया था ।,SOV,31,23,0.0797,0.483,0.6667,10,भारत ने इस अवधि के दौरान इसमें शामिल होने की इच्छा व्यक्त की है ।,-24.5217,0.0,-28.5325,-18.0597,-20.8994,-26.583,-7.1762,1
train-s8231,आय के ज्ञात स्रोत से अधिक संपत्ति रखने के मामले में हाईकोर्ट ने ८ फरवरी को नायक और उनके कथित सहयोगी राजेंद्र पडाते की अग्रिम जमानत की याचिका खारिज कर दी थी ।,SOV,33,99,0.0078,0.5051,0.4,12,जबकि मीरवायज उमर फारुक के नेतृत्व वाले हुर्रियत कांफ्रेंस के नरमपंथी धड़े ने राउंड टेबिल कांफ्रेंस में शिरकत करने पर फैसला लेने के लिए बैठक सोमवार को बुलाई है ।,-10.4646,0.0,-30.548,-26.6047,-23.0543,-30.5072,-5.1668,1
train-s8232,अदालत ने उन लोगों को आत्मसमर्पण के लिए एक हफ्ते का वक्त दिया था ।,SOV,15,23,0.0607,0.5133,0.6667,22,आय के ज्ञात स्रोत से अधिक संपत्ति रखने के मामले में हाईकोर्ट ने ८ फरवरी को नायक और उनके कथित सहयोगी राजेंद्र पडाते की अग्रिम जमानत की याचिका खारिज कर दी थी ।,3.1304,0.0,-9.8047,-4.0508,-3.8283,-9.6767,-3.981,1
train-s8233,हालांकि कोर्ट ने नायक की पत्नी कोमल नायक को अग्रिम जमानत दे दी थी ।,SOV,15,23,-0.0075,0.5365,0.4667,7,अदालत ने उन लोगों को आत्मसमर्पण के लिए एक हफ्ते का वक्त दिया था ।,3.6522,0.0,-9.8029,-9.4767,-7.8803,-9.8291,-5.0526,1
train-s8244,केंद्र सरकार ने दुग्ध क्षेत्र की तर्ज पर मछली उद्योग के विकास की योजना बनाई है ।,SOV,17,5,0.1158,0.5784,0.6667,10,हालांकि कोर्ट ने नायक की पत्नी कोमल नायक को अग्रिम जमानत दे दी थी ।,3.6,0.0,-22.3253,-4.719,-7.954,-22.3253,-3.1305,1
train-s8245,राष्ट्रीय डेयरी विकास बोर्ड की तरह मछली उद्योग के लिए भी राष्ट्रीय बोर्ड के गठन को कैबिनेट की मंजूरी मिल गई है ।,IOSV,23,23,0.0576,0.481,0.7647,13,केंद्र सरकार ने दुग्ध क्षेत्र की तर्ज पर मछली उद्योग के विकास की योजना बनाई है ।,-4.6957,0.0,-17.822,-8.1299,-7.2489,-17.3024,-2.7487,1
train-s8246,बोर्ड मछली उद्योग के लिए नए पाठ्यक्रम तैयार करेगा ताकि उद्योग की जरूरतों के लिए पर्याप्त संख्या में प्रोफेशनल की फौज तैयार की जा सके ।,SOV,26,23,0.1461,0.4544,0.7391,17,राष्ट्रीय डेयरी विकास बोर्ड की तरह मछली उद्योग के लिए भी राष्ट्रीय बोर्ड के गठन को कैबिनेट की मंजूरी मिल गई है ।,-1.0435,0.0,-13.4341,-9.1407,-7.7995,-12.7691,-3.2472,1
train-s8256,फिलहाल सरकार ने अगले छह साल के लिए इस योजना के तहत २१०० करोड़ रुपये के प्रस्ताव को मंजूरी दी है ।,SOV,22,99,0.1891,0.4494,0.6923,18,बोर्ड मछली उद्योग के लिए नए पाठ्यक्रम तैयार करेगा ताकि उद्योग की जरूरतों के लिए पर्याप्त संख्या में प्रोफेशनल की फौज तैयार की जा सके ।,5.0,0.0,-23.2365,-17.9711,-13.9104,-23.2365,-7.2088,1
train-s8257,इस बोर्ड को एक गवर्निंग बॉडी संचालित करेगी ।,DOSV,9,5,-0.0342,0.4582,0.5909,13,फिलहाल सरकार ने अगले छह साल के लिए इस योजना के तहत २१०० करोड़ रुपये के प्रस्ताव को मंजूरी दी है ।,-2.4,0.0,-8.1744,-4.9206,-3.3532,-7.4615,-3.3277,1
train-s8260,इसके साथ ही इससे प्रत्यक्ष और परोक्ष तौर पर ३५ लाख लोगों को रोजगार मिलेगा और बोर्ड की सालाना आमदनी तकरीबन ९५ करोड़ रुपये होगी ।,IOSV,26,99,0.057,0.5285,0.6667,6,इस बोर्ड को एक गवर्निंग बॉडी संचालित करेगी ।,-1.2525,0.0,-26.3745,-8.9013,-4.9344,-26.3745,-4.8741,1
train-s8262,एक स्थानीय अदालत ने मंगलवार को राजद सांसद मोहम्मद शहाबुद्दीन से संबंधित मामले की सुनवाई ३ जून तक स्थगित कर दी ।,SOV,22,99,0.0142,0.4468,0.5385,14,इसके साथ ही इससे प्रत्यक्ष और परोक्ष तौर पर ३५ लाख लोगों को रोजगार मिलेगा और बोर्ड की सालाना आमदनी तकरीबन ९५ करोड़ रुपये होगी ।,-5.3737,0.0,-17.7741,-12.2446,-9.3466,-17.7713,-4.4024,1
train-s8265,इसी मामले में सांसद के वकील इष्ट देव तिवारी और बी. सिंह ने मंगलवार को डीएम जयमंगल से पासवान की अदालत के समक्ष कहा कि इसके लिए सांसद को थोड़ा वक्त दिया जाना चाहिए ।,SOV,35,99,0.0081,0.463,0.5909,13,एक स्थानीय अदालत ने मंगलवार को राजद सांसद मोहम्मद शहाबुद्दीन से संबंधित मामले की सुनवाई ३ जून तक स्थगित कर दी ।,-3.3333,0.0,-4.0021,-1.8026,-2.3136,-2.952,0.394,1
train-s8266,जिसे अदालत ने स्वीकार कर लिया ।,DOSV,7,5,-0.0231,0.4991,0.4857,17,इसी मामले में सांसद के वकील इष्ट देव तिवारी और बी. सिंह ने मंगलवार को डीएम जयमंगल से पासवान की अदालत के समक्ष कहा कि इसके लिए सांसद को थोड़ा वक्त दिया जाना चाहिए ।,0.0,1.2,-24.5189,-13.315,-10.9884,-20.4617,-5.1715,1
train-s827,लोग इसे दोनों देशों के बीच बढ़ते रिश्ते के परिणाम के रूप में देख रहे हैं ।,SOV,17,23,0.0078,0.5135,0.5484,17,इसके बाद नेपाल में राजशाही द्वारा आपातकाल लगाने और बंगलादेश में सुरक्षा की हालत खराब होने के कारण भारत ने फरवरी में इसमें शामिल होने से इनकार कर दिया था ।,10.9565,-1.0435,-10.4323,-1.3657,2.415,-10.4323,1.1349,1
train-s8273,हम अमेरिकी विशेषज्ञों द्वारा बताई गई मशीनें मंगा रहे हैं और कम से कम दो दिनों में आग पर काबू पा लिया जाएगा ।,SOV,24,1,-0.1369,0.503,0.5714,4,जिसे अदालत ने स्वीकार कर लिया ।,5.0,2.0,-1.8174,-0.957,0.7269,-1.8174,-1.7727,1
train-s828,कश्मीरी लोग इससे एक महत्वपूर्ण राजनीतिक सबक भी ले रहे हैं ।,SOV,12,5,0.0711,0.5062,0.6471,11,लोग इसे दोनों देशों के बीच बढ़ते रिश्ते के परिणाम के रूप में देख रहे हैं ।,3.6,-1.2,-1.8203,-3.5052,-3.5526,-2.0165,1.5413,1
train-s8290,हॉलीवुड के प्रोड्यूसर 'ट्वंटिएथ सेंचुरी फॉक्स फिल्म कॉरपोरेशन' ने शुक्रवार को आरोप लगाया है कि यह सीरियल '२४' शीर्षक से चल रहे उनके एक मौजूदा सीरियल की नक़ल है ।,SOV,34,5,-0.1023,0.5281,0.4167,10,हम अमेरिकी विशेषज्ञों द्वारा बताई गई मशीनें मंगा रहे हैं और कम से कम दो दिनों में आग पर काबू पा लिया जाएगा ।,-12.0,0.0,-16.9083,-15.5013,-17.1608,-16.9083,-5.5965,1
train-s8291,इस मामले में न्यायमूर्ति बी. डी. अहमद ने जी टेलीफिल्म लिमिटेड को एक नोटिस जारी किया है ।,SOV,18,99,0.0449,0.4905,0.5,17,हॉलीवुड के प्रोड्यूसर 'ट्वंटिएथ सेंचुरी फॉक्स फिल्म कॉरपोरेशन' ने शुक्रवार को आरोप लगाया है कि यह सीरियल '२४' शीर्षक से चल रहे उनके एक मौजूदा सीरियल की नक़ल है ।,-6.798,0.0,-18.972,-8.5577,-10.109,-18.8929,-5.4878,1
train-s8294,२० जून को 'जी' के इस थ्रिलर की लाँच पर रोक लगाने से इन्कार करते हुए अदालत ने इस घरेलू टीवी कंपनी से अपना जवाब और हलफनामा सोमवार को या उसके पहले दाखिल करने को कहा ।,SOV,39,99,-0.0939,0.5217,0.5,9,इस मामले में न्यायमूर्ति बी. डी. अहमद ने जी टेलीफिल्म लिमिटेड को एक नोटिस जारी किया है ।,7.303,0.0,-9.7658,-5.9112,-2.5957,-6.1012,-1.3151,1
train-s8295,पैसा लेकर संसद में सवाल पूछने संबंधी रिश्वत कांड की जांच कर रही लोकसभा की विशेष समिति ने शनिवार से आरोपी सांसदों की सुनवाई शुरू कर दी ।,SOV,28,23,-0.047,0.5253,0.5897,23,२० जून को 'जी' के इस थ्रिलर की लाँच पर रोक लगाने से इन्कार करते हुए अदालत ने इस घरेलू टीवी कंपनी से अपना जवाब और हलफनामा सोमवार को या उसके पहले दाखिल करने को कहा ।,-25.5652,0.0,-12.7213,-16.7239,-15.8347,-13.3038,-3.5407,1
train-s8297,कांग्रेस के पवन कुमार बंसल की अध्यक्षता वाली इस विशेष समिति ने संसद भवन परिसर में पूरी गोपनीयता के साथ इन सांसदों का पक्ष सुना ।,SOV,26,23,0.039,0.5214,0.6429,18,पैसा लेकर संसद में सवाल पूछने संबंधी रिश्वत कांड की जांच कर रही लोकसभा की विशेष समिति ने शनिवार से आरोपी सांसदों की सुनवाई शुरू कर दी ।,-12.5217,0.0,-8.9103,-6.2411,-5.6881,-6.166,-3.3663,1
train-s83,लोहानी गुफाएँ और उनके सामने स्थित सनसेट पॉइंट भी पर्यटकों को खींचता है ।,SOV,14,1,0.0895,0.4814,0.5238,11,मंदिर के समीप स्थित इस महल का निर्माण शाह बदगा खान ने अकबर की हिंदू पत्नी के लिए करवाया था ।,-7.0,0.0,-0.2455,-0.5979,2.7519,-0.2455,1.0958,1
train-s8301,समिति को २१ दिसंबर सुबह साढ़े दस बजे तक लोकसभा अध्यक्ष को अपनी रिपोर्ट देनी है ।,SOV,17,99,0.0931,0.4806,0.7308,19,कांग्रेस के पवन कुमार बंसल की अध्यक्षता वाली इस विशेष समिति ने संसद भवन परिसर में पूरी गोपनीयता के साथ इन सांसदों का पक्ष सुना ।,0.9899,0.0,-10.2507,-11.2192,-10.7823,-7.9716,-0.4686,1
train-s8305,टाडा अदालत ने शनिवार को प्रदीप जैन हत्या के मामले में अंडरवर्ल्ड डॉन अबू सलेम की पुलिस हिरासत की अवधि ३ जनवरी तक बढ़ा दी ।,SOV,26,99,0.2652,0.4677,0.6471,11,समिति को २१ दिसंबर सुबह साढ़े दस बजे तक लोकसभा अध्यक्ष को अपनी रिपोर्ट देनी है ।,6.7677,0.0,-12.6501,-4.995,-2.6071,-12.6437,-2.9211,1
train-s8308,सलेम की हिरासत बढ़ाए जाने की मांग करते हुए निकम ने अपनी दलील में कहा कि पूछताछ के दौरान सलेम से पता चला है कि प्रदीप जैन हत्याकांड में गिरफ्तार सह आरोपी रियाज सिद्दकी बम विस्फोटों से पहले हथियार सौंपने के लिए उसे फिल्म अभिनेता संजय दत्त के घर ले गया था ।,SOV,53,5,-0.0122,0.5369,0.5,13,टाडा अदालत ने शनिवार को प्रदीप जैन हत्या के मामले में अंडरवर्ल्ड डॉन अबू सलेम की पुलिस हिरासत की अवधि ३ जनवरी तक बढ़ा दी ।,-7.2,0.0,-3.6967,0.5976,-1.4419,-3.5931,1.1595,1
train-s8309,केंद्र सरकार देश के २८ छोटे शहरों (नॉन मेट्रो) के हवाई अड्डों को अंतर्राष्ट्रीय स्तर का करने की योजना पर सरकार काम कर रही है ।,SOV,28,5,0.0093,0.5365,0.5849,31,सलेम की हिरासत बढ़ाए जाने की मांग करते हुए निकम ने अपनी दलील में कहा कि पूछताछ के दौरान सलेम से पता चला है कि प्रदीप जैन हत्याकांड में गिरफ्तार सह आरोपी रियाज सिद्दकी बम विस्फोटों से पहले हथियार सौंपने के लिए उसे फिल्म अभिनेता संजय दत्त के घर ले गया था ।,-25.2,0.0,-2.4067,-5.1956,-5.5402,-2.4067,-2.95,1
train-s8313,सरकार नागरिक उड्डयन नीति का मसौदा तैयार कर रही है और ३१ दिसंबर तक इसे पूरा कर लिया जाएगा ।,SOV,20,5,0.0544,0.4601,0.6429,18,केंद्र सरकार देश के २८ छोटे शहरों (नॉन मेट्रो) के हवाई अड्डों को अंतर्राष्ट्रीय स्तर का करने की योजना पर सरकार काम कर रही है ।,0.0,0.0,-17.573,-8.7526,-8.9761,-12.4246,-4.4193,1
train-s8321,पटेल ने आश्वस्त किया कि सरकार अब इंडियन एयरलाइंस व एयर इंडिया को लेकर एकदम स्पष्ट है ।,SOV,18,1,0.0384,0.4862,0.65,13,सरकार नागरिक उड्डयन नीति का मसौदा तैयार कर रही है और ३१ दिसंबर तक इसे पूरा कर लिया जाएगा ।,-1.0,0.0,-23.2478,-21.3983,-19.2459,-23.2478,-2.3943,1
train-s8331,करीब एक दशक पहले चर्चा में आई जेवीजी ग्रुप ऑफ कंपनी के मालिक वी. के. शर्मा को दिल्ली पुलिस ने गिरफ्तार कर लिया है ।,DOSV,25,5,0.0767,0.4696,0.5556,10,पटेल ने आश्वस्त किया कि सरकार अब इंडियन एयरलाइंस व एयर इंडिया को लेकर एकदम स्पष्ट है ।,-19.2,0.0,-20.2409,-10.9278,-11.2289,-20.2409,-2.6653,1
train-s8333,उसने १९८९ से १९९७ के दौरान जेवीजी ग्रुप के नाम से करीब दर्जन भर कंपनियां खोली थीं ।,SOV,18,23,-0.0244,0.5271,0.56,14,करीब एक दशक पहले चर्चा में आई जेवीजी ग्रुप ऑफ कंपनी के मालिक वी. के. शर्मा को दिल्ली पुलिस ने गिरफ्तार कर लिया है ।,4.6957,1.0435,0.5462,-2.4673,-0.6026,0.1894,-3.0108,1
train-s8337,"वी. के. शर्मा को दिल्ली, लुधियाना, कोलकाता व मुंबई पुलिस समेत करीब आधा दर्जन राज्यों की पुलिस ढूंढ़ रही थी ।",DOSV,23,23,0.0907,0.5261,0.3889,7,उसने १९८९ से १९९७ के दौरान जेवीजी ग्रुप के नाम से करीब दर्जन भर कंपनियां खोली थीं ।,1.5652,0.0,-1.947,-4.7562,-1.5749,0.5898,-2.8268,1
train-s8339,जिसके चलते शर्मा की गिरफ्तारी की सूचना दिल्ली पुलिस ने मुंबई पुलिस को दे दी है ।,DOSV,17,23,0.0659,0.5361,0.3478,8,"वी. के. शर्मा को दिल्ली, लुधियाना, कोलकाता व मुंबई पुलिस समेत करीब आधा दर्जन राज्यों की पुलिस ढूंढ़ रही थी ।",0.5217,1.0435,-5.6018,-0.1519,3.3578,-8.2969,-0.9152,1
train-s8342,पुलिस टीम ने मंगलवार शाम चिराग दिल्ली इलाके से आरोपी को गिरफ्तार कर लिया ।,SOV,15,99,-0.0379,0.5295,0.5882,10,जिसके चलते शर्मा की गिरफ्तारी की सूचना दिल्ली पुलिस ने मुंबई पुलिस को दे दी है ।,-3.9495,0.0,-29.0947,-15.8698,-18.5329,-26.6532,-6.3997,1
train-s8345,पुलिस के मुताबिक वी. के. शर्मा निवेशकों को बहुत कम अवधि में रुपये दोगुने - तिगुने करने का झांसा देता था ।,SOV,22,23,-0.0662,0.4559,0.6,9,पुलिस टीम ने मंगलवार शाम चिराग दिल्ली इलाके से आरोपी को गिरफ्तार कर लिया ।,12.0,0.0,-11.0503,-4.9936,-5.8617,-9.8223,-4.0176,1
train-s8349,यहां भी उसने एक ही प्रॉपटी कई - कई लोगों को बेच दी थी ।,SOV,15,23,0.0048,0.499,0.4091,9,पुलिस के मुताबिक वी. के. शर्मा निवेशकों को बहुत कम अवधि में रुपये दोगुने - तिगुने करने का झांसा देता था ।,5.7391,0.0,-1.2883,-1.3751,-0.1649,-0.3196,-0.3013,1
train-s8356,टीम के मीडिया मैनेजर एम. बालादित्य ने संवाददाताओं से बातचीत में बताया कि डॉक्टरों ने द्रविड़ का मुआयना करने के बाद कहा है कि उन्हें कमजोरी से उबरने के लिए एक दिन लगेगा ।,SOV,34,5,0.0337,0.4695,0.4667,7,यहां भी उसने एक ही प्रॉपटी कई - कई लोगों को बेच दी थी ।,-6.0,0.0,-13.4445,-9.8499,-6.2333,-13.4445,0.664,1
train-s8359,इस समय वह सिर्फ जूस और पेय पदार्थ ले रहे हैं ।,SOV,12,5,0.0232,0.5175,0.5294,18,टीम के मीडिया मैनेजर एम. बालादित्य ने संवाददाताओं से बातचीत में बताया कि डॉक्टरों ने द्रविड़ का मुआयना करने के बाद कहा है कि उन्हें कमजोरी से उबरने के लिए एक दिन लगेगा ।,3.6,-1.2,-6.0883,-4.9343,-4.7069,-6.0883,-2.0357,1
train-s8366,इस बारे में बालादित्य ने बताया कि रात को ग्यारह बजे द्रविड़ ने अपनी सेहत खराब होने की शिकायत की ।,SOV,21,1,-0.0216,0.5065,0.5,6,इस समय वह सिर्फ जूस और पेय पदार्थ ले रहे हैं ।,-1.0,2.0,8.6216,6.0426,6.1461,8.7677,-1.1323,1
train-s8367,"वह हल्की सर्दी के साथ सिर, बदन और गले में दर्द भी महसूस कर रहे थे ।",SOV,18,23,-0.0376,0.5007,0.6667,14,इस बारे में बालादित्य ने बताया कि रात को ग्यारह बजे द्रविड़ ने अपनी सेहत खराब होने की शिकायत की ।,2.087,1.0435,-18.9272,-12.3052,-10.9684,-18.9272,-6.6836,1
train-s8371,उपचार के बाद राहुल खुद को काफी सहज महसूस कर रहे थे ।,SOV,13,23,-0.0492,0.4968,0.5556,10,"वह हल्की सर्दी के साथ सिर, बदन और गले में दर्द भी महसूस कर रहे थे ।",-3.6522,0.0,-21.7923,-11.9943,-12.8008,-15.8393,-3.9019,1
train-s8373,लेकिन अंतिम समय में डॉक्टरों ने उन्हें खेलने के लिए हरी झंडी दे दी थी ।,SOV,16,99,0.0185,0.5109,0.5385,7,उपचार के बाद राहुल खुद को काफी सहज महसूस कर रहे थे ।,1.596,-0.0101,-35.6519,-18.03,-19.3716,-35.6297,-8.7668,1
train-s8381,चीफ जस्टिस वाई. के. सब्बरवाल ने बार के गिरते स्तर पर गंभीर चिंता व्यक्त की है ।,SOV,17,23,-0.0179,0.5001,0.5,8,लेकिन अंतिम समय में डॉक्टरों ने उन्हें खेलने के लिए हरी झंडी दे दी थी ।,-9.3913,0.0,-27.6367,-23.8417,-26.6651,-27.7721,-6.5896,1
train-s8382,चीफ जस्टिस ने यहां एक कार्यक्रम में कहा कि कुछ लोग जज के आसन पर अपने आदमियों को बैठाने के लिए न्यायाधीशों की चयन प्रक्रिया को प्रभावित करने की कोशिश करते हैं ।,SOV,33,5,-0.1684,0.5278,0.5294,9,चीफ जस्टिस वाई. के. सब्बरवाल ने बार के गिरते स्तर पर गंभीर चिंता व्यक्त की है ।,0.0,-1.2,-7.9708,-3.9871,-5.4169,-6.301,-0.1265,1
train-s8390,उन्होंने जजों को सलाह दी कि वे ईमानदारी और सत्यनिष्ठा ही अपना गॉडफादर बनाएं ।,SOV,15,5,0.0555,0.504,0.6061,20,चीफ जस्टिस ने यहां एक कार्यक्रम में कहा कि कुछ लोग जज के आसन पर अपने आदमियों को बैठाने के लिए न्यायाधीशों की चयन प्रक्रिया को प्रभावित करने की कोशिश करते हैं ।,0.0,1.2,-21.5401,-13.0938,-13.152,-20.8251,-5.3079,1
train-s840,खासकर क्षेत्रीय नेशनल कांफ्रेंस ने चुनाव के दौरान इस मुद्दे को काफी तूल दिया ।,SOV,15,99,0.0169,0.5253,0.6667,8,कश्मीरी लोग इससे एक महत्वपूर्ण राजनीतिक सबक भी ले रहे हैं ।,1.1818,0.0,-14.2975,-17.8308,-18.2033,-13.7847,-3.237,1
train-s8402,तृणमूल कांग्रेस ने ३९ उम्मीदवार उतारे हैं ।,SOV,8,1,0.073,0.4884,0.4,6,उन्होंने जजों को सलाह दी कि वे ईमानदारी और सत्यनिष्ठा ही अपना गॉडफादर बनाएं ।,-1.0,0.0,-16.8459,-4.5248,-5.0784,-16.8459,-2.6238,1
train-s8404,कांग्रेस ने ३६ उम्मीदवार उतारे हैं और छह सीटें झारखंड मुक्ति मोर्चा के लिए तथा दो सीट पीडीएस के लिए छोड़ी हैं ।,SOV,23,1,-0.2137,0.5308,0.375,3,तृणमूल कांग्रेस ने ३९ उम्मीदवार उतारे हैं ।,0.0,0.0,-15.4293,-4.5704,-5.0144,-2.7607,-1.7406,1
train-s8410,अफसरों की कमी से जूझ रही सेना ने फैसला किया है कि प्री - स्टाफ ट्रेनिंग जैसे काम में लगे योग्य अफसरों की जगह रिटायर्ड फौजियों की सेवाएं ली जाएं ताकि काबिल अफसरों को फील्ड ड्यूटी में तैनात किया जा सके ।,SOV,42,1,-0.0513,0.4548,0.4348,10,कांग्रेस ने ३६ उम्मीदवार उतारे हैं और छह सीटें झारखंड मुक्ति मोर्चा के लिए तथा दो सीट पीडीएस के लिए छोड़ी हैं ।,-7.0,0.0,-12.9938,-13.2297,-16.3819,-12.9938,-7.6364,1
train-s8411,पश्चिमी कमान में आयोजित मीडिया सेमिनार के समापन के बाद पत्रकारों से अनौपचारिक बातचीत में आर्मी कमांडर लेफ्टिनेंट जनरल जे. जे. सिंह ने यह खुलासा किया ।,IOSV,27,99,0.0351,0.5193,0.5714,24,अफसरों की कमी से जूझ रही सेना ने फैसला किया है कि प्री - स्टाफ ट्रेनिंग जैसे काम में लगे योग्य अफसरों की जगह रिटायर्ड फौजियों की सेवाएं ली जाएं ताकि काबिल अफसरों को फील्ड ड्यूटी में तैनात किया जा सके ।,-9.6465,0.0,-16.9561,-19.3854,-17.058,-16.0516,-2.2955,1
train-s8421,अफसरों की कमी के साथ जंग जैसी स्थिति से निपटने के बारे में उन्होंने कहा कि उनकी राय में सेना को युद्घ के समय और शांति के समय अफसरों और जवानों की तैनाती के लिए अलग - अलग रणनीति अपनानी चाहिए ।,SOV,42,1,0.0125,0.5077,0.6667,18,पश्चिमी कमान में आयोजित मीडिया सेमिनार के समापन के बाद पत्रकारों से अनौपचारिक बातचीत में आर्मी कमांडर लेफ्टिनेंट जनरल जे. जे. सिंह ने यह खुलासा किया ।,-12.0,-2.0,-10.9533,-8.4013,-7.7787,-10.9533,-1.5612,1
train-s8434,रिलायंस इंडस्ट्रीज ने मंगलवार को कई बड़ी कंपनियों को पीछे छोड़ते हुए बांद्रा - कुर्ला कांप्लेक्स के लिए ७.५ एकड़ प्लाट का सौदा हासिल किया ।,SOV,26,99,-0.0202,0.4822,0.6905,29,अफसरों की कमी के साथ जंग जैसी स्थिति से निपटने के बारे में उन्होंने कहा कि उनकी राय में सेना को युद्घ के समय और शांति के समय अफसरों और जवानों की तैनाती के लिए अलग - अलग रणनीति अपनानी चाहिए ।,-0.7879,0.0,-6.734,-18.0105,-15.2036,-6.8397,-7.6229,1
train-s8435,प्लॉट के लिए अनिल अंबानी की नवगठित कंपनी एडीएई ने भी निविदा भरी थी ।,SOV,15,5,-0.0007,0.4684,0.5,13,रिलायंस इंडस्ट्रीज ने मंगलवार को कई बड़ी कंपनियों को पीछे छोड़ते हुए बांद्रा - कुर्ला कांप्लेक्स के लिए ७.५ एकड़ प्लाट का सौदा हासिल किया ।,-2.4,0.0,-5.8091,-8.9531,-8.0459,-5.9086,-1.5294,1
train-s8437,उन्होंने ११०४.११ करोड़ रुपये की निविदा के जरिए प्लॉट हासिल कर लिया है ।,SOV,14,23,0.031,0.5442,0.4667,7,प्लॉट के लिए अनिल अंबानी की नवगठित कंपनी एडीएई ने भी निविदा भरी थी ।,-3.1304,1.0435,-13.1165,-11.9942,-12.1133,-12.3876,-7.2448,1
train-s8439,मुंबई मेट्रोपोलिटन रीजन डेवलपमेंट अथॉरिटी ने निविदा के नतीजे घोषित किए ।,SOV,12,5,0.1418,0.4582,0.5,7,उन्होंने ११०४.११ करोड़ रुपये की निविदा के जरिए प्लॉट हासिल कर लिया है ।,-6.0,0.0,-14.9902,-10.9879,-9.8007,-14.4752,-6.2042,1
train-s8449,धन की कमी के आधार पर उसने ऑर्डनेंस फैक्टरी बोर्ड (ओएफबी) से जरूरत से कम मात्रा में गोलों की आपूर्ति का ऑर्डर दिया ।,SOV,26,99,-0.0524,0.5576,0.3333,4,मुंबई मेट्रोपोलिटन रीजन डेवलपमेंट अथॉरिटी ने निविदा के नतीजे घोषित किए ।,1.6061,-0.9798,-8.1518,-7.2384,-5.9551,-8.0143,-2.7602,1
train-s8450,"रिपोर्ट में उसने बोर्ड द्वारा १५५ एमएम गोलों की निर्धारित मात्रा की आपूर्ति में विफल रहने, १२५ एमएम के गोलों में दोष और १३० एमएम की तोपों को १५५ एमएम में उन्नत बनाने की बात भी कही ।",SOV,39,5,0.0698,0.4982,0.6154,16,धन की कमी के आधार पर उसने ऑर्डनेंस फैक्टरी बोर्ड (ओएफबी) से जरूरत से कम मात्रा में गोलों की आपूर्ति का ऑर्डर दिया ।,38.4,-1.2,-10.1317,-11.5208,-11.9582,-13.2806,-2.8068,1
train-s8467,मुशर्रफ ने राइस से एफ - १६ की आपूर्ति का आश्वासन चाहा ।,SOV,13,5,0.1716,0.5007,0.5385,21,"रिपोर्ट में उसने बोर्ड द्वारा १५५ एमएम गोलों की निर्धारित मात्रा की आपूर्ति में विफल रहने, १२५ एमएम के गोलों में दोष और १३० एमएम की तोपों को १५५ एमएम में उन्नत बनाने की बात भी कही ।",6.0,0.0,-7.1886,-4.2379,-5.0245,-7.0858,-4.8868,1
train-s8468,उन्होंने राइस को बताया कि पाकिस्तान की रक्षा जरूरतों को देखते हुए उसे एफ - १६ मुहैया कराया जाए ।,SOV,20,1,0.1518,0.5098,0.4615,6,मुशर्रफ ने राइस से एफ - १६ की आपूर्ति का आश्वासन चाहा ।,1.0,2.0,0.8476,5.1729,0.8395,-1.936,-1.1322,1
train-s8470,उन्होंने अमेरिका से यह अपील भी की कि वह पाकिस्तान को एक जिम्मेदार परमाणु शक्ति संपन्न राष्ट्र की मान्यता दे ।,SOV,21,5,0.2042,0.5496,0.25,5,उन्होंने राइस को बताया कि पाकिस्तान की रक्षा जरूरतों को देखते हुए उसे एफ - १६ मुहैया कराया जाए ।,2.4,1.2,-16.2117,-9.9448,-11.4041,-10.3223,-1.6035,1
train-s8471,ऑनलाइन न्यूज एजेंसी के मुताबिक मुशर्रफ ने कहा कि अब वक्त आ गया है कि पाकिस्तान को एटमी क्लब में शामिल कर लिया जाए ।,SOV,25,1,0.1676,0.5444,0.7619,16,उन्होंने अमेरिका से यह अपील भी की कि वह पाकिस्तान को एक जिम्मेदार परमाणु शक्ति संपन्न राष्ट्र की मान्यता दे ।,-3.0,0.0,-18.8839,-5.7154,-5.3378,-18.8482,-2.1303,1
train-s8476,हम रक्षा सहयोग को भी बढ़ावा देना चाहते हैं ।,SOV,10,1,0.0495,0.4861,0.6,15,ऑनलाइन न्यूज एजेंसी के मुताबिक मुशर्रफ ने कहा कि अब वक्त आ गया है कि पाकिस्तान को एटमी क्लब में शामिल कर लिया जाए ।,5.0,2.0,-5.1125,-8.8581,-7.0011,-5.1125,-4.4654,1
train-s8479,पाकिस्तान को उन्होंने मुस्लिम दुनिया के लिए आदर्श राष्ट्र करार दिया ।,IOSV,12,99,0.3431,0.5685,0.7,7,हम रक्षा सहयोग को भी बढ़ावा देना चाहते हैं ।,-0.8485,-1.0606,-14.952,-17.1456,-15.6183,-13.983,-3.0276,1
train-s848,यहां हम बता दें कि ये वही अकी नरुला हैं जिन्होंने सुपरहिट दिल चाहता है और चर्चित मानसून वेडिंग में कॉस्ट्यूम डिजाइन किया है ।,SOV,25,1,-0.1158,0.5345,0.4667,7,खासकर क्षेत्रीय नेशनल कांफ्रेंस ने चुनाव के दौरान इस मुद्दे को काफी तूल दिया ।,0.0,0.0,1.9112,-0.8673,-3.3981,1.9112,0.7457,1
train-s8484,नसीबुल्ला ने पुलिस को दिए अपने बयान में कुछ अभियुक्तों का नाम लिया था ।,SOV,15,5,0.1814,0.4502,0.5,6,पाकिस्तान को उन्होंने मुस्लिम दुनिया के लिए आदर्श राष्ट्र करार दिया ।,2.4,0.0,-9.4248,-9.8807,-8.8998,-9.3855,-4.2498,1
train-s8485,गवाह ने न्यायाधीश अभय थिप्से की अदालत को बताया कि उसे किसी ने पीछे से सिर पर चोट मारी और वह बेहोश हो गया था ।,SOV,26,1,-0.0394,0.5515,0.6,9,नसीबुल्ला ने पुलिस को दिए अपने बयान में कुछ अभियुक्तों का नाम लिया था ।,4.0,0.0,-12.137,-1.0016,2.5359,-11.9317,0.4455,1
train-s8493,अजीज की अमेरिका यात्रा स्थगित करने को वहां के राजनयिक इस नजरिए से देख रहे हैं कि अमेरिका - भारत के बीच बढ़ते संबंध को लेकर पाकिस्तान ने अमेरिका से अपना अनौपचारिक विरोध जताया है ।,SOV,36,5,-0.1867,0.5352,0.6923,18,गवाह ने न्यायाधीश अभय थिप्से की अदालत को बताया कि उसे किसी ने पीछे से सिर पर चोट मारी और वह बेहोश हो गया था ।,-4.8,0.0,-9.3645,-5.4707,-6.6567,-9.3015,2.4366,1
train-s8497,इंटरनेट सर्च इंजन गूगल ने भारत की उपग्रह तस्वीरों को लेकर भारत सरकार की चिंता को गंभीरता से लिया है और गूगल ने इस मुद्दे पर भारत सरकार से वार्ता की इच्छा जताई है ।,SOV,35,23,-0.0009,0.529,0.6389,23,अजीज की अमेरिका यात्रा स्थगित करने को वहां के राजनयिक इस नजरिए से देख रहे हैं कि अमेरिका - भारत के बीच बढ़ते संबंध को लेकर पाकिस्तान ने अमेरिका से अपना अनौपचारिक विरोध जताया है ।,-5.2174,0.0,-18.5589,-11.6346,-13.8828,-17.6418,-3.4302,1
train-s850,बल्कि उन्होंने इसे मुंबई की एक दुकान ऑप्शन्स से ८ हजार रुपये में खरीदा है ।,SOV,16,99,-0.0429,0.5256,0.32,8,यहां हम बता दें कि ये वही अकी नरुला हैं जिन्होंने सुपरहिट दिल चाहता है और चर्चित मानसून वेडिंग में कॉस्ट्यूम डिजाइन किया है ।,11.3535,-0.9293,-8.9094,-9.83,-15.2707,-8.8521,-5.3723,1
train-s8505,भारत सरकार की आपत्तियों पर हम गौर करना चाहते हैं ।,SOV,11,5,-0.0611,0.524,0.6571,23,इंटरनेट सर्च इंजन गूगल ने भारत की उपग्रह तस्वीरों को लेकर भारत सरकार की चिंता को गंभीरता से लिया है और गूगल ने इस मुद्दे पर भारत सरकार से वार्ता की इच्छा जताई है ।,-3.6,-1.2,-9.9359,-9.7022,-9.0114,-8.9801,-1.6304,1
train-s8507,यह सर्च मशीन उपग्रह तस्वीरों की सेवा भी मुहैया करा रही है ।,SOV,13,5,0.1145,0.5646,0.4545,5,भारत सरकार की आपत्तियों पर हम गौर करना चाहते हैं ।,-2.4,0.0,-17.2461,-10.4082,-10.9387,-17.2461,-2.9198,1
train-s8513,ये तस्वीरें सुनामी और हरीकेन जैसी आपदाओं से निपटने में भी कारगर भूमिका निभाती हैं ।,SOV,16,23,0.1047,0.4754,0.5385,7,यह सर्च मशीन उपग्रह तस्वीरों की सेवा भी मुहैया करा रही है ।,-1.5652,0.0,-26.1899,-17.0428,-17.0801,-26.1899,-5.4055,1
train-s8514,गूगल के एक सूत्र ने आईएएनएस को बताया कि इंटरनेट पर गूगल द्वारा उपलब्ध कराई गयी ये तस्वीरें एक - दो साल पुरानी हैं ।,SOV,25,1,-0.1203,0.5908,0.4375,7,ये तस्वीरें सुनामी और हरीकेन जैसी आपदाओं से निपटने में भी कारगर भूमिका निभाती हैं ।,-3.0,0.0,-6.2094,0.1101,0.4248,-6.2094,-1.0826,1
train-s8519,इसके साथ ही पुलिस माओवादियों की ओर से संभावित गड़बड़ियों और अनुसूचित जाति के वर्गीकरण को लेकर मादिगा रिजर्वेशन पोरटा समिति (एमआरपीएस) और माला महानाडु की ओर से किए जाने वाले आंदोलन की योजना के बारे में खुफिया जानकारी को भी गंभीरता से ले रही है ।,SOV,49,99,0.015,0.478,0.52,13,गूगल के एक सूत्र ने आईएएनएस को बताया कि इंटरनेट पर गूगल द्वारा उपलब्ध कराई गयी ये तस्वीरें एक - दो साल पुरानी हैं ।,8.8485,1.1414,-22.1439,-8.4579,-8.2133,-22.1439,-3.795,1
train-s8524,पाक अधिकारियों ने तालिबान नेता मोहम्मद यासिर को गिरफ्तार किया है ।,SOV,12,5,0.0702,0.4926,0.5918,29,इसके साथ ही पुलिस माओवादियों की ओर से संभावित गड़बड़ियों और अनुसूचित जाति के वर्गीकरण को लेकर मादिगा रिजर्वेशन पोरटा समिति (एमआरपीएस) और माला महानाडु की ओर से किए जाने वाले आंदोलन की योजना के बारे में खुफिया जानकारी को भी गंभीरता से ले रही है ।,-2.4,0.0,-16.544,-13.0082,-14.4141,-16.477,-5.0796,1
train-s8528,तालिबान ने यासिर को तालिबान सूचना और सांस्कृतिक विभाग का प्रमुख नियुक्त किया था ।,SOV,15,23,0.0601,0.5064,0.5,6,पाक अधिकारियों ने तालिबान नेता मोहम्मद यासिर को गिरफ्तार किया है ।,1.0435,0.0,-13.8081,-12.9548,-13.699,-11.8542,-4.0948,1
train-s852B,दरअसल मैंने इसे एक पत्रिका में रानी मुखर्जी को एक फिल्म के प्रचार के सिलसिले में पहने देखा था तो उन्होंने आरोप साबित करने के लिए प्रेसकांफ्रेंस बुलाई थी ।,SOV,30,23,0.1321,0.4954,0.5,8,बल्कि उन्होंने इसे मुंबई की एक दुकान ऑप्शन्स से ८ हजार रुपये में खरीदा है ।,-27.6522,0.0,-3.0507,-8.5126,-8.2702,-1.7732,-6.5132,1
train-s853,सुनीत ने दो तस्वीरें पेश कीं ।,SOV,7,5,0.1157,0.5133,0.5667,17,दरअसल मैंने इसे एक पत्रिका में रानी मुखर्जी को एक फिल्म के प्रचार के सिलसिले में पहने देखा था तो उन्होंने आरोप साबित करने के लिए प्रेसकांफ्रेंस बुलाई थी ।,-1.2,0.0,-3.7182,-14.3617,-12.5089,-3.6999,-5.9429,1
train-s8537,कीमतों में वृद्धि के फैसले की आलोचना के बारे में उन्होंने कहा कि आलोचना बंद हो जाएगी ।,SOV,18,5,0.0363,0.4881,0.6667,10,तालिबान ने यासिर को तालिबान सूचना और सांस्कृतिक विभाग का प्रमुख नियुक्त किया था ।,-1.2,0.0,-21.9387,-8.9368,-11.3295,-21.9387,-0.9062,1
train-s854,जिसमें रानी ने लाइट ब्लू रंग की टॉप और कढ़े हुए ट्राउजर पहने हुए हैं ।,SOV,16,5,-0.2888,0.5563,0.4286,3,सुनीत ने दो तस्वीरें पेश कीं ।,9.6,1.2,-11.9625,-2.2484,-2.3449,-12.0001,-3.8226,1
train-s8541,शहर के माकपा सचिव बाबू राव ने सरकार से कीमतों में वृद्धि वापस लेने की मांग की ।,SOV,18,5,0.0229,0.5394,0.6111,11,कीमतों में वृद्धि के फैसले की आलोचना के बारे में उन्होंने कहा कि आलोचना बंद हो जाएगी ।,0.0,0.0,-7.4971,-14.8294,-12.8799,-5.6118,-6.4123,1
train-s8545,असम में अगले महीने होने वाले चुनाव को लेकर आयोग ने कड़े निर्देश जारी किए हैं ।,SOV,17,23,0.0668,0.5225,0.7222,13,शहर के माकपा सचिव बाबू राव ने सरकार से कीमतों में वृद्धि वापस लेने की मांग की ।,-12.5217,0.0,-18.1705,-9.878,-9.96,-18.1927,-7.8215,1
train-s8546,आचार सहिंता का उल्लंघन करने वालों को आयोग ने कानूनी कार्रवाई की चेतावनी दी है ।,IOSV,16,5,0.0781,0.4667,0.5882,10,असम में अगले महीने होने वाले चुनाव को लेकर आयोग ने कड़े निर्देश जारी किए हैं ।,-3.6,0.0,-12.134,-5.7942,-4.2944,-9.4226,-3.3683,1
train-s8548,पूर्वी असम के दुलियाजान विधानसभा क्षेत्र से विधायक तेली दूसरी बार चुनाव लड़ रहे हैं ।,SOV,16,23,-0.0052,0.5515,0.6875,11,आचार सहिंता का उल्लंघन करने वालों को आयोग ने कानूनी कार्रवाई की चेतावनी दी है ।,-9.3913,0.0,-10.1147,-6.6711,-5.7019,-10.1147,-0.779,1
train-s8550,आयोग ने इन पोस्टरों को हटाने का आदेश दिया है ।,SOV,11,1,0.0167,0.5225,0.375,6,पूर्वी असम के दुलियाजान विधानसभा क्षेत्र से विधायक तेली दूसरी बार चुनाव लड़ रहे हैं ।,4.0,0.0,-19.1244,-13.2378,-15.0347,-19.1244,-7.825,1
train-s8551,तेली और उनके समर्थक दीवारों पर लगे पोस्टरों को हटाने का काम कर रहे हैं ।,SOV,16,1,-0.0027,0.5253,0.5455,6,आयोग ने इन पोस्टरों को हटाने का आदेश दिया है ।,4.0,0.0,-8.7847,-13.4805,-14.0893,-8.7847,-6.0212,1
train-s8556,हाल ही में राज्य के मुख्यमंत्री तरुण गोगोई के बारे में विपक्ष ने आयोग से शिकायत की थी ।,SOV,19,99,-0.0503,0.5141,0.4375,7,तेली और उनके समर्थक दीवारों पर लगे पोस्टरों को हटाने का काम कर रहे हैं ।,-9.4646,0.0,-19.2374,-13.5619,-13.0078,-19.2374,-5.3089,1
train-s8558,ऐन लोकसभा चुनाव से पहले शरद पवार का साथ छोड़ने वाले पूर्व लोकसभा अध्यक्ष पीए संगमा ने बुधवार को कहा कि वे राष्ट्रवादी कांग्रेस पार्टी (एनसीपी) में लौट रहे हैं ।,SOV,33,1,0.0292,0.4916,0.6316,12,हाल ही में राज्य के मुख्यमंत्री तरुण गोगोई के बारे में विपक्ष ने आयोग से शिकायत की थी ।,-15.0,0.0,0.9967,-0.5248,0.4504,0.9967,-0.2227,1
train-s8560,"संगमा ने यहां एनसीपी मुख्यालय पर पत्रकारों से कहा कि उन्होंने विदेशी मूल की सोनिया गांधी के प्रधानमंत्री बनने के मुद्दे पर एनसीपी छोड़ी थी, लेकिन उन्होंने प्रधानमंत्री बनने से इन्कार कर दिया ।",SOV,35,23,0.0053,0.5309,0.3939,13,ऐन लोकसभा चुनाव से पहले शरद पवार का साथ छोड़ने वाले पूर्व लोकसभा अध्यक्ष पीए संगमा ने बुधवार को कहा कि वे राष्ट्रवादी कांग्रेस पार्टी (एनसीपी) में लौट रहे हैं ।,1.0435,-1.0435,-7.3814,-6.5728,-4.0325,-5.4966,-1.1866,1
train-s8563,तृणमूल कांग्रेस के उम्मीदवार के रूप में पिछला लोकसभा चुनाव जीतने वाले संगमा ने कहा कि एनसीपी में उनकी वापसी में अब सिर्फ कुछ तकनीकी अड़चनें हैं ।,SOV,28,1,-0.0246,0.5418,0.3714,13,"संगमा ने यहां एनसीपी मुख्यालय पर पत्रकारों से कहा कि उन्होंने विदेशी मूल की सोनिया गांधी के प्रधानमंत्री बनने के मुद्दे पर एनसीपी छोड़ी थी, लेकिन उन्होंने प्रधानमंत्री बनने से इन्कार कर दिया ।",0.0,0.0,-8.6882,-4.9602,-6.752,-7.6882,-4.9016,1
train-s8566,सीबीआई ने बोफोर्स के कलपुर्जे खरीद मामले में प्राथमिक जांच शुरू कर दी है ।,SOV,15,23,0.0402,0.5097,0.5714,16,तृणमूल कांग्रेस के उम्मीदवार के रूप में पिछला लोकसभा चुनाव जीतने वाले संगमा ने कहा कि एनसीपी में उनकी वापसी में अब सिर्फ कुछ तकनीकी अड़चनें हैं ।,-3.6522,0.0,-18.6452,-12.9008,-13.9076,-18.7228,-4.4455,1
train-s8568,सीबीआई ने शनिवार को प्रारंभिक जांच के तीन मामले दर्ज किए हैं ।,SOV,13,23,0.039,0.4815,0.6,9,सीबीआई ने बोफोर्स के कलपुर्जे खरीद मामले में प्राथमिक जांच शुरू कर दी है ।,0.0,0.0,-28.4736,-16.5214,-16.6865,-24.5001,-6.1539,1
train-s857,वजह - लोगों ने उन्हें बताया कि शांतनु गोयनका ने उनके डिजिटल प्रिंट वाली टीशर्ट की नकल कर ली है ।,SOV,21,5,-0.0172,0.4746,0.4375,7,जिसमें रानी ने लाइट ब्लू रंग की टॉप और कढ़े हुए ट्राउजर पहने हुए हैं ।,-1.2,0.0,-9.7975,-5.5706,-5.1793,-9.7954,-3.3569,1
train-s8572,इसकी वजह से सरकार को ६.७३ करोड़ रुपये अतिरिक्त व्यय करने पड़े ।,SOV,13,23,-0.0601,0.4891,0.4615,6,सीबीआई ने शनिवार को प्रारंभिक जांच के तीन मामले दर्ज किए हैं ।,-1.0435,1.0435,-12.2264,-8.6913,-8.259,-12.1784,-2.3238,1
train-s8575,"रक्षा मंत्रालय ने डिस्ट्रीब्यूशन बॉक्स पावर यूनिट, टॉक्र्यू मोटर, पंप, प्रेशर वेसेल, सिलेंडर, सस्पेंशन यूनिट, लेइंग वॉल्व, कंट्रोल पैनल सी ३१, रैमर, ब्रश किट और लेवलिंग डिवाइस की खरीदारी के ठेके दिए थे ।",SOV,43,1,-0.0962,0.5294,0.5385,7,इसकी वजह से सरकार को ६.७३ करोड़ रुपये अतिरिक्त व्यय करने पड़े ।,34.0,0.0,-17.0703,-1.9325,-5.6372,-17.0703,-4.1707,1
train-s858,यहां हम बता दें कि शांतनु गोयनका अभी उभरते हुए फैशन डिजाइनर हैं और इस बार उन्होंने लक्मे इंडिया फैशन वीक से इसकी शुरुआत की है ।,SOV,27,1,-0.0716,0.5224,0.619,13,वजह - लोगों ने उन्हें बताया कि शांतनु गोयनका ने उनके डिजिटल प्रिंट वाली टीशर्ट की नकल कर ली है ।,0.0,0.0,1.9112,-0.509,0.5878,1.9112,1.4375,1
train-s8587,इससे किसान अपने उत्पाद को स्थानीय मंडी के अलावा अन्य मंडियों में भी बेच सकेंगे ।,SOV,16,99,0.0627,0.4747,0.3023,13,"रक्षा मंत्रालय ने डिस्ट्रीब्यूशन बॉक्स पावर यूनिट, टॉक्र्यू मोटर, पंप, प्रेशर वेसेल, सिलेंडर, सस्पेंशन यूनिट, लेइंग वॉल्व, कंट्रोल पैनल सी ३१, रैमर, ब्रश किट और लेवलिंग डिवाइस की खरीदारी के ठेके दिए थे ।",9.0101,0.9798,-8.6616,-2.782,-1.7587,-8.6616,-1.4416,1
train-s8599,इस बारे में पूछे जाने पर मोरे ने कहा कि पहले यह घोषणा मोहाली में की जानी थी लेकिन मुंबई में द्रविड़ के लिए खास मौका होने के कारण अभी कर दी गई ।,SOV,34,5,0.0596,0.464,0.6875,11,इससे किसान अपने उत्पाद को स्थानीय मंडी के अलावा अन्य मंडियों में भी बेच सकेंगे ।,-1.2,1.2,-9.5105,-2.3988,-1.9758,-9.5105,-9.2446,1
train-s8602,उन्होंने इसे सही मायने में अच्छा फैसला बताया ।,SOV,9,23,0.049,0.5003,0.5588,19,इस बारे में पूछे जाने पर मोरे ने कहा कि पहले यह घोषणा मोहाली में की जानी थी लेकिन मुंबई में द्रविड़ के लिए खास मौका होने के कारण अभी कर दी गई ।,2.6087,0.0,-15.6786,-5.9344,-3.755,-12.9429,-3.2635,1
train-s8610,इससे पहले चयनकर्ताओं ने पिछले साल अगस्त में श्रीलंका में त्रिकोणीय सिरीज़ में सौरव गांगुली को हटा कर राहुल को कप्तानी सौंपी थी ।,SOV,24,99,0.3979,0.4726,0.4444,4,उन्होंने इसे सही मायने में अच्छा फैसला बताया ।,0.7475,1.0202,-33.3938,-5.4271,-9.9479,-33.3257,-5.1326,1
train-s8613,उनके नेतृत्व में भारत ने श्रीलंका को टेस्ट सिरीज़ में २ - ० से हराने के अलावा वनडे मैचों की श्रृंखला ६ - १ से जीती थी ।,SOV,28,99,-0.0352,0.4597,0.5833,14,इससे पहले चयनकर्ताओं ने पिछले साल अगस्त में श्रीलंका में त्रिकोणीय सिरीज़ में सौरव गांगुली को हटा कर राहुल को कप्तानी सौंपी थी ।,4.5455,0.0,-8.127,-4.712,-3.2961,-5.0769,-1.5044,1
train-s8614,श्रीलंका की सिरीज़ के बाद भारत ने उनकी कप्तानी में दक्षिण अफ्रीका के खिलाफ़ पांच वनडे मैचों की सिरीज़ २ - २ से ड्रा खेली थी ।,SOV,27,99,0.1392,0.5581,0.3571,10,उनके नेतृत्व में भारत ने श्रीलंका को टेस्ट सिरीज़ में २ - ० से हराने के अलावा वनडे मैचों की श्रृंखला ६ - १ से जीती थी ।,-6.7172,0.0,-6.6202,0.8884,-4.9167,-1.596,-3.6729,1
train-s8619,यूनाइटेड स्टेट्स एजेंसी फॉर इंटरनेशनल डेवलपमेंट (यूएसएआईडी) आपदा राहत विशेषज्ञों ने जम्मू कश्मीर के चार दिवसीय दौरे से लौट कर बताया कि उन्होंने वहां देखा कि खराब मौसम और दुर्गम स्थलों तक पहुंचने में कठिनाई के कारण आवश्यक राहत सामग्री पहुंचाने की प्रक्रिया में देरी हो रही है ।,SOV,51,1,-0.0024,0.4797,0.3704,10,श्रीलंका की सिरीज़ के बाद भारत ने उनकी कप्तानी में दक्षिण अफ्रीका के खिलाफ़ पांच वनडे मैचों की सिरीज़ २ - २ से ड्रा खेली थी ।,-4.0,0.0,3.3442,-2.8032,-5.6793,3.3442,0.9244,1
train-s8622,इसके तहत अमेरिकी विशेषज्ञों ने कंबल और गरम जैकेट बांटे ।,SOV,11,5,-0.0013,0.5017,0.5686,29,यूनाइटेड स्टेट्स एजेंसी फॉर इंटरनेशनल डेवलपमेंट (यूएसएआईडी) आपदा राहत विशेषज्ञों ने जम्मू कश्मीर के चार दिवसीय दौरे से लौट कर बताया कि उन्होंने वहां देखा कि खराब मौसम और दुर्गम स्थलों तक पहुंचने में कठिनाई के कारण आवश्यक राहत सामग्री पहुंचाने की प्रक्रिया में देरी हो रही है ।,2.4,1.2,-3.6435,-0.5423,-2.6891,-3.9568,-3.9636,1
train-s8623,अमेरिकी सरकार ने यूएसएआईडी कार्यालय के जरिए ८ अक्तूबर को आए भूकंप प्रभावित इलाके में तत्काल प्रभाव से एक लाख डॉलर की मदद जारी की है ।,SOV,27,99,-0.0758,0.405,0.4545,5,इसके तहत अमेरिकी विशेषज्ञों ने कंबल और गरम जैकेट बांटे ।,-4.9495,0.0,-2.9658,-14.0823,-9.113,-1.0997,-5.6753,1
train-s8634,ये लोग एयरकंडीशन कमरों में बैठ पार्टी अध्यक्ष के फैसलों को प्रभावित करते हैं ।,SOV,15,23,0.0443,0.5277,0.6667,18,अमेरिकी सरकार ने यूएसएआईडी कार्यालय के जरिए ८ अक्तूबर को आए भूकंप प्रभावित इलाके में तत्काल प्रभाव से एक लाख डॉलर की मदद जारी की है ।,-1.0435,0.0,-16.3889,-9.4874,-8.021,-13.2837,-4.263,1
train-s8652,सोमवार को प्रधानमंत्री गुवाहाटी में प्रथम भारत - एशियन कार रैली को हरी झंडी दिखाकर रवाना करेंगे ।,SOV,18,99,0.1394,0.5081,0.5333,8,ये लोग एयरकंडीशन कमरों में बैठ पार्टी अध्यक्ष के फैसलों को प्रभावित करते हैं ।,2.596,0.0,-29.6424,-13.0475,-16.7651,-29.5913,-6.4765,1
train-s8654,इंफाल से निकलने वाले अग्रणी अंग्रेजी दैनिक इंफाल फ्री प्रेस के संपादक प्रदीप फंजाबम ने आईएएनएस से बातचीत करते हुए कहा कि प्रधानमंत्री की यात्रा को लेकर लोग उत्साहित हैं ।,SOV,31,1,0.1248,0.5304,0.4444,8,सोमवार को प्रधानमंत्री गुवाहाटी में प्रथम भारत - एशियन कार रैली को हरी झंडी दिखाकर रवाना करेंगे ।,-10.0,0.0,-10.1406,-1.0779,0.3131,-10.1406,-0.4932,1
train-s8658,अपनी मणिपुर यात्रा के दौरान प्रधानमंत्री ऐतिहासिक कांगला फोर्ट को राज्य सरकार को समर्पित करने वाले हैं ।,SOV,18,99,0.1685,0.5407,0.3871,12,इंफाल से निकलने वाले अग्रणी अंग्रेजी दैनिक इंफाल फ्री प्रेस के संपादक प्रदीप फंजाबम ने आईएएनएस से बातचीत करते हुए कहा कि प्रधानमंत्री की यात्रा को लेकर लोग उत्साहित हैं ।,-6.2323,0.0,-12.0187,-10.2353,-9.073,-10.2909,-2.1468,1
train-s8660,इसे मणिपुर के लोग अपनी सांस्कृतिक व ऐतिहासिक धरोहर मानते हैं ।,DOSV,12,5,0.2523,0.4529,0.5,9,अपनी मणिपुर यात्रा के दौरान प्रधानमंत्री ऐतिहासिक कांगला फोर्ट को राज्य सरकार को समर्पित करने वाले हैं ।,4.8,1.2,3.4695,-1.0792,-0.8812,2.5829,-1.4744,1
train-s8668,लगभग हर मुद्दे पर बहस करने वाले सदस्य आपस में अनुभव बांट रहे थे ।,SOV,15,5,0.3061,0.4205,0.5,6,इसे मणिपुर के लोग अपनी सांस्कृतिक व ऐतिहासिक धरोहर मानते हैं ।,-8.4,-1.2,1.861,0.2298,-0.3407,1.861,-2.7424,1
train-s8675,इस मौके पर प्रधानमंत्री मनमोहन सिंह ने कहा कि इन सभी सदस्यों ने चर्चा के दौरान महत्वपूर्ण विचार रखे ।,SOV,20,1,0.174,0.5255,0.5333,8,लगभग हर मुद्दे पर बहस करने वाले सदस्य आपस में अनुभव बांट रहे थे ।,1.0,0.0,-5.6268,-3.0688,-0.5019,-5.6268,0.1412,1
train-s8683,बशीर बद्र के शेर को उन्होंने दुष्यंत कुमार के नाम से पढ़ दिया ।,DOSV,14,5,-0.0946,0.5925,0.55,11,इस मौके पर प्रधानमंत्री मनमोहन सिंह ने कहा कि इन सभी सदस्यों ने चर्चा के दौरान महत्वपूर्ण विचार रखे ।,0.0,-1.2,-1.4719,-2.2117,-1.6185,-1.4719,-1.9877,1
train-s8689,केंद्र सरकार ने जम्मू कश्मीर के माकपा विधायक मोहम्मद यूसुफ तारीगामी की सुरक्षा को लेकर मुफ्ती सरकार को जून में आगाह कर दिया था ।,SOV,25,99,0.1053,0.4452,0.4286,6,बशीर बद्र के शेर को उन्होंने दुष्यंत कुमार के नाम से पढ़ दिया ।,-14.3737,0.0,-8.8604,-15.7845,-12.4244,-8.8082,-4.3405,1
train-s8694,जिसके बाद केंद्र ने उन्हें 'जेड प्लस' सुरक्षा उपलब्ध कराने के निर्देश राज्य सरकार को दिए थे ।,SOV,20,23,-0.0225,0.5054,0.52,13,केंद्र सरकार ने जम्मू कश्मीर के माकपा विधायक मोहम्मद यूसुफ तारीगामी की सुरक्षा को लेकर मुफ्ती सरकार को जून में आगाह कर दिया था ।,5.7391,1.0435,-3.9614,-4.7496,-5.5135,-1.9337,-3.3637,1
train-s8698,उन्होंने दावा किया कि उन्हें बारूदी सुरंग या आईडीई से उड़ाने की साजिश की जानकारी खुफिया एजेंसियों ने दी थी ।,SOV,21,1,0.0751,0.4464,0.55,11,जिसके बाद केंद्र ने उन्हें 'जेड प्लस' सुरक्षा उपलब्ध कराने के निर्देश राज्य सरकार को दिए थे ।,0.0,2.0,-31.9591,-17.0557,-20.4458,-31.9591,-3.9697,1
train-s8699,हालांकि इस पर केंद्र की सभी चेतावनियों को राज्य प्रशासन ने अनसुना कर दिया ।,DOSV,15,99,-0.0445,0.527,0.4762,10,उन्होंने दावा किया कि उन्हें बारूदी सुरंग या आईडीई से उड़ाने की साजिश की जानकारी खुफिया एजेंसियों ने दी थी ।,0.8384,-0.9899,-17.7178,-11.9053,-10.8278,-17.677,-5.8181,1
train-s8702,नागरिक उड्डयन मंत्री प्रफुल्ल पटेल ने प्रश्नकाल के दौरान बताया कि अमेरिकी प्रशासन के सामने समान नाम वाली अमेरिकी कंपनी के जेट एयरवेज के खिलाफ कुछ आपत्तियां दर्ज करने के बाद अमेरिका भारत की प्रतिक्रिया चाहता है और उसने इस बारे में कुछ जानकारियां मांगी हैं ।,SOV,47,1,-0.0371,0.4887,0.6667,10,हालांकि इस पर केंद्र की सभी चेतावनियों को राज्य प्रशासन ने अनसुना कर दिया ।,-3.0,0.0,0.5545,-1.725,3.2385,0.5545,0.2246,1
train-s8706,ग्रामीण विकास मंत्री रघुवंश प्रसाद सिंह ने इस बिल को सदस्यों के विचारार्थ पेश किया ।,SOV,16,23,0.0435,0.5002,0.5745,27,नागरिक उड्डयन मंत्री प्रफुल्ल पटेल ने प्रश्नकाल के दौरान बताया कि अमेरिकी प्रशासन के सामने समान नाम वाली अमेरिकी कंपनी के जेट एयरवेज के खिलाफ कुछ आपत्तियां दर्ज करने के बाद अमेरिका भारत की प्रतिक्रिया चाहता है और उसने इस बारे में कुछ जानकारियां मांगी हैं ।,-9.3913,0.0,-17.6315,-12.6792,-13.9787,-16.9499,-4.8105,1
train-s8707,पिछले साल पेश किए मूल बिल में इस बार सरकार ने कई संशोधनों को शामिल किया है ।,SOV,18,99,-0.0616,0.5123,0.6875,11,ग्रामीण विकास मंत्री रघुवंश प्रसाद सिंह ने इस बिल को सदस्यों के विचारार्थ पेश किया ।,-10.5657,0.0,-18.7263,-8.9676,-9.2312,-16.2793,-4.5581,1
train-s8712,बिल पेश करते हुए रघुवंश प्रसाद सिंह ने बताया कि पहले चरण में देश के दो सौ जिलों को इस योजना में शामिल किया गया है ।,SOV,27,1,-0.047,0.4674,0.8333,15,पिछले साल पेश किए मूल बिल में इस बार सरकार ने कई संशोधनों को शामिल किया है ।,0.0,0.0,-0.6961,4.4561,2.149,2.9589,0.9461,1
train-s8717,सोनिया ने इसका पूरा फायदा उठाते हुए कहा कि यह आर्थिक सुधारों का मानवीय चेहरा है ।,SOV,17,1,0.042,0.4963,0.7037,19,बिल पेश करते हुए रघुवंश प्रसाद सिंह ने बताया कि पहले चरण में देश के दो सौ जिलों को इस योजना में शामिल किया गया है ।,3.0,0.0,1.8169,-1.949,-1.2299,1.8096,0.2544,1
train-s8723,पति राजीव गांधी और सास इंदिरा गांधी का नाम भी उन्होंने लोगों को याद दिलाया ।,SOV,16,23,0.2033,0.4575,0.5882,10,सोनिया ने इसका पूरा फायदा उठाते हुए कहा कि यह आर्थिक सुधारों का मानवीय चेहरा है ।,-13.5652,-1.0435,-14.4395,-12.7887,-12.3491,-15.5271,-2.0638,1
train-s8725,फिर १९८७ में राजीव गांधी जवाहर रोजगार योजना लाए ।,SOV,10,23,0.1141,0.5164,0.5,8,पति राजीव गांधी और सास इंदिरा गांधी का नाम भी उन्होंने लोगों को याद दिलाया ।,3.1304,0.0,-3.5132,0.1546,-0.3047,-2.3537,-2.3165,1
train-s873,कश्मीर पर केंद्र के वार्ताकार एन. एन. वोहरा ने अपने पद से इस्तीफा दे दिया है ।,SOV,17,23,0.031,0.5364,0.4074,11,यहां हम बता दें कि शांतनु गोयनका अभी उभरते हुए फैशन डिजाइनर हैं और इस बार उन्होंने लक्मे इंडिया फैशन वीक से इसकी शुरुआत की है ।,-3.6522,0.0,-31.4606,-15.2179,-16.5367,-31.4606,-6.6175,1
train-s8738,शाम को कुमारस्वामी के नेतृत्व में दोनों दलों के नेताओं ने राज्यपाल टी. एन चतुर्वेदी के समक्ष राज्य में वैकल्पिक सरकार के गठन का दावा पेश किया ।,SOV,28,99,0.3139,0.5027,0.3,3,फिर १९८७ में राजीव गांधी जवाहर रोजगार योजना लाए ।,-1.0303,0.0,-28.3902,-15.8143,-14.3241,-28.4608,-5.1325,1
train-s8739,देर रात राज्यपाल ने मुख्यमंत्री धरम सिंह को राजभवन बुलाया ।,SOV,11,23,0.0345,0.5037,0.6786,19,शाम को कुमारस्वामी के नेतृत्व में दोनों दलों के नेताओं ने राज्यपाल टी. एन चतुर्वेदी के समक्ष राज्य में वैकल्पिक सरकार के गठन का दावा पेश किया ।,-0.5217,0.0,-7.297,-4.2598,-2.8563,-5.5339,-3.7989,1
train-s875,वोहरा ने मंगलवार को प्रधानमंत्री मनमोहन सिंह से मुलाकात कर उन्हें हुर्रियत कांफ्रेंस समेत राज्य के विभिन्न अलगाववादी समूहों से बातचीत की जानकारी दी ।,SOV,25,99,-0.1487,0.4998,0.5882,10,कश्मीर पर केंद्र के वार्ताकार एन. एन. वोहरा ने अपने पद से इस्तीफा दे दिया है ।,9.2323,0.0,-24.4811,-26.6506,-18.9594,-24.5983,-5.7976,1
train-s8754,इससे पहले कुमारस्वामी ने भाजपा के वरिष्ठ नेता एम. वेंकैया नायडू और अन्य भाजपा नेताओं से मुलाकात की ।,SOV,19,23,-0.1526,0.5705,0.5455,6,देर रात राज्यपाल ने मुख्यमंत्री धरम सिंह को राजभवन बुलाया ।,3.6522,1.0435,-25.0751,-15.2516,-15.3816,-21.8247,-7.4162,1
train-s8755,नायडू ने पार्टी के विधायक दल की बैठक के बाद जद (एस) के असंतुष्ट गुट को समर्थन की औपचारिक घोषणा कर दी ।,SOV,25,23,0.0067,0.4721,0.5789,11,इससे पहले कुमारस्वामी ने भाजपा के वरिष्ठ नेता एम. वेंकैया नायडू और अन्य भाजपा नेताओं से मुलाकात की ।,3.1304,0.0,-22.9929,-10.9117,-10.7021,-20.4812,-5.1295,1
train-s8759,उधर मुख्यमंत्री धरम सिंह और उप मुख्यमंत्री प्रकाश ने बागियों द्वारा राज्यपाल को दिये पत्र को अवैध करार दिया है ।,SOV,21,99,-0.0369,0.4705,0.64,16,नायडू ने पार्टी के विधायक दल की बैठक के बाद जद (एस) के असंतुष्ट गुट को समर्थन की औपचारिक घोषणा कर दी ।,-7.3232,0.0,-33.4203,-23.0039,-20.8845,-33.4203,-4.6228,1
train-s8762,जम्मू हाईकोर्ट के निर्देश पर राज्य क्राइम ब्रांच ने अनारा मामले में जम्मू के एसएसपी व एसपी नार्थ समेत चार वरिष्ठ पुलिस अधिकारियों के खिलाफ एफआईआर दर्ज की है ।,SOV,30,99,-0.0644,0.5329,0.5714,12,उधर मुख्यमंत्री धरम सिंह और उप मुख्यमंत्री प्रकाश ने बागियों द्वारा राज्यपाल को दिये पत्र को अवैध करार दिया है ।,-14.6869,0.0,-36.0773,-21.3665,-19.332,-35.6254,-4.7689,1
train-s8767,"इस मामले में डीजीपी ने बृहस्पतिवार को हाईकोर्ट में हलफनामा दायर किया था, लेकिन वकीलों की हड़ताल के कारण सुनवाई के टलने के बाद आज क्राइम ब्रांच ने आरोपी पुलिस अधिकारियों के खिलाफ एफआईआर दर्ज कर ली ।",SOV,39,99,0.0346,0.4718,0.4667,14,जम्मू हाईकोर्ट के निर्देश पर राज्य क्राइम ब्रांच ने अनारा मामले में जम्मू के एसएसपी व एसपी नार्थ समेत चार वरिष्ठ पुलिस अधिकारियों के खिलाफ एफआईआर दर्ज की है ।,-6.5556,0.0,-24.9976,-18.9804,-18.2794,-24.9439,-4.7213,1
train-s8768,क्राइम ब्रांच ने आरपीसी की धारा ३४४ के तहत मामला दर्ज किया है ।,SOV,14,23,-0.0325,0.4877,0.4872,19,"इस मामले में डीजीपी ने बृहस्पतिवार को हाईकोर्ट में हलफनामा दायर किया था, लेकिन वकीलों की हड़ताल के कारण सुनवाई के टलने के बाद आज क्राइम ब्रांच ने आरोपी पुलिस अधिकारियों के खिलाफ एफआईआर दर्ज कर ली ।",-5.7391,0.0,-24.2809,-17.2127,-14.8063,-18.4627,-6.3969,1
train-s8771,अनारा को अवैध तरीके से हिरासत में रखे जाने का सवाल मुख्य न्यायधीश की खंडपीठ ने ४ फरवरी को भी पूछा था ।,DOSV,23,5,-0.0979,0.4511,0.5,7,क्राइम ब्रांच ने आरपीसी की धारा ३४४ के तहत मामला दर्ज किया है ।,-8.4,0.0,4.3336,0.5936,2.3051,4.3336,1.7589,1
train-s8778,हाईकोर्ट में दायर एक करोड़ के हर्जाने के दावे में अनारा ने कहा है कि उसे दस दिन तक अवैध तरीके से हिरासत में रखा गया था ।,SOV,28,1,0.0007,0.5446,0.6087,14,अनारा को अवैध तरीके से हिरासत में रखे जाने का सवाल मुख्य न्यायधीश की खंडपीठ ने ४ फरवरी को भी पूछा था ।,-8.0,0.0,-3.241,3.552,2.559,-3.5698,-2.1376,1
train-s8779,बॉलीवुड अभिनेत्री प्रीति जिंटा और उसके बॉयफ्रेंड नेस वाडिया की दोस्ती की ट्रेन को बॉम्बे डाइंग के मालिक नुस्ली वाडिया खानदान की हरी झंडी मिल गई है ।,IOSV,28,1,0.0539,0.5176,0.6429,18,हाईकोर्ट में दायर एक करोड़ के हर्जाने के दावे में अनारा ने कहा है कि उसे दस दिन तक अवैध तरीके से हिरासत में रखा गया था ।,-4.0,0.0,-9.2968,-6.8459,-8.9579,-9.2968,1.0953,1
train-s8787,"बातचीत में मौरीन ने इस बात पर दुख जताया कि आजकल की युवा पीढ़ी मेहनत किए बिना ही ऊंचा मुकाम, सफलता और पैसा हासिल करना चाहती है ।",SOV,29,23,0.126,0.4684,0.4643,13,बॉलीवुड अभिनेत्री प्रीति जिंटा और उसके बॉयफ्रेंड नेस वाडिया की दोस्ती की ट्रेन को बॉम्बे डाइंग के मालिक नुस्ली वाडिया खानदान की हरी झंडी मिल गई है ।,-1.0435,0.0,-24.0476,-12.3679,-11.9032,-24.0476,-0.7474,1
train-s880,वोहरा ने मंगलवार को प्रधानमंत्री मनमोहन सिंह से मुलाकात कर उन्हें हुर्रियत कांफ्रेंस समेत राज्य के विभिन्न अलगाववादी संगठनों के साथ उनकी वार्ता की जानकारी दी ।,SOV,27,99,0.0878,0.4775,0.6,15,वोहरा ने मंगलवार को प्रधानमंत्री मनमोहन सिंह से मुलाकात कर उन्हें हुर्रियत कांफ्रेंस समेत राज्य के विभिन्न अलगाववादी समूहों से बातचीत की जानकारी दी ।,13.3232,-0.0909,-28.9197,-23.2526,-34.0317,-21.4473,-4.9434,1
train-s881,"वहीं, जम्मू - कश्मीर में माकपा की राज्य ईकाई के सचिव एम. वाई. तारीगामी ने पत्रकारों से कहा कि हम यूपीए सरकार से न्यूनतम साझा कार्यक्रम में पाकिस्तान और कश्मीर के सभी संगठनों के साथ वार्ता को शामिल करने की अपील करते हैं ।",SOV,45,23,0.084,0.4545,0.5926,16,वोहरा ने मंगलवार को प्रधानमंत्री मनमोहन सिंह से मुलाकात कर उन्हें हुर्रियत कांफ्रेंस समेत राज्य के विभिन्न अलगाववादी संगठनों के साथ उनकी वार्ता की जानकारी दी ।,3.1304,0.0,-17.818,-7.5797,-4.0637,-17.7992,-2.3469,1
train-s8817,इसी बीच सवेरे करीब पौने सात बजे एक क्वालिस उससे टकरा गई ।,SOV,13,99,0.1441,0.5121,0.7241,21,"बातचीत में मौरीन ने इस बात पर दुख जताया कि आजकल की युवा पीढ़ी मेहनत किए बिना ही ऊंचा मुकाम, सफलता और पैसा हासिल करना चाहती है ।",-0.8687,0.0101,-7.831,-7.6759,-5.2039,-7.831,-1.1813,1
train-s8821,इस कारण मिनी बस भी दुर्घटनाग्रस्त वाहनों से टकरा गई ।,SOV,11,5,-0.1344,0.5004,0.4615,6,इसी बीच सवेरे करीब पौने सात बजे एक क्वालिस उससे टकरा गई ।,1.2,0.0,-10.5036,-1.9684,-7.1567,-3.752,-1.3489,1
train-s8823,पुलिस ने मौके पर पहुंचकर घायलों को नजदीकी अस्पताल में भर्ती कराया ।,SOV,13,99,-0.1639,0.5787,0.5455,6,इस कारण मिनी बस भी दुर्घटनाग्रस्त वाहनों से टकरा गई ।,-1.9697,0.0,-30.9126,-19.3845,-18.285,-34.0274,-2.824,1
train-s8826,वाघा बॉर्डर पार करते ही इतना प्यार और सम्मान मिला कि बचपन में भारत के बारे में बताईं गईं और पढ़ाई गई सारी बातें बेमानी लगने लगीं ।,SOV,28,1,-0.1492,0.5883,0.5385,7,पुलिस ने मौके पर पहुंचकर घायलों को नजदीकी अस्पताल में भर्ती कराया ।,-1.0,0.0,-6.4417,2.901,-1.4685,-6.4417,-1.5804,1
train-s8838,पाकिस्तानी छात्रों का यह दल लगभग ३० हजार भारतीय बच्चों से मिलेगा ।,SOV,13,1,0.0988,0.5128,0.5,14,वाघा बॉर्डर पार करते ही इतना प्यार और सम्मान मिला कि बचपन में भारत के बारे में बताईं गईं और पढ़ाई गई सारी बातें बेमानी लगने लगीं ।,1.0,0.0,2.2214,-6.6491,-3.4157,2.1129,0.8143,1
train-s8840,इसके साथ ही सरकार ने कहा कि पिछले दिनों की तुलना में गेहूं के मूल्य में भी गिरावट दर्ज की गई है ।,SOV,23,1,0.2232,0.4987,0.3846,5,पाकिस्तानी छात्रों का यह दल लगभग ३० हजार भारतीय बच्चों से मिलेगा ।,-1.0,2.0,-5.2486,-1.2144,-1.671,-5.2486,-1.1694,1
train-s8847,इस बीच एसटीसी ने ३५ लाख टन गेहूं खरीद के लिए निविदा आमंत्रित किया है ।,SOV,16,99,0.0314,0.5066,0.6522,15,इसके साथ ही सरकार ने कहा कि पिछले दिनों की तुलना में गेहूं के मूल्य में भी गिरावट दर्ज की गई है ।,-2.6162,0.0,-23.6088,-10.0587,-9.416,-23.5424,-5.3164,1
train-s8851,गेहूं को छोड़ अन्य खाद्यान्नों के उत्पादन पर कृषि मंत्री ने संतोष व्यक्त किया ।,SOV,15,99,-0.0215,0.493,0.625,10,इस बीच एसटीसी ने ३५ लाख टन गेहूं खरीद के लिए निविदा आमंत्रित किया है ।,-8.202,0.0,-20.3456,-11.0003,-10.2021,-18.5601,-2.875,1
train-s8852,कृषि मंत्री ने इस दौरान खाद्यान्न उत्पादन का चौथा पूर्व आंकलन प्रस्तुत किया ।,SOV,14,23,-0.0396,0.4833,0.7333,11,गेहूं को छोड़ अन्य खाद्यान्नों के उत्पादन पर कृषि मंत्री ने संतोष व्यक्त किया ।,-1.0435,0.0,-6.6859,-10.3006,-11.6207,-4.8768,-4.84,1
train-s8856,पीड़ित महिला योको ने मंगलवार को आगरा से अपनी शिकायत अजमेर के एसपी को फैक्स की ।,SOV,17,99,0.032,0.4889,0.7143,10,कृषि मंत्री ने इस दौरान खाद्यान्न उत्पादन का चौथा पूर्व आंकलन प्रस्तुत किया ।,-3.4646,0.0,-9.0244,-9.0677,-8.4083,-8.4917,-1.9244,1
train-s8857,पुलिस ने होटल मालिक के बेटे और चार अन्य आरोपियों के खिलाफ एफआईआर दर्ज कर जांच के लिए एक टीम आगरा भेज दी है ।,SOV,25,99,-0.0373,0.483,0.7059,12,पीड़ित महिला योको ने मंगलवार को आगरा से अपनी शिकायत अजमेर के एसपी को फैक्स की ।,-13.3737,0.0,-10.6748,-4.6782,-5.158,-10.2109,-1.1867,1
train-s8866,महिला के बेहोश हो जाने के बाद बबलू ने उसके साथ बलात्कार किया ।,SOV,14,23,-0.0116,0.462,0.6,15,पुलिस ने होटल मालिक के बेटे और चार अन्य आरोपियों के खिलाफ एफआईआर दर्ज कर जांच के लिए एक टीम आगरा भेज दी है ।,-9.3913,0.0,-24.4883,-14.164,-12.4131,-23.647,-5.0046,1
train-s8874,लालू ने आरोप लगाया था कि वडोदरा में बजरंग दल और भाजपा के कार्यकर्ताओं ने उनकी गाड़ी पर पथराव किया ।,SOV,21,1,-0.1084,0.4811,0.8571,12,महिला के बेहोश हो जाने के बाद बबलू ने उसके साथ बलात्कार किया ।,-1.0,0.0,-25.197,-20.1931,-22.791,-25.1229,-7.3682,1
train-s8876,वडोदरा के पुलिस आयुक्त दीपक स्वरूप ने मीडिया से बातचीत करते हुए कहा कि फॉरेंसिक विज्ञान निदेशालय की रिपोर्ट अधूरी है ।,SOV,22,1,-0.2305,0.5705,0.4762,10,लालू ने आरोप लगाया था कि वडोदरा में बजरंग दल और भाजपा के कार्यकर्ताओं ने उनकी गाड़ी पर पथराव किया ।,-2.0,0.0,-8.0029,-4.3314,1.0437,-4.024,-1.8304,1
train-s8897,लेकिन बाद में मुख्यमंत्री राजशेखर रेड्डी ने इस बात की पुष्टि की है कि टीआरएस के ६ सदस्यों को मंत्रिमंडल में शामिल किया जाएगा ।,SOV,25,23,0.0184,0.5014,0.6364,14,वडोदरा के पुलिस आयुक्त दीपक स्वरूप ने मीडिया से बातचीत करते हुए कहा कि फॉरेंसिक विज्ञान निदेशालय की रिपोर्ट अधूरी है ।,5.7391,0.0,-20.8137,-20.0718,-19.3577,-19.7879,-7.1138,1
train-s89,जुलाई से लेकर मार्च तक का समय यहाँ जाने के लिए उपयुक्त है ।,SOV,14,5,-0.0691,0.4944,0.3571,5,लोहानी गुफाएँ और उनके सामने स्थित सनसेट पॉइंट भी पर्यटकों को खींचता है ।,-7.2,0.0,-7.969,-9.038,-11.3878,-7.6972,-1.1001,1
train-s8909,अल्पसंख्यक संस्थाओं को आरक्षण से छूट मिलनी चाहिए ।,SOV,9,5,0.1087,0.4938,0.6,15,लेकिन बाद में मुख्यमंत्री राजशेखर रेड्डी ने इस बात की पुष्टि की है कि टीआरएस के ६ सदस्यों को मंत्रिमंडल में शामिल किया जाएगा ।,-2.4,0.0,-10.7429,-9.1113,-9.4041,-10.7429,-1.8975,1
train-s891,यदि उत्पादन में भी चिप्स के लिए मशहूर कनाडा का यह आलू यहां ठीक उतरा तो एक करार के तहत घाटी के कई किसान इसे अपने खेतों में बीजेंगे ।,SOV,30,99,0.0851,0.4855,0.5111,23,"वहीं, जम्मू - कश्मीर में माकपा की राज्य ईकाई के सचिव एम. वाई. तारीगामी ने पत्रकारों से कहा कि हम यूपीए सरकार से न्यूनतम साझा कार्यक्रम में पाकिस्तान और कश्मीर के सभी संगठनों के साथ वार्ता को शामिल करने की अपील करते हैं ।",-26.4646,-0.0101,-12.5737,-5.2399,-5.0329,-12.569,-2.1525,1
train-s8911,"एनडीए बैठक के बाद भाजपा संसदीय दल के प्रवक्ता वी. के. मल्होत्रा ने दावा किया कि विधेयक के खिलाफ सभी घटक दल एकजुट हैं, जिसमें जद (यू) भी शामिल है ।",SOV,34,5,0.023,0.4744,0.6667,6,अल्पसंख्यक संस्थाओं को आरक्षण से छूट मिलनी चाहिए ।,-3.6,0.0,-22.5676,-15.5113,-17.4213,-22.5676,-7.0848,1
train-s892,सामान्य आलू से कीमती इस ट्यूबर किस्म को एलपीएस के जरिए मीकन्स कंपनी गुजरात में लगाई जा रही अपनी नई यूनिट के लिए खरीदेगी ।,DOSV,25,23,0.124,0.4576,0.6667,20,यदि उत्पादन में भी चिप्स के लिए मशहूर कनाडा का यह आलू यहां ठीक उतरा तो एक करार के तहत घाटी के कई किसान इसे अपने खेतों में बीजेंगे ।,2.6087,0.0,-6.4317,1.4179,-1.0721,-7.0875,1.4507,1
train-s8921,यह किसानों को उन्नत कृषि की ओर ले जाएगा और ग्रामीण क्षेत्रों में औद्योगिक स्वरूप विकसित करने में सहायक होगा ।,SOV,21,5,-0.0122,0.4947,0.5,17,"एनडीए बैठक के बाद भाजपा संसदीय दल के प्रवक्ता वी. के. मल्होत्रा ने दावा किया कि विधेयक के खिलाफ सभी घटक दल एकजुट हैं, जिसमें जद (यू) भी शामिल है ।",3.6,1.2,-10.2051,-2.3998,-1.5631,-10.2051,-1.5594,1
train-s8929,विदेशी मदद की पेशकश को दरकिनार करने के बाद भारत ने अब सुनामी से हुई तबाही से उबरने के लिए विश्व बैंक और एशियन विकास बैंक (एडीबी) से मदद मांगी है ।,SOV,34,99,0.218,0.4851,0.619,13,यह किसानों को उन्नत कृषि की ओर ले जाएगा और ग्रामीण क्षेत्रों में औद्योगिक स्वरूप विकसित करने में सहायक होगा ।,-8.1111,0.0,-20.7472,-7.5919,-8.9452,-20.7472,-5.013,1
train-s8934,सूत्रों ने इस बात की भी पुष्टि की है कि संयुक्त राष्ट्र के जनसंख्या नियंत्रण कोष (यूएनएफपीए) ने यूनीसेफ के सहयोग से भारत के सुनामी प्रभावित इलाकों के लिए पचास लाख रुपये देने का आश्वासन दिया है ।,SOV,40,1,-0.0769,0.5499,0.5882,20,विदेशी मदद की पेशकश को दरकिनार करने के बाद भारत ने अब सुनामी से हुई तबाही से उबरने के लिए विश्व बैंक और एशियन विकास बैंक (एडीबी) से मदद मांगी है ।,3.0,0.0,-23.5213,-24.8836,-22.7984,-21.5757,-4.6897,1
train-s8942,डब्यूएफपी सरकार के साथ मशविरा कर तमिलनाडु में भी सप्लाई करने को तैयार है ।,SOV,15,99,0.0593,0.4983,0.675,27,सूत्रों ने इस बात की भी पुष्टि की है कि संयुक्त राष्ट्र के जनसंख्या नियंत्रण कोष (यूएनएफपीए) ने यूनीसेफ के सहयोग से भारत के सुनामी प्रभावित इलाकों के लिए पचास लाख रुपये देने का आश्वासन दिया है ।,3.0404,0.0,-14.2094,-11.4499,-11.2014,-12.6725,-5.7072,1
train-s8945,"इनके अलावा तमिलनाडु के तीन बुरी तरह प्रभावित जिलों नागपट्टिनम, कन्याकुमारी और कुड्डालोर में एक - एक कार्यकर्ता प्रशासन को सहयोग कर रहा है ।",SOV,26,99,0.0286,0.4924,0.6,9,डब्यूएफपी सरकार के साथ मशविरा कर तमिलनाडु में भी सप्लाई करने को तैयार है ।,-12.4949,1.0505,-14.1677,-6.4045,-5.5495,-11.07,-6.4709,1
train-s8946,डब्ल्यूएचओ केंद्रीय स्वास्थ्य मंत्रालय के साथ काम कर रहा है ।,SOV,11,5,0.004,0.5074,0.5769,15,"इनके अलावा तमिलनाडु के तीन बुरी तरह प्रभावित जिलों नागपट्टिनम, कन्याकुमारी और कुड्डालोर में एक - एक कार्यकर्ता प्रशासन को सहयोग कर रहा है ।",0.0,0.0,-13.0724,-7.1981,-8.0228,-11.6476,-3.4215,1
train-s8962,फर्नॉडिस के साथ ४५ मिनट की बातचीत के बाद साध्वी ने पत्रकारों को बताया कि वह बिहार में पार्टी की सह - प्रभारी हैं ।,SOV,25,23,0.1246,0.4229,0.7273,8,डब्ल्यूएचओ केंद्रीय स्वास्थ्य मंत्रालय के साथ काम कर रहा है ।,-3.6522,0.0,-10.6152,-7.5717,-4.1214,-10.6352,-1.8326,1
train-s8966,अपनी टिथी में फर्नॉडिस ने कहा था कि आडवाणी प्रकरण पर आरएसएस अपनी हदें लांघ रहा है ।,SOV,18,1,0.0936,0.487,0.52,13,फर्नॉडिस के साथ ४५ मिनट की बातचीत के बाद साध्वी ने पत्रकारों को बताया कि वह बिहार में पार्टी की सह - प्रभारी हैं ।,-1.0,0.0,6.4368,4.9538,5.6721,5.5446,-0.627,1
train-s8972,राज्य में राजद को मात देने के लिए भाजपा - जद (यू) कार्य योजना के बारे में उन्होंने कहा कि हमारी कार्य योजना पूरी तरह तैयार है ।,SOV,30,5,0.1566,0.4862,0.4444,8,अपनी टिथी में फर्नॉडिस ने कहा था कि आडवाणी प्रकरण पर आरएसएस अपनी हदें लांघ रहा है ।,-8.4,0.0,-8.1436,-5.8655,-7.316,-7.7581,-2.4944,1
train-s8982,इस बीच लालू यादव ने सिंह के बचाव में भाजपा के आरोपों को खारिज करते हुए कहा है कि मामले को बेवजह उछाला जा रहा है ।,SOV,27,23,0.1037,0.4324,0.5333,16,राज्य में राजद को मात देने के लिए भाजपा - जद (यू) कार्य योजना के बारे में उन्होंने कहा कि हमारी कार्य योजना पूरी तरह तैयार है ।,8.3478,0.0,-8.268,-1.5568,-2.0468,-7.3902,-1.8219,1
train-s8988,एनडीए सोमवार को यह मुद्दा संसद के दोनों सदनों में उठाएगा ।,SOV,12,23,-0.1087,0.5326,0.5556,15,इस बीच लालू यादव ने सिंह के बचाव में भाजपा के आरोपों को खारिज करते हुए कहा है कि मामले को बेवजह उछाला जा रहा है ।,6.2609,0.0,4.7044,-1.7586,-2.0257,4.6802,1.8697,1
train-s8998,एक फरवरी को सभी छह आईआईएम के निदेशकों की मंत्रालय ने बैठक बुलाई है ।,SOV,15,5,0.1351,0.529,0.5,6,एनडीए सोमवार को यह मुद्दा संसद के दोनों सदनों में उठाएगा ।,-2.4,0.0,-4.8036,-8.2768,-9.0611,-4.8036,-3.0047,1
train-s8999,बैठक का आशय आईआईएम की स्वायत्तता को लेकर हाल में उपजी भ्रांति को दूर करना है ।,SOV,17,23,0.0312,0.4518,0.6667,10,एक फरवरी को सभी छह आईआईएम के निदेशकों की मंत्रालय ने बैठक बुलाई है ।,-3.1304,0.0,-22.2902,-9.7029,-8.499,-20.0972,-2.1692,1
train-s900,इसी के तहत मीकन्स ने कनाडा से २० हजार ट्यूबर मंगवाकर कुछ माह पहले एलपीएस को लाहौल में लगाने के लिए दिए ।,SOV,23,99,0.2144,0.4755,0.52,13,सामान्य आलू से कीमती इस ट्यूबर किस्म को एलपीएस के जरिए मीकन्स कंपनी गुजरात में लगाई जा रही अपनी नई यूनिट के लिए खरीदेगी ।,-4.6566,1.0,-3.7959,-3.4347,-1.6896,-3.4429,-0.1875,1
train-s9010,एक संयुक्त सचिव स्तर के अधिकारी के मुताबिक आईआईएम बंगलोर बोर्ड के चेयरमैन मुकेश डी अंबानी ने सरकार के फैसले के पक्ष में बयान दिया है ।,SOV,27,23,0.1842,0.4714,0.6471,11,बैठक का आशय आईआईएम की स्वायत्तता को लेकर हाल में उपजी भ्रांति को दूर करना है ।,-12.5217,0.0,-12.4277,-9.3931,-8.8986,-12.3417,-5.0034,1
train-s9015,इन स्थानों की पहचान कर उन्हें विकसित करने के लिए केंद्र आर्थिक सहायता भी देने के लिए तैयार है ।,SOV,20,23,0.0298,0.4585,0.6296,17,एक संयुक्त सचिव स्तर के अधिकारी के मुताबिक आईआईएम बंगलोर बोर्ड के चेयरमैन मुकेश डी अंबानी ने सरकार के फैसले के पक्ष में बयान दिया है ।,-11.4783,0.0,-12.6697,-9.507,-8.0881,-11.6646,-3.9585,1
train-s9024,लेकिन केंद्र राज्य सरकार से सलाह - मशविरा कर उन्हें पर्यटन स्थलों के विकास के लिए आर्थिक सहायता मुहैया कराने के लिए तैयार है ।,SOV,25,99,0.1222,0.4608,0.6,12,इन स्थानों की पहचान कर उन्हें विकसित करने के लिए केंद्र आर्थिक सहायता भी देने के लिए तैयार है ।,15.4141,-0.0101,-28.4676,-22.3337,-24.4135,-19.8969,-8.215,1
train-s9029,वहीं रोहतक से पुलिस की विशेष टीम ने स्कूल में जाकर अध्यापकों से पूछताछ की ।,SOV,16,99,0.1222,0.4656,0.6,15,लेकिन केंद्र राज्य सरकार से सलाह - मशविरा कर उन्हें पर्यटन स्थलों के विकास के लिए आर्थिक सहायता मुहैया कराने के लिए तैयार है ।,-5.2727,0.0,-10.2584,-14.1039,-15.2371,-12.1606,-7.2697,1
train-s9031,कंसाला पुलिस चौकी ने सरपंच जयसिंह के बयान पर शिकायत दर्ज कर ली है ।,SOV,15,23,0.1187,0.566,0.6875,11,वहीं रोहतक से पुलिस की विशेष टीम ने स्कूल में जाकर अध्यापकों से पूछताछ की ।,-6.7826,0.0,-8.2632,-18.5329,-16.222,-8.2632,-5.9209,1
train-s9032,"पुलिस ने वारदात की वजह आपसी रंजिश बताया है, लेकिन परिजनों ने इससे इनकार किया है ।",SOV,18,5,-0.155,0.5269,0.6667,10,कंसाला पुलिस चौकी ने सरपंच जयसिंह के बयान पर शिकायत दर्ज कर ली है ।,0.0,0.0,2.3044,0.6201,0.8774,6.9213,-1.278,1
train-s9036,स्कूल प्राचार्य ने घटना की सूचना गांव के सरपंच जयसिंह व बच्चे के परिजनों को दी ।,SOV,17,5,-0.2642,0.5162,0.6111,11,"पुलिस ने वारदात की वजह आपसी रंजिश बताया है, लेकिन परिजनों ने इससे इनकार किया है ।",7.2,0.0,1.3085,1.2236,3.3178,2.7944,1.9965,1
train-s9038,सरपंच जयसिंह ने इस बारे में अध्यापकों व बच्चों से बातचीत की ।,SOV,13,23,0.0158,0.5187,0.5294,9,स्कूल प्राचार्य ने घटना की सूचना गांव के सरपंच जयसिंह व बच्चे के परिजनों को दी ।,-2.6087,-1.0435,-13.0244,-18.9273,-19.7937,-6.5417,-5.8873,1
train-s9040,अपहरण की सूचना मिलते ही पुलिस ने नाकेबंदी कर वाहनों की जांच पड़ताल शुरू कर दी ।,SOV,17,23,0.0505,0.5331,0.5385,7,सरपंच जयसिंह ने इस बारे में अध्यापकों व बच्चों से बातचीत की ।,-8.3478,0.0,-13.2533,-16.2138,-14.5151,-13.2076,-4.968,1
train-s9041,इस संबंध में कंसाला पुलिस चौकी ने सरपंच जयसिंह के बयान पर शिकायत दर्ज कर ली है ।,SOV,18,99,-0.1084,0.5492,0.6471,11,अपहरण की सूचना मिलते ही पुलिस ने नाकेबंदी कर वाहनों की जांच पड़ताल शुरू कर दी ।,-7.2525,0.0,-12.7013,-16.318,-15.5299,-10.6896,-6.2458,1
train-s9044,टीम ने अध्यापकों से पूछताछ की ।,SOV,7,5,-0.0915,0.5326,0.7222,13,इस संबंध में कंसाला पुलिस चौकी ने सरपंच जयसिंह के बयान पर शिकायत दर्ज कर ली है ।,-1.2,0.0,-7.6499,-16.2265,-15.7599,-9.4854,-4.2492,1
train-s9048,वहीं फायर ब्रांड नेता अशोक सिंघल ने भी मठाधीशों और धार्मिक नेताओं से जातिवाद और छुआछूत को खत्म करने की अपील की ।,SOV,23,23,-0.0309,0.5716,0.7143,5,टीम ने अध्यापकों से पूछताछ की ।,9.913,0.0,-12.4361,-11.5614,-12.1997,-9.0025,-6.1626,1
train-s9053,इस मौके पर विहिप के फायर ब्रांड नेता अशोक सिंघल ने सभी मठाधीशों और देश भर के धार्मिक नेताओं से जातिवाद और छुआछूत को खत्म करने की अपील की ।,SOV,30,23,-0.0948,0.5646,0.6087,14,वहीं फायर ब्रांड नेता अशोक सिंघल ने भी मठाधीशों और धार्मिक नेताओं से जातिवाद और छुआछूत को खत्म करने की अपील की ।,8.3478,0.0,-13.1147,-15.6334,-23.8512,-8.9902,-5.181,1
train-s9060,अध्यक्ष ने शोरशराबे के बीच सदन की कार्यवाही दो बार स्थगित की ।,SOV,13,99,-0.0313,0.5458,0.6333,19,इस मौके पर विहिप के फायर ब्रांड नेता अशोक सिंघल ने सभी मठाधीशों और देश भर के धार्मिक नेताओं से जातिवाद और छुआछूत को खत्म करने की अपील की ।,-2.9697,0.0,-11.9974,-12.5873,-14.7685,-13.2049,-5.6417,1
train-s9063,इसके बाद प्रश्नकाल शुरू होते ही विपक्षी सदस्यों ने प्रदेश के परिवहन मंत्री रणदीप सिंह सुरजेवाला को निशाने पर ले लिया और हंगामा करने लगे ।,SOV,26,23,-0.0331,0.4989,0.8462,11,अध्यक्ष ने शोरशराबे के बीच सदन की कार्यवाही दो बार स्थगित की ।,0.5217,1.0435,-8.7564,-5.9965,-3.9327,-8.753,-3.2317,1
train-s9066,इस पर विपक्ष के सदस्यों ने दागी मंत्री इस्तीफा दें या उन्हें बर्खास्त करो के नारे लगाने शुरू कर दिए ।,SOV,21,23,-0.1145,0.5551,0.5,13,इसके बाद प्रश्नकाल शुरू होते ही विपक्षी सदस्यों ने प्रदेश के परिवहन मंत्री रणदीप सिंह सुरजेवाला को निशाने पर ले लिया और हंगामा करने लगे ।,2.087,1.0435,-30.7105,-14.1025,-15.9533,-28.2235,-5.84,1
train-s9081,पुलिस ने एक घायल की शिकायत पर जीप चालक के खिलाफ मामला दर्ज कर लिया है ।,SOV,17,99,-0.1841,0.4992,0.4286,9,इस पर विपक्ष के सदस्यों ने दागी मंत्री इस्तीफा दें या उन्हें बर्खास्त करो के नारे लगाने शुरू कर दिए ।,-6.0202,0.0,-24.822,-17.7558,-17.1729,-21.9408,-6.1941,1
train-s9091,ग्रामीणों ने पुलिस को बताया कि यह अचानक हादसा हुआ है ।,SOV,12,1,-0.1716,0.5219,0.7647,13,पुलिस ने एक घायल की शिकायत पर जीप चालक के खिलाफ मामला दर्ज कर लिया है ।,0.0,0.0,-4.9416,3.7314,3.177,-4.3166,-2.4505,1
train-s9093,पुलिस ने क्रेन की मदद से जीप को ट्रक के नीचे से निकलवाकर कब्जे में ले लिया है ।,SOV,19,99,-0.0567,0.5795,0.5833,7,ग्रामीणों ने पुलिस को बताया कि यह अचानक हादसा हुआ है ।,1.1111,0.0,-11.0429,-1.0912,-0.6833,-9.3222,-0.4735,1
train-s9096,जीप गांव खाड़ाखेड़ी निवासी तोताराम चला रहा था ।,DOSV,9,1,0.0197,0.5176,0.8421,16,पुलिस ने क्रेन की मदद से जीप को ट्रक के नीचे से निकलवाकर कब्जे में ले लिया है ।,3.0,0.0,-1.6679,3.165,2.8947,-1.9326,0.3232,1
train-s9102,पूर्व प्रधानमंत्री राजीव गांधी के जन्म दिवस को केन्द्रीय गैर - परम्परागत ऊर्जा स्रोत मंत्रालय शनिवार को 'राजीव गांधी अक्षय ऊर्जा दिवस' के रूप में मना रहा है ।,DOSV,31,23,-0.0188,0.3637,0.3333,3,जीप गांव खाड़ाखेड़ी निवासी तोताराम चला रहा था ।,0.5217,0.0,-4.0304,6.6342,1.6037,-3.9221,0.579,1
train-s9107,इस बात की जानकारी केन्या के एक सरकारी अधिकारी ने दी है ।,DOSV,13,1,0.1997,0.5026,0.5161,16,पूर्व प्रधानमंत्री राजीव गांधी के जन्म दिवस को केन्द्रीय गैर - परम्परागत ऊर्जा स्रोत मंत्रालय शनिवार को 'राजीव गांधी अक्षय ऊर्जा दिवस' के रूप में मना रहा है ।,2.0,0.0,10.4149,16.1043,13.6066,10.4261,6.5167,1
train-s9108,भारतीय महिलाओं की दुर्दशा के बारे में एसएमएस मिलने के बाद किलिमो ने मंगलवार को पार्कलैंड स्टेट स्थित नाइटक्लब में घुसकर पांचों महिलाओं को मुक्त कराया ।,SOV,27,99,0.0188,0.4703,0.7692,10,इस बात की जानकारी केन्या के एक सरकारी अधिकारी ने दी है ।,-20.4141,0.0,-15.2538,-11.3228,-9.8362,-14.4206,-3.011,1
train-s9114,मार्क्सवादी कम्युनिस्ट पार्टी (माकपा) ने मंगलवार को कांग्रेस को करारा झटका दिया ।,SOV,15,23,0.0308,0.4609,0.4815,13,भारतीय महिलाओं की दुर्दशा के बारे में एसएमएस मिलने के बाद किलिमो ने मंगलवार को पार्कलैंड स्टेट स्थित नाइटक्लब में घुसकर पांचों महिलाओं को मुक्त कराया ।,-7.8261,0.0,-20.2465,-20.1643,-19.5238,-17.1072,-3.3769,1
train-s9125,कांग्रेस ने माकपा के तीन सदस्यों व दो निर्दलियों को अपने गठबंधन में रखकर अपनी सदस्य संख्या ७४ बताई थी ।,SOV,21,23,-0.2437,0.5413,0.5333,8,मार्क्सवादी कम्युनिस्ट पार्टी (माकपा) ने मंगलवार को कांग्रेस को करारा झटका दिया ।,-6.2609,0.0,-9.7327,-7.1964,-5.3638,-3.0219,-2.8101,1
train-s9127,राज्यपाल ने उनका इस्तीफा स्वीकार कर लिया और वैकल्पिक इंतजाम होने तक उन्हें पद पर बने रहने को कहा ।,SOV,20,5,-0.0094,0.4632,0.619,13,कांग्रेस ने माकपा के तीन सदस्यों व दो निर्दलियों को अपने गठबंधन में रखकर अपनी सदस्य संख्या ७४ बताई थी ।,-1.2,0.0,-29.8321,-15.8808,-15.7653,-29.7555,-4.5589,1
train-s9131,बैंक खातों को लेकर उठे विवाद के बीच बेस्ट बेकरी कांड की मुख्य गवाह जाहिरा शेख ने आज यहां विशेष अदालत को बताया कि उसने वडोदरा के अपने खाते में खुद पैसे जमा कराए थे ।,SOV,36,99,-0.0841,0.4961,0.6,12,राज्यपाल ने उनका इस्तीफा स्वीकार कर लिया और वैकल्पिक इंतजाम होने तक उन्हें पद पर बने रहने को कहा ।,-19.2525,0.0101,-13.7535,-8.3855,-9.3058,-13.7535,-0.2814,1
train-s9134,जाहिरा ने कोर्ट को बताया कि उसने अपने भाई नफीतुल्ला के साथ बैंक ऑफ बड़ौदा की शाखा जाकर अपने खाते में ३५ हजार रुपये जमा किए थे ।,SOV,28,1,0.0428,0.5197,0.6389,23,बैंक खातों को लेकर उठे विवाद के बीच बेस्ट बेकरी कांड की मुख्य गवाह जाहिरा शेख ने आज यहां विशेष अदालत को बताया कि उसने वडोदरा के अपने खाते में खुद पैसे जमा कराए थे ।,0.0,0.0,-6.3292,0.4507,-1.2345,-4.6969,-1.438,1
train-s9137,अभियोजन पक्ष ने मंगलवार को कोर्ट को बताया था कि जाहिरा के खाते में ४५ हजार रुपये जमा किए गए थे और इसके बाद ही वह बयान से मुकर गई थी ।,SOV,32,5,0.0321,0.4887,0.5714,16,जाहिरा ने कोर्ट को बताया कि उसने अपने भाई नफीतुल्ला के साथ बैंक ऑफ बड़ौदा की शाखा जाकर अपने खाते में ३५ हजार रुपये जमा किए थे ।,-1.2,0.0,-4.6004,-1.6489,-4.213,-6.6644,-0.4708,1
train-s9141,ये मकान जाहिरा और उसके परिजनों ने मुंबई में किराए पर लिया था ।,DOSV,14,23,-0.0514,0.4986,0.5312,17,अभियोजन पक्ष ने मंगलवार को कोर्ट को बताया था कि जाहिरा के खाते में ४५ हजार रुपये जमा किए गए थे और इसके बाद ही वह बयान से मुकर गई थी ।,-1.5652,0.0,-7.3384,0.2857,-1.159,-7.3546,-0.6036,1
train-s9152,दुमका क्षेत्र के १३ उपकेंद्रों में केवल पांच काम कर रहे हैं ।,SOV,13,5,-0.1228,0.4947,0.5,7,ये मकान जाहिरा और उसके परिजनों ने मुंबई में किराए पर लिया था ।,-6.0,0.0,-8.43,-6.4651,-6.2554,-8.43,-2.6647,1
train-s9156,पूछने पर कुछ ग्रामीणों ने तो यहां तक कहा कि जनस्वास्थ्य केंद्र और ब्लॉकों के कर्मचारी मरीजों को मुफ्त में बांटने के लिए आईं दवाओं को बेचकर पैसे खड़े कर लेते हैं ।,SOV,33,5,0.0548,0.3927,0.5385,7,दुमका क्षेत्र के १३ उपकेंद्रों में केवल पांच काम कर रहे हैं ।,0.0,0.0,-18.0235,0.5641,0.136,-18.0235,1.4275,1
train-s9158,कई बार तो विभाग के कर्मचारी ही उन्हें निजी डाक्टर के यहां भेज देते हैं ।,SOV,16,23,-0.0024,0.5131,0.5455,18,पूछने पर कुछ ग्रामीणों ने तो यहां तक कहा कि जनस्वास्थ्य केंद्र और ब्लॉकों के कर्मचारी मरीजों को मुफ्त में बांटने के लिए आईं दवाओं को बेचकर पैसे खड़े कर लेते हैं ।,0.0,0.0,-4.9142,-1.3729,-1.8143,-4.9221,0.9361,1
train-s9165,प्रदेश की मुखिया मायावती की मंशा पर खरा उतरने के लिए जनपद पुलिस ने कसरत शुरू कर दी है ।,SOV,20,23,0.0907,0.4263,0.5625,9,कई बार तो विभाग के कर्मचारी ही उन्हें निजी डाक्टर के यहां भेज देते हैं ।,-16.6957,0.0,-22.2829,-12.315,-11.5523,-22.2829,-3.4635,1
train-s9167,मुख्यमंत्री की कार्यप्रणाली से एसएसपी ने अपने अधीनस्थों को परिचित करा दिया ।,SOV,13,23,0.009,0.5533,0.55,11,प्रदेश की मुखिया मायावती की मंशा पर खरा उतरने के लिए जनपद पुलिस ने कसरत शुरू कर दी है ।,-4.1739,0.0,-9.4811,-5.2042,-6.3155,-9.4898,-2.3159,1
train-s9169,गत दिनों लखनऊ में हुई मीटिंग से लौटे वरिष्ठ पुलिस अधीक्षक आरके चतुर्वेदी ने पुलिस लाइन के सभागार में क्षेत्राधिकारियों और थाना प्रभारियों की मीटिंग कर मिले दिशा निर्देशों से अवगत कराया ।,SOV,33,23,-0.0256,0.5478,0.4615,6,मुख्यमंत्री की कार्यप्रणाली से एसएसपी ने अपने अधीनस्थों को परिचित करा दिया ।,-17.2174,0.0,-18.0508,-16.1432,-12.8014,-17.4915,-3.1198,1
train-s9170,एसएसपी ने अधीनस्थों को इनामी और शातिर अपराधियों के विरुद्ध अभियान चलाकर तत्काल सलाखों के पीछे करने के स्पष्ट निर्देश दिए ।,SOV,22,5,0.01,0.536,0.4848,16,गत दिनों लखनऊ में हुई मीटिंग से लौटे वरिष्ठ पुलिस अधीक्षक आरके चतुर्वेदी ने पुलिस लाइन के सभागार में क्षेत्राधिकारियों और थाना प्रभारियों की मीटिंग कर मिले दिशा निर्देशों से अवगत कराया ।,16.8,0.0,-13.4177,-8.9344,-7.5946,-12.4176,-5.5453,1
train-s9173,मुख्यमंत्री की मंशा के अनुरूप एसएसपी ने छेड़छाड़ के विरुद्ध चार टीमें गठित की ।,SOV,15,99,-0.0699,0.5114,0.4545,10,एसएसपी ने अधीनस्थों को इनामी और शातिर अपराधियों के विरुद्ध अभियान चलाकर तत्काल सलाखों के पीछे करने के स्पष्ट निर्देश दिए ।,-7.9293,0.0,-21.7751,-6.8063,-11.2485,-25.9545,-2.0038,1
train-s9175,पुलिस ने इस दौरान बिना नंबर के चार वाहनों को भी पकड़ा ।,SOV,13,23,-0.0121,0.4784,0.6,9,मुख्यमंत्री की मंशा के अनुरूप एसएसपी ने छेड़छाड़ के विरुद्ध चार टीमें गठित की ।,3.6522,0.0,-2.2868,-7.4949,-5.9766,-3.793,-1.7959,1
train-s9178,मुलायम सिंह ने कन्या विद्या धन योजना में भाग लेने के बाद पत्रकारों से बातचीत के दौरान ये बात कही ।,SOV,21,99,-0.1905,0.5001,0.6923,9,पुलिस ने इस दौरान बिना नंबर के चार वाहनों को भी पकड़ा ।,-6.3737,0.0,-24.7728,-18.4586,-14.5747,-23.3838,-3.0246,1
train-s9184,सुप्रीम कोर्ट ने सोमवार को आगरा में यमुना नदी पर बैराज बनाने के मामले में भारतीय पुरातत्व सर्वेक्षण (एएसआई) और उत्तर प्रदेश राज्य सरकार को अपने जवाब चार सप्ताह में देने का निर्देश दिया ।,SOV,37,99,0.1366,0.5009,0.7619,16,मुलायम सिंह ने कन्या विद्या धन योजना में भाग लेने के बाद पत्रकारों से बातचीत के दौरान ये बात कही ।,20.1818,0.0,-20.7742,-8.9251,-10.3404,-19.9758,-6.3091,1
train-s9189,बंसल ने इस मामले में एक आरोपी की मदद से ऑस्ट्रेलिया में वेब के जरिये भुगतान पाने और रैकेट में शामिल अन्य लोगों तक पैसा पहुंचाने के लिए एक जटिल प्रणाली विकसित कर ली थी ।,SOV,36,99,0.0679,0.4886,0.6216,23,सुप्रीम कोर्ट ने सोमवार को आगरा में यमुना नदी पर बैराज बनाने के मामले में भारतीय पुरातत्व सर्वेक्षण (एएसआई) और उत्तर प्रदेश राज्य सरकार को अपने जवाब चार सप्ताह में देने का निर्देश दिया ।,4.101,0.0,-27.3464,-16.8976,-13.3596,-27.1798,-5.3846,1
train-s9194,एनसीबी और डीईए के अधिकारियों के मुताबिक रैकेट में शामिल आस्ट्रेलियाई नागरिक स्कैल्टन अंतर्राष्ट्रीय स्तर पर इस रैकेट को संचालित करने में अहम भूमिका निभाता था ।,SOV,27,23,0.0562,0.4882,0.75,27,बंसल ने इस मामले में एक आरोपी की मदद से ऑस्ट्रेलिया में वेब के जरिये भुगतान पाने और रैकेट में शामिल अन्य लोगों तक पैसा पहुंचाने के लिए एक जटिल प्रणाली विकसित कर ली थी ।,-6.2609,0.0,-28.3579,-15.3039,-16.347,-22.6442,-4.9579,1
train-s9195,"स्कैल्टन ही वेबसाइट के जरिये नारकोटिक्स, स्टेरॉयड तथा अन्य नशीली दवाओं की सप्लाई के लिए ऑर्डर लेता था ।",SOV,20,23,0.0597,0.4668,0.5556,15,एनसीबी और डीईए के अधिकारियों के मुताबिक रैकेट में शामिल आस्ट्रेलियाई नागरिक स्कैल्टन अंतर्राष्ट्रीय स्तर पर इस रैकेट को संचालित करने में अहम भूमिका निभाता था ।,2.6087,0.0,0.8557,-5.8171,-4.9867,-1.0556,-1.5572,1
train-s9196,वह क्रेडिट कार्ड से भुगतान लेता था तथा दवाओं की आपूर्ति सुनिश्चित करता था और इसके बाद भारत से दवाइयों की आपूर्ति करने वाले बंसल समेत अन्य लोगों के पास पैसे पहुंचाता था ।,SOV,34,5,-0.1178,0.5264,0.45,9,"स्कैल्टन ही वेबसाइट के जरिये नारकोटिक्स, स्टेरॉयड तथा अन्य नशीली दवाओं की सप्लाई के लिए ऑर्डर लेता था ।",0.0,1.2,-1.8206,-4.8737,-5.9277,-2.9243,-3.1835,1
train-s9219,वह इस मामले को चुनाव में राजनीतिक रंग देना चाहता है ।,SOV,12,1,0.1594,0.4853,0.5588,19,वह क्रेडिट कार्ड से भुगतान लेता था तथा दवाओं की आपूर्ति सुनिश्चित करता था और इसके बाद भारत से दवाइयों की आपूर्ति करने वाले बंसल समेत अन्य लोगों के पास पैसे पहुंचाता था ।,7.0,2.0,-10.7406,-8.4912,-7.2341,-6.8518,-5.135,1
train-s9224,"न्यायाधीश वाई. के. सबरवाल, के. जी. बालकृष्णन, बी. एन. अग्रवाल, अशोक भान और अरिजीत पसायत की पांच सदस्यीय खंडपीठ के समक्ष वाहनवटी ने कहा कि सिंह ने राजनीतिक दलों को सरकार बनाने की अनुमति देकर भ्रष्टाचार को बढ़ावा दिया है ।",SOV,44,1,0.0686,0.5054,0.6667,8,वह इस मामले को चुनाव में राजनीतिक रंग देना चाहता है ।,-22.0,0.0,-1.3289,-6.9296,-7.0299,-1.3289,-0.511,1
train-s9225,"भंग विधानसभा के जनता दल (यू) व भाजपा विधायकों के आरोपों का खंडन करते हुए उन्होंने कहा कि बूटासिंह ने सही निर्णय लेकर राजनीति में भ्रष्टाचार, रिश्वत और प्रलोभन की प्रवृति को रोकने का प्रयास किया ।",SOV,40,1,-0.0935,0.5683,0.4091,18,"न्यायाधीश वाई. के. सबरवाल, के. जी. बालकृष्णन, बी. एन. अग्रवाल, अशोक भान और अरिजीत पसायत की पांच सदस्यीय खंडपीठ के समक्ष वाहनवटी ने कहा कि सिंह ने राजनीतिक दलों को सरकार बनाने की अनुमति देकर भ्रष्टाचार को बढ़ावा दिया है ।",-16.0,-2.0,-9.5201,-9.6177,-8.7269,-9.5162,-0.8694,1
train-s9226,जनता दल (यू) व भाजपा विधायकों ने विधानसभा भंग करने की बूटा सिंह की सिफारिश को दुर्भावनापूर्ण बताया था ।,SOV,22,5,-0.1378,0.5503,0.55,22,"भंग विधानसभा के जनता दल (यू) व भाजपा विधायकों के आरोपों का खंडन करते हुए उन्होंने कहा कि बूटासिंह ने सही निर्णय लेकर राजनीति में भ्रष्टाचार, रिश्वत और प्रलोभन की प्रवृति को रोकने का प्रयास किया ।",-9.6,0.0,-11.6261,-9.7842,-10.8454,-8.6272,-1.4663,1
train-s9230,२१ मई को केंद्र को भेजी अपनी दूसरी रिपोर्ट में सिंह ने कहा कि स्थिति और बदतर हो गई है ।,SOV,21,5,-0.1731,0.5364,0.4091,9,जनता दल (यू) व भाजपा विधायकों ने विधानसभा भंग करने की बूटा सिंह की सिफारिश को दुर्भावनापूर्ण बताया था ।,-1.2,0.0,-1.6428,3.252,-2.0254,-3.4562,0.0991,1
train-s9234,मामले की सूचना पाकर सदर पुलिस ने घटना की छानबीन शुरू कर दी है ।,SOV,15,23,0.0219,0.5092,0.6667,14,२१ मई को केंद्र को भेजी अपनी दूसरी रिपोर्ट में सिंह ने कहा कि स्थिति और बदतर हो गई है ।,-4.6957,0.0,-25.8281,-13.0614,-15.4795,-25.8281,-3.2023,1
train-s9237,इसके बाद उसने खुद को भी गोली मार ली ।,SOV,10,23,-0.0297,0.5404,0.6,9,मामले की सूचना पाकर सदर पुलिस ने घटना की छानबीन शुरू कर दी है ।,-0.5217,0.0,-30.1138,-11.1539,-11.5897,-30.1138,-7.2185,1
train-s9239,नारो के साथ गई महिला ने घटना के बारे में गांव के लोगों को सूचित किया ।,SOV,17,23,-0.1751,0.5414,0.7,7,इसके बाद उसने खुद को भी गोली मार ली ।,-7.8261,0.0,-9.1077,-12.5094,-13.0378,-10.6317,-2.8558,1
train-s924,इससे लोगों को गर्मी से राहत मिली हुई थी ।,IOSV,10,23,-0.0574,0.49,0.3913,9,इसी के तहत मीकन्स ने कनाडा से २० हजार ट्यूबर मंगवाकर कुछ माह पहले एलपीएस को लाहौल में लगाने के लिए दिए ।,0.0,1.0435,-25.0865,-4.501,-6.5399,-25.0653,-3.311,1
train-s9240,ग्रामीणों ने इस बारे में हिसार सदर पुलिस को सूचना दी ।,SOV,12,23,0.089,0.5004,0.7059,12,नारो के साथ गई महिला ने घटना के बारे में गांव के लोगों को सूचित किया ।,-1.0435,-1.0435,-15.5878,-9.848,-10.3941,-15.6889,-3.1355,1
train-s9247,गांव के लोगों ने इस विवाह को अवैध ठहराया था ।,SOV,11,5,-0.1194,0.5781,0.5,6,ग्रामीणों ने इस बारे में हिसार सदर पुलिस को सूचना दी ।,-3.6,0.0,-19.9833,-14.1529,-15.7128,-18.0929,-4.7908,1
train-s9249,इसके बाद लड़की के परिजनों ने नारो को हिसार के समीपवर्ती गांव बहबलपुर में अपने रिश्तेदारों के यहां भेज दिया था ।,SOV,22,99,0.0049,0.5658,0.7273,8,गांव के लोगों ने इस विवाह को अवैध ठहराया था ।,6.202,0.9899,-21.7518,-0.5007,-1.3419,-21.8841,-3.9083,1
train-s9261,इससे पहले भाजपा ने अनुशासन के आरोप में खुराना को पार्टी से निलंबित कर दिया था ।,SOV,17,99,-0.1038,0.5154,0.4091,9,इसके बाद लड़की के परिजनों ने नारो को हिसार के समीपवर्ती गांव बहबलपुर में अपने रिश्तेदारों के यहां भेज दिया था ।,-3.6465,1.0303,-34.5056,-18.1698,-20.2744,-34.482,-6.8025,1
train-s9264,वह बुधवार को सरकार बनाने का दावा औपचारिक रूप से पेश करेंगे ।,SOV,13,99,-0.1439,0.5013,0.6471,11,इससे पहले भाजपा ने अनुशासन के आरोप में खुराना को पार्टी से निलंबित कर दिया था ।,0.7273,1.0202,-9.983,-6.6326,-6.2703,-9.824,-5.1926,1
train-s9271,कुल २४३ सदस्यों वाली बिहार विधानसभा में राजग को कुल १४२ सीटें मिली हैं ।,IOSV,15,5,-0.007,0.5469,0.6154,8,वह बुधवार को सरकार बनाने का दावा औपचारिक रूप से पेश करेंगे ।,-4.8,0.0,-16.8373,-9.2705,-9.3354,-16.8314,-1.8252,1
train-s9273,इस तरह उसे पूर्ण बहुमत से २० सीटें ज्यादा मिली हैं ।,IOSV,12,99,0.0869,0.5146,0.3333,5,कुल २४३ सदस्यों वाली बिहार विधानसभा में राजग को कुल १४२ सीटें मिली हैं ।,-1.1616,-1.0101,-4.3304,-2.438,-3.7373,-6.7861,-3.2486,1
train-s9275,जबकि पिछले चुनाव में कांग्रेस को १० सीटें मिली थीं ।,IOSV,11,23,-0.0471,0.5971,0.4167,5,इस तरह उसे पूर्ण बहुमत से २० सीटें ज्यादा मिली हैं ।,1.0435,0.0,-15.2446,-11.1056,-10.2828,-13.1391,-6.6602,1
train-s9276,राजद को पिछले चुनाव में ७५ सीटें मिली थीं ।,IOSV,10,5,0.0463,0.4578,0.5455,6,जबकि पिछले चुनाव में कांग्रेस को १० सीटें मिली थीं ।,0.0,0.0,-6.3174,-7.5595,-8.362,-2.1641,-0.7502,1
train-s9278,एनसीपी को भी एक सीट मिली है ।,IOSV,8,1,0.0642,0.4943,0.4,4,राजद को पिछले चुनाव में ७५ सीटें मिली थीं ।,-1.0,0.0,-12.3875,-4.7785,-6.7055,-8.69,-0.6117,1
train-s9279,लोजपा को इस बार कुल ११ सीटें मिली हैं जबकि पिछले चुनाव में २९ सीटें मिली थीं ।,IOSV,18,5,-0.01,0.4646,0.625,5,एनसीपी को भी एक सीट मिली है ।,1.2,0.0,-14.5771,-8.4896,-9.0507,-9.9443,0.0013,1
train-s9282,जिन्हें दोनों चुनावों में राजग ने बतौर मुख्यमंत्री प्रत्याशी के रूप में पेश किया ।,DOSV,15,99,-0.0109,0.4615,0.4444,8,लोजपा को इस बार कुल ११ सीटें मिली हैं जबकि पिछले चुनाव में २९ सीटें मिली थीं ।,1.101,0.9899,-21.1478,-15.1745,-17.1966,-21.3793,-6.2826,1
train-s9285,राजद सुप्रीमो और रेल मंत्री लालू प्रसाद यादव ने हार स्वीकार करते हुए नितीश को इस शानदार जीत पर बधाई दी ।,SOV,22,99,-0.0429,0.5247,0.4667,7,जिन्हें दोनों चुनावों में राजग ने बतौर मुख्यमंत्री प्रत्याशी के रूप में पेश किया ।,-16.2222,0.0,-24.3792,-11.1601,-12.3575,-23.3298,-4.4781,1
train-s9286,उन्होंने बिहार की जनता के हित में नई सरकार को पूर्ण सहयोग का वादा किया है ।,SOV,17,23,0.0073,0.5707,0.5455,12,राजद सुप्रीमो और रेल मंत्री लालू प्रसाद यादव ने हार स्वीकार करते हुए नितीश को इस शानदार जीत पर बधाई दी ।,3.1304,1.0435,-18.323,-14.7696,-11.6565,-18.323,-4.5141,1
train-s9296,लालू की पत्नी और पूर्व मुख्यमंत्री राबड़ी देवी हालांकि राघोपुर से चुनाव जीत गई हैं लेकिन कहलगांव से ७ बार चुनाव जीतने वाले बिहार प्रदेश कांग्रेस कमेटी के अध्यक्ष सदानंद सिंह इस बार पराजित हो गए ।,SOV,37,23,0.1498,0.4949,0.7647,13,उन्होंने बिहार की जनता के हित में नई सरकार को पूर्ण सहयोग का वादा किया है ।,-10.4348,0.0,-13.1111,-7.1586,-1.928,-13.0495,-5.4458,1
train-s9297,उन्हें जद - यू के अजय मंडल ने हराया ।,DOSV,10,1,0.0591,0.5579,0.4865,18,लालू की पत्नी और पूर्व मुख्यमंत्री राबड़ी देवी हालांकि राघोपुर से चुनाव जीत गई हैं लेकिन कहलगांव से ७ बार चुनाव जीतने वाले बिहार प्रदेश कांग्रेस कमेटी के अध्यक्ष सदानंद सिंह इस बार पराजित हो गए ।,6.0,2.0,-2.1526,9.8158,11.6234,-2.9638,0.9545,1
train-s9305,मौसम विभाग के आधुनिकीकरण के लिए धन का इंतजाम करने के लिए कपिल सिब्बल ने प्रधानमंत्री डॉ. मनमोहन सिंह से बात की थी ।,SOV,24,23,-0.3057,0.4204,0.4,4,उन्हें जद - यू के अजय मंडल ने हराया ।,-16.1739,0.0,-16.531,-15.6323,-14.9273,-16.531,-3.7491,1
train-s9306,प्रधानमंत्री ने उन्हें पूरा प्रस्ताव तैयार कर योजना आयोग में जमा कराने के लिए कहा है ।,SOV,17,5,0.1429,0.5118,0.5,12,मौसम विभाग के आधुनिकीकरण के लिए धन का इंतजाम करने के लिए कपिल सिब्बल ने प्रधानमंत्री डॉ. मनमोहन सिंह से बात की थी ।,10.8,-1.2,-6.7294,-8.3708,-6.0854,-6.2664,-0.96,1
train-s9309,सिब्बल २७ जुलाई को मनाए जाने वाले महासागर विकास विभाग के स्थापना दिवस समारोह के बारे में संवाददाताओं से बातचीत कर रहे थे ।,SOV,24,23,0.1094,0.4829,0.6471,11,प्रधानमंत्री ने उन्हें पूरा प्रस्ताव तैयार कर योजना आयोग में जमा कराने के लिए कहा है ।,-7.3043,0.0,-25.974,-15.4771,-13.2176,-22.7264,-3.7243,1
train-s9311,महासागर विकास विभाग ने खारे पानी को पीने योग्य बनाने की तकनीक विकसित की है ।,SOV,16,5,0.2056,0.5087,0.5,12,सिब्बल २७ जुलाई को मनाए जाने वाले महासागर विकास विभाग के स्थापना दिवस समारोह के बारे में संवाददाताओं से बातचीत कर रहे थे ।,-3.6,0.0,-16.5035,-13.1577,-14.6123,-13.9963,-3.8922,1
train-s9319,इसके लिए केंद्र सरकार इस साल के अंत तक 'एनर्जी एफीशेंसी बिल्डिंग कोड' लागू करने जा रही है ।,SOV,21,99,0.1982,0.4819,0.75,12,महासागर विकास विभाग ने खारे पानी को पीने योग्य बनाने की तकनीक विकसित की है ।,2.5152,1.0101,-25.0569,-11.4645,-10.1609,-25.0569,-6.9386,1
train-s9320,बिजली संकट की भयावहता को देखते हुए केंद्र सरकार यह बिल्डिंग कानून बनाने जा रही है ।,SOV,17,1,-0.0151,0.4467,0.5238,11,इसके लिए केंद्र सरकार इस साल के अंत तक 'एनर्जी एफीशेंसी बिल्डिंग कोड' लागू करने जा रही है ।,-6.0,0.0,-11.9576,3.6647,1.1009,-8.4206,-0.7074,1
train-s9333,ब्यूरो के प्रयासों से अब तक देश भर में कई उद्योगों ने अपने परिसरों में बिजली बचाव के उपाय करके अपनी खपत को काफी कम किया है ।,SOV,28,99,-0.1068,0.5739,0.6471,11,बिजली संकट की भयावहता को देखते हुए केंद्र सरकार यह बिल्डिंग कानून बनाने जा रही है ।,1.4242,-0.9697,-21.9855,-10.0665,-11.5736,-21.9624,-3.5076,1
train-s9347,अपने पति के कई शतक उन्होंने होटल के कमरे में ही रहने के कारण मिस किए ।,DOSV,17,23,0.0664,0.4946,0.75,21,ब्यूरो के प्रयासों से अब तक देश भर में कई उद्योगों ने अपने परिसरों में बिजली बचाव के उपाय करके अपनी खपत को काफी कम किया है ।,-2.6087,-1.0435,3.4058,6.1791,6.8172,3.6234,1.0421,1
train-s935,अंधड़ और बारिश होने के साथ ही दक्षिण हरियाणा बिजली वितरण निगम ने लगभग पूरे शहर की बत्ती गुल कर दी ।,SOV,22,23,0.2275,0.4898,0.6,6,इससे लोगों को गर्मी से राहत मिली हुई थी ।,-9.913,0.0,-9.5162,-3.3564,-4.5485,-9.5162,-1.1148,1
train-s9350,इसलिए वह उन्हें बाहर लाने से डर रही हैं ।,SOV,10,99,0.099,0.4522,0.5882,10,अपने पति के कई शतक उन्होंने होटल के कमरे में ही रहने के कारण मिस किए ।,1.9596,-0.0303,-9.838,-6.9619,-9.1614,-9.838,-7.0946,1
train-s9354,लिहाजा समित के कारण उन्होंने वापस होटल लौटना ही ठीक समझा ।,SOV,12,99,-0.2901,0.641,0.3,3,इसलिए वह उन्हें बाहर लाने से डर रही हैं ।,0.9697,0.0101,-16.0788,-6.169,-8.8449,-18.0092,-3.8475,1
train-s9365,इस बारे में आईजी (कानून व्यवस्था) राज कनौजिया ने बताया कि आग सुबह लगभग तीन बजे लगी ।,SOV,20,1,0.1154,0.4209,0.5,6,लिहाजा समित के कारण उन्होंने वापस होटल लौटना ही ठीक समझा ।,5.0,2.0,0.7478,3.9813,4.3606,0.7478,-1.609,1
train-s9381,अपनी वापसी को उन्होंने तकनीकी मामला बताया और उसे राजनीति शुद्धता से जोड़ दिया ।,DOSV,15,5,0.087,0.5325,0.55,11,इस बारे में आईजी (कानून व्यवस्था) राज कनौजिया ने बताया कि आग सुबह लगभग तीन बजे लगी ।,-1.2,-1.2,-1.9391,1.2516,-0.0722,-1.8172,-0.5871,1
train-s9387,"उमा भारती सच बोलती हैं, पर उनका सच कभी कभी कूटनीति की सीमाएं लांघ जाता है ।",SOV,18,1,-0.0035,0.4764,0.6667,10,अपनी वापसी को उन्होंने तकनीकी मामला बताया और उसे राजनीति शुद्धता से जोड़ दिया ।,-1.0,0.0,-10.4869,-4.2237,-4.959,-10.4869,-1.4957,1
train-s9388,निलंबित होने के बाद से पहली बार भारती ने बाबूलाल गौर के बारे में कुछ कहा है ।,SOV,18,5,0.0741,0.4034,0.4444,8,"उमा भारती सच बोलती हैं, पर उनका सच कभी कभी कूटनीति की सीमाएं लांघ जाता है ।",-1.2,0.0,1.252,-1.738,0.53,0.3063,6.2886,1
train-s939,राष्ट्रीय जनतांत्रिक गठबंधन के संयोजक व जद यू नेता जॉर्ज फनॅडिस को आज यहां अस्पताल में एक महिला की मदद को कथित रूप से पांच सौ रुपये देना महंगा पड़ गया ।,SOV,32,99,0.0683,0.4747,0.7273,16,अंधड़ और बारिश होने के साथ ही दक्षिण हरियाणा बिजली वितरण निगम ने लगभग पूरे शहर की बत्ती गुल कर दी ।,-10.3535,0.0202,-24.7411,-18.9727,-18.9758,-24.7411,-2.4574,1
train-s940,चुनाव आचार संहिता का उल्लंघन मानते हुए जिला प्रशासन ने जॉर्ज व उनके कुछ साथियों पर वोटर को रिश्वत देने का मामला दर्ज कर लिया ।,SOV,26,99,0.0991,0.4557,0.75,24,राष्ट्रीय जनतांत्रिक गठबंधन के संयोजक व जद यू नेता जॉर्ज फनॅडिस को आज यहां अस्पताल में एक महिला की मदद को कथित रूप से पांच सौ रुपये देना महंगा पड़ गया ।,-9.303,0.0,-21.9547,-13.2394,-15.3127,-21.142,-6.3679,1
train-s9401,उन्होंने स्वयंनिर्मित लकड़ी की स्की बनाकर इसी स्की ढलान पर स्कीइंग करना सीखा था ।,SOV,15,23,-0.0845,0.5036,0.6111,11,निलंबित होने के बाद से पहली बार भारती ने बाबूलाल गौर के बारे में कुछ कहा है ।,1.0435,1.0435,-14.0534,-0.2169,0.6129,-14.0534,-3.6313,1
train-s941,जॉर्ज ने आरोपों को सरासर गलत बताया है ।,SOV,9,5,-0.1469,0.5263,0.5385,14,चुनाव आचार संहिता का उल्लंघन मानते हुए जिला प्रशासन ने जॉर्ज व उनके कुछ साथियों पर वोटर को रिश्वत देने का मामला दर्ज कर लिया ।,0.0,0.0,-17.457,-12.7396,-8.4291,-14.2067,-5.4827,1
train-s9423,प्रधानमंत्री मनमोहन सिंह ने इस घटना को दुर्भाग्यपूर्ण बताते हुए महाजन के जल्द स्वास्थ्य लाभ के लिए उनकी पत्नी रेखा को लिखा है ।,SOV,24,23,0.1657,0.5366,0.6667,10,उन्होंने स्वयंनिर्मित लकड़ी की स्की बनाकर इसी स्की ढलान पर स्कीइंग करना सीखा था ।,0.5217,0.0,-0.1098,-4.8943,-2.7861,-0.1098,-1.1229,1
train-s9424,कांग्रेस अध्यक्ष सोनिया गांधी ने भी महाजन की पत्नी रेखा को लिखे पत्र में कहा है कि वो इस घटना से स्तब्ध हैं ।,SOV,24,1,-0.0251,0.5035,0.5833,14,प्रधानमंत्री मनमोहन सिंह ने इस घटना को दुर्भाग्यपूर्ण बताते हुए महाजन के जल्द स्वास्थ्य लाभ के लिए उनकी पत्नी रेखा को लिखा है ।,2.0,0.0,-5.5708,-3.4961,-3.9829,-6.6906,1.2488,1
train-s9425,उन्होंने रेखा को भरोसा दिलाया है कि दुख की इस घड़ी में वह उनके परिवार के साथ हैं ।,SOV,19,5,-0.0139,0.5125,0.625,15,कांग्रेस अध्यक्ष सोनिया गांधी ने भी महाजन की पत्नी रेखा को लिखे पत्र में कहा है कि वो इस घटना से स्तब्ध हैं ।,0.0,1.2,-17.066,-12.5494,-13.7673,-19.8345,-5.6819,1
train-s9426,उन्होंने महाजन के जल्द स्वस्थ्य हो जाने की आशा व्यक्त की है ।,SOV,13,5,0.1477,0.4409,0.6842,13,उन्होंने रेखा को भरोसा दिलाया है कि दुख की इस घड़ी में वह उनके परिवार के साथ हैं ।,0.0,1.2,-23.9325,-15.1776,-16.2041,-15.4131,-6.9152,1
train-s9427,पूर्व प्रधानमंत्री अटल बिहारी वाजपेयी ने इस घटना पर गहरा दुख जताया है ।,SOV,14,5,0.1356,0.492,0.6154,8,उन्होंने महाजन के जल्द स्वस्थ्य हो जाने की आशा व्यक्त की है ।,-4.8,0.0,-26.3416,-19.0,-17.6062,-26.3338,-3.8759,1
train-s9431,भाजपा कार्यकर्ताओं ने अपने महासचिव के जल्द ठीक होने के लिए हनुमान चालीसा का पाठ शुरू कर दिया है ।,SOV,20,23,-0.2813,0.5038,0.6429,9,पूर्व प्रधानमंत्री अटल बिहारी वाजपेयी ने इस घटना पर गहरा दुख जताया है ।,-5.2174,0.0,-14.4423,-12.6894,-13.7776,-14.4423,-4.7976,1
train-s9436,महाजन को एक सक्षम नेता बताते हुए उन्होंने कहा है कि देश को उनके जैसे नेताओं की जरूरत है ।,SOV,20,1,0.006,0.5179,0.6,12,भाजपा कार्यकर्ताओं ने अपने महासचिव के जल्द ठीक होने के लिए हनुमान चालीसा का पाठ शुरू कर दिया है ।,-6.0,-2.0,-4.2363,-5.8531,-5.1611,-4.5359,0.1196,1
train-s9438,कंडोम अब बहुउपयोगी और बड़े काम की चीज बन गया है ।,SOV,12,5,0.1521,0.5127,0.6,12,महाजन को एक सक्षम नेता बताते हुए उन्होंने कहा है कि देश को उनके जैसे नेताओं की जरूरत है ।,6.0,-1.2,-6.6479,-3.2139,-3.6028,-6.6479,-0.2859,1
train-s9445,प्रो. रमाकांत की रिपोर्ट भारत में निःशुल्क कंडोम वितरण की पूरी व्यवस्था पर ही सवालिया निशान लगाती है ।,SOV,19,23,-0.0402,0.4449,0.75,9,कंडोम अब बहुउपयोगी और बड़े काम की चीज बन गया है ।,0.0,0.0,-17.1899,-17.7545,-19.3695,-16.0966,-1.8201,1
train-s9449,ठेकेदार निःशुल्क मिलने वाले इन कंडोम को काफी तादात में एकत्रित कर लेते है और उन्हें हाट मिक्स प्लांट में तारकोल मिश्रित बजरी में डाल देते है ।,SOV,28,23,0.1301,0.4921,0.6316,12,प्रो. रमाकांत की रिपोर्ट भारत में निःशुल्क कंडोम वितरण की पूरी व्यवस्था पर ही सवालिया निशान लगाती है ।,-1.5652,0.0,-9.1153,-6.7384,-9.313,-10.4752,-1.6951,1
train-s9455,उन्होंने कंडोम के सही उपयोग को प्रयोग में लाए जाने में बरती जाने वाली लापरवाही के लिए अशिक्षा व कंडोम के उपयोग के संबंध में भारतीय लोगों के मन में व्याप्त भ्रांतियों को भी जिम्मेदार बताया और इसको दूर करने के लिए जागरुकता कार्यक्रम के साथ ही शिक्षा में इसकी उपयोगिता व प्रयोग में लाने की जानकारी को शामिल किए जाने की वकालत भी की ।,SOV,66,99,0.0282,0.4951,0.5,14,ठेकेदार निःशुल्क मिलने वाले इन कंडोम को काफी तादात में एकत्रित कर लेते है और उन्हें हाट मिक्स प्लांट में तारकोल मिश्रित बजरी में डाल देते है ।,6.0505,1.0101,-14.7512,-7.6634,-6.5783,-18.1298,-5.9735,1
train-s946,उन्होंने आरोपों को झूठा करार दिया और कहा कि वह इसके जवाब में मामला दायर करेंगे ।,SOV,17,23,-0.3664,0.5368,0.4444,4,जॉर्ज ने आरोपों को सरासर गलत बताया है ।,-0.5217,1.0435,-27.3072,-19.2017,-20.027,-28.2592,-6.6151,1
train-s9466,सरकार की तरफ से मानव संसाधन विकास मंत्री अर्जुन सिंह ने कहा कि प्रधानमंत्री इस बारे में सदन को बता चुके हैं कि यह सौदा परस्पर सहयोग और आपसी आदान - प्रदान पर आधारित है ।,SOV,36,1,0.1085,0.5067,0.7121,47,उन्होंने कंडोम के सही उपयोग को प्रयोग में लाए जाने में बरती जाने वाली लापरवाही के लिए अशिक्षा व कंडोम के उपयोग के संबंध में भारतीय लोगों के मन में व्याप्त भ्रांतियों को भी जिम्मेदार बताया और इसको दूर करने के लिए जागरुकता कार्यक्रम के साथ ही शिक्षा में इसकी उपयोगिता व प्रयोग में लाने की जानकारी को शामिल किए जाने की वकालत भी की ।,3.0,0.0,-3.8406,-4.758,-2.1658,-3.8439,0.2295,1
train-s9473,टाडा कोर्ट ने मंगलवार को अंडरवर्ल्ड डॉन अबू सलेम का लिखित इकबालिया बयान पढ़ा ।,SOV,15,5,0.0622,0.543,0.6667,24,सरकार की तरफ से मानव संसाधन विकास मंत्री अर्जुन सिंह ने कहा कि प्रधानमंत्री इस बारे में सदन को बता चुके हैं कि यह सौदा परस्पर सहयोग और आपसी आदान - प्रदान पर आधारित है ।,6.0,0.0,-13.2863,-7.4042,-7.3008,-13.3192,-3.8882,1
train-s9475,टाडा जज पी. डी. कोडे ने इन लिफाफों को सलेम के वकील ओ. ए. सिद्दिकी और सरकारी वकील उज्जवल निकम की मौजूदगी में खोला ।,SOV,25,5,-0.0328,0.4914,0.5333,8,टाडा कोर्ट ने मंगलवार को अंडरवर्ल्ड डॉन अबू सलेम का लिखित इकबालिया बयान पढ़ा ।,9.6,0.0,1.0761,1.7146,-2.7469,-0.322,-0.7531,1
train-s948,इसके बाद लालू ने अपनी महारैली रद कर दी थी ।,SOV,11,23,0.0017,0.4985,0.4706,8,उन्होंने आरोपों को झूठा करार दिया और कहा कि वह इसके जवाब में मामला दायर करेंगे ।,-1.5652,1.0435,-8.939,-7.0942,-5.7073,-6.4456,-6.1712,1
train-s9489,उन्होंने राज्यसभा में आईएमडीटी एक्ट पर सुप्रीम कोर्ट के फैसले से उत्पन्न स्थिति पर कल और आज चली चर्चा के बाद सदस्यों द्वारा पूछे गये प्रश्नों के जवाब में यह बात कही ।,SOV,33,99,-0.0634,0.488,0.619,13,"बहरहाल, जांच एजेंसी के सूत्रों ने कहा है कि इकबालिया बयान के बाद सलेम सरकारी गवाह बन सकता है ।",23.8283,0.9899,-8.0905,-7.7162,-6.0822,-7.4177,-2.4896,1
train-s9497,सीमा पर बीएसएफ की अतिरिक्त टुकड़ियां तैनात करने के लिए भी सरकार प्रयासरत है ।,SOV,15,5,0.0617,0.5278,0.6061,20,उन्होंने राज्यसभा में आईएमडीटी एक्ट पर सुप्रीम कोर्ट के फैसले से उत्पन्न स्थिति पर कल और आज चली चर्चा के बाद सदस्यों द्वारा पूछे गये प्रश्नों के जवाब में यह बात कही ।,-12.0,0.0,-12.5213,-8.205,-7.663,-12.9579,-0.2662,1
train-s9500,इससे पूर्व चर्चा में भाग लेते हुए कलराज मिश्र ने कहा कि घुसपैठियों की बढ़ती संख्या देश की आंतरिक सुरक्षा के लिए गंभीर खतरा बन चुकी है ।,SOV,28,1,-0.03,0.518,0.6,9,सीमा पर बीएसएफ की अतिरिक्त टुकड़ियां तैनात करने के लिए भी सरकार प्रयासरत है ।,-4.0,0.0,0.2758,3.9971,5.6734,0.2758,-0.9888,1
train-s9503,अदालत ने इस मामले में जवाब देने के लिए सीबीआई को ६ दिसंबर तक का समय दिया है ।,SOV,19,23,-0.0296,0.5017,0.6786,19,इससे पूर्व चर्चा में भाग लेते हुए कलराज मिश्र ने कहा कि घुसपैठियों की बढ़ती संख्या देश की आंतरिक सुरक्षा के लिए गंभीर खतरा बन चुकी है ।,2.087,0.0,-9.5295,-6.178,-5.5984,-9.5066,-4.0365,1
train-s9504,जस्टिस नरेंद्र राय और जस्टिस नवीन सिन्हा की खंडपीठ ने यह आदेश एक जनहित याचिका पर सुनवाई करते हुए दिया ।,SOV,21,5,0.0494,0.5074,0.6316,12,अदालत ने इस मामले में जवाब देने के लिए सीबीआई को ६ दिसंबर तक का समय दिया है ।,-3.6,0.0,4.0647,0.6365,0.4414,3.5763,2.3021,1
train-s9506,याची के वकील ने आरोप लगाया कि खाद के सप्लायर्स की केंद्र सरकार के अफसरों से सांठगांठ थी ।,SOV,19,1,-0.0313,0.5258,0.4762,10,जस्टिस नरेंद्र राय और जस्टिस नवीन सिन्हा की खंडपीठ ने यह आदेश एक जनहित याचिका पर सुनवाई करते हुए दिया ।,-3.0,0.0,-28.4915,-21.2529,-17.3411,-28.4915,-7.5899,1
train-s9512,भाजपा प्रवक्ता विजय कुमार मल्होत्रा ने मंगलवार को यहां कहा कि उनकी पार्टी वेतन बोर्ड की मांग को लेकर पहली मार्च को हड़ताल का आह्वान करने वाले केंद्रीय कर्मचारियों के साथ है ।,SOV,33,5,-0.0583,0.5206,0.6316,12,याची के वकील ने आरोप लगाया कि खाद के सप्लायर्स की केंद्र सरकार के अफसरों से सांठगांठ थी ।,-6.0,0.0,-9.1043,-7.9854,-9.0072,-9.1007,-1.5774,1
train-s9519,दोनापाउला में राजीव गांधी आईटी हैबिटैट के शिलान्यास कार्यक्रम के दौरान सोनिया ने कहा कि इसका इस्तेमाल देश में सामाजिक परिवर्तन के लिए प्रमुख साधन के रूप में किया जाएगा ।,SOV,31,5,0.0971,0.4809,0.5758,19,भाजपा प्रवक्ता विजय कुमार मल्होत्रा ने मंगलवार को यहां कहा कि उनकी पार्टी वेतन बोर्ड की मांग को लेकर पहली मार्च को हड़ताल का आह्वान करने वाले केंद्रीय कर्मचारियों के साथ है ।,0.0,0.0,-7.0315,-4.5435,-7.068,-6.6791,-1.4562,1
train-s9523,गोवा की अपनी दो दिवसीय यात्रा के समापन पर उन्होंने कहा कि जवाहर लाल नेहरू व इंदिरा गांधी के प्रयासों के चलते देश में ढांचागत सुविधाओं की स्थापना हुई और इसके चलते राजीव के आईटी अभियान को सफलता मिली ।,SOV,40,1,0.0768,0.5081,0.5484,17,दोनापाउला में राजीव गांधी आईटी हैबिटैट के शिलान्यास कार्यक्रम के दौरान सोनिया ने कहा कि इसका इस्तेमाल देश में सामाजिक परिवर्तन के लिए प्रमुख साधन के रूप में किया जाएगा ।,-8.0,-2.0,2.7697,-4.8953,-4.866,2.7902,-1.5036,1
train-s9528,"साक्षरता की ऊंची दर, कुशल श्रमशक्ति व सामाजिक भाईचारे की पुरानी परंपरा के चलते गोवा आईटी क्षेत्र में भी कामयाबी हासिल करेगा ।",SOV,24,99,0.1804,0.5175,0.5,20,गोवा की अपनी दो दिवसीय यात्रा के समापन पर उन्होंने कहा कि जवाहर लाल नेहरू व इंदिरा गांधी के प्रयासों के चलते देश में ढांचागत सुविधाओं की स्थापना हुई और इसके चलते राजीव के आईटी अभियान को सफलता मिली ।,-26.3737,0.0,-26.6872,-14.3415,-15.4098,-19.9349,-4.815,1
train-s9534,इस मौके पर स्थानीय नेताओं और पुलिस कर्मियों ने आतंकी हमले से जुड़े विभिन्न मुद्दों पर आडवाणी को जानकारी दी ।,SOV,21,99,0.2545,0.4925,0.6667,16,"साक्षरता की ऊंची दर, कुशल श्रमशक्ति व सामाजिक भाईचारे की पुरानी परंपरा के चलते गोवा आईटी क्षेत्र में भी कामयाबी हासिल करेगा ।",-8.2525,0.0,-16.4748,-11.2031,-7.6723,-15.6791,-4.4454,1
train-s9535,आडवाणी और अन्य नेताओं का स्वागत करने के लिए करीब सौ पार्टी कार्यकर्ता मंदिर में मौजूद थे ।,SOV,18,23,-0.1139,0.5616,0.619,13,इस मौके पर स्थानीय नेताओं और पुलिस कर्मियों ने आतंकी हमले से जुड़े विभिन्न मुद्दों पर आडवाणी को जानकारी दी ।,-13.5652,0.0,-12.1238,-6.0549,-6.6924,-8.7386,-2.2531,1
train-s9538,दिल्ली में सत्यम व लिबर्टी सिनेमा में बीती रात विस्फोट के बाद सिनेमा हॉल मालिकों और डिस्ट्रीब्यूटरों ने यह कदम उठाया है ।,SOV,23,23,0.1586,0.4862,0.6111,11,आडवाणी और अन्य नेताओं का स्वागत करने के लिए करीब सौ पार्टी कार्यकर्ता मंदिर में मौजूद थे ।,-9.3913,0.0,-14.0282,-11.7186,-12.1904,-14.0651,-2.8473,1
train-s955,जबकि बिहार कांग्रेस कमेटी के अध्यक्ष रामजतन सिन्हा ने फनॅडिस को आदतन भ्रष्ट करार दिया ।,SOV,16,99,-0.1602,0.4666,0.3636,4,इसके बाद लालू ने अपनी महारैली रद कर दी थी ।,-10.8485,0.0,-22.4492,-16.24,-15.99,-21.7011,-7.3861,1
train-s9551,महाराष्ट्र सरकार ने सोमवार की देर रात हुए इस हादसे की जांच के आदेश दे दिए हैं ।,SOV,18,1,0.0397,0.5318,0.6522,15,दिल्ली में सत्यम व लिबर्टी सिनेमा में बीती रात विस्फोट के बाद सिनेमा हॉल मालिकों और डिस्ट्रीब्यूटरों ने यह कदम उठाया है ।,8.0,0.0,-27.6611,-21.865,-18.4287,-27.6611,-4.8192,1
train-s9555,मौके पर पहुंचे मुख्यमंत्री विलासराव देशमुख ने पीडब्लूडी के मुख्य इंजीनियर को हादसे की जांच के आदेश दे दिए हैं ।,SOV,21,5,-0.0363,0.4902,0.6111,11,महाराष्ट्र सरकार ने सोमवार की देर रात हुए इस हादसे की जांच के आदेश दे दिए हैं ।,-2.4,0.0,-15.5149,-4.819,-12.1728,-12.443,-4.1833,1
train-s9561,देश में नाबालिग लड़कियों और महिलाओं की तस्करी में आ रही तेजी पर गंभीर चिंता जताते हुए सुप्रीम कोर्ट ने सबसे अधिक प्रभावित सात राज्यों से पूछा है कि वे इस समस्या से निपटने के लिए क्या कर रहे हैं ।,SOV,41,5,0.0134,0.5107,0.5238,11,मौके पर पहुंचे मुख्यमंत्री विलासराव देशमुख ने पीडब्लूडी के मुख्य इंजीनियर को हादसे की जांच के आदेश दे दिए हैं ।,-13.2,0.0,-2.1564,-3.0518,-4.0418,-2.1564,-1.2007,1
train-s9564,खंडपीठ ने इन राज्यों के मुख्य सचिवों से कहा है कि वे छह सप्ताह के भीतर इस मामले में विस्तृत जवाब दाखिल करें ।,SOV,24,1,0.0001,0.5659,0.6829,28,देश में नाबालिग लड़कियों और महिलाओं की तस्करी में आ रही तेजी पर गंभीर चिंता जताते हुए सुप्रीम कोर्ट ने सबसे अधिक प्रभावित सात राज्यों से पूछा है कि वे इस समस्या से निपटने के लिए क्या कर रहे हैं ।,4.0,0.0,-1.6742,-0.8168,-0.6667,-1.6963,0.804,1
train-s9565,भारतीय जनता पार्टी अध्यक्ष लाल कृष्ण आडवाणी ने मंगलवार को कहा कि मुख्य विपक्षी दल की ओर से ब्लैंक चैक मिलने के बावजूद संसद के चालू सत्र में महिला आरक्षण विधेयक पेश करने में यूपीए सरकार की विफलता से इसको लेकर सरकार की प्रतिबद्धता का खुलासा हो गया है ।,SOV,50,1,0.0322,0.4755,0.625,15,खंडपीठ ने इन राज्यों के मुख्य सचिवों से कहा है कि वे छह सप्ताह के भीतर इस मामले में विस्तृत जवाब दाखिल करें ।,-6.0,0.0,-1.9138,-1.5981,1.4379,-1.9716,0.1261,1
train-s9566,भाजपा संसदीय दल के प्रवक्ता वी. के. मलहोत्रा ने यहां आडवाणी के हवाले से पत्रकारों से कहा कि पार्टी ने सरकार की ओर से सर्वसम्मति बनाने के किसी भी तरीके के लिए गृह मंत्री शिवराज पाटिल को अपना समर्थन जताया था ।,SOV,42,23,0.0953,0.5102,0.64,32,भारतीय जनता पार्टी अध्यक्ष लाल कृष्ण आडवाणी ने मंगलवार को कहा कि मुख्य विपक्षी दल की ओर से ब्लैंक चैक मिलने के बावजूद संसद के चालू सत्र में महिला आरक्षण विधेयक पेश करने में यूपीए सरकार की विफलता से इसको लेकर सरकार की प्रतिबद्धता का खुलासा हो गया है ।,-9.3913,-1.0435,7.1275,-0.6859,-1.1158,3.7259,0.9979,1
train-s957,शंकर रमन हत्याकांड की जांच कर रहे विशेष जांच दल सिट ने कनिष्ठ शंकराचार्य विजयेंद्र सरस्वती को रविवार दोपहर २.०० बजे उसके समक्ष पेश होने के लिए सम्मन भेजा है ।,SOV,31,23,-0.1391,0.5365,0.5,8,जबकि बिहार कांग्रेस कमेटी के अध्यक्ष रामजतन सिन्हा ने फनॅडिस को आदतन भ्रष्ट करार दिया ।,-14.6087,0.0,-9.2031,-5.9118,-3.8158,-9.2031,-2.3515,1
train-s9581,इसके बाद लोकसभा में पूर्व राष्ट्रपति नारायणन और वर्तमान सदस्य प्रकाश बापू वी. पाटिल के अलावा ११ पूर्व सदस्यों के निधन पर सदन ने श्रद्धांजलि अर्पित की ।,SOV,28,99,-0.0108,0.5172,0.5238,22,भाजपा संसदीय दल के प्रवक्ता वी. के. मलहोत्रा ने यहां आडवाणी के हवाले से पत्रकारों से कहा कि पार्टी ने सरकार की ओर से सर्वसम्मति बनाने के किसी भी तरीके के लिए गृह मंत्री शिवराज पाटिल को अपना समर्थन जताया था ।,-12.1818,1.0505,-29.717,-31.4551,-31.8114,-27.8351,-9.2042,1
train-s9582,"लोकसभा अध्यक्ष सोमनाथ चटर्जी ने नारायणन के निधन पर दुख जताते हुए उन्हें कुशल राजनेता, राजनयिक व गरीबों का दोस्त बताया ।",SOV,23,23,0.0451,0.4882,0.5714,16,इसके बाद लोकसभा में पूर्व राष्ट्रपति नारायणन और वर्तमान सदस्य प्रकाश बापू वी. पाटिल के अलावा ११ पूर्व सदस्यों के निधन पर सदन ने श्रद्धांजलि अर्पित की ।,1.5652,0.0,-8.2191,-8.2393,-9.9442,-3.7575,-3.6512,1
train-s959,पहले सिट ने विजयेंद्र को सुबह १०.०० बजे उसके समक्ष पेश होने के निर्देश दिए थे ।,SOV,17,23,0.0689,0.4771,0.5806,18,शंकर रमन हत्याकांड की जांच कर रहे विशेष जांच दल सिट ने कनिष्ठ शंकराचार्य विजयेंद्र सरस्वती को रविवार दोपहर २.०० बजे उसके समक्ष पेश होने के लिए सम्मन भेजा है ।,12.5217,0.0,-12.4967,-10.6727,-9.6332,-11.0624,-1.3371,1
train-s9599,दिल्ली और मुंबई के हवाई अड्डों के निजीकरण का विरोध कर रहे वाम दलों के सांसदों ने प्रधानमंत्री मनमोहन सिंह से इस पर रोक लगाने और हवाई अड्डा कर्मचारियों की ओर से दिए गए वैकल्पिक प्रस्ताव पर विचार करने को कहा ।,SOV,42,5,-0.0195,0.5019,0.4348,10,"लोकसभा अध्यक्ष सोमनाथ चटर्जी ने नारायणन के निधन पर दुख जताते हुए उन्हें कुशल राजनेता, राजनयिक व गरीबों का दोस्त बताया ।",2.4,0.0,-11.2642,-9.7797,-7.4286,-7.5159,-1.8395,1
train-s9600,माकपा नेता नीलोत्पल बसु के नेतृत्व में सांसदों ने प्रधानमंत्री को लिख कर कहा कि सरकार की यह पहल हमारे नजरिए में सीएमपी का उल्लंघन है ।,SOV,27,5,-0.0949,0.5364,0.5952,25,दिल्ली और मुंबई के हवाई अड्डों के निजीकरण का विरोध कर रहे वाम दलों के सांसदों ने प्रधानमंत्री मनमोहन सिंह से इस पर रोक लगाने और हवाई अड्डा कर्मचारियों की ओर से दिए गए वैकल्पिक प्रस्ताव पर विचार करने को कहा ।,-3.6,0.0,-11.8501,-1.7505,-2.2568,-8.545,1.4334,1
train-s9603,सांसदों ने प्रधानमंत्री से एएआई कर्मचारियों की ओर से वैकल्पिक प्रस्ताव पर चर्चा शुरू करने का अनुरोध किया है ।,SOV,20,23,0.1176,0.5398,0.6296,17,माकपा नेता नीलोत्पल बसु के नेतृत्व में सांसदों ने प्रधानमंत्री को लिख कर कहा कि सरकार की यह पहल हमारे नजरिए में सीएमपी का उल्लंघन है ।,10.9565,0.0,-17.7438,-15.3709,-14.3017,-12.0332,-5.0548,1
train-s9608,बिहार में पूर्व मध्य रेलवे के गया - कोडरमा सेक्शन पर बृहस्पतिवार सुबह नक्सलियों ने गुरुपा स्टेशन के निकट रेल लाइन को विस्फोट से उड़ा दिया ।,SOV,27,99,0.0151,0.5455,0.65,13,सांसदों ने प्रधानमंत्री से एएआई कर्मचारियों की ओर से वैकल्पिक प्रस्ताव पर चर्चा शुरू करने का अनुरोध किया है ।,-9.1212,0.0,-7.877,-7.6566,-6.4766,-7.7818,-1.4542,1
train-s9610,पिछले दो दिनों में दूसरी बार जिले में नक्सलियों ने रेलवे की संपत्ति को नुकसान पहुंचाया है ।,SOV,18,99,-0.0715,0.5214,0.6296,17,बिहार में पूर्व मध्य रेलवे के गया - कोडरमा सेक्शन पर बृहस्पतिवार सुबह नक्सलियों ने गुरुपा स्टेशन के निकट रेल लाइन को विस्फोट से उड़ा दिया ।,-4.4747,0.0,-35.0992,-11.7095,-12.7277,-30.0807,-4.0159,1
train-s9621,मुलाटोनू ने टेलीफोन से बताया कि म्यांमारी सैनिकों द्वारा एनएससीएन के ठिकानों पर रॉकेट और मोर्टार गोले दागे जा रहे हैं ।,SOV,22,1,0.0319,0.5096,0.6667,12,पिछले दो दिनों में दूसरी बार जिले में नक्सलियों ने रेलवे की संपत्ति को नुकसान पहुंचाया है ।,0.0,0.0,-4.5671,-2.1696,0.9668,-4.562,-0.9453,1
train-s9639,सोमवार को आयुर्वेद दवा उत्पादकों के सम्मेलन में रामदास ने कहा था कि एमबीबीएस पाठ्यक्रम में आयुर्वेद को भी शामिल किया जाएगा ताकि लोगों को आधुनिक व परंपरागत चिकित्सा उपचार का पूरा लाभ मिले ।,SOV,35,5,-0.2543,0.6133,0.3636,8,मुलाटोनू ने टेलीफोन से बताया कि म्यांमारी सैनिकों द्वारा एनएससीएन के ठिकानों पर रॉकेट और मोर्टार गोले दागे जा रहे हैं ।,0.0,0.0,5.3866,3.9483,4.9923,5.3746,-0.7321,1
train-s9641,निहित स्वार्थवश कुछ लोग इस बात को ज्यादा तूल दे रहे हैं ।,SOV,13,23,0.1548,0.4942,0.6,21,सोमवार को आयुर्वेद दवा उत्पादकों के सम्मेलन में रामदास ने कहा था कि एमबीबीएस पाठ्यक्रम में आयुर्वेद को भी शामिल किया जाएगा ताकि लोगों को आधुनिक व परंपरागत चिकित्सा उपचार का पूरा लाभ मिले ।,0.5217,0.0,-17.7232,-10.4678,-10.406,-17.7232,0.3905,1
train-s9658,फ्रांस में सिख छात्रों को पगड़ी बांधने पर लगाई गई पाबंदी के मुद्दे पर शिरोमणि गुरूद्वारा प्रबंधक कमेटी (एसजीपीसी) ने केंद्र सरकार से हस्तक्षेप की मांग की है ।,SOV,31,23,0.1556,0.4921,0.6154,8,निहित स्वार्थवश कुछ लोग इस बात को ज्यादा तूल दे रहे हैं ।,-19.8261,0.0,-11.608,-16.4362,-15.0688,-11.608,-3.3868,1
train-s9661,इस बारे में कमेटी ने फ्रांस के राजदूत को भी लिखा है ।,SOV,13,5,-0.0628,0.5288,0.5806,18,फ्रांस में सिख छात्रों को पगड़ी बांधने पर लगाई गई पाबंदी के मुद्दे पर शिरोमणि गुरूद्वारा प्रबंधक कमेटी (एसजीपीसी) ने केंद्र सरकार से हस्तक्षेप की मांग की है ।,2.4,1.2,1.157,0.7987,-0.8184,1.1414,-0.1826,1
train-s9663,मुलाकात के दौरान उन्होंने नटवर सिंह को एक ज्ञापन सौंपा ।,SOV,11,23,-0.1233,0.5055,0.6154,8,इस बारे में कमेटी ने फ्रांस के राजदूत को भी लिखा है ।,-0.5217,-1.0435,-19.5248,-9.835,-11.0366,-17.0078,-2.4215,1
train-s9665,विदेश मंत्री से मुलाकात के बाद बीबी जागीर कौर ने कहा कि सिख धर्म में पगड़ी का अपना महत्व है ।,SOV,21,5,0.1405,0.4884,0.5455,6,मुलाकात के दौरान उन्होंने नटवर सिंह को एक ज्ञापन सौंपा ।,1.2,0.0,-6.5478,-8.1804,-12.6786,-2.4526,-0.071,1
train-s9669,एसजीपीसी अध्यक्ष ने पाकिस्तानी जेलों में बंद सिख युवकों का मामला भी उठाया ।,SOV,14,5,0.1398,0.511,0.7619,16,विदेश मंत्री से मुलाकात के बाद बीबी जागीर कौर ने कहा कि सिख धर्म में पगड़ी का अपना महत्व है ।,3.6,0.0,-16.2576,-6.5531,-6.9143,-16.0177,-5.978,1
train-s967,मठ के वकील के. एस. चेल्लप्पा और वाई. त्यागराजन ने पत्रकारों को बताया कि अय्यर ने मजिस्ट्रेट से कहा कि पैसों के लेन - देन को लेकर उन पर झूठे आरोप लगाए गए हैं ।,SOV,35,1,0.0117,0.4651,0.5294,9,पहले सिट ने विजयेंद्र को सुबह १०.०० बजे उसके समक्ष पेश होने के निर्देश दिए थे ।,-8.0,0.0,-5.503,-10.8315,-6.0753,-5.4991,-0.2239,1
train-s9672,वे कानून व आतंकवाद पर आयोजित एक सेमिनार में इंडियन कौंसिल ऑफ जूरिस्ट (आईसीजे) को संबोधित कर रहे थे ।,SOV,22,23,-0.0114,0.5246,0.5714,8,एसजीपीसी अध्यक्ष ने पाकिस्तानी जेलों में बंद सिख युवकों का मामला भी उठाया ।,0.0,1.0435,-11.9305,-7.0538,-6.065,-11.9305,-5.2612,1
train-s9682,बांग्लादेश की राजधानी ढाका में अवामी लीग प्रमुख शेख हसीना के घर के पास पुलिस ने प्रदर्शनकारियों पर काबू पाने के लिए आँसू गैस के गोले दागे ।,SOV,28,99,0.0511,0.5028,0.3182,7,वे कानून व आतंकवाद पर आयोजित एक सेमिनार में इंडियन कौंसिल ऑफ जूरिस्ट (आईसीजे) को संबोधित कर रहे थे ।,-8.4646,0.0,-34.6035,-18.9205,-24.3686,-35.5133,-3.0227,1
train-s9694,पीड़ित महिला ने पुलिस से अपनी शिकायत में कहा था कि बलात्कार करने वाले व्यक्ति ने अपना नाम विक्की मल्होत्रा बताया था ।,SOV,23,5,0.0551,0.5579,0.6071,17,बांग्लादेश की राजधानी ढाका में अवामी लीग प्रमुख शेख हसीना के घर के पास पुलिस ने प्रदर्शनकारियों पर काबू पाने के लिए आँसू गैस के गोले दागे ।,0.0,0.0,0.8402,-4.1683,-2.1923,0.1358,0.7707,1
train-s9695,कोलकाता की एक एंग्लो इंडियन महिला ने कासलीवाल पर बलात्कार का आरोप लगाया था ।,SOV,15,5,-0.122,0.57,0.5652,13,पीड़ित महिला ने पुलिस से अपनी शिकायत में कहा था कि बलात्कार करने वाले व्यक्ति ने अपना नाम विक्की मल्होत्रा बताया था ।,-4.8,0.0,-22.783,-12.1191,-11.3118,-21.5768,-3.892,1
train-s9698,जस्टिस एम. बी. शाह और राज्यलक्ष्मी राव वाली राष्ट्रीय उपभोक्ता विवाद निवारण आयोग की खंडपीठ ने लोन गारंटर वाई. जी. श्रीराम शेट्टी के खाते से पैसा लेने वाले आईएनजी वैश्य बैंक की याचिका खारिज करते हुए यह आदेश दिए ।,SOV,40,5,-0.1753,0.5868,0.5333,8,कोलकाता की एक एंग्लो इंडियन महिला ने कासलीवाल पर बलात्कार का आरोप लगाया था ।,-16.8,0.0,-7.9926,-10.4351,-12.0079,-7.7284,-1.2893,1
train-s9699,खंडपीठ ने बैंक से शेट्टी को पांच हजार रुपये देने के निर्देश दिए ।,SOV,14,1,0.011,0.5064,0.475,19,जस्टिस एम. बी. शाह और राज्यलक्ष्मी राव वाली राष्ट्रीय उपभोक्ता विवाद निवारण आयोग की खंडपीठ ने लोन गारंटर वाई. जी. श्रीराम शेट्टी के खाते से पैसा लेने वाले आईएनजी वैश्य बैंक की याचिका खारिज करते हुए यह आदेश दिए ।,8.0,0.0,-21.3018,-16.8414,-15.9162,-9.1394,-6.0634,1
train-s9700,बैंक ने याचिका में कर्नाटक राज्य उपभोक्ता आयोग के उसकी इस कार्रवाई को अन्यायपूर्ण करार देने के फैसले को चुनौती दी थी ।,SOV,23,23,-0.0418,0.4565,0.5714,8,खंडपीठ ने बैंक से शेट्टी को पांच हजार रुपये देने के निर्देश दिए ।,5.2174,0.0,-19.2368,-12.8582,-10.8029,-16.6508,-5.8721,1
train-s9703,केरल उच्च न्यायालय द्वारा राज्य में कोका कोला और पेप्सी के उत्पादन और बिक्री से रोक हटाने के फैसले को दुर्भाग्यपूर्ण बताते हुए सीएसई ने कहा है कि शीतल पेय अब भी स्वास्थ्य के लिए असुरक्षित हैं ।,SOV,38,1,-0.0191,0.5267,0.6957,16,बैंक ने याचिका में कर्नाटक राज्य उपभोक्ता आयोग के उसकी इस कार्रवाई को अन्यायपूर्ण करार देने के फैसले को चुनौती दी थी ।,-21.0,0.0,5.466,12.1608,5.4553,5.6487,0.1201,1
train-s9704,रिलायंस समूह को उड़ीसा में बंगाल की खाड़ी के तटीय इलाके में गैस का भंडार मिला है ।,IOSV,18,23,-0.0515,0.5115,0.5789,22,केरल उच्च न्यायालय द्वारा राज्य में कोका कोला और पेप्सी के उत्पादन और बिक्री से रोक हटाने के फैसले को दुर्भाग्यपूर्ण बताते हुए सीएसई ने कहा है कि शीतल पेय अब भी स्वास्थ्य के लिए असुरक्षित हैं ।,2.6087,0.0,-0.6219,-2.29,-2.1872,-0.6278,-3.2751,1
train-s9710,रिलायंस समूह को यमन में भी तेल का भंडार मिला है ।,IOSV,12,5,0.1475,0.453,0.7778,14,रिलायंस समूह को उड़ीसा में बंगाल की खाड़ी के तटीय इलाके में गैस का भंडार मिला है ।,0.0,0.0,-4.1409,-1.0946,-5.0131,-4.2504,-2.3572,1
train-s9712,इससे पहले भी कंपनी को आंध्र प्रदेश के कृष्णा गोदावरी के तटीय इलाके में गैस का बड़ा भंडार मिला था ।,IOSV,21,23,0.022,0.4857,0.75,9,रिलायंस समूह को यमन में भी तेल का भंडार मिला है ।,5.2174,1.0435,-5.8035,-3.4926,-9.042,-7.2521,-3.6536,1
train-s9717,पहले चरण के लिए 64 सीटों के लिए होने वाले चुनाव में 834 उम्मीदवार अपना भाग्य आजमा रहे हैं ।,SOV,20,23,0.0689,0.4576,0.7143,15,इससे पहले भी कंपनी को आंध्र प्रदेश के कृष्णा गोदावरी के तटीय इलाके में गैस का बड़ा भंडार मिला था ।,-6.2609,0.0,-30.1644,-3.782,-4.196,-29.0734,-1.8526,1
train-s9718,लेकिन राजद ने कांग्रेस के लिए सिर्फ कहलगांव सीट छोड़ी है और 17 सीटों पर उसे कांग्रेस पार्टी से मुकाबला करना पड़ रहा है ।,SOV,25,23,0.169,0.4889,0.4,8,पहले चरण के लिए 64 सीटों के लिए होने वाले चुनाव में 834 उम्मीदवार अपना भाग्य आजमा रहे हैं ।,3.6522,0.0,-5.5056,-5.2194,-5.7979,-5.4889,-6.3981,1
train-s9719,कहलगांव से कांग्रेस पार्टी के सदानंद सिंह चुनाव लड़ रहे है ।,SOV,12,5,-0.0622,0.5234,0.48,12,लेकिन राजद ने कांग्रेस के लिए सिर्फ कहलगांव सीट छोड़ी है और 17 सीटों पर उसे कांग्रेस पार्टी से मुकाबला करना पड़ रहा है ।,-1.2,0.0,-6.6937,-6.2628,-6.6166,-4.2381,0.5383,1
train-s9722,क्योंकि इससे राजद विरोधी वोट बंटेगा ।,SOV,7,23,0.0497,0.5474,0.5,6,कहलगांव से कांग्रेस पार्टी के सदानंद सिंह चुनाव लड़ रहे है ।,1.5652,-1.0435,-8.0462,-11.1962,-9.8915,-8.0462,-6.3832,1
train-s9723,"पहले चरण के चुनाव में राजद 64 में से 58 सीटों पर चुनाव लड़ रही है और उसने तीन सीटे भाकपा, दो सीटें माकपा और एक सीट कांग्रेस पार्टी के लिए छोड़ी है ।",SOV,35,99,-0.1568,0.5171,0.4286,3,क्योंकि इससे राजद विरोधी वोट बंटेगा ।,-6.2626,0.0,-24.348,-7.3233,-5.5886,-21.1374,-3.3196,1
train-s974,"राष्ट्रपति एपीजे अब्दुल कलाम, प्रधानमंत्री मनमोहन सिंह और यूपीए अध्यक्ष सोनिया गांधी ने शुक्रवार को राष्ट्र को होली पर शुभकामनाएं दीं ।",SOV,23,99,-0.0987,0.5569,0.4571,16,मठ के वकील के. एस. चेल्लप्पा और वाई. त्यागराजन ने पत्रकारों को बताया कि अय्यर ने मजिस्ट्रेट से कहा कि पैसों के लेन - देन को लेकर उन पर झूठे आरोप लगाए गए हैं ।,-26.1919,0.0,-20.0174,-13.6893,-15.1805,-21.6484,-3.4381,1
train-s9740,इससे पहले आईजी (मुख्यालय) नीलमणि ने बताया था कि इस हत्याकांड में सात महिलाएं व दो बच्चे सहित 9 लोग मारे गए हैं ।,SOV,26,1,0.0099,0.4859,0.5143,18,"पहले चरण के चुनाव में राजद 64 में से 58 सीटों पर चुनाव लड़ रही है और उसने तीन सीटे भाकपा, दो सीटें माकपा और एक सीट कांग्रेस पार्टी के लिए छोड़ी है ।",4.0,2.0,-5.4533,7.196,4.4738,-5.4532,-7.0454,1
train-s9741,चौधरी ने पीड़ित परिवार के सदस्य के हवाले से बताया कि हत्यारों की संख्या 10 थी ।,SOV,17,1,-0.0761,0.4912,0.5385,14,इससे पहले आईजी (मुख्यालय) नीलमणि ने बताया था कि इस हत्याकांड में सात महिलाएं व दो बच्चे सहित 9 लोग मारे गए हैं ।,5.0,0.0,-5.9741,0.8642,3.8876,-5.9362,0.9484,1
train-s9742,सभी पैंट व बंडी पहने हुए थे ।,SOV,8,1,-0.0024,0.5073,0.5882,10,चौधरी ने पीड़ित परिवार के सदस्य के हवाले से बताया कि हत्यारों की संख्या 10 थी ।,2.0,2.0,-17.4768,-1.1525,-5.9464,-17.4768,-2.9775,1
train-s9745,इनका मुख्य धंधा भीख मांगना और छोटे मोटे काम करना है ।,SOV,12,1,0.459,0.424,0.25,2,सभी पैंट व बंडी पहने हुए थे ।,4.0,0.0,-5.3873,0.4449,-0.1819,-5.5219,-4.4918,1
train-s975,प्रधानमंत्री सिंह ने अपने संदेश में कहा कि रंगों का यह त्योहार भारत की सांस्कृतिक खूबसूरती व मजबूती को दर्शाता है ।,SOV,22,1,-0.018,0.5675,0.4348,10,"राष्ट्रपति एपीजे अब्दुल कलाम, प्रधानमंत्री मनमोहन सिंह और यूपीए अध्यक्ष सोनिया गांधी ने शुक्रवार को राष्ट्र को होली पर शुभकामनाएं दीं ।",0.0,0.0,-0.9975,1.6232,0.5782,-1.6958,0.9771,1
train-s9751,विश्व तपेदिक दिवस के अवसर पर स्वास्थ्य मंत्री रामदास ने देश में तपेदिक की स्थिति और सरकार द्वारा किए जा रहे प्रयासों का ब्योरा रखा ।,SOV,26,23,-0.0679,0.4466,0.75,9,इनका मुख्य धंधा भीख मांगना और छोटे मोटे काम करना है ।,8.3478,0.0,-12.7567,-5.157,-4.7513,-10.8094,-3.5806,1
train-s976,"वहीं, सोनिया गांधी ने कहा कि होली मित्रता बढ़ाने का त्योहार है ।",SOV,14,1,0.1202,0.5188,0.6818,15,प्रधानमंत्री सिंह ने अपने संदेश में कहा कि रंगों का यह त्योहार भारत की सांस्कृतिक खूबसूरती व मजबूती को दर्शाता है ।,1.0,0.0,-21.2111,-7.2076,-9.3735,-17.2276,-11.0731,1
train-s9767,उन्होंने दुर्घटना की जांच कराने की बात कही है ।,SOV,10,1,-0.0071,0.5294,0.6154,16,विश्व तपेदिक दिवस के अवसर पर स्वास्थ्य मंत्री रामदास ने देश में तपेदिक की स्थिति और सरकार द्वारा किए जा रहे प्रयासों का ब्योरा रखा ।,5.0,2.0,0.9647,-10.3089,-9.141,0.9566,-5.5215,1
train-s9769,निजामुद्दीन से चलने के बाद इसका पहला स्टापेज मथुरा जंक्शन है ।,SOV,12,5,0.0903,0.4746,0.6,6,उन्होंने दुर्घटना की जांच कराने की बात कही है ।,-3.6,0.0,-4.5183,-3.6253,-1.7758,-2.8503,-0.0045,1
train-s977,संघर्ष भुलाने व माफ करने का यह उत्सव लोगों के बीच से द्वेष व भेदभाव मिटाता है ।,SOV,18,5,0.2212,0.5647,0.5,7,"वहीं, सोनिया गांधी ने कहा कि होली मित्रता बढ़ाने का त्योहार है ।",-6.0,0.0,0.5339,1.496,0.3828,0.5339,2.5751,1
train-s9771,ट्रेन ने ओल्ड फरीदाबाद रेलवे स्टेशन को शाम छह बज कर २४ मिनट पर पार किया था ।,SOV,18,23,-0.0033,0.4915,0.5,6,निजामुद्दीन से चलने के बाद इसका पहला स्टापेज मथुरा जंक्शन है ।,-0.5217,0.0,0.2779,-11.6519,-10.8098,0.2779,-2.7619,1
train-s9776,इसके बाद उसने इंजन की गति धीमी कर दी थी ।,SOV,11,23,0.0002,0.4684,0.7222,13,ट्रेन ने ओल्ड फरीदाबाद रेलवे स्टेशन को शाम छह बज कर २४ मिनट पर पार किया था ।,-0.5217,0.0,-22.8312,-13.4263,-12.8567,-20.9634,-6.2824,1
train-s978,दिल्ली के लेफ्टिनेंट गवर्नर बी. एल. जोशी ने लोगों से इस त्योहार को शांतिपूर्वक मनाने की अपील की ।,SOV,19,5,-0.0493,0.5962,0.6667,12,संघर्ष भुलाने व माफ करने का यह उत्सव लोगों के बीच से द्वेष व भेदभाव मिटाता है ।,-1.2,0.0,-12.343,-13.7031,-13.5847,-11.4116,-6.6144,1
train-s9782,रेलवे के आला अधिकारियों ने पलवल व फरीदाबाद स्टेशनों से ताजा स्थिति की जानकारी ली ।,SOV,16,5,-0.0388,0.4858,0.4545,5,इसके बाद उसने इंजन की गति धीमी कर दी थी ।,-1.2,0.0,-5.1854,-9.074,-4.279,-4.9914,-4.7321,1
train-s9785,हमने उच्च अधिकारियों को इस बात की जानकारी दे दी है ।,SOV,12,5,0.1247,0.4877,0.625,10,रेलवे के आला अधिकारियों ने पलवल व फरीदाबाद स्टेशनों से ताजा स्थिति की जानकारी ली ।,3.6,1.2,-9.6016,-10.0886,-15.8275,-9.2576,-4.5174,1
train-s979,पार्टी के महासचिव हरकिशन सिंह सुरजीत ने मनमोहन सिंह सरकार में हारे हुए कांग्रेस नेताओं को शामिल करने पर खिन्नता जताई ।,SOV,22,5,0.1,0.5701,0.6316,12,दिल्ली के लेफ्टिनेंट गवर्नर बी. एल. जोशी ने लोगों से इस त्योहार को शांतिपूर्वक मनाने की अपील की ।,-7.2,0.0,-2.0704,-3.6012,-4.135,-1.9999,-3.6077,1
train-s9795,कश्मीर को सात हिस्सों में बांटने वाले पाकिस्तान के राष्ट्रपति परवेज मुशर्रफ के प्रस्ताव की बाबत गिलानी ने कहा कि इस संबंध में अजीज से पांच घंटे तक चली मुलाकात में विस्तार से बात की गई है ।,SOV,38,1,0.1332,0.4546,0.6667,8,हमने उच्च अधिकारियों को इस बात की जानकारी दे दी है ।,-14.0,0.0,-1.702,0.0143,-6.7231,-1.7248,-2.7924,1
train-s9797,एक सवाल के जवाब में उन्होंने कहा कि भारत सरकार को संयुक्त राष्ट्र प्रस्ताव पर अमल करना चाहिए ।,SOV,19,1,0.1735,0.4975,0.6316,24,कश्मीर को सात हिस्सों में बांटने वाले पाकिस्तान के राष्ट्रपति परवेज मुशर्रफ के प्रस्ताव की बाबत गिलानी ने कहा कि इस संबंध में अजीज से पांच घंटे तक चली मुलाकात में विस्तार से बात की गई है ।,-4.0,-2.0,-4.0044,-3.6023,-4.3472,-3.9894,-2.5965,1
train-s9801,अजीज ने उन लोगों को भरोसा दिलाया है कि पाकिस्तान कश्मीरी लोगों को हमेशा राजनीतिक समर्थन देता रहेगा ।,SOV,19,5,0.1211,0.5089,0.7895,15,एक सवाल के जवाब में उन्होंने कहा कि भारत सरकार को संयुक्त राष्ट्र प्रस्ताव पर अमल करना चाहिए ।,-1.2,0.0,-27.2428,-20.5711,-19.7413,-27.2428,-6.4659,1
train-s9806,राज्य वन्य प्राणी विंग ने केंद्रीय वन्य प्राधिकरण (सीजैडए) की मंजूरी के बाद इस प्रस्ताव की मंजूरी के लिए केंद्र सरकार को भेजा है ।,SOV,27,23,0.0883,0.5207,0.6316,12,अजीज ने उन लोगों को भरोसा दिलाया है कि पाकिस्तान कश्मीरी लोगों को हमेशा राजनीतिक समर्थन देता रहेगा ।,-5.2174,0.0,-4.4003,-1.7299,-4.6825,-4.3931,-1.6154,1
train-s9808,"सूत्रों के अनुसार, बीएनएचएस की टीम ने दौरा कर गिद्ध प्रजनन केंद्र के लिए नालागढ़ को फाइनल कर दिया है ।",SOV,22,99,0.021,0.4665,0.5926,16,राज्य वन्य प्राणी विंग ने केंद्रीय वन्य प्राधिकरण (सीजैडए) की मंजूरी के बाद इस प्रस्ताव की मंजूरी के लिए केंद्र सरकार को भेजा है ।,-8.1919,0.0,-10.0764,-1.3849,-6.3969,-10.0696,-5.6472,1
train-s9820,तौकीर मियां ने कई बरस पहले सुर्खियों में रहे नसबंदी के मामले से बात शुरू की ।,SOV,17,23,0.0653,0.4929,0.6818,15,"सूत्रों के अनुसार, बीएनएचएस की टीम ने दौरा कर गिद्ध प्रजनन केंद्र के लिए नालागढ़ को फाइनल कर दिया है ।",-7.8261,0.0,-18.1968,-16.2276,-13.0565,-16.077,-5.1107,1
train-s9822,आखिरकार बरेली से मुफ्ती - ए - आजम हिंद ने फतवा जारी किया ।,SOV,14,99,0.1241,0.4761,0.5882,10,तौकीर मियां ने कई बरस पहले सुर्खियों में रहे नसबंदी के मामले से बात शुरू की ।,-0.9596,0.0,-19.9385,-10.0303,-9.2251,-19.8176,-3.9907,1
train-s9832,अक्तूबर २००२ में सुप्रीम कोर्ट ने एक वक्त में तीन तलाक को एक तलाक माना जबकि उलमा इसे तीन तलाक करार देते हैं ।,SOV,24,99,-0.1076,0.5143,0.3571,5,आखिरकार बरेली से मुफ्ती - ए - आजम हिंद ने फतवा जारी किया ।,-2.0101,0.0,-3.3317,-6.2748,-7.8561,-3.3317,-2.0776,1
train-s9847,मेरठ के गुड़िया - आरिफ प्रकरण को सुलझाने के बजाय बोर्ड ने उसे मीडिया का खिलौना बनाया ।,SOV,18,23,-0.0984,0.5509,0.7083,17,अक्तूबर २००२ में सुप्रीम कोर्ट ने एक वक्त में तीन तलाक को एक तलाक माना जबकि उलमा इसे तीन तलाक करार देते हैं ।,-11.4783,0.0,1.818,-6.7244,-6.664,2.1042,-4.3444,1
train-s9852,जवाब में उन्होंने कहा - हंगामा ।,SOV,7,1,0.1063,0.4363,0.6111,11,मेरठ के गुड़िया - आरिफ प्रकरण को सुलझाने के बजाय बोर्ड ने उसे मीडिया का खिलौना बनाया ।,-1.0,-2.0,-10.3113,-2.9488,-3.108,-11.2611,1.1436,1
train-s9881,इस नई सूची ने एक बार फिर भारतीय व्यवसायियों की श्रेष्ठता साबित कर दी है ।,SOV,16,23,0.0355,0.5651,0.4286,3,जवाब में उन्होंने कहा - हंगामा ।,-4.1739,0.0,-19.9347,-12.7716,-13.7374,-19.9347,-4.5636,1
train-s9883,हिंदुजा बंधुओं श्रीचंद और गोपीचंद ने ३.६ अरब पौंड की संपत्ति के साथ ब्रिटेन के अमीरों में सातवां स्थान बनाया है ।,SOV,22,23,0.0301,0.4973,0.75,12,इस नई सूची ने एक बार फिर भारतीय व्यवसायियों की श्रेष्ठता साबित कर दी है ।,-7.8261,0.0,-11.7977,-6.994,-3.7758,-11.7517,-2.9237,1
train-s9890,३३ वर्षीय अहमद ज्यूरी द्वारा दोषी करार दिए जाने के बाद से फरार है ।,SOV,15,5,0.0459,0.4736,0.5,11,हिंदुजा बंधुओं श्रीचंद और गोपीचंद ने ३.६ अरब पौंड की संपत्ति के साथ ब्रिटेन के अमीरों में सातवां स्थान बनाया है ।,-2.4,0.0,-14.0374,-7.764,-5.4412,-13.6456,-2.6567,1
train-s9892,सरकार ने रसोई गैस सिलेंडर की कीमत में ५ रुपये प्रति माह की वृद्धि का फैसला वापस ले लिया है ।,SOV,21,23,-0.0799,0.5415,0.4667,7,३३ वर्षीय अहमद ज्यूरी द्वारा दोषी करार दिए जाने के बाद से फरार है ।,-0.5217,0.0,-23.4476,-12.602,-12.9481,-23.4476,-6.8477,1
train-s9895,इनमें पेट्रोलियम और प्राकृतिक गैस नियामक बिल को मंत्रियों के समूह (जीओएम) के पास भेजने तथा गोधरा में साबरमती एक्सप्रेस अग्निकांड मामले की जांच कर रही उच्च स्तरीय समिति के कार्यकाल को तीन माह बढ़ाने जैसे निर्णय शामिल हैं ।,SOV,42,23,0.0898,0.4854,0.7619,16,सरकार ने रसोई गैस सिलेंडर की कीमत में ५ रुपये प्रति माह की वृद्धि का फैसला वापस ले लिया है ।,-18.7826,1.0435,-12.873,-8.4786,-9.1101,-12.8519,-7.4434,1
train-s9896,गोधरा में वर्ष २००२ में हुई इस घटना में ५९ लोगों ने जान गंवाई थी ।,SOV,16,5,0.0906,0.4793,0.619,26,इनमें पेट्रोलियम और प्राकृतिक गैस नियामक बिल को मंत्रियों के समूह (जीओएम) के पास भेजने तथा गोधरा में साबरमती एक्सप्रेस अग्निकांड मामले की जांच कर रही उच्च स्तरीय समिति के कार्यकाल को तीन माह बढ़ाने जैसे निर्णय शामिल हैं ।,-9.6,0.0,-19.541,-0.7227,-3.4137,-17.8817,-3.6365,1
train-s9899,आर्थिक मामले से संबंधित मंत्रिमंडलीय समिति की बैठक के बाद पेट्रोलियम मंत्री मणिशंकर अय्यर ने संवाददाताओं को संबोधित करते हुए कहा कि सरकार ने एलपीजी सिलेंडर की कीमत में ५ रुपये की मासिक बढ़त को वापस लेने का फैसला किया है ।,SOV,42,23,0.0327,0.5759,0.4375,7,गोधरा में वर्ष २००२ में हुई इस घटना में ५९ लोगों ने जान गंवाई थी ।,-12.5217,0.0,-20.5215,-13.9159,-13.142,-20.5215,-2.8109,1
train-s9900,लेकिन उन्होंने साफ कर दिया कि इसके अलावा पेट्रो पदार्थो की कीमत के बारे में लिए गए सभी निर्णय यथावत बने रहेंगे ।,SOV,23,5,0.0547,0.4959,0.6905,29,आर्थिक मामले से संबंधित मंत्रिमंडलीय समिति की बैठक के बाद पेट्रोलियम मंत्री मणिशंकर अय्यर ने संवाददाताओं को संबोधित करते हुए कहा कि सरकार ने एलपीजी सिलेंडर की कीमत में ५ रुपये की मासिक बढ़त को वापस लेने का फैसला किया है ।,0.0,-1.2,-22.7985,-17.7166,-15.7514,-22.7985,-6.9023,1
train-s9907,कैबिनेट की बैठक के बाद सूचना और प्रसारण मंत्री एस जयपाल रेड्डी ने बताया कि इसमें उपभोक्ताओं के हितों के संरक्षण के लिए पेट्रोलियम और प्राकृतिक गैस जैसे पेट्रोलियम उत्पादों के लिए नियामक बोर्ड बनाने का प्रस्ताव दिया गया है ।,SOV,41,1,0.2171,0.4901,0.3913,9,लेकिन उन्होंने साफ कर दिया कि इसके अलावा पेट्रो पदार्थो की कीमत के बारे में लिए गए सभी निर्णय यथावत बने रहेंगे ।,3.0,0.0,-2.701,0.7573,3.3238,-2.7064,-4.1218,1
train-s9910,बैठक में प्रधानमंत्री मनमोहन सिंह ने जांच पैनल का कार्यकाल ४ दिसंबर २००४ से आगे बढ़ाने के प्रस्ताव को मंजूरी दे दी ।,SOV,23,23,0.029,0.4785,0.6585,27,कैबिनेट की बैठक के बाद सूचना और प्रसारण मंत्री एस जयपाल रेड्डी ने बताया कि इसमें उपभोक्ताओं के हितों के संरक्षण के लिए पेट्रोलियम और प्राकृतिक गैस जैसे पेट्रोलियम उत्पादों के लिए नियामक बोर्ड बनाने का प्रस्ताव दिया गया है ।,3.1304,0.0,-27.4933,-15.7066,-15.5225,-24.9391,-4.3767,1
train-s9911,इसके अलावा कैबिनेट ने राष्ट्रीय अल्पसंख्यक आयोग को संवैधानिक दर्जा देने और इस संबंध में संविधान में संशोधन के लिए संसद में विधेयक लाने के एक प्रस्ताव को हरी झंडी दे दी ।,SOV,33,23,0.1115,0.5315,0.6957,16,बैठक में प्रधानमंत्री मनमोहन सिंह ने जांच पैनल का कार्यकाल ४ दिसंबर २००४ से आगे बढ़ाने के प्रस्ताव को मंजूरी दे दी ।,11.4783,1.0435,-28.1332,-16.8058,-14.1969,-24.6081,-6.6825,1
train-s9916,धनंजय की मां और कुछ स्वयंसेवी संगठनों ने राष्ट्रपति से फांसी की सजा माफ करने का अनुरोध किया है ।,SOV,20,5,0.0722,0.4782,0.697,23,इसके अलावा कैबिनेट ने राष्ट्रीय अल्पसंख्यक आयोग को संवैधानिक दर्जा देने और इस संबंध में संविधान में संशोधन के लिए संसद में विधेयक लाने के एक प्रस्ताव को हरी झंडी दे दी ।,-1.2,0.0,-12.4792,-19.5558,-14.5048,-12.4792,-5.9672,1
train-s9917,राष्ट्रपति ने इस मामले में गृह मंत्रालय की राय मांगी है ।,SOV,12,5,0.016,0.5285,0.8,16,धनंजय की मां और कुछ स्वयंसेवी संगठनों ने राष्ट्रपति से फांसी की सजा माफ करने का अनुरोध किया है ।,2.4,0.0,-12.4008,-6.6819,-7.844,-9.9294,-4.4061,1
train-s9918,याचिकाकर्ता के वकील कोलिन गोंसाल्वेस और पश्चिम बंगाल सरकार के स्थायी वकील तारा चंद्र शर्मा ने संवाददाताओं को बताया कि जस्टिस केजी बालकृष्ण और जस्टिस पीवी रेड्डी की अवकाशकालीन पीठ ने मामले की अगली सुनवाई के लिए शुक्रवार दोपहर दो बजे का समय निर्धारित किया है ।,SOV,47,1,0.0522,0.5088,0.75,9,राष्ट्रपति ने इस मामले में गृह मंत्रालय की राय मांगी है ।,-14.0,0.0,-9.4796,-1.3083,0.4539,-9.4796,-1.2184,1
train-s9919,शर्मा ने अदालत से याचिका का अध्ययन करने के लिए समय मांगा था ।,SOV,14,23,0.0046,0.4833,0.5745,27,याचिकाकर्ता के वकील कोलिन गोंसाल्वेस और पश्चिम बंगाल सरकार के स्थायी वकील तारा चंद्र शर्मा ने संवाददाताओं को बताया कि जस्टिस केजी बालकृष्ण और जस्टिस पीवी रेड्डी की अवकाशकालीन पीठ ने मामले की अगली सुनवाई के लिए शुक्रवार दोपहर दो बजे का समय निर्धारित किया है ।,0.5217,0.0,-18.4795,-8.7571,-5.6751,-14.4909,-5.5402,1
train-s9920,इसे ध्यान में रखते हुए सुप्रीम कोर्ट ने फांसी दो दिन के लिए टाल दी है ।,SOV,17,5,-0.0267,0.5249,0.5714,8,शर्मा ने अदालत से याचिका का अध्ययन करने के लिए समय मांगा था ।,-4.8,0.0,-11.5072,-1.7462,-1.7545,-11.5072,-1.583,1
train-s9921,इस मामले में धनंजय के भाई विकास चटर्जी और विक्रमजीत बत्रा ने सुप्रीम कोर्ट में याचिका दायर की है ।,SOV,20,99,0.0066,0.5305,0.7059,12,इसे ध्यान में रखते हुए सुप्रीम कोर्ट ने फांसी दो दिन के लिए टाल दी है ।,-12.3636,0.0,-24.4935,-17.2193,-17.3637,-23.4522,-6.3108,1
train-s9927,"इससे पूर्व, जनवरी १९९४ में सुप्रीम कोर्ट ने धनंजय को फांसी की सजा देने के कलकत्ता हाईकोर्ट के फैसले को सही ठहराया था ।",SOV,25,99,0.0755,0.5488,0.65,13,इस मामले में धनंजय के भाई विकास चटर्जी और विक्रमजीत बत्रा ने सुप्रीम कोर्ट में याचिका दायर की है ।,4.6667,1.0303,-26.134,-15.8997,-14.5717,-24.7167,-6.2292,1
train-s9929,राष्ट्रपति ने गृह मंत्रालय से इस मामले में राय मांगी है ।,SOV,12,23,0.059,0.5182,0.6,15,"इससे पूर्व, जनवरी १९९४ में सुप्रीम कोर्ट ने धनंजय को फांसी की सजा देने के कलकत्ता हाईकोर्ट के फैसले को सही ठहराया था ।",-1.5652,0.0,-19.3062,-5.7092,-4.5928,-19.253,-4.734,1
train-s9938,जबकि आरएसएस प्रवक्ता राम माधव ने इसे भाजपा का अंदरूनी मामला करार दिया ।,SOV,14,99,0.026,0.5297,0.75,9,राष्ट्रपति ने गृह मंत्रालय से इस मामले में राय मांगी है ।,-1.2828,0.0,-29.3375,-19.5309,-22.1379,-28.9253,-10.093,1
train-s9939,वहीं उमा भारती के राजनीतिक गुरु गोविंदाचार्य ने कुछ भी कहने से इनकार कर दिया ।,SOV,16,23,0.0033,0.4809,0.5714,8,जबकि आरएसएस प्रवक्ता राम माधव ने इसे भाजपा का अंदरूनी मामला करार दिया ।,-1.5652,0.0,-25.1209,-18.5442,-21.9703,-25.0501,-7.6957,1
train-s9940,भाजपा के पूर्व अध्यक्ष वेंकैया नायडू ने आज पत्रकारों को उमा के निलंबन समाप्त होने की जानकारी दी ।,SOV,19,23,-0.2319,0.5515,0.5625,9,वहीं उमा भारती के राजनीतिक गुरु गोविंदाचार्य ने कुछ भी कहने से इनकार कर दिया ।,0.5217,0.0,-9.8179,-12.7209,-12.6636,-12.0964,-5.1442,1
train-s9948,मध्य प्रदेश की पूर्व मुख्यमंत्री उमा भारती ने १० नवंबर को मीडिया के सामने राष्ट्रीय कार्यकारिणी की बैठक में भाजपा अध्यक्ष आडवाणी को चुनौती दी थी ।,SOV,27,99,0.0267,0.4787,0.6316,12,भाजपा के पूर्व अध्यक्ष वेंकैया नायडू ने आज पत्रकारों को उमा के निलंबन समाप्त होने की जानकारी दी ।,-15.0404,0.0,-19.4794,-11.3564,-10.6014,-15.9558,-4.4646,1
train-s9950,इसके फौरन बाद आडवाणी ने उमा को पार्टी महासचिव पद से हटाकर निलंबित कर दिया था ।,SOV,17,99,0.1071,0.4702,0.5556,15,मध्य प्रदेश की पूर्व मुख्यमंत्री उमा भारती ने १० नवंबर को मीडिया के सामने राष्ट्रीय कार्यकारिणी की बैठक में भाजपा अध्यक्ष आडवाणी को चुनौती दी थी ।,-0.7475,1.0202,-17.79,-13.3846,-14.9668,-14.6976,-3.7607,1
train-s9953,पार्टी कार्यालय में उमा भारती का निलंबन रद्द किए जाने की घोषणा के वक्त मौजूद बिहार भाजपा के प्रदेशाध्यक्ष गोपाल नारायण सिंह ने कहा कि लालू के खिलाफ प्रदेश में पार्टी को एक मारक नेता की सख्त जरूरत थी ।,SOV,40,1,-0.2309,0.5058,0.4118,7,इसके फौरन बाद आडवाणी ने उमा को पार्टी महासचिव पद से हटाकर निलंबित कर दिया था ।,17.0,0.0,-5.6421,0.2304,-1.9491,-6.2408,-1.9167,1
train-s9955,पर राजद अध्यक्ष लालू प्रसाद यादव ने इसे बकवास बताया है ।,SOV,12,23,0.035,0.5257,0.55,22,पार्टी कार्यालय में उमा भारती का निलंबन रद्द किए जाने की घोषणा के वक्त मौजूद बिहार भाजपा के प्रदेशाध्यक्ष गोपाल नारायण सिंह ने कहा कि लालू के खिलाफ प्रदेश में पार्टी को एक मारक नेता की सख्त जरूरत थी ।,-2.6087,0.0,-17.8824,-17.2716,-17.1034,-17.8824,-4.962,1
train-s9982,कई अखबारों में तो यहां तक खबर प्रकाशित हुई है कि असवत को पाकिस्तान में गिरफ्तार किया जा चुका है ।,SOV,21,23,-0.1949,0.5686,0.5,6,पर राजद अध्यक्ष लालू प्रसाद यादव ने इसे बकवास बताया है ।,-5.2174,-1.0435,-20.9187,-7.1498,-5.6054,-20.8481,-4.4531,1
train-s9983,"रविवार को 'दी मेल' ने एफबीआई के हवाले से लिखा कि 7 जुलाई को लंदन में हुए धमाकों के पीछे असवत का ही हाथ है, लेकिन उच्च पदस्थ ब्रिटिश सुरक्षा सूत्रों ने हमले में असवत के शामिल होने की बात से इनकार किया है ।",SOV,48,5,0.1275,0.4941,0.5714,12,कई अखबारों में तो यहां तक खबर प्रकाशित हुई है कि असवत को पाकिस्तान में गिरफ्तार किया जा चुका है ।,2.4,0.0,0.4706,3.1216,3.597,0.2603,5.011,1
train-s9992,असवत की यह योजना शीघ्र ही नाकाम साबित हो गई थी ।,SOV,12,23,0.0531,0.4901,0.6042,29,"रविवार को 'दी मेल' ने एफबीआई के हवाले से लिखा कि 7 जुलाई को लंदन में हुए धमाकों के पीछे असवत का ही हाथ है, लेकिन उच्च पदस्थ ब्रिटिश सुरक्षा सूत्रों ने हमले में असवत के शामिल होने की बात से इनकार किया है ।",-5.2174,0.0,-10.6217,-7.3798,-4.9831,-11.4026,-3.9086,1
