predictor,beta,se,t
intercept,1.8756496701171145e-17,0.011800994751942682,1.5893996307458274e-15
IS score,0.06856487638902753,0.01885337967438556,3.6367419302641335
dep length,-0.01734584828331555,0.0009905670220298494,-17.511029438241135
pcfg surp,-0.38490447985459575,0.005902636274081377,-65.2089103888581
lex-rept surp,-0.028466312759332688,0.007591178373150692,-3.7499201520564247
trigram surp,-0.15842352186257846,0.007350796296372213,-21.551885737979724
lstm surp,-0.051350138636675605,0.004692541371599576,-10.942927205172738
adaptive lstm surp,-0.10944613992600456,0.004882088447189673,-22.41789371698216
