feature,vif
IS score,1.0505520592150357
dep length,1.117839435182452
pcfg surp,3.4267216255385966
lex-rept surp,66.17316144807756
trigram surp,69.95700694120225
lstm surp,24.887000119849244
adaptive lstm surp,24.29124163406698
