term	valence	arousal	dominance
"{0}"	-0.2240	-0.2740	0.0340
%	-0.3015	0.5912	0.3620
%s	0.8540	0.4400	0.6200
'menin'	-0.3440	0.1720	-0.5480
'muden'	0.0740	0.6670	0.5710
(	-0.2080	0.2700	0.0930
(c)	-0.3010	-0.0117	-0.1032
(और	-0.1195	-0.1343	-0.2502
(और)	0.0000	-0.9260	-0.1670
(ख़ुदा	-0.7500	0.5200	-0.2460
(ग़रज़)	0.6670	0.6670	0.2960
(तौक़	0.4580	0.5280	-0.1660
(ये	0.3890	-0.6300	-0.2220
(लंगा)	-0.2860	-0.2720	-0.3560
0	0.6485	0.1875	0.3330
15	-0.0200	-0.4200	-0.1140
1717	0.1700	-0.4080	-0.3580
19वीं	0.6190	-0.9260	-0.6670
20वाँ	0.5710	0.0000	0.6670
24-	0.7080	0.7410	0.6670
30	0.0000	-1.0000	0.0000
@	-0.3500	-0.5620	-0.5660
ACTCKS	0.1400	-0.3600	-0.1080
AVE	0.3540	-0.1700	0.4040
Afttable	-0.6670	0.5710	-0.8570
Afttttion	-0.6875	0.6460	0.9585
Alimap	-0.1200	-0.3800	-0.1920
Alirerमीटर	0.0000	0.6670	0.6670
Arolt	0.6670	0.5560	0.3750
Ascttion	-0.3760	0.7560	0.3200
Athrx	-0.6240	0.4600	0.0000
Averable	0.4160	-0.2620	0.2000
Aviviod	0.0000	0.2920	0.4620
Azantmon	-0.2040	-0.0420	0.0380
CHARE	0.1460	-0.0940	0.2300
CHAssassin	-0.0200	-0.2040	-0.1120
CLONACK	-0.4000	0.0000	-0.5840
CLONAND	-0.6670	-1.0000	-0.8330
COMPAND	-0.6670	0.6670	0.6670
COMPARE	-0.1800	-0.4280	-0.3720
COSARSE	-0.3880	-0.0740	-0.3080
COWCTAN	0.1040	-0.5680	-0.3460
CUCHAN(	0.2860	0.0620	-0.0380
Carcutor	-0.2700	0.5100	0.5180
Carukuperu.	-0.6670	0.6670	-0.6670
Caskuk	-0.4700	-0.0400	-0.5100
Cukake	-0.6190	0.8520	-0.5420
D-OWEND	-0.0940	-0.2360	-0.1560
DEKLLLLOGenericName	0.0000	0.6670	0.0420
DTAVEN(	-0.0940	-0.2180	-0.2760
Dako	0.3960	-0.3140	-0.2120
Db	-0.0420	-0.2600	-0.3120
Diz	0.1840	-0.6000	-0.1900
Dkk	0.0200	-0.1660	-0.1520
Dokabs	-0.3460	0.1740	-0.2680
Domuote	-0.1880	-0.0760	-0.1480
Doppp	0.0200	0.0200	-0.2720
Egrizi	-0.2040	0.3580	0.3140
FMS	0.0840	0.8320	-0.0560
FestivalVoiceName	-0.1343	-0.2477	-0.0863
GenericName	-0.6670	-0.6670	-0.7140
Goligligord	0.0000	0.0000	0.2920
INnje	-0.1880	0.4700	0.1920
Moltion	-0.4800	-0.1140	-0.1920
Neg	-0.4580	-0.0980	-0.0560
NetworkManager	0.0370	0.1144	0.1424
Niner	0.3460	-0.1400	0.2460
Nintiver	-0.6670	0.6250	0.6670
Pdck	0.0000	0.0000	0.0000
Prria.	-0.6670	0.6670	0.6670
SICKS	-0.3760	0.4320	-0.6660
SICTICKSICKS	-0.3330	-0.6670	0.2220
STANext	-0.0420	-0.2020	-0.1340
Sannitez	0.5000	0.4580	0.2920
Scavenger	-0.6460	0.1560	-0.1840
Scieng	-0.6300	0.6670	-0.2960
Secententent	0.6250	0.3750	0.3330
Smugly	-0.6670	-0.4810	-0.4170
T	0.0000	0.3520	0.1190
TACesesses	-0.2860	0.6670	0.5420
TAFax	0.0000	-0.0830	0.5710
TAN	0.0640	-0.2160	-0.0900
TANTsesses	0.1640	0.2920	0.3340
TATATCKRICKS	0.5190	-0.3330	0.2860
TAvavs	0.0000	0.6670	0.4290
TBIOGenericName	0.1110	0.5710	0.5560
TCONTon	0.2860	0.2820	-0.0540
TTATCKSENext	1.0000	0.1480	0.5830
Teleligigraphy	0.4580	0.5930	0.5930
Telipath	0.1575	0.2755	0.4755
Telpath	0.6670	0.4760	0.7410
Telponniviogram	0.0000	0.5830	0.0000
Tommery	-0.1900	0.6670	-0.6250
Tommol	-0.5000	0.6670	-0.6190
XImolialdiro	0.8570	0.6670	0.5190
Y	0.0000	0.5930	0.5420
[	-0.2310	-0.6400	-0.1565
_BAR_	0.0413	-0.6010	-0.2387
a	-1.0000	0.6670	0.6670
adominनियम	0.5240	-0.0740	0.0000
adrolial	-0.2040	-0.0280	-0.5400
aprogia.	-0.9260	-0.9170	-0.8100
arachoworway.	0.0370	0.0000	0.0370
arghorth.	0.0420	-0.1880	-0.2940
argnaghublic.	-0.1800	0.1880	-0.3280
arka	0.0000	0.0000	0.0370
arny	-0.7410	0.8100	-0.3330
arriraq.	0.0000	0.0000	0.0000
arrora.	0.6340	-0.3880	0.0740
arthddddddom:	0.6300	-0.6670	0.5240
braSmaseness	-0.5420	0.6110	-0.5000
brazil.	0.0000	0.0000	0.0420
cagnaz	0.3330	-0.6670	0.2500
carELLOGenericName	-0.1240	0.3640	-0.1220
carcienuche	0.0000	0.0000	0.0560
chddr	-0.1000	-0.1120	-0.1940
chort	0.6250	0.6670	0.2380
chughana.	-0.0620	-0.0620	0.1960
cinirengtoo.	0.5200	-0.0780	0.5380
clocivovalald	0.6670	0.1110	1.0000
com	-0.3330	-0.6670	-0.0830
comfy	0.8600	-0.5180	0.2500
commass	0.7080	-0.5930	0.5420
conf	0.1275	-0.6485	-0.2965
conf-	-0.1722	0.4545	0.2810
crecram	-0.1000	-0.0980	-0.0600
crevd	-0.3330	-0.9630	-0.3750
cumulative	0.6300	0.2960	0.2860
dalligance.	0.2080	0.6300	-0.3700
dankनेस	-0.7080	-0.6300	-0.3810
debones	0.9580	0.3330	0.5930
debrazil.	-0.5078	0.4932	0.2938
denk	-0.2200	-0.2380	-0.2340
devolution	-0.3100	-0.1320	-0.1500
dimmed	-0.5830	-0.9260	-0.4440
dker	-0.3330	0.6670	0.1670
dmel	0.0000	-0.2000	-0.2320
drenger	0.0000	0.5830	0.4440
drg	-0.6670	-0.8750	-0.7040
drski	-0.1430	-1.0000	-0.5830
dudrg	-0.6670	0.5190	-0.7410
dudrger	-0.6190	1.0000	-0.9170
dudri	-0.8120	0.0440	-0.6550
dyri	-0.4800	0.0560	-0.3100
earm	-0.0620	-0.3920	0.0180
ed	0.1805	0.0830	-0.0865
elीकरण	-0.8960	0.3340	-0.1380
esektable	0.6670	0.6670	-0.4440
eskline	-0.1020	0.0400	0.2260
fable	0.2500	0.0760	0.0900
ffAable	0.5560	-0.2590	0.0000
ffable	1.0000	-0.4810	-0.0950
ffriable	-0.2240	0.0360	-0.0900
fidy	-0.5420	0.5720	-0.2980
fliky	0.1670	-0.3810	-0.3700
fmmmable	-0.3330	0.2960	0.5190
fmmumable	-0.5680	0.6000	0.4300
franc	0.4200	-0.0980	0.2800
francs	0.0000	0.0000	0.3330
franser	0.6300	0.6670	0.7920
frapps	0.7220	0.3330	0.0000
frek	-0.0200	0.0940	-0.2460
frele	0.0840	-0.2080	-0.4920
freles	0.3330	0.0000	0.0000
friki	0.6670	1.0000	0.0370
fry	0.0400	0.2200	-0.3520
fryphip	-0.6670	-0.6670	-0.7500
fuiLLJAL	0.6670	-0.1250	0.0000
fyडी	0.0000	-0.1250	0.0000
gabble	-0.3890	0.6670	-0.6670
gah.	-0.3540	0.1140	-0.4440
gaily	0.7330	0.5930	0.0000
gaudy	0.3060	0.4700	0.4420
gavin	0.5330	0.5930	-0.0740
gbmapaka.	0.5930	-0.6670	0.0000
gghana.	-0.6670	0.6670	-0.1250
gherghano.	-0.5830	0.5830	-0.3330
gif	-0.0660	-0.1400	-0.3540
giggin	0.0620	0.0680	0.0760
gin	-0.1020	0.1020	0.0360
ginirgn.	0.3540	-0.2800	-0.2720
git	0.6670	0.6670	-0.3330
gmm-	-0.2400	0.3260	0.0380
gmmmmry	-0.6670	0.6670	-0.5420
gmmyy	-0.5240	0.6670	-0.4290
gmply	-0.9630	-0.6670	-0.5560
gmproperu.	1.0000	-0.0740	0.6190
gmum	0.8520	0.6670	0.4170
gn	0.0000	-0.6670	0.4070
gnny	0.6670	0.6670	0.0740
gnu	0.0000	0.6670	-0.1110
gociky	-0.6670	0.6250	-0.6670
gok	-0.3340	-0.0560	-0.1320
gooky	-0.6250	0.6670	-0.8750
goool	0.0560	-0.4170	-0.5000
gowin	0.6670	-0.6670	0.0000
gowrows	-0.1740	-0.0520	-0.0760
griboli	-0.1840	-0.3920	-0.2960
grighanu.	0.0000	0.3330	0.1900
grighuer	0.0000	0.6670	0.6670
grippi	-0.6040	0.6160	0.1180
gripptirir.	-0.9580	-0.3810	-0.3330
grocialal_	0.3120	0.3400	0.5520
groction	0.2440	-0.1000	0.0380
grolt	-0.6250	0.6670	-0.4580
grolt-	-0.6670	-0.3750	-0.5830
grot	0.0000	-0.2220	0.1110
grouite	0.1440	-0.3140	-0.0340
grover	0.6670	0.7080	0.6670
grovialdia.	-0.1040	0.9630	0.6670
grovon	0.5710	-0.6670	-0.4170
growirary	0.3330	-0.9520	0.0740
growis	0.5090	0.0200	-0.1660
guel	-0.2360	-0.3920	-0.4060
guuu	0.1460	-0.2800	0.3060
gyC	0.0420	-0.0950	0.0000
gycrol	0.0000	-0.5560	0.0000
gymium	0.0000	0.0000	0.0370
gyncioliography.	-0.1840	0.1800	0.0380
gynighano.	-0.3890	-0.9630	-0.7780
gypposin	0.0000	0.0000	0.0000
gyptipican_	0.0000	-0.7920	0.0000
gyrer	0.0000	0.6670	0.0000
gyrocraq.	0.1110	-0.6670	0.5000
gyroperu.	0.0000	0.3330	0.5560
gyroscue	0.0000	-0.2200	0.0200
hogg	-0.2380	0.0000	-0.2080
homy	0.2420	-0.2840	-0.1500
hykkey	-0.1040	0.0580	-0.3100
inmin	0.0000	-0.4170	0.4580
iolioliography	0.0830	0.6670	0.7500
jabber	-0.1660	0.0120	-0.3160
jabberर	-0.6300	0.7620	-0.5000
jabberस्वी	0.0000	0.0000	-0.0370
japan.	0.1180	-0.1947	-0.2987
jinx	-0.3260	0.1640	-0.2540
jogger	-0.1660	0.0200	-0.1520
kknoworknown	-0.4560	0.0380	-0.2780
ky	-0.3960	-0.0400	-0.2200
kykiky	0.0200	-0.2200	-0.2240
libmoliboud	-0.7500	0.4700	-0.1280
libmoliky	-1.0000	0.6000	0.7620
liks	0.9630	0.0480	0.1480
livable	0.7330	-0.4440	0.3330
lnx	0.0200	0.1800	0.1340
lyमिंग	-0.6670	0.6670	-0.4170
m	0.3330	-1.0000	-0.3330
machoghano.	-0.2920	0.4080	0.2900
maky	-0.6880	-0.0340	-0.3140
mary	-0.6670	-0.2960	-0.5830
masion	-0.4170	-0.6670	-0.4440
mazon	0.6670	0.4000	1.0000
mb	0.0420	-0.2400	-0.1460
mensicerica.	-0.6670	-0.5420	-0.6300
metain	-0.3260	0.3520	0.1460
metainuudu.	-0.1670	0.9580	0.6670
metudinion	0.0000	-0.7780	0.0420
metududial	0.0000	-0.0480	0.1250
mfh	-0.5720	0.1160	-0.2340
mh	-0.4520	-0.0160	-0.2580
micerica.	-0.5200	-0.1180	-0.1100
minibitions	0.0000	-0.7920	0.0000
minlyरल	-0.0950	-0.5830	0.0000
mobrazil.	0.2040	-0.2975	0.2630
mod	-0.0840	-0.2660	-0.2320
mogg	-0.6670	0.6670	0.2960
mol	0.0000	-0.9630	-0.4580
momution	0.5930	0.5560	0.6300
morway.	0.5830	0.0000	0.4070
moworway	0.6670	0.7040	0.9260
mowse	0.7880	0.3260	0.4240
mumperu.	-0.3240	0.2700	0.3340
namadia.	-1.0000	0.7620	1.0000
niga.	-0.6670	0.6300	0.0950
ninnindडो	0.6040	0.1420	-0.0720
nnerperu.	0.6110	0.6670	0.0000
nnorway.	0.0200	-0.0600	-0.3460
nsent	0.3680	-0.2540	0.1700
ozozor	-0.3330	-1.0000	-0.7500
pPERTCKS	0.0000	0.0000	0.0000
paddep	0.1220	-0.2500	-0.2140
paddबाल	0.3890	0.7220	0.0830
paddलर	0.0420	0.6670	0.0000
panaghana.	0.1250	0.6670	0.0420
parghana.	-0.3060	0.5100	0.0700
parglial	-0.3330	0.3330	0.2960
pay	0.4420	-0.0420	-0.2240
pddddded	0.0000	0.6300	-0.3750
phitetoolivelican_	0.0740	0.6670	0.1110
pi	-0.0620	-0.4700	-0.2000
pock	-0.0400	-0.1420	-0.0380
pod	-0.0400	-0.2080	-0.3220
podge	-0.3330	-0.6670	-0.4170
podiaperu.	0.3330	-0.5830	0.2960
pody	0.3060	-0.3400	-0.3400
poed	-0.2860	0.6670	-0.2960
ponton	0.2920	0.0480	0.0000
poscentable	0.6250	0.0000	0.5710
pov	0.0000	-0.0800	-0.2420
pox	-0.5300	0.1340	-0.3820
prroस्टर	0.0560	1.0000	0.4580
psep	0.0000	0.6000	-0.5830
pwttter	-0.4440	0.6670	-0.4580
pyyyM	-0.2860	-0.2540	-0.3660
qintness	0.5710	-0.7080	-0.2860
qorm	0.2300	0.0880	0.2040
quarara.	0.1670	0.0950	0.6670
qughymaryd.	-0.3640	-0.0400	-0.1740
qui	0.0200	-0.3140	-0.3400
quo	0.0000	-0.1250	0.4760
quum	0.4080	0.0000	0.2000
quy	-0.6110	0.6670	-0.6190
rebrazil.	0.0420	-0.0400	0.0120
retrolting	0.0000	0.6670	0.6190
revQ	-0.2660	-0.1560	-0.2940
revning	0.5000	0.6250	0.5240
revu	0.1880	-0.3000	-0.1600
rfff	-0.2800	-0.1920	-0.2060
rhaprociociod	0.9440	0.6670	0.2860
rhomboudira.	0.0000	-0.7500	0.0000
rhomibrazil.	0.0000	0.0000	0.0000
rhomus	0.0000	0.0000	0.0000
rr	-0.3260	-0.1400	-0.1640
rydilin	0.0000	0.9580	0.2220
soghanu.	0.0000	0.6670	0.3330
systemphaiti.	0.0000	0.2860	0.2590
taptil	0.4760	-0.5560	-0.2220
timeरमीटर	0.0000	0.0000	0.5560
tip्शन	0.0000	0.0370	-0.4440
tollnorway.	0.5830	0.3330	0.0740
tooly	0.0420	0.4760	-0.1670
tttt	0.6670	0.6670	0.0000
tuperu.	0.1250	-0.5560	0.0000
twaddl	-0.6670	0.3810	-0.7500
tर्टल	-0.0620	-0.3660	-0.2400
unbddd	-0.3330	-0.3330	-0.6250
unbddddd	0.0000	-0.6250	-0.2080
unbilg	-0.4080	-0.3400	-0.3720
unblting	0.5000	0.6250	0.1480
undramed	0.7620	-1.0000	0.3810
unky	-0.6670	-0.3810	-0.7920
unmugoudyudy	0.6670	-0.7920	0.5930
unpppug	-0.5220	-0.1180	-0.1920
us	-1.0000	-0.8330	-0.8570
venyny	0.0000	0.0000	-0.4290
vovoding	-0.3840	-0.1320	0.0500
vोत्तोusa.	0.0000	-1.0000	-0.0370
worn	-0.6670	-0.2080	-0.5930
www.jw.org	0.0740	-0.3480	-0.2140
xarthiनियम	0.0000	0.0000	0.0000
xenmorp	-0.0740	0.0000	0.0000
xoxo	0.4580	0.0400	-0.2000
xria.	0.8680	0.4340	0.2300
xroworway.	0.1020	0.1600	0.3220
xrox	-0.2300	-0.3020	-0.1040
xxxxxxxxxxxcolor	0.0000	0.6670	0.3890
xyoफोन	0.5930	0.3330	0.0000
xypon	0.0420	0.3330	0.0000
xyponite	0.2860	0.6670	0.1250
y-	-0.0000	-0.1585	-0.3810
yaks	0.6110	0.3700	0.6110
yaksman	0.6670	0.6670	0.6670
yank	-0.4580	0.2600	0.0760
yappy	-0.6670	0.8890	-0.7780
yerperu.	0.2220	0.5930	0.6250
yn	0.4585	0.6005	0.3985
ynknownuche	-0.6670	-0.7620	-0.5930
ynyM	0.5830	0.0000	0.3330
ynym	0.2300	-0.5800	-0.1340
yool	-0.6670	1.0000	-0.0480
yyyM	0.7560	0.1000	0.3160
yूका	0.0000	-1.0000	0.0000
zacrasia.	0.0000	-0.6670	0.0000
zagghanu.	-0.1070	0.4580	-0.2120
zesty	0.1240	0.0560	-0.0880
zinc	-0.2860	-0.3720	-0.3340
zinfandel	0.6670	0.2500	0.0000
zing	0.1580	-0.1960	-0.1960
zit	-0.3260	-0.1800	-0.2380
zmu	-0.5720	0.2960	-0.1700
zoning	-0.1660	-0.2000	0.1560
zonk	-0.5930	-0.9580	-0.7080
zoro	0.6250	0.6670	0.7920
zy	0.1430	0.2417	-0.2360
zyMynorway.	0.0950	0.6190	0.3330
zyia.	0.0000	-0.5000	0.0000
ंगंद्र्ड	0.0000	0.0000	-0.1850
ंगडाय	-0.4380	-0.4600	-0.4340
ंगलर	-0.9050	0.5830	-0.8750
अ	-0.7920	0.1800	-0.3460
अ-	-0.2108	-0.2069	-0.1058
अ-क्रम	-0.5520	-0.0360	-0.6200
अ-पार	0.4170	-1.0000	-0.5930
अ-पारदर्शिता	-0.3540	0.0360	-0.2700
अ-पार्ड	-0.3330	-0.9260	-0.4580
अ-पूर्ण	-0.6670	-0.4760	-0.4070
अ-समय	-0.5100	0.3520	-0.5340
अंक	0.1720	0.1141	0.2284
अंककीपिंग	0.0000	0.6300	0.4580
अंकगणित	-0.0940	-0.0800	0.2680
अंकगणिती	0.0000	-0.5420	0.4070
अंकगणितीName	0.5930	0.5830	0.6670
अंकहीन	-0.6670	-0.5830	-0.4170
अंकुर	0.1640	0.1300	-0.1140
अंग	0.2290	0.3497	-0.0980
अंगहीन	-0.7080	-0.9170	-0.7620
अंगीकार	0.7340	0.1560	0.2580
अंगुली	-0.2247	-0.1342	-0.2587
अंगुलीबोर्ड	0.3330	0.0000	0.0000
अंगूठा	-0.1065	-0.0105	0.1442
अंगूठी	0.3540	-0.1460	-0.0720
अंगूठीटोन	0.3750	0.6670	0.0000
अंगूर	0.3338	-0.5503	-0.2995
अंगो	-0.2300	-0.4320	-0.3820
अंजीर	0.1250	-0.2940	-0.1280
अंडरस्कोर	-0.2500	-0.4500	-0.3880
अंडे	0.0741	-0.3715	-0.3708
अंडेदारcolor	0.0000	0.6190	0.0000
अंत	0.0209	-0.1906	0.0427
अंत-	-0.0945	-0.4755	-0.0260
अंतःकरण	0.3260	-0.2500	0.4420
अंततः	0.3120	0.0960	0.4220
अंतन	0.0830	-0.5830	0.4580
अंतराल	-0.3235	-0.5910	-0.3780
अंतराष्ट्रीयकरण	0.6670	0.4580	0.6670
अंतरिक्ष	0.2920	0.3960	0.3600
अंतरिक्षीय	0.0370	0.0000	0.1480
अंतरिक्षीयName	0.5840	0.2020	0.5220
अंतरिम	0.0265	-0.1555	-0.2280
अंतरिमता	-0.3330	-0.8000	-0.8150
अंतर्क्रियात्मक	0.5605	0.6445	0.4785
अंतर्निर्मित	-0.1660	0.1080	0.3400
अंतर्राष्ट्रीय	0.4190	0.0190	0.5145
अंतर्राष्ट्रीयता	-0.0625	-0.5995	-0.1415
अंतर्राष्ट्रीयवाद	0.6670	-0.5830	0.7780
अंतर्राष्ट्रीयिस्ट	0.5560	0.6250	0.5830
अंतर्वेशित	0.2080	-0.1600	0.1280
अंतहीन	-0.2750	0.1660	0.1300
अंताउण्ड	0.3680	-0.2040	0.2180
अंतायोलामिकperu.	0.0000	0.0000	0.0000
अंतिम	-0.0746	-0.2358	0.0581
अंतिम-	0.0000	-0.0830	0.0000
अंतिमgame	-0.1020	0.0760	0.0520
अंतिमवाद	-0.2500	-0.0370	0.5420
अंतिमवादी	0.6660	0.3720	0.4720
अंतिमसंसरिक	0.0000	-1.0000	0.0420
अंतिमाइज	0.1120	0.1000	0.1560
अंतिमाइज़ेशन	0.6250	-0.4440	0.4760
अंतिमोक्सिन	-0.8890	0.6670	-0.4440
अंतॉयर	0.7140	0.0000	0.6670
अंतो	-0.5300	0.1740	-0.1760
अंतोसेंट्रिक	0.0000	-0.5190	0.1430
अंत्येष्टि	-0.8540	-0.2400	-0.2140
अंदर	-0.2660	-0.0410	-0.2370
अंदाजा	0.0840	0.3400	0.0700
अंधड़	-0.7300	0.7200	0.5680
अंधविश्‍वास	-0.6056	-0.1530	-0.1216
अंधा	-0.4987	0.1692	-0.3520
अंधापन	-0.6710	-0.3273	-0.6720
अंधे-	-0.5840	0.1280	-0.5820
अंश	0.0183	0.0425	0.2512
अआ	0.0960	0.0300	-0.1660
अआद्रियाusa.	-0.3000	-0.5660	-0.0540
अआशारहित	-0.9050	-1.0000	-0.7080
अकड़ता	-0.7570	0.2925	0.1795
अकारत	-0.3540	0.0370	0.0415
अकाल	-0.6740	0.3580	-0.3800
अकृतज्ञ	-0.7810	-0.3725	-0.5105
अकेला	-0.5356	-0.5716	-0.3732
अकेलापन	-0.6875	-0.7765	-0.7155
अकेले	-0.3340	-0.6660	-0.5680
अकेलेनेस	-0.3330	-1.0000	-0.4760
अकेलेपन	-0.6670	-0.6670	-0.2220
अक्रिय	-0.5300	-0.1060	-0.2160
अक्रियता	0.6670	0.4810	0.7620
अक्ष	-0.5820	-0.5000	-0.2880
अक्षम	-0.3656	0.0266	-0.0699
अक्षर	0.0549	-0.0487	-0.1579
अक्षर-	-0.0269	-0.0096	0.0307
अक्षरबाक्स	0.0000	0.0000	0.1250
अक्षरब्रोला	0.6110	0.6300	0.2080
अक्षरिंग	0.0820	-0.6400	-0.1380
अक्षरों	0.6670	-0.6670	0.0830
अक्षर्ड	-0.5840	0.3520	-0.2540
अक्षांश	0.1240	-0.3880	-0.0200
अक्षीय	0.0000	-1.0000	-0.6250
अक्षीयता	0.0000	0.0000	0.4070
अक्सल	-0.0820	-0.4120	-0.0540
अखंडता	0.7300	-0.1740	0.6960
अखबार	0.1435	0.0925	0.1475
अखमीरी	0.0370	-0.9170	-0.0950
अखाड़ा	0.0200	-0.5300	-0.1920
अग.	0.0000	0.5710	0.4580
अगका	-0.0820	-0.2840	-0.2980
अगघनiran.	0.0000	-0.0370	0.4170
अगघू	-0.4380	0.2700	-0.4750
अगत	0.3040	-0.4160	-0.0760
अगब	-0.0200	-0.2400	-0.1880
अगबॉन	-0.1040	0.4000	0.4900
अगल-	-0.1665	-0.5000	-0.6845
अगला	0.1128	0.0803	0.0732
अगली	-0.1200	-0.3840	-0.0760
अगलों	0.0000	0.0000	0.0000
अगहरिस्तानiran.	0.0000	0.0000	-0.1250
अगोराusa.	0.0580	-0.1500	-0.1900
अग्नि	-0.2077	0.8402	0.4783
अग्नि-	0.6250	0.0000	0.5710
अग्यात	0.0205	0.5735	0.0140
अग्र	0.0935	0.0098	-0.0143
अग्र-	0.3815	0.4295	0.4075
अग्रभूमि	0.4160	-0.0180	0.1800
अग्रमान	0.6670	0.6670	0.8100
अग्रल	-0.0820	-0.1320	0.0520
अग्रैब	0.0000	0.0000	0.0000
अघघघांग	0.1040	0.2980	-0.4240
अघिक	-0.6670	0.8330	-0.5830
अघू	-0.6670	-0.6670	-0.4070
अचयनित	-0.4953	-0.7780	-0.4737
अचानक	-0.2247	0.2423	-0.1057
अच्छा	0.7621	-0.1030	0.2352
अच्छी	0.4327	-0.1280	0.1198
अच्छे	0.7290	-0.1240	0.3315
अजनबी	-0.3400	-0.1020	-0.3960
अजन्मे	-0.3760	-0.4000	-0.5680
अजीब	-0.4486	0.2321	-0.2643
अजीब-	-0.1670	0.0420	0.0000
अजीबनेस	-0.3680	-0.0180	-0.2720
अजीबपन	-0.2220	-0.0167	-0.5433
अजीबो	-0.6540	0.0780	-0.3440
अजुदमीयता	0.6670	0.0480	0.4440
अज्ञात	-0.3818	-0.1330	-0.2290
अज्ञातनाम	-0.2080	-0.4180	-0.1380
अज्ञातनेस	-0.3330	-0.8750	-0.6670
अज्ञानता	-0.6940	-0.1660	-0.5820
अटकलें	-0.3500	0.3660	-0.2120
अटल	-0.1656	-0.1061	0.0189
अटलता	0.0050	0.0464	0.4879
अटलपन	-0.3342	-0.8038	-0.0852
अटलांट-	0.0000	-0.1480	0.8520
अटलांटा	0.6190	-0.5000	0.3335
अटलांटिक	0.0456	-0.1280	0.1140
अटली	-0.3330	-0.6670	-0.6190
अटाबोसworld.	1.0000	0.9580	0.5830
अटामिने	-0.5930	0.6670	-0.0830
अटारी	0.0000	0.6670	0.4760
अटारोसusa.	-0.0620	-0.3660	-0.4720
अटूट	-0.2363	0.1890	0.2757
अटूटी	-0.1480	-0.0980	-0.0900
अटेकोबर	0.0740	-0.6670	0.2080
अट्ठा	0.0190	-0.4520	-0.2490
अट्ठाफ	0.0000	0.0000	0.0000
अठारह	0.0230	-0.1600	-0.0960
अडूट	0.3330	0.6300	0.5930
अडोब	0.0000	-0.3620	-0.3440
अडौल्फी	-0.6670	-0.6670	-0.7920
अणु	0.0346	0.1593	0.0969
अण्डर	0.3760	0.4580	0.3460
अण्डीय	0.5000	-0.4720	0.5835
अति	0.0017	0.1643	0.2096
अति-	0.0000	0.0000	0.1110
अतिकल्पनाएँ	0.5560	0.5930	-0.1480
अतिग्रेसिव	-0.6670	0.9170	-0.5560
अतितम	0.4582	0.1294	0.5058
अतितमता	0.3330	-0.9580	-0.0830
अतिपरवलय	0.0000	0.0000	0.1250
अतिपाती	-0.1555	-0.1557	0.6020
अतिप्रयोग	-0.5560	0.6670	0.0000
अतिप्रयोगक	-0.7920	-0.6670	-0.6250
अतिप्रयोगात्मक	-0.1250	0.1455	0.1575
अतिफ्लिक	-0.6300	0.6670	0.5000
अतिरिक्त	0.1416	0.2448	0.3827
अतिरिक्त-	-0.3330	0.0000	0.0830
अतिरिक्तपोलर	0.6250	0.5930	0.4810
अतिरिक्तवागनjapan.	0.2920	0.5720	0.8120
अतिरिक्‍त	-0.3193	-0.0807	-0.1247
अतिरिक्‍तता	0.0097	0.2010	0.3253
अतिरूपता	0.0205	0.5625	0.3895
अतिरेपे	0.6670	0.6670	0.6670
अतिसक्रिय	-0.1110	-0.3333	-0.1050
अतिसक्रियता	-0.2521	-0.1581	-0.2824
अतिसेवन	-0.6670	0.6670	-0.5000
अतीत	-0.0560	-0.6670	0.0000
अतुल्यकालित	0.4525	0.3750	0.3095
अत्यंत	-0.2090	0.1111	-0.0744
अत्यंतमिनल	0.6670	1.0000	0.7920
अत्यंतली	0.2700	0.6540	0.7720
अत्यधिक	1.0000	0.1670	0.7780
अत्यधिकता	-0.6670	0.7040	0.5420
अत्यन्त	0.1600	0.1630	0.3420
अत्याचार	-0.8698	0.5540	0.4190
अत्याचारी	-0.7047	0.5407	0.5987
अत्यावश्‍यकता	-0.1420	0.8160	0.0860
अथाह	-0.4135	-0.2565	-0.2455
अथेने	-0.1240	-0.2500	-0.0560
अदब	0.8670	-0.3576	0.1848
अदर	0.0000	0.0280	-0.3700
अदरक	-0.4388	-0.3010	-0.4163
अदरत	0.3700	-0.5240	0.0000
अदरी	0.1905	0.1850	0.0000
अदर्सनप	0.6190	0.0000	0.0000
अदालत	0.0758	0.0760	0.4643
अदालतीName	0.2860	0.6250	-0.1330
अदृश्य	-0.1560	-0.3040	-0.1670
अदृश्‍यनेस	-0.3330	-0.9630	-0.5000
अद्भुत	0.8704	0.4841	0.6377
अद्यतन	0.3237	0.5197	0.5857
अद्वितीयता	0.9630	-0.8890	0.7620
अद्वितीयनेस	0.8330	0.0000	0.5830
अद्‌भुतता	0.9440	-0.6670	0.4440
अधर्म	-0.6390	0.4077	-0.1550
अधर्मी	-0.6320	0.2257	-0.0500
अधिक	-0.1196	0.2156	0.0941
अधिकतम	0.5799	0.0351	0.5152
अधिकतमाइज़ेशन	0.6670	0.7080	0.8150
अधिकांश	0.3680	0.1200	0.8600
अधिकार	-0.2070	0.3420	0.4510
अधिकारवाद	-0.7040	0.6670	1.0000
अधिकारियों	-0.0420	0.2380	0.9580
अधिकारी	0.0840	-0.1400	0.7540
अधिकृत	0.5440	0.1920	0.6420
अधिपति	0.5005	-0.3695	0.6505
अधिवेशन	0.1220	-0.2115	0.1115
अधिसूचना	-0.3483	-0.0310	-0.1543
अधिसूचना%	0.0004	0.1755	0.3869
अधीन	-0.4393	-0.5027	-0.7713
अधीनता	-0.4795	-0.4255	-0.4610
अधीर	-0.5560	0.4580	-0.0320
अधूरा	0.0050	-0.5375	-0.6075
अधोलोक	-1.0000	0.6670	0.3700
अधोलोकीName	-0.8750	0.8415	0.2115
अध्यक्ष	0.2453	0.1393	0.8903
अध्ययन	0.4733	0.0003	0.5633
अध्याय	0.1600	-0.3840	-0.0780
अन	-0.6320	-0.2900	-0.2800
अन-	-0.1187	-0.3109	-0.1710
अन-ीकृत	0.2920	0.6250	0.0000
अन-ीकृतीकृत	-0.2220	-1.0000	-0.5000
अनconf-	-0.6670	-0.6190	-1.0000
अनlvable	-1.0000	-0.7220	-0.6670
अनzip	-0.2440	0.0400	0.0760
अनंग्ड	-0.2660	-0.2500	-0.3640
अनंत	-0.2157	0.0418	0.0020
अनंतता	-0.2057	-0.4985	-0.0421
अनंतीकरण	-0.3330	-1.0000	-0.5000
अनअवेषण	-0.6670	-0.9170	-0.7080
अनइनफिनिट	0.0000	-0.6670	0.0000
अनइनवोमेंट	-0.3330	-0.9580	-0.7780
अनइनवोव्ड	-0.0420	-0.9520	-0.8520
अनइन्टेबल	-0.3580	0.3480	0.1480
अनइन्ड	-0.1576	-0.3191	-0.2462
अनउउण्ड	0.4290	-1.0000	-0.0830
अनकंडेनusa.	0.0000	-0.7500	-0.6300
अनकंबॉयरेबल	-0.3750	-0.6300	-0.5240
अनकक्स	0.2915	0.3625	0.4345
अनकण्डल	-0.2960	0.6670	-0.2380
अनकमेंट	-1.0000	-1.0000	-0.4440
अनकम्प	0.3330	0.6670	0.4440
अनकहाट	-0.2860	-0.6670	-0.5930
अनक़रीब	-0.6670	-0.5830	-0.4440
अनकाकात	0.2500	-0.3840	0.2220
अनकेएस्ड	0.0000	-0.5710	-0.0830
अनकेक	-0.5240	-1.0000	-0.8520
अनकेण्ट	-0.6670	0.6670	0.4290
अनकेप	0.3330	0.7500	0.3330
अनकेबल	-0.3330	0.6670	0.8750
अनकोबोस	-0.6670	-0.5830	-0.5560
अनकोल	-0.1913	0.2223	0.1407
अनकोव्ड	-0.2960	-0.7780	-0.2920
अनक्शनेबल	0.6670	1.0000	0.9260
अनक्स-	-0.5240	-1.0000	-0.5305
अनक्सल्ड	1.0000	0.0000	0.9440
अनक्सिडेंट	0.2000	-0.6250	0.1330
अनगिनत	0.0620	-0.1560	0.0460
अनगेगनिक	-0.6670	-0.6190	-0.6670
अनगेर्वेटरी	-0.6670	-0.5560	-0.6670
अनग्रामिकता	-0.6670	0.0000	-0.6670
अनग्रेसिव	-0.1485	-0.9815	-0.7085
अनचक	0.0000	0.5930	0.1850
अनचाहा	-0.6460	0.0920	-0.5900
अनचाहे	-0.3330	-0.5930	-0.6670
अनजाने	-0.3221	-0.1367	-0.2122
अनजानेक	0.0420	0.6670	0.5000
अनटनाम	-0.1420	0.5560	0.4180
अनट्ड	-0.3330	-0.5930	-0.4760
अनदेखा	-0.3474	-0.0751	-0.0897
अनधिकृत	-0.2438	-0.4139	-0.2347
अननेटिव	-0.5560	-0.6300	-0.6670
अनन्त	-0.7500	0.7220	0.3400
अनन्तता	-0.0400	-0.1500	-0.1960
अनन्‍नाड	-0.3750	-0.6250	-0.7040
अनपढ़	-0.7137	-0.3317	-0.8100
अनपरेटेड	-0.5000	-0.7780	-0.6665
अनपर्टीज्ड	-0.6670	-0.5420	-0.5930
अनपर्ड	0.9170	-0.3330	0.8890
अनपले	0.9260	-0.5240	0.9630
अनपिक्से	-0.6670	0.5000	-0.6670
अनपिचक	-0.9580	0.4760	-0.4810
अनपिच्ड	-0.0210	-0.5335	-0.2915
अनपेक्षित	-0.5791	-0.1504	-0.5428
अनप्रपोर्शन	-0.6670	-0.9440	0.5190
अनप्रयोगित	-0.0570	-0.6905	-0.2500
अनप्रोटी	0.1300	-0.3460	-0.2300
अनप्रोटीनेशन	0.6190	0.1670	0.5420
अनप्रोटीरेबल	-0.6670	-0.9580	-0.5000
अनप्रोप्रोसेसरिक	-0.6670	-1.0000	-0.7500
अनप्रोसेप्ड	-0.3330	-0.4440	-0.3330
अनप्रोसेसरेबल	-0.4670	-0.6110	-0.3330
अनफंड्ड	-0.6670	-0.6670	-0.5830
अनफज्ड	0.6670	-1.0000	0.8330
अनफनी	-0.9580	-0.6670	-0.6670
अनफरोनेशिअन	0.3330	0.3330	0.2590
अनफर्ट्ड	0.6670	-1.0000	0.9260
अनफर्म	0.6670	0.6670	0.9580
अनफर्ममेबल	0.4440	-1.0000	0.6670
अनफाइंडेड	-0.3330	0.2920	0.5190
अनफाइटिक	-0.4800	-0.3960	-0.4900
अनफाउंट	0.1390	-0.1385	-0.1115
अनफाउंट्ड	0.6670	-0.4170	0.5830
अनफाउंड	-0.2497	-0.5753	-0.4490
अनफिक्सेबल	-1.0000	-0.7410	-0.7410
अनफिगेशन	0.0000	-0.7500	0.0000
अनफिलिंग	1.0000	0.0000	0.7920
अनफिल्ड	-0.6670	-0.5710	-0.8100
अनफेट	0.1380	0.3000	0.1720
अनफेबल	0.0000	-0.4290	-0.2960
अनफेबलusa.	-0.7080	-0.5930	-0.3330
अनफैश	-0.6670	0.4170	-0.6250
अनफैशन	-0.6670	-0.6670	-0.1900
अनफैशेड	-0.0420	-0.6670	-0.1480
अनफैशेबल	-0.6670	-0.6670	-0.5190
अनफोर्ड	-0.0740	-0.7500	-0.2015
अनफ्ड	-0.4407	-0.3837	-0.5060
अनफ्यूमिन	-0.6670	-0.5930	-0.0480
अनफ्रेम	0.0000	-0.6670	-0.1850
अनफ्लिंग	0.3340	0.2120	0.6270
अनफ्लिक्शन	0.9580	-0.6670	0.9630
अनफ्लिल	-0.6670	-1.0000	-0.5560
अनफ्वोद	0.0000	-0.7080	-0.0370
अनबन	0.0000	-0.9630	0.2920
अनबनित	-0.4440	-0.6670	-0.5240
अनबन्ड	0.2780	-0.0950	-0.3930
अनबिगिक	0.7920	-0.8570	0.4580
अनबित	-0.2085	-0.0980	-0.1110
अनबित्ड	-0.0420	-0.8890	-0.2220
अनबिल्ड	-0.2920	-0.6670	-0.3750
अनबेड	-0.0210	-0.1665	-0.0740
अनबेबल	-0.3060	0.0800	-0.2080
अनबेरहित	0.6115	-0.5835	0.6110
अनबॉबेड	0.5330	-0.9520	0.2500
अनबोर्बोस	0.6670	-0.9630	0.5240
अनब्ड	-0.3334	-0.4000	-0.3766
अनब्धा	-0.0480	-0.6190	-0.3750
अनब्लशिंग	-0.3330	-0.6670	0.3890
अनब्लाइड	-0.0560	-0.6670	-0.3700
अनब्लिट	-0.1665	-0.1455	-0.1850
अनब्लित-	0.5560	0.5830	0.5830
अनब्ल्ड	-0.3330	0.3330	-0.5240
अनभॉड	-0.7620	1.0000	0.3700
अनमबोर्गfrance.	0.7780	-1.0000	0.5190
अनमर	-0.3330	0.5560	0.2500
अनमामामाजेंट	-0.2960	-0.6670	-0.5930
अनमारित	0.9520	-1.0000	0.2960
अनमिटेबल	-0.4800	-0.1040	0.2200
अनमिट्वर	0.2620	0.6240	0.0580
अनमुएलल्ड	-0.3330	0.6670	-0.4070
अनमैंडिंग	0.6670	-0.9580	-0.7780
अनमोमैप्ड	0.3810	-0.9630	-0.2500
अनमोल	0.2642	-0.0103	0.1908
अनयोवाक्स	-0.3200	-0.0400	-0.1180
अनरिकता	-0.6670	-0.9520	-0.7920
अनर्जन	-0.0950	0.0000	0.0480
अनर्जिक	-0.5560	-1.0000	-0.7040
अनर्जित	-0.1834	-0.5168	-0.2770
अनर्जेबल	-0.6670	-0.5190	-0.7080
अनर्जेय	0.0000	-0.2860	0.0000
अनर्थकारी	-0.8040	0.6370	0.0200
अनर्दित	-0.5930	-0.9520	-0.9170
अनर्द्ड	-0.6670	-0.6670	-0.7040
अनलिंक	-0.3330	-0.6110	-0.0830
अनलिंकेबल	-0.3750	-0.8000	-0.5000
अनलॉग	0.0000	-0.9170	-0.0830
अनलॉग्ड	0.6670	-0.3330	0.3700
अनलोडेड	-0.0620	-0.2400	-0.3380
अनव	0.0000	0.5240	0.0480
अनवरिल्ड	0.0000	0.0370	0.0000
अनवरेज्ड	0.1075	-0.3710	0.1250
अनवरेड	-0.6670	-0.6670	-0.5830
अनवरेप	0.0000	0.6670	-0.5830
अनवरेबल	-0.3785	-0.6420	0.0042
अनवर्सेटेड	-0.6670	-1.0000	-0.4290
अनवर्स्ड	-0.5000	-0.5420	-0.6300
अनवर्‍न	-0.7410	0.6670	0.7920
अनवाड	-0.5930	-0.6670	-0.6670
अनवान्स	-0.4290	-0.6670	-0.4810
अनविएशन्ड	-0.3330	-0.9580	-0.6670
अनविधित	0.1110	-1.0000	-0.1670
अनविस्टेबल	-1.0000	-0.8670	-0.6670
अनवेबल	-0.1665	-0.4525	-0.2620
अनवैशीकृत	-0.7340	0.2000	-0.2000
अनवोवोच	0.3330	-0.7140	0.5240
अनव्व्ड	-0.7080	-0.2200	-0.5300
अनशिल्ड	-0.7140	-0.2500	-0.9520
अनसब्ड	-0.0240	-0.5530	-0.0175
अनसरेंट	-0.5000	-0.6300	-0.3330
अनसिस्टमबद्ध	-0.6670	-0.6300	-0.7080
अनसी	0.0000	0.6670	0.5240
अनसीप	0.0000	0.4810	0.3890
अनसीलॉग	0.7920	0.6670	0.5420
अनसेटिंग	-0.6670	0.9260	-0.6250
अनस्केप	0.4285	-0.7410	0.2410
अनस्कॉस्क	-0.3540	0.3800	0.0400
अनस्क्यूट्ड	-0.6670	-0.5710	-0.6670
अनस्टिकी	-0.7595	0.0185	-0.6600
अनस्टिक्स	0.3650	-0.0277	0.2780
अनस्टिटेबल	-0.6670	-1.0000	-0.7500
अनस्टिट्ड	-0.4160	-0.3400	-0.4920
अनस्टेंट	-0.1670	-0.6670	-0.2380
अनस्ट्रक्चर	-0.3330	0.1110	-0.5190
अनस्ट्रैंट	-0.0370	0.7040	0.4440
अनस्प्रोसेड	-0.3330	-0.6670	-0.3890
अनस्फीति	-0.1727	-0.3294	-0.2439
अनस्फीयर	-0.6670	-0.8125	-0.6875
अनस्बेड	-0.1110	-0.6190	-0.1670
अनस्ब्ड	-0.6670	0.7780	0.6670
अनस्रो	-0.5830	-1.0000	-0.5830
अनस्वानात	-0.3330	-0.6300	-0.3810
अनस्वोक	0.2080	-0.1700	0.2300
अनहेल्ड	-0.6670	-0.5190	-0.6190
अनहैंड्ड	-0.3750	-1.0000	-0.3330
अनहैण्ड	-0.1740	-0.6213	-0.4707
अना	-0.5920	-0.2460	-0.2500
अनाकोन्डा	-0.7080	0.6600	0.0800
अनाज	0.1055	-0.5463	-0.3515
अनाज-बाल	-0.0420	-0.2440	-0.3500
अनाथ	-0.7747	-0.3437	-0.6277
अनाम	-0.5740	-0.5200	-0.5200
अनार	0.4440	-0.3330	0.0000
अनावश्‍यक	-0.5620	-0.2840	-0.6200
अनिगिगिगिक	-1.0000	-0.0830	-0.6190
अनिदी	-0.4880	0.0000	-0.1680
अनिद्रा	-0.0633	-0.0403	-0.2863
अनिद्राड	-0.6670	-0.6190	-0.6670
अनिप-	0.6740	-0.6380	-0.2120
अनिप्ड	0.0000	0.5240	0.0370
अनियंत्रित	-0.5400	0.2017	-0.1617
अनियडित	-0.3330	-0.1900	-0.1670
अनियत	-0.6670	-0.3890	-0.4440
अनियमित	-0.2500	-0.3093	-0.2253
अनिल	0.6190	0.6000	0.2590
अनिलल	0.0000	0.6670	0.0560
अनिला	0.0000	0.0000	0.0000
अनिलिंग	-0.4580	0.5420	0.5710
अनिलिकName	-0.0370	-1.0000	-0.1480
अनिलियासperu.	-0.7300	0.8260	0.2540
अनिलिशName	-0.7040	-0.6670	-0.5830
अनिल्ड	0.1849	-0.2016	0.0075
अनिल्वेव्ड	-0.6670	-0.6670	-0.6250
अनिवार्य	0.0787	0.0785	0.5925
अनिवार्यता	1.0000	-0.6670	1.0000
अनिवार्यवाद	0.5000	-0.5190	0.4580
अनिश्‍चित	-0.5235	-0.2535	-0.6165
अनिश्‍चितता	-0.2362	-0.0578	-0.2310
अनिश्‍चितनेस	-0.6000	0.6300	-0.6300
अनिष्ट	0.6670	-0.4170	0.4760
अनिष्टिक	-0.0880	-0.2700	-0.2900
अनीएस	0.9520	-0.5830	0.9580
अनीक्यूट	-0.3330	-0.5930	-0.5560
अनुकरण	-0.0620	0.1220	-0.3280
अनुकूल	0.6350	-0.3420	0.4880
अनुकूलक	0.1935	0.0854	0.2027
अनुकूलता	0.3340	-0.3872	0.1463
अनुकूलन	0.5890	0.2565	0.5745
अनुकूलित	-0.0620	-0.0680	0.0340
अनुकृति	0.0420	-0.0200	-0.3240
अनुक्रम	0.0588	0.0924	0.3358
अनुक्रमक	-0.0950	0.5830	0.6190
अनुक्रमित	-0.6800	0.7260	-0.1460
अनुग्रह	0.6955	-0.2147	0.2868
अनुग्रहहीन	-0.6670	-0.5190	-0.8330
अनुग्रह्यता	-1.0000	-0.6190	-0.9170
अनुचित	-0.5662	0.2519	-0.2420
अनुचितता	-0.8107	0.1803	-0.5060
अनुच्छेद	0.0200	-0.6720	-0.4620
अनुपलब्ध	-0.3540	-0.4380	-0.6820
अनुपस्थित	-0.1940	-0.0820	-0.1140
अनुपात	0.1522	-0.1256	0.2409
अनुपात:	0.8150	-0.4850	0.0000
अनुपात:%	0.5963	-0.3827	0.2760
अनुपालन	0.5000	-0.0760	0.5000
अनुप्रयोग	0.0521	-0.0838	0.0688
अनुप्रस्थक	0.1530	-0.0810	0.1040
अनुप्रस्थन	0.0370	-0.6670	0.4760
अनुप्रस्थीकृत	0.1880	-0.0380	0.0560
अनुबंध	-0.2395	-0.4215	-0.1605
अनुबंधली	0.0000	-0.5930	0.4290
अनुभव	0.6200	0.2650	0.7000
अनुभवी	0.5830	0.1830	0.3980
अनुमति	0.4433	-0.1733	0.1570
अनुमान	0.0764	-0.1161	0.0866
अनुमानित	0.0359	0.0471	0.0786
अनुमानितता	-0.6190	-1.0000	-0.9520
अनुमानितीकरण	-0.0950	0.7040	0.2500
अनुमोदन	0.1040	-0.4183	0.2387
अनुरूप	0.2790	-0.2567	0.0385
अनुरूपता	-0.2500	0.0480	0.0000
अनुलंब	0.4580	-0.0400	0.2160
अनुवाद	0.0770	-0.0160	0.0900
अनुवादक	0.5200	-0.1760	-0.0540
अनुवादित	0.6670	-0.2220	0.0000
अनुशासन	0.0358	0.1645	0.6760
अनुसंधायिका	0.1033	0.0853	0.5153
अनुसंधियनName	-0.3330	0.7500	1.0000
अनुसंश	-0.6240	-0.3460	-0.7080
अनुसन्धान्तर	-0.1880	-0.0380	-0.2000
अनुसरण	0.3130	-0.0030	0.0610
अनुस्मारक	0.2410	-0.1020	-0.1270
अनुस्मारक!	-0.0910	0.0290	0.0440
अनेइन	1.0000	0.7040	0.9170
अनेक	0.0000	-0.3330	0.1110
अनेकानेकिटी	0.6190	-0.5930	0.4580
अनेगर	-0.6670	-0.9630	-0.6250
अनेब्रोथhaiti.	0.0000	-0.6250	0.2080
अनैतिक	-0.8570	0.0863	-0.0630
अनैतिकता	-0.5310	0.3518	-0.3360
अनोखावाद	0.6250	0.1430	0.2380
अनौपचारिक	0.1465	-0.1855	-0.1145
अनौपचारिकता	0.0560	-0.5830	-0.2500
अन्त	-0.4160	0.0940	-0.2040
अन्तर्दृष्टि	0.2260	-0.2740	0.2980
अन्तर्निहित	-0.0400	-0.1100	-0.0960
अन्तहीन	0.2025	-0.3242	0.0600
अन्तहीनता	0.4307	-0.6173	0.3000
अन्दर	0.5000	0.6670	0.6300
अन्धियारा	-0.7960	0.2040	-0.1640
अन्धे	-0.6670	0.6670	-0.1900
अन्धे-	-0.1040	0.3680	-0.3260
अन्धेर	-0.7760	0.7360	0.2600
अन्धेरे	-1.0000	0.6670	0.9630
अन्य	0.1220	-0.1844	-0.0230
अन्यworld.	0.5420	0.0000	0.0000
अन्यनेस	-0.0370	-0.6670	-0.2920
अन्याय	-0.7783	0.2867	-0.5503
अन्यों	-0.2660	-0.1380	-0.1620
अन्राप	-0.2860	0.5000	0.3700
अप	0.0490	0.2990	0.0060
अप-	0.5560	0.2920	0.6670
अपंग	-0.8090	-0.0440	-0.3730
अपंगता	-0.8540	-0.0360	-0.6540
अपंजित	0.0130	-0.3340	0.1460
अपंजीकृत	-0.0958	0.1481	0.1763
अपकेपाइज	-0.5710	0.5930	0.5830
अपकेपाइजेशन	-0.6670	-0.5830	-0.2500
अपग्रेड	0.2920	0.0620	-0.2960
अपठित	-0.0840	-0.5200	-0.5720
अपना	-0.4760	0.6670	-0.5830
अपने	-0.1736	0.0067	0.1057
अपब्राड	-0.9260	0.6670	0.8330
अपमान	-0.8089	0.2182	-0.2352
अपमानक	-0.8890	0.6670	0.8520
अपमानजनक	-0.4843	0.3168	-0.1421
अपमानजनकता	0.0232	0.5016	0.1816
अपमानपूर्ण	-1.0000	0.6190	0.3700
अपमानपूर्णता	-1.0000	-0.9520	-0.7080
अपमानित	-0.8315	0.2499	-0.5032
अपमानितपन	-1.0000	-0.7620	-1.0000
अपम्पिकता	-0.1640	-0.0940	-0.0180
अपम्पेन	0.1110	0.4070	0.0480
अपरकेस	0.0000	0.0000	0.5000
अपराध	-0.3958	0.3832	0.1952
अपराधरहित	0.9630	-0.9050	-0.0950
अपराधरहितता	1.0000	0.6670	0.5930
अपराधी	-0.7259	0.6184	0.1345
अपराधीता	-0.7560	0.7260	0.1600
अपराधीीकरण	-0.7330	0.6670	0.1670
अपरिपूर्ण	-0.5300	0.0080	-0.4680
अपरिपूर्णता	-0.6200	0.1340	-0.3580
अपरिपूर्णपन	-0.6250	-0.5000	-0.6670
अपरीक्षित	-0.2860	-0.1590	-0.3405
अपर्याप्त	-0.6362	-0.1178	-0.6276
अपर्याप्तता	-0.6415	0.2825	-0.4040
अपर्याप्तनेस	-0.5200	0.0580	-0.3680
अपलिंक	0.0880	0.0200	0.1900
अपलैंडjamaica.	0.4380	0.1560	0.2140
अपलैंड्स	0.2300	-0.0580	0.1540
अपलोड	0.2760	0.3660	0.3920
अपलोडर	0.6250	0.6670	0.8750
अपवर्तन	-0.3670	0.1310	-0.0030
अपवाद	-0.2596	0.2246	0.1683
अपवित्र	-0.6615	0.3712	-0.0040
अपहरण	-0.8199	0.7346	-0.1380
अपहरणकर्ता	-1.0000	0.7140	0.8330
अपहरणर	-0.7920	0.9060	0.3660
अपाइज	0.5830	0.6190	0.3700
अपात्र	-0.6145	-0.2445	-0.4045
अपारदर्शिता	-0.0580	-0.4980	-0.4880
अपारदर्शी	-0.3225	-0.5685	-0.2970
अपारदर्शीनेस	-0.5000	-0.8520	-0.5000
अपारिभाषित	-0.4800	-0.1640	-0.3000
अपिटी	-0.0700	0.0920	-0.1660
अपील	-0.1800	0.3400	0.5940
अपीलयोग्य	0.6670	-0.6670	0.4760
अपूर्णता	1.0000	0.0000	0.9170
अपूर्णनेस	-0.4580	-0.0980	-0.5320
अपेक्षाकृत	-0.6670	-0.6670	-0.6250
अपेण्डर	0.0000	0.5830	0.5560
अपॉइंट	-0.2028	0.2035	-0.0103
अपॉइंटनेस	-0.6670	0.6670	-0.4070
अपॉइंटमेंट	-0.5300	0.4700	-0.1280
अपॉइंटर	-0.5710	1.0000	0.7080
अपॉइंटल	-0.0600	-0.0380	-0.0560
अपॉइंटिक	-0.2780	-0.9260	-0.2590
अपॉइंटिस्ट	0.9170	0.6190	0.8750
अपॉयर	0.0990	0.2383	-0.0680
अपॉयरमेंट	-0.1180	-0.2905	0.0405
अपॉयराइज़	-0.6670	0.6670	1.0000
अपॉयराइजेशन	-0.2223	-0.1357	0.3070
अपॉयरिंग	0.5420	0.6670	0.4440
अपॉयरेबल	0.4700	0.4380	0.3620
अपॉयरेशन	-0.6670	-0.6670	-0.3700
अपॉयरॉयराइड	0.0000	-0.3700	0.0000
अप्नींट	0.3700	-0.6670	0.3700
अप्रचलित	-0.1975	-0.4292	-0.5617
अप्रत्याशित	-0.1460	0.4790	-0.2050
अप्रत्याशितनेस	0.3330	0.6670	0.0740
अप्रपाती	0.4160	-0.3600	-0.4440
अप्रयोग	-0.8330	0.6670	0.9520
अप्रयोगक	-0.2443	-0.2037	0.1387
अप्रयोगनीय	-0.5190	-0.6670	0.4170
अप्रयोगनीयता	-1.0000	-0.5930	-0.7410
अप्रयोगात्मक	-0.4223	-0.0263	-0.4183
अप्रयोगात्मकता	-0.8540	-0.5835	-0.6085
अप्रयोगित	-0.4025	-0.4630	-0.4890
अप्रस्थक	-0.5330	1.0000	-0.1850
अप्रिय	-0.7847	-0.0297	-0.5707
अप्रियता	-0.6670	-0.6300	-0.7140
अप्रियपन	-0.9160	0.4480	-0.4720
अफवाहों	-0.6670	0.6250	0.5190
अफसोस	-0.3990	-0.1966	-0.4846
अफ़सोस	-0.0297	0.1743	-0.1137
अफ्फार्ट	-0.4520	-0.0840	-0.4900
अफ्फो	-0.8980	0.7140	-0.0740
अफ्रीकीName	0.6670	0.3330	0.0000
अफ्रेक्टर	0.1110	-0.0740	0.2220
अफ्रेक्टिक	-0.0740	0.0000	-0.3330
अफ्रेक्टिकता	0.4070	-0.8100	0.5830
अफ्रेक्टेड	0.0000	-0.6250	-0.3330
अफ्रेक्टेबल	-0.0938	-0.6658	0.0510
अब	-0.1657	-0.0863	-0.1670
अबयास	0.2600	-0.1960	0.0000
अबी	0.0000	-0.5710	0.0950
अभाउण्डी	0.1800	0.3260	0.4440
अभिभावक-	0.0200	-0.4900	-0.2400
अभिमानी	-0.6670	0.6250	0.5830
अभियान	0.2453	0.4633	0.4560
अभियानर	0.1840	0.3960	0.6420
अभियानरी	0.5190	0.6250	0.7080
अभियुक्‍त	-0.7560	0.5580	0.2300
अभिलाषा	-0.6670	0.9580	-0.1250
अभिलाषाना	0.4900	0.6660	0.6600
अभिलाषार	-1.0000	1.0000	0.7780
अभिलेख	0.2670	0.0330	0.2127
अभिलेखक	0.1480	-0.7393	0.1730
अभिलेखकपालक	0.6670	-0.3330	0.6300
अभिलेखन	-0.0207	0.2918	0.2397
अभिलेखनवाद	0.0000	-0.6670	-0.0370
अभिलेखनवेवे	0.6670	-1.0000	0.0830
अभिलेखागारन	-0.3120	0.8300	-0.1580
अभिलेखागारी	-0.2300	-0.2600	-0.4720
अभिलेखिक	-0.4580	-0.3460	-0.3360
अभिलेखित	0.2312	-0.3799	-0.0095
अभिलेखितीकरण	0.0000	-1.0000	0.6670
अभिलेखिवियलीName	-0.2000	-0.3580	0.4080
अभिलेखीय	0.0000	-0.4170	0.4290
अभिवादन	0.7390	0.0950	0.1280
अभिवृद्धि	0.6300	-0.6670	0.5830
अभिशाप	-0.6670	0.6670	0.1110
अभिषिक्‍त	0.3057	-0.4103	-0.0410
अभिषेक	0.5793	-0.0963	0.5080
अभी	-0.0382	-0.3210	-0.1982
अभ्यता	-0.1333	-0.8120	-0.1623
अभ्यास	0.1295	0.1395	0.2040
अमनीName	-0.3330	-0.4170	-0.1110
अमर	-0.4290	-0.2665	-0.3395
अमरता	0.3760	0.2700	0.7220
अमरीकरण	0.9520	0.6670	0.6670
अमानती	0.7260	-0.2040	0.3920
अमान्य	-0.9600	0.8240	0.1460
अमारक	0.0000	0.5190	0.5240
अमास्थक	-0.5420	0.4120	-0.4120
अमिक	-0.6660	-0.4420	-0.6900
अमिटता	0.9580	0.3330	0.5830
अमिटनेस	1.0000	-0.6670	0.6670
अमिदमो	-0.2500	-0.2740	-0.4000
अमिदिक	0.1930	0.3703	0.3083
अमिदिकName	-0.7920	-0.1420	-0.4500
अमिदी	-0.0420	0.8520	0.3330
अमिद्राjapan.	-0.4700	0.4120	-0.2880
अमी	-1.0000	0.6670	-0.2920
अमीक	-0.7040	-0.7040	-0.8520
अमीदार	0.1880	0.0940	0.4660
अमीमाjapan.	0.1560	-0.0320	0.2760
अमीयाusa.	0.6670	-1.0000	-0.4580
अमीर	0.7640	0.2540	0.8100
अमीरी	0.6670	-0.5560	0.1670
अमीलापन	-0.8890	1.0000	0.1430
अमेदीName	-0.0620	0.1680	0.0520
अमोनिया	-1.0000	1.0000	1.0000
अमोनियाusa.	-0.0410	-0.1010	-0.0367
अमोनियाworld.	-0.4160	0.1740	-0.1820
अमोनियानो	-0.2220	0.9520	1.0000
अमोरिक	0.0000	0.0000	0.0000
अम्बॉबल	-0.2800	0.1020	-0.1760
अम्ल	-0.6044	0.3986	0.2254
अम्लीय	-0.6190	0.0000	0.4580
अयोग्य	-0.6547	-0.3950	-0.6953
अयोग्यता	-0.7454	-0.3482	-0.1474
अरब	0.3085	0.0398	0.4417
अरलालालोperu.	-0.5420	0.0000	0.8330
अराजकता	-0.8660	0.8460	-0.2240
अरातोनोparaguay.	0.5560	0.0000	0.1850
अरादिश	-0.3580	0.1680	-0.0480
अराबाusa.	0.0000	0.5560	0.4760
अरासियाpoland.	-0.6670	-0.6670	-0.8330
अरिटर	0.0000	0.5600	0.0760
अरिबोम	0.6670	-0.6670	0.0950
अरिमिमतिन	0.0000	-0.0740	0.1250
अरीअन	0.7920	-0.2960	0.5000
अरीड	-0.2700	-0.1540	-0.3640
अरीना	0.0000	-1.0000	0.0000
अरीनी	1.0000	0.0000	0.9170
अरूरूट	-0.0480	0.5420	-0.2000
अरूरूबोस	0.5930	-0.8890	0.0000
अरोफ	-0.3120	-0.2860	-0.3400
अर्जेटिव	0.6940	0.1760	-0.1260
अर्थ	0.3647	-0.1010	0.2095
अर्थ:	0.0000	0.0000	0.0000
अर्थना	-0.4765	-0.6045	-0.0235
अर्थपूर्ण	0.7285	0.1850	0.5730
अर्थपूर्णता	1.0000	-0.5190	0.6190
अर्थहीन	-0.2920	0.3520	-0.1820
अर्थहीनता	-0.8150	-0.1295	-0.6760
अर्थी	0.6670	0.5190	0.8890
अर्द्ध	-0.2440	-0.4900	-0.3640
अर्द्ध-	-1.0000	-0.6250	-0.8750
अर्द्धटोन	0.0000	-0.0950	0.0000
अर्ध	0.0250	-0.3362	-0.0097
अर्ध-	-0.0717	-0.2078	-0.0538
अर्ध-प्रो	0.3330	0.6250	0.4290
अर्धकरिकता	0.0000	-0.5710	0.1670
अर्धटोन	0.0000	0.0000	0.0000
अर्धनित	0.1250	0.0000	0.0420
अर्धपारर	0.0000	0.5000	0.2220
अर्धफ़ॉर्मल	0.0000	0.0370	0.2500
अर्धफिकशियल	0.0000	-0.1670	0.4070
अर्धवाद	0.0000	0.0480	0.2080
अर्धाक्रेन	0.0000	-0.3330	0.5000
अर्धीय	0.0863	-0.3057	-0.0473
अर्धीयता	0.0000	-0.4760	0.0000
अर्ध्ट	-0.3460	-0.0960	-0.0980
अल	0.2355	0.4165	0.5265
अल-	0.1640	0.0072	0.2592
अल-ाइड	0.0000	0.4070	0.1430
अल-ाइड्स	-0.1340	0.1240	-0.1960
अलकोव	-0.0200	-0.3200	-0.2880
अलग	-0.0135	0.0850	0.1931
अलग-	0.0031	0.2221	0.2484
अलग-अलग	0.3335	-0.1670	0.4745
अलगाव	-0.6240	0.1960	-0.2500
अलगावनेस	-0.0950	-0.6670	0.2220
अलजेल	-0.1200	-0.3200	0.1300
अलफ्ना	0.0920	-0.5000	-0.3780
अलमा	0.0000	0.0000	0.0370
अलमान्रा	0.3760	-0.6090	-0.1760
अलविदा	-0.5200	-0.2220	-0.3440
अलाईड	0.3335	-0.0700	0.1945
अलार्म	-0.2015	0.4882	0.1797
अलिंकेस	0.0000	0.8330	0.7080
अलीअलिंग	0.1250	0.6670	0.6300
अलीएल	0.0510	-0.2150	-0.2070
अलीएलीName	-0.6670	-0.6670	-0.5000
अलीकीपन	-1.0000	-0.9580	-0.8750
अलीफ़ाइड	1.0000	0.0480	1.0000
अलीमा	0.6670	0.4170	0.6250
अलॉय	0.0000	-0.6670	-0.3750
अलो	0.3120	-0.1920	0.4600
अलौकिक	0.1430	0.6020	0.4950
अलौकिकवाद	0.0000	0.1250	0.5000
अल्कालिन	0.6110	0.6110	0.6670
अल्कालिनिटी	0.0000	-0.8890	0.0950
अल्कालीन	0.2860	-0.3750	0.2920
अल्गोरिदम	0.2000	0.6670	0.7080
अल्जेरी	0.6670	0.7140	0.6670
अल्ट्रात	-0.2080	-0.5020	-0.2860
अल्ट्राप	-0.6670	0.6670	0.6300
अल्पतम	-0.1670	-0.8335	-0.2385
अल्पपारदर्शिता	-0.0001	-0.0489	-0.0312
अल्पप्रयोग	-0.6670	1.0000	-0.4440
अल्फा	0.4160	-0.3200	0.5100
अल्फ्रेक्टिक	0.6250	-0.5420	-0.0740
अल्बेनिटिनोusa.	0.6670	0.6670	0.5560
अल्माइमरी	0.0000	0.0000	0.0370
अल्यता	0.7080	1.0000	0.5560
अवकलन	0.0535	-0.0292	-0.1528
अवकाश	0.6800	-0.0200	0.1960
अवकाशर	0.7080	0.6250	-0.0420
अवचेष	-0.7620	0.8890	0.7920
अवज्ञा	-0.6695	0.3895	-0.4850
अवतार	0.2660	-0.1800	0.1340
अवत्वरण	-0.3330	0.6670	-0.5420
अवधि	0.0525	-0.2628	0.2382
अवमान	-0.0840	0.2240	0.5000
अवमानर	-0.6670	0.6190	0.4580
अवमानिकता	0.7040	0.6670	0.5000
अवमानित	-0.3355	0.3055	0.0295
अवमान्य	-0.0625	-0.3730	-0.4535
अवमान्यता	0.8520	0.3330	-0.1670
अवयव	0.5935	-0.2230	0.2480
अवरोहण	-0.5000	0.0980	-0.3780
अवर्गीकृत	-0.1850	-0.0210	-0.2430
अवलेवेषण	-0.7500	-0.4170	0.5830
अवविष्ट	-0.4760	-0.6477	-0.4000
अववेषण	0.9630	1.0000	0.4810
अवशिष्ट	-0.0045	-0.3043	0.1735
अवशोथ	-0.5420	0.0000	-0.5000
अवशोथता	-0.6670	-0.6670	-0.9050
अवशोथिक	-0.6670	-0.7620	-0.4170
अवशोभाषित	0.0693	0.0933	0.2063
अवशोषण	-0.2051	-0.0037	-0.0014
अवशोषित	-0.0823	0.0593	-0.0003
अवशोषितता	-0.2477	0.1312	-0.2767
अवश्य	-0.2920	-0.2660	-0.4660
अवसर	0.3856	0.1924	0.1528
अवस्थान	-0.3330	0.6300	-0.0420
अवस्थिति	0.0140	0.1843	0.4213
अविनाशी	0.3620	-0.1770	0.3373
अविनाशीता	0.7593	-0.6810	0.9563
अविवाद्य	-0.9580	-0.6670	-0.8100
अविवाद्यता	-0.3750	-0.9440	-0.8150
अविवाहित	-0.0205	-0.3535	0.0690
अविश्लेषण	-0.3923	-0.1971	-0.1595
अविश्लेषणित	-0.0262	-0.6755	-0.1598
अविश्लेषणीय	-0.2721	-0.4334	-0.1688
अविश्लेषणीयता	0.8570	-0.6670	0.5830
अविश्व	-0.3330	0.0000	-0.3330
अविश्वसनीय	-0.1398	0.3235	0.1558
अविश्वसनीयता	1.0000	0.0370	0.5710
अविश्वहीन	0.0000	-0.6670	-0.1670
अविश्वास	-0.8800	0.3400	-0.4480
अविश्‍वसनीय	-0.2508	-0.1227	-0.1377
अविश्‍वसनीयता	-0.6352	-0.0454	-0.3158
अविश्‍वसनीयवाद	-0.1920	-0.4540	-0.2860
अविश्‍वास	-0.5804	-0.0587	-0.0541
अविश्‍वासहीन	-0.6670	-0.6670	-0.2380
अविश्‍वासियों	-0.7960	0.3660	-0.3920
अविश्‍वासी	-0.2530	-0.1400	0.0216
अविष्टि	-0.5560	-0.7780	-0.7620
अवीसाasia.	0.6190	0.0000	0.0000
अवेकर	-0.6670	0.1480	0.5240
अवेच	-0.1040	-0.2000	0.2260
अवेथे	0.0420	0.6670	0.6250
अवेस्टिट	-0.6670	-0.4290	-0.6670
अवैध	-0.6839	0.1973	-0.1694
अवैधता	-0.8120	0.2700	-0.1460
अवैधिटी	-0.6280	-0.2120	-0.6840
अव्यादेशीय	0.3540	-0.1420	0.2700
अव्याधता	-0.6670	-1.0000	-0.6190
अव्यावहारिक	0.0830	0.0000	0.4580
अव्यावहारिकता	0.3333	0.2448	0.4942
अव्यावहित	0.0000	-0.6250	0.1480
अव्यावहितनेस	-0.6670	0.4760	-0.5930
अव्यावेषण	1.0000	0.6670	0.2500
अव्याष्ट	0.6670	0.4760	-0.2590
अशास्त्रीय	-0.6670	0.5930	-0.5805
अशास्त्रीयता	0.0000	0.6250	0.2080
अशास्त्रीयवाद	-0.0670	-0.4070	0.0370
अशुद्ध	-0.7762	0.0782	-0.6668
अशुद्धता	-0.6605	-0.1020	-0.5460
अश्‍लील	-0.4500	0.3366	0.0314
अष्टक	0.1009	0.1033	0.3483
अष्टन	0.1280	0.3200	0.3580
अष्टिक	0.2000	-0.1570	0.1910
अष्टित	0.4580	-0.1180	0.4500
असंकरीName	0.4080	-0.2400	-0.0960
असंगत	-0.6080	0.0000	-0.3800
असंगतता	-0.7220	-0.5000	-0.3700
असंगतपन	-0.6670	-0.6670	-0.5420
असंटेनमेंट	-0.6670	-0.5710	-0.7920
असंतुलन	-0.0277	0.2503	-0.0880
असंपीड़ित	-0.0137	-0.3390	-0.1477
असंपीडित	-0.1621	-0.2056	0.0954
असंबंधित	-0.7700	0.1960	-0.3020
असंबकेरी	0.6300	0.5830	0.0830
असंभव	-0.6770	0.1350	-0.2870
असंभाव	0.6250	-1.0000	0.5830
असंभावी	0.6670	0.2780	0.4440
असंयम्पिक	-0.0660	-0.0680	-0.2000
असंसोटोग्राफी	0.4170	0.6670	0.4070
असं्तरी	0.3330	0.6670	0.4440
असक्रियता	-0.2793	-0.6843	-0.3893
असत्य	-0.0640	0.1540	-0.0420
असफल	-0.4782	-0.0921	-0.3238
असफलता	-0.7103	-0.1167	-0.6667
असफलतापूर्वक	-0.7140	-0.5240	-0.6670
असफलनेस	-1.0000	-0.6670	-0.8150
असमर्थित	-0.4800	-0.1000	-0.5580
असमान	-0.1167	-0.6200	-0.4120
असमाननेस	-0.4580	-0.5930	-0.4170
असमी	0.7220	-0.6670	0.7080
असमीName	0.1600	-0.3140	-0.0700
असरदार	0.6670	0.6300	0.7040
असल	0.0000	0.0000	0.0000
असली	0.5300	-0.0400	0.4920
असलीवाद	0.0000	0.4580	0.3330
असहनशीलता	-0.8960	0.4080	0.0400
असाधारण	0.6450	0.1683	0.5069
असाधारणता	0.4445	-0.1750	0.3890
असामान्य	-0.0828	-0.1446	-0.0302
असामान्यता	-0.4080	-0.2200	-0.3075
असामान्यिंग	-0.6670	0.6670	-0.6300
असिसिसusa.	-0.0200	-0.1220	-0.0760
असीमित	0.0858	-0.1992	0.0034
असुरक्षित	-0.6968	0.1938	-0.5623
असुरक्षितपन	-0.4447	-0.6130	-0.4197
अस्त-	0.0620	-0.1320	0.0680
अस्तित्व	0.0437	-0.1008	0.1582
अस्तित्वहीन	0.1110	0.6670	0.7080
अस्थस्थक	-0.6040	0.0980	-0.5460
अस्थायी	0.0947	-0.1061	-0.1937
अस्थायीiCalImp	0.5000	0.6670	0.7040
अस्थायीीकरण	0.0000	0.5420	0.2080
अस्थिरता	-0.6235	0.5645	-0.2730
अस्पताल	-0.3403	-0.2390	-0.1703
अस्पतालाइज़	-0.5710	0.6670	-0.2920
अस्पतालाइजेशन	-0.1620	0.1660	-0.1560
अस्पष्ट	0.0420	0.3330	0.0370
अस्पष्टता	-0.4763	-0.5800	-0.2906
अस्पस्ट	0.6670	0.4070	0.4290
अस्पस्टता	0.0903	-0.3309	-0.1204
अस्पस्टनेस	0.0000	-0.6670	-0.5420
अस्पस्टिक	-0.3330	-0.6250	-0.4760
अस्पस्टी	0.0000	0.5830	0.3700
अस्पस्टीय	0.6190	0.0370	0.0670
अस्पिल	-0.1240	-0.5560	-0.4340
अस्पेरिया	-0.2700	-0.5680	-0.2120
अस्वाभाविक	-0.3400	-0.2320	-0.1285
अस्वाभाविकता	0.1110	-0.6300	0.8330
अस्वीकार	-0.5895	0.0015	-0.1063
अस्वीकारकर्ता	-0.6670	0.6670	0.4290
अस्वीकारित	-0.0560	-0.8100	-0.2860
अस्वीकार्य	-0.6867	-0.0057	-0.3768
अस्वीकार्यता	0.7140	0.0000	0.5930
अस्वीकृत	-0.6684	0.1660	-0.0697
अस्सिक	-1.0000	-0.3810	-1.0000
अस्सी	0.0000	-0.3557	0.1107
अहंकार	-0.5570	0.1558	0.4011
अहंकारपूर्णता	-0.6670	0.3330	0.8890
अहंकाराष	-1.0000	0.7040	0.8520
अहंकारिक	-0.6670	0.6190	0.8330
अहंकारिया	-0.9580	0.6670	1.0000
अहवाल	0.6670	0.8890	0.8330
अहस्ताक्षरित	-0.0420	-0.6670	-0.2860
अहेड	-0.5620	0.1100	-0.1060
आ	0.1337	0.2185	0.1080
आँकड़े	0.0160	-0.1600	0.2180
आँख	0.1907	-0.2087	-0.0477
आँखों	-0.3330	0.0000	-0.2920
आँगन	0.5030	-0.3015	0.1145
आँसुओं	0.8520	0.4800	-0.0900
आँसू	-0.4733	0.1923	-0.3560
आंकड़ा	0.0090	0.0000	0.4680
आंख	0.0000	-0.5710	0.0000
आंखें	0.2600	-0.0545	-0.0680
आंखों	0.0620	0.0180	0.4280
आंटा	0.6250	-0.6670	-0.4760
आंतरिक	0.0716	-0.2968	0.0003
आंतरिकता	0.1190	-0.1520	0.4250
आंतरिकाइज़ेशन	0.6250	-0.6670	0.4440
आंधी	-0.2080	0.4455	0.1593
आंशिक	-0.1713	-0.1913	-0.1013
आंशिकता	-0.3330	-0.6670	-0.5330
आइ-बिट	-0.6670	-0.6670	-0.5710
आइ.	0.3017	-0.2933	-0.1020
आइआबीName	0.0000	0.3330	0.0950
आइआरआर	-0.0620	-0.2160	-0.3680
आइए	0.0580	-0.4620	0.1160
आइओआईसीafrica.	1.0000	-1.0000	-0.1900
आइकॉन्सग्राफी	0.6250	-0.2220	0.4580
आइज़क	0.9520	-0.5000	0.2220
आइडेंटिफायर	-0.1560	0.0000	0.1120
आइडेंटिफायरेस	-0.5620	-0.2860	-0.4580
आइडेंटी	-0.5920	-0.1520	0.0000
आइडेंट्ड	-0.4480	0.5600	0.1380
आइनीफ़ियाpoland.	-0.8750	1.0000	-0.7410
आइरिसोperu.	0.6040	-0.0920	-0.5320
आइलूरी	-0.6250	-0.6300	-0.7500
आइसक्रीम	0.5002	-0.5257	-0.0255
आइसिशिशName	-0.3330	-0.1110	-0.2500
आइसो	0.2660	-0.9170	-0.3280
आइसोग्राफ	0.0000	0.0000	0.3330
आइसोग्राफी	0.0000	-0.5000	0.2500
आइसोग्राम	0.0000	-0.6670	0.2380
आइसोग्रिक	0.0000	-0.5710	0.0000
आइसोग्रिस	-0.1040	-0.2780	-0.0380
आइसोग्री	0.0000	-0.6670	0.3700
आइसोग्रोक	0.2260	-0.0760	-0.1240
आइसोटोन	0.0079	-0.0532	-0.0533
आइसोटोनिक	0.6670	-0.5830	0.4580
आइसोटोनो	0.6670	0.4070	0.5420
आइसोनियम	-0.2920	-0.2080	-0.2640
आइसोप्स	0.0000	-0.6670	0.1110
आइसोफ़ॉर्म	0.0000	0.0000	0.0480
आइस्टर	0.0000	-0.3780	-0.3460
आई	0.0000	-0.5930	-0.2080
आई-	-0.0763	0.0019	-0.1422
आई.	-0.2131	0.1182	-0.1267
आईआईएम	-0.6670	-0.6190	-0.7500
आईआईसी	0.0400	-0.3120	-0.2540
आईआग	-0.3120	-0.1140	-0.3200
आईआन्गाasia.	0.0000	-0.5000	0.0370
आईएचटीएमएल	-0.1040	0.0380	-0.2300
आईएस-	0.0793	-0.3830	-0.2223
आईएसएसप्रोसेसर	0.5560	-0.5830	0.1480
आईएसडी	-0.2500	-0.0580	-0.2200
आईएससी	-0.2340	-0.2840	-0.3340
आईएसिस	-0.6670	0.5560	-0.4440
आईकन्फीक	-0.7080	0.7500	0.2000
आईक्लासस	0.7700	0.1800	0.0500
आईडी	-0.1173	-0.3737	0.1250
आईडी-	0.0000	0.0000	0.0000
आईडीक	-0.3540	-0.0740	-0.5600
आईडील	1.0000	-0.9580	0.3330
आईडीसिथिक	-0.6670	-0.4170	-0.5930
आईपी	0.3330	0.4170	-0.6300
आईपीप	-0.4380	0.4000	-0.4720
आईपीस	-0.1640	-0.3060	-0.0400
आईपोड	0.5830	0.3330	0.4580
आईरे	-0.6040	0.4800	0.1500
आईल-	-0.2590	0.0000	-0.0950
आउंटोparaguay.	0.0000	-0.6250	0.0480
आउउब्ड	0.0000	0.6000	0.2080
आउघा	-0.4800	0.0000	-0.2000
आउट	-0.0210	0.6670	0.1665
आउटपुट	0.2080	-0.2220	-0.1320
आउटबाउंड	0.2000	0.6670	0.0420
आउटर्स	-0.3330	0.6670	0.7780
आउटलाइन	0.1980	-0.2330	0.1600
आउटलाइनर	0.0000	0.0000	0.3750
आउटस्टेंट	-0.4440	0.2080	-0.7040
आउटेज	-0.3880	0.3680	-0.1240
आउटॉर्न	-0.6670	-0.8000	-0.5710
आउट्बीद	0.1880	0.2440	0.0800
आउडक्टर	0.0000	-0.6670	0.2860
आउडासिटी	0.5200	0.5100	0.8320
आउण्डी	-0.7700	0.6880	0.1860
आउबल	0.2930	0.0830	0.1480
आउयूडोनियाusa.	-0.2500	-0.2000	0.0180
आउस्यासिटी	-0.6670	-0.4760	0.3330
आउहर	-0.4800	0.0760	-0.3440
आओ	0.1460	-0.0860	0.0180
आकर्षक	0.7395	0.0560	0.3880
आकर्षकता	0.8760	0.3340	0.5100
आकर्षण	0.3477	0.0112	0.2601
आकार	0.0284	0.0213	0.1252
आकार-	-0.6670	-0.6670	-0.5830
आकारर	0.5710	0.6300	0.6190
आकाश	0.6912	0.2275	0.2697
आकाश-	0.1840	-0.1760	0.3240
आकाशकम्पोperu.	0.2440	0.3920	0.5960
आकाशगंगा	0.5840	0.1420	0.6880
आकाशमार्ग	0.6250	0.0420	0.1670
आकाशीय	0.7595	-0.1085	0.5905
आकृति	0.0883	-0.1147	-0.0310
आकृतिः	-0.1250	-0.9170	-0.4290
आख़िरत	0.0420	-0.7920	0.0000
आग	-0.1010	0.3085	0.1770
आग-	0.1250	0.8705	0.5025
आगंतुक	0.2920	-0.0400	-0.0780
आगक्शन	-0.5620	0.5480	0.0760
आगमन	0.3560	0.0200	-0.0520
आगमित	-0.6110	0.2630	-0.2180
आगल	-0.3960	0.5540	0.3280
आगला	-0.7140	0.6670	-0.5190
आगावनेस	-0.9260	1.0000	1.0000
आगाह	0.6300	0.6670	0.4170
आगाह:	0.3340	0.5900	0.1840
आगी	-0.3773	0.0053	-0.4340
आगीName	-0.8760	0.9060	0.1960
आगूर	-0.8760	0.8500	0.3140
आगे	0.2743	0.0828	0.3886
आग्रह	0.2983	0.1540	0.0907
आग्रहकर्ता	0.7500	0.6670	0.5930
आग्रहर	0.1807	0.6033	0.0353
आग्रही	-0.6940	-0.3100	-0.4120
आचरण	0.2358	0.1152	0.3864
आज	0.1878	-0.2690	-0.0199
आजकल	0.7080	-0.5830	0.3750
आज्ञा	-0.1134	0.2683	0.0470
आज्ञाकारिता	0.6040	-0.3920	0.1540
आज्ञाकारी	0.5620	-0.6545	0.0735
आठ	0.0620	-0.5480	-0.2400
आठवां	0.1665	-0.3810	0.0925
आड़	-0.0105	-0.2635	0.2235
आड़ा	0.1068	0.1463	0.2323
आड़ी	0.0998	-0.2535	0.0646
आड़ीनेस	-0.6113	-0.5557	-0.6003
आड़ीलापन	-0.6670	1.0000	0.5000
आड़ीसिटी	0.0000	-0.9630	0.0000
आणविक	0.0128	0.0414	0.1556
आतंक	-0.8760	0.8760	-0.2000
आतंकक	-0.4320	0.9550	-0.2370
आतंकवाद	-0.8800	1.0000	0.2510
आतंकवादी	-0.9523	0.9053	0.4787
आतंकित	-0.8267	0.6960	-0.0900
आतंकितीकरण	-1.0000	1.0000	1.0000
आतिशबाज़ियाँ	0.4700	0.7260	0.1580
आतिशबाज़ी	0.7130	0.7920	0.1480
आत्म	0.0207	-0.0907	0.3070
आत्मसमर्पण	-0.7700	-0.2080	-0.6280
आत्महत्या	-0.9595	0.7235	-0.5710
आत्महत्याशीलता	-0.6670	0.7080	0.1250
आत्मा	0.0835	-0.1983	-0.1527
आत्मामयता	1.0000	0.6670	0.5830
आत्मारहित	-0.9330	-0.9630	-0.8750
आत्माहीन	-0.8570	-0.6670	-0.9580
आत्माहीनता	-1.0000	-1.0000	-0.8520
आत्मिक	-0.5920	-0.4400	-0.7160
आत्मिकता	0.5930	0.6670	0.1670
आत्मिकीकरण	0.6670	0.0370	0.3330
आदत	0.1628	-0.5947	0.1108
आदतएरेशनमेंट्स	0.9520	-0.4810	0.3750
आदतरी	0.0000	-0.5830	0.0000
आदम	0.3330	0.3330	0.0370
आदमियों	-0.0185	-0.3245	0.0195
आदमी	0.1045	-0.0450	0.1265
आदमी्ड	-0.6670	-0.6670	-0.3750
आदर	1.0000	-0.6423	0.7377
आदर्श	0.8680	-0.3260	0.5047
आदर्श-	0.5710	-0.6670	0.6250
आदर्शता	0.7143	-0.2558	0.4672
आदर्शाइज़	0.7140	-0.5240	0.4170
आदर्शाइज़ेशन	0.8100	-0.5420	0.1850
आदि	-0.0340	-0.1920	-0.3220
आदिवासी	0.0336	-0.2680	0.1246
आदेश	-0.1236	0.0284	0.3344
आधा	-0.0913	-0.0270	-0.2893
आधा-	-0.3335	0.1300	-0.6115
आधार	0.2633	-0.0288	0.1721
आधारभूत	0.0000	-0.6670	0.4580
आधारभूतवाद	0.6190	-0.5830	0.6250
आधारित	0.1110	0.0000	0.4290
आधिकारिक	0.1759	0.0010	0.7581
आधिकारिकता	0.6250	0.6670	1.0000
आधी	0.1240	-0.0600	0.0900
आधीन	-0.0400	-0.5660	-0.6540
आधीबैक	-0.0200	-0.1420	-0.1200
आधुनिक	0.4215	-0.0585	0.2625
आधुनिक-ाइजर	0.6670	0.6670	0.6670
आधुनिकवाद	0.5200	0.1060	0.4060
आधुनिकाइज़	0.6670	0.4580	0.6250
आधुनिकाइज़ेशन	0.6670	0.6670	0.6670
आधुनिकिटी	0.6670	0.0000	0.6670
आधुनिकिस्ट	0.0420	0.6250	0.6190
आध्यात्मिक	0.7930	0.0930	0.1522
आध्यात्मिकता	0.7300	-0.4380	0.3340
आध्यात्मिकतावादी	0.8570	-0.6670	0.3330
आनंद	0.7315	0.4122	0.2837
आनंदपूर्वक	-1.0000	-0.9630	-0.6670
आनंदप्रद	0.8023	0.3220	0.2647
आनंदप्रदता	1.0000	-0.4170	-0.2920
आनंदमय	-0.3330	0.0000	0.0000
आनंदरहित	-0.8275	-0.8150	-0.5835
आनन्द	0.8406	0.4058	0.2926
आनन्दरहित	-0.8007	-0.6437	-0.6353
आनुवंशिक	0.3257	-0.1535	0.3367
आनुवंशिकी	0.2220	0.1810	0.4605
आने	0.1692	0.0978	0.0430
आनेवाला	-0.0200	0.5760	0.2880
आप	-0.2435	0.0360	-0.2439
आपका	0.0277	-0.1333	0.0723
आपकिंग	-0.1420	0.2660	-0.2000
आपत्ति	-0.3060	0.1840	0.4180
आपत्तिजनक	-0.8330	0.6670	-0.4170
आपने	-0.5800	0.1140	-0.4180
आपराधिकाइज़	-1.0000	0.7500	0.8890
आपरेशन	0.0620	-0.4480	-0.0760
आपस	0.1597	0.1147	-0.0963
आपसी	0.0348	0.2065	0.4703
आपसीता	0.6670	-0.6670	0.2860
आपातकालीन	-0.6000	0.8000	0.1420
आपूर्ति	-0.1800	-0.5542	-0.2770
आपूर्तिकर्ता	-0.1880	-0.2400	0.2120
आबंटन	0.2080	-0.2240	0.3580
आबंटित	-0.3037	0.3093	-0.0793
आभासी	0.1280	0.0353	0.0747
आभासीता	-0.3087	-0.3333	-0.1530
आम	-0.1144	-0.4834	0.0540
आमंत्रण	0.7080	0.6670	0.0000
आमंत्रित	0.6830	0.2260	0.1490
आमकाकाकास	0.0000	0.6670	0.1480
आमतौर	0.6292	-0.1915	0.3785
आमने	0.4582	0.0732	0.1395
आमने-सामने	0.1040	0.1740	0.3820
आमाल	0.6670	0.6670	-0.3750
आमिरली	0.0000	0.0000	0.1480
आमी	0.0000	0.0000	0.0000
आमोरोट	0.0950	-1.0000	0.0000
आमोश	-0.3810	0.6670	0.5930
आम्था	-0.4080	0.2860	0.0000
आय	0.5000	0.0200	0.4560
आयडेंटल	0.0000	0.0185	-0.0740
आयडेंटीटी	-0.1240	-0.1880	0.0680
आयत	0.3340	-0.4620	-0.3280
आयतन	0.0840	0.5500	0.6780
आयतर	-0.6120	0.5920	0.5000
आयताकार	-0.1240	-0.5200	-0.3860
आयताकारता	0.0000	-1.0000	0.0000
आयम	0.1120	-0.0200	0.2640
आयरन-	0.0740	0.6250	0.9580
आयरिस्टी	0.6300	-0.6670	0.0000
आया	0.1660	0.0160	-0.1780
आयात	0.3700	-0.3435	0.2973
आयातक	0.1110	0.6190	0.6670
आयाम	-0.1560	0.1200	0.2173
आयाम:	0.0000	-0.8750	-0.1900
आयामी	-0.1665	-0.5000	-0.0860
आयामीता	0.0000	-0.5710	0.1670
आयोजक	0.2080	0.1540	0.6920
आयोजन	0.1660	0.3520	0.2720
आयोटा	0.0010	-0.0730	0.0469
आयोटाhaiti.	-0.2590	-0.4290	-0.3330
आयोटाusa.	0.2690	0.0165	0.1195
आर	-0.2080	-0.2360	-0.2360
आर-पार्ड	-0.2300	-0.1220	-0.1140
आरंभ	0.1320	0.3853	0.2800
आरंभिक	0.1660	-0.3720	0.0780
आरआईआर	-0.3780	0.1160	-0.3040
आरआईएसटी	-0.8220	0.6540	-0.0920
आरआईटीसी	0.5830	0.6670	0.6250
आरआईडीडीडीए	-0.2300	0.0400	-0.2540
आरआईडीसिटी	0.4800	0.3460	0.1120
आरआउट	-0.6740	0.2500	-0.5340
आरइन्टर	0.0950	0.6670	0.2860
आरईएस	-0.0420	-0.3240	-0.1500
आरईएसडी	0.0000	-0.5190	0.4440
आरएआरईनेस	-0.6300	-0.4070	-0.5830
आरपार	0.3330	0.6670	0.2500
आरपीजीजीGenericName	-0.1780	0.0140	-0.2000
आरफ़	0.0420	0.1020	-0.3140
आरफ़ेट	-0.6320	0.2040	-0.4160
आरमीएल	-0.1460	-0.2440	-0.1320
आरहागियाई	0.4160	-0.0200	-0.0800
आराधनालय	0.0620	-0.4000	0.0880
आराम	0.6757	-0.5433	-0.1168
आरामदेह	0.7080	-0.6860	-0.0500
आरामी	0.5620	-0.7680	-0.1740
आरेख	0.0620	-0.4765	0.1830
आरेखित	0.0745	-0.6670	-0.2670
आरेखीय	0.2080	-0.2920	0.2920
आरोप	-0.7110	0.4970	-0.1760
आरोहण	0.5300	0.4400	0.4280
आर्क	0.5520	-0.1160	0.6720
आर्कमिन	0.0000	-0.0200	0.2740
आर्किडेंट	0.0000	0.0000	0.6670
आर्किस्टिस्टिस्ट	0.7080	0.6670	0.6250
आर्किस्टेक्टिक	0.3330	-0.5560	0.2590
आर्कीटेक्चर	0.6400	-0.2200	0.3880
आर्कोनusa.	0.3640	0.1920	0.7340
आर्जियाल	0.0000	0.3330	0.0000
आर्ट-	-0.3120	-0.0720	-0.1320
आर्टिकोके	0.1660	-0.5640	-0.4260
आर्टिफ़ॉयर	-0.9440	-0.6670	-0.5830
आर्टिफ़ॉल्‌स	-0.7920	-0.5710	-0.3750
आर्टिफेक्ट	0.0200	0.0000	0.1320
आर्टिस	-0.3680	0.3920	-0.0360
आर्टिसियाईName	0.6250	0.0000	0.1670
आर्टेनेंस	-0.1670	0.6670	0.5830
आर्थिक	0.2060	0.0212	0.4060
आर्दन	0.5000	0.6670	0.3750
आर्नेम	-0.2300	0.0200	0.0560
आर्मिनिया	0.6670	-0.3700	-0.3750
आर्मीName	0.0400	-0.1020	-0.3440
आलसी	-0.5206	-0.7919	-0.7562
आलसीपन	-0.8150	-0.9523	-0.7717
आलीशान	-0.9630	-0.4760	-0.5830
आलू	0.0260	0.0202	-0.2628
आलेख	0.3435	-0.4725	-0.0185
आलेखीय	0.0580	0.2035	0.2615
आलोचक	-0.4720	0.2080	0.3720
आलोचना	-0.8120	0.2630	-0.0430
आलोचनापूर्ण	-0.7080	0.5560	0.4760
आल्ट	0.0000	-0.1120	-0.2660
आल्टानियाasia.	0.0000	0.0000	0.3700
आवधिक	0.2270	-0.3780	-0.0620
आवधिकिटी	0.2920	-0.3520	0.2900
आवरण	0.0033	-0.1751	-0.0651
आवर्द्धक	-0.0620	-0.5680	-0.3100
आवर्धन	-0.1060	-0.2340	-0.2260
आवश्यक	0.2038	0.0878	0.3598
आवश्यकता	0.0172	-0.1114	0.0930
आवश्यकताएँ	-0.2990	0.1173	-0.2347
आवश्यकताएँ:	-0.6660	0.1740	-0.7000
आवश्यकीकरण	0.8670	0.7080	0.5930
आवश्‍यक	0.0000	-0.0830	0.4440
आवाज-	-0.0835	0.5000	0.4215
आवाज़	-0.0812	0.1922	0.0063
आवाज़-	0.0000	0.6670	0.3750
आवाजें	0.0830	-0.6670	0.1850
आवाज्ड	0.1660	0.0980	-0.1040
आवास	0.4960	-0.4860	0.1800
आवासीय	0.6670	-0.5930	0.0000
आविष्कार	0.4280	0.1540	0.6220
आविष्कारक	0.0000	0.6670	0.5240
आवृत्ति	-0.0593	-0.0002	-0.0780
आवृत्तिएँ	0.0200	-0.2120	-0.2660
आवृत्तियाँ	0.2675	0.1665	0.0115
आशंका	-0.2300	0.4400	-0.0920
आशा	0.7105	0.0828	0.3070
आशावादी:	0.6467	0.2513	0.5673
आशावादीी	1.0000	0.3330	0.2920
आशिएटरी	-0.7780	0.6670	-0.1900
आशीर्वाद	0.8240	-0.4487	0.3533
आशीर्वादशीलता	1.0000	-1.0000	0.3330
आशीष	0.8200	-0.4420	0.3920
आशीषें	0.8580	-0.2780	0.2460
आशुचित्र	0.5830	0.3080	0.6640
आश्चर्य	0.7952	0.5740	0.4108
आश्चर्यक	0.3810	0.6250	-0.1480
आश्रय	0.2507	-0.3740	0.1787
आश्वस्त	0.6204	-0.2532	0.3264
आश्‍चर्य	0.6260	0.2240	0.3550
आश्‍चर्यजनक	0.4525	0.5265	0.5175
आश्‍चर्यजनकता	1.0000	-0.0480	0.4580
आश्‍वस्त	0.7560	-0.3460	0.5080
आश्‍वस्तनेस	0.8750	-0.5240	0.9260
आश्‍वासन	0.5980	-0.4153	0.3253
आस	-0.1350	-0.3213	-0.0830
आस-	0.5300	0.1400	0.6040
आस-पास	1.0000	1.0000	0.0830
आसपड़ोस	0.0480	0.1110	0.4170
आसमान	0.6660	-0.4520	-0.2560
आसमानलीवर	0.7410	1.0000	0.6670
आसवन	0.0073	0.1334	0.2083
आसवनेबल	0.0000	-0.6670	0.4170
आसान	0.4704	-0.1899	-0.1590
आसानी	0.4890	-0.5175	0.0365
आस्पेक्ट	-0.0420	-0.0620	0.1760
आस्फीति	0.8150	-0.3330	0.0950
आह	0.0040	0.0256	-0.3988
आह.	-0.2420	-0.1960	-0.2000
आहार	0.2840	-0.3775	-0.1005
आहारिक	0.5930	-0.5560	0.1850
आहारीशियनName	0.6670	0.6670	0.5830
आहिस्ता	0.1420	-0.3000	0.0180
इंकरेबल	0.7220	-0.6670	1.0000
इंकाई	0.6670	0.5000	0.4580
इंगित	0.5920	0.3260	0.5380
इंगोकरusa.	0.0000	0.9260	0.3330
इंग्रेड	0.1665	0.2220	0.2085
इंग्रेडरी	-0.4380	0.6200	0.1960
इंग्रेडिक	-0.6670	-0.6250	-1.0000
इंग्लैंड	0.3960	0.0760	0.0000
इंच	-0.0380	-0.3460	-0.4000
इंजनर	-0.4380	0.6600	-0.1420
इंजिन	-0.0483	0.0837	0.0927
इंजीनियर	0.4380	0.0000	0.7500
इंजीनियरिंग	0.4700	-0.0580	0.6720
इंटरटर	0.6110	0.6300	0.6670
इंटरनॅशनल	-0.0820	-0.0800	-0.2160
इंटरनेट	0.5200	-0.0760	0.5100
इंटरनेशनल	-0.5370	0.3600	-0.0620
इंटरनेशनल्शन	0.0000	0.0000	0.2500
इंटरप्ट	-0.6390	0.8045	-0.0355
इंटरप्ट्स	-0.5920	0.0900	-0.2220
इंटरप्शन	-0.5000	0.6670	0.6670
इंटरप्शनेस	0.0000	0.6670	0.0830
इंटरफेस	-0.1930	0.1583	0.2516
इंटरफेसीय	-0.5520	0.2700	-0.1140
इंटरब्लॉसेंट	-0.6670	1.0000	0.7080
इंटरव्यू	0.1460	0.5400	0.2380
इंटरव्यूर	0.1040	0.4720	0.6320
इंटरेक्शन	0.5205	-0.3725	0.3045
इंटरेक्शनComment	0.6430	0.6670	0.7290
इंटरेक्शनल	0.3330	0.6670	0.3330
इंटेनेंस	0.1900	0.9050	0.4810
इंडक्शन	-0.2160	0.1860	0.2540
इंडक्शनर	-0.7410	1.0000	1.0000
इंडनाम	0.0000	-0.5190	0.0000
इंडियम	0.0950	0.0000	0.3750
इंडी	-0.0420	-0.2640	-0.1400
इंडीक्यूट	-0.3700	0.8570	0.5560
इंडीक्यूल	-0.0820	-0.0660	-0.1700
इंडीक्शन	-0.6670	-0.7410	-0.7040
इंडीडिली	-0.6670	-0.9520	-0.8670
इंडीपी	-0.5720	-0.5000	-0.5180
इंडीफ़ॉयरusa.	0.0000	-0.0830	0.1900
इंडीसीमेंट	-0.6190	0.6670	0.7500
इंडेक्सर	0.0000	0.5710	0.4760
इंडेफिनिट	-0.6120	0.4600	0.1960
इंडेफिनिटी	-0.0600	0.2140	0.3840
इंतज़ाम	0.2972	-0.0674	0.3868
इंतज़ार	0.6670	0.5830	-0.1670
इंतजार	-0.0858	-0.1756	-0.2888
इंतजारर	-0.0820	-0.4000	-0.4100
इंद्रधनुष	0.7530	-0.1330	-0.1360
इंपरेम्पिक	-0.7040	0.8750	-0.4290
इंपोर्ट(m)	-0.8120	0.6740	0.0520
इंप्रेस	-0.0480	0.6670	0.0740
इंप्रेसर	0.0000	-0.0740	0.3810
इंप्रेसेबल	0.6670	-0.5930	1.0000
इंप्रेसेशन	-0.3540	-0.1380	-0.4000
इंप्रेस्स	0.9580	0.0000	0.9630
इंफाइयर	-0.7080	0.6670	-0.4810
इंफिक्स	-0.6940	-0.0820	-0.6600
इंफिगेबल	1.0000	0.8890	0.9580
इंफिनिट	0.2398	0.0702	0.1062
इंफिनिटेबल	-0.5000	-0.6575	-0.0905
इंफेक्शन	-0.8000	0.6000	-0.2060
इंफेबल	-0.5100	-0.0560	-0.5280
इंफोर्‌स	0.3060	-0.1700	-0.1460
इंफ्रेक्टर	-0.3286	0.2128	0.5032
इंफ्रेक्टिक	-0.0973	0.3263	0.1097
इंफ्रोबल	-0.1220	-0.4200	-0.1720
इंबेटलली	-0.6670	-0.5830	-0.5830
इंबेड	-0.2060	0.0400	-0.0540
इंबेडी	-0.4440	0.2380	-0.4440
इंबेलिक	-0.1880	-0.1540	-0.2780
इंबॉग्बेन	0.3330	0.7040	0.0000
इंब्लॉयरेबल	0.1040	0.3660	0.4900
इंम्प्शन	-0.7330	0.9260	-0.5830
इंवरेबल	0.0420	-0.9440	0.7410
इंवेटर	0.9520	0.8890	0.7410
इंवोनर	0.8890	-0.7620	1.0000
इंवोलेटर	0.0000	0.6670	0.6670
इंसाइट	0.6670	0.4760	0.4670
इंसानी	0.5645	-0.4815	-0.0255
इंस्केप	-0.2860	-0.5560	-0.5240
इंस्टमेटिक	0.5240	0.5710	0.0000
इंस्टारिक	-0.6670	-0.2590	-0.5930
इंस्टिकिटी	0.6670	-0.6670	0.3330
इंस्टेंट	0.5320	-0.0920	0.1080
इंस्टैंटमेंट	-0.2960	-0.6670	-0.2960
इंस्टैंटमेंटमेंटमेंटमेंटमेंटमेंट	-0.3700	-0.9630	0.5560
इंस्ट्रूमेंटल	0.0000	-0.5560	0.5190
इंस्ट्रैंट	-0.8520	0.6670	-0.4440
इंस्फीटा	-0.3330	-0.1670	-0.1480
इंस्फीति	-0.0420	0.1110	0.1250
इकट्ठा	0.2708	-0.1396	0.2818
इकाई	0.2107	-0.4595	0.3712
इकाईः	0.0000	-0.6800	-0.3900
इकॉनमिस्ट	-0.1240	-0.2080	0.0900
इको	0.0787	0.2595	0.0083
इको-	0.4580	0.5830	0.3750
इकोकार्डोग्राम	0.0000	0.0000	0.0480
इकोपप	-0.0400	-0.2500	-0.2400
इकोम्पासीक	0.6250	-0.6190	-0.2220
इकोलेस	-0.3330	-0.9580	-0.4070
इक्का	-0.0160	-0.2883	0.0433
इक्का-	0.0000	0.0000	0.0830
इक्काटोन	-0.2380	0.0000	0.1670
इक्काबीसी	-0.6670	0.0000	0.2500
इक्काराइजर	-1.0000	0.6670	-0.3750
इक्काामिनेन	0.3330	-0.3330	0.0000
इक्क्लिक	-0.2700	0.1620	0.5960
इक्लिप्टिक	-0.0263	0.0336	0.0734
इक्लिप्टिकusa.	0.4040	-0.4620	-0.0720
इक्लिप्टेटर	0.6670	0.6670	0.4170
इक्वलगर	-0.8330	0.6670	0.8890
इक्वलाइज	0.5185	0.0185	0.4375
इक्वलाइज़	0.5715	0.1145	0.3145
इक्वल्जर	0.5560	0.6670	0.7920
इगलू	0.1380	-0.3960	-0.3100
इग्नीलॉज़ी	0.2380	0.6670	0.5560
इग्मिनीन	0.6670	0.0830	0.0000
इग्रोकार्डीग्राफी	0.3330	0.3330	0.8100
इग्रोग्रोग्राम	0.0950	0.5930	0.2590
इच्छा	0.3302	0.3172	0.0628
इच्छाएँ	-0.0620	0.8820	0.3460
इच्छार	0.5830	-0.3330	-0.5710
इच्छाल	0.4580	0.1640	-0.0700
इटालिक	0.0950	0.0420	0.2220
इटालिकाइजेशन	0.0000	0.4170	0.2590
इटालिकित	0.0000	0.4810	0.2860
इटियनName	0.2080	0.0000	0.0830
इटेरेशन	-0.0400	-0.1310	-0.0140
इडाइड	-0.3700	-0.5560	-0.2380
इडेल्यूशनल	-0.2700	-0.4200	0.2000
इतना	0.2569	-0.0830	0.0203
इतनी	-0.5000	-0.2780	-0.4365
इतने	0.0200	0.1960	-0.1180
इतिहास	0.3146	-0.1439	0.2170
इतिहासकार	0.3760	-0.4600	0.2740
इत्र	0.4800	-0.0560	-0.0740
इत्री	0.6670	-0.6670	-0.4170
इथिइमानिक	-0.8890	-0.5710	-0.7220
इथिइया	-0.5100	-0.2260	-0.5480
इथियूरी	-0.6670	0.0830	0.8520
इथियोपिक	0.0000	0.6190	0.6670
इथॉइड	0.0000	-0.0740	0.5710
इन	-0.0627	-0.3323	0.0347
इन-	-0.1850	0.0000	-0.5770
इनके	-0.6670	0.0000	-0.8150
इनक्शन	-0.3060	-0.0400	-0.0540
इनडोडो	-0.0660	0.3400	-0.0740
इनन	0.3745	-0.0865	0.1210
इनपम्प	-0.1240	-0.1140	-0.0180
इनपुट	-0.2220	-0.3530	-0.1863
इनपेंट	0.6670	0.0000	0.2920
इनफ़िटरी	-0.0200	-0.2540	0.4080
इनफ़ॉयरेबल	0.5830	-0.6670	0.2780
इनफिक्स	-0.1480	-1.0000	-0.4290
इनफिनिट	0.2415	-0.2500	0.1825
इनफ्टिट	-0.6330	0.7260	0.1320
इनफ्लिकमेंट्स	-0.6670	0.6670	0.2220
इनलाइन	0.3370	0.2835	0.0730
इनलाइन्स	-0.0030	-0.3415	0.1850
इनलैंडusa.	0.0200	-0.1660	-0.1540
इनवाक	0.0740	0.5830	-0.2960
इनविन्स	1.0000	0.0000	0.9630
इनवेक	-0.6670	-0.6670	-0.7040
इनवेक्शन	0.6300	0.4070	-0.4000
इनवेपेपेनिकी	-0.7080	0.4000	-0.8570
इनवेम	-0.6670	0.0000	-0.7040
इनस्टेन्स्स	-0.2920	-0.6670	0.5710
इनहिक	-0.2080	-0.1480	-0.2300
इनहिक्शन	-0.9580	1.0000	0.6670
इनहिटरी	-1.0000	-0.4440	-0.6670
इनहेक्शन	-0.6670	-0.6250	-0.8890
इनाम	0.2780	0.6943	0.9477
इनिट-	0.9170	-0.7140	0.9630
इनिटनेस	0.7500	-1.0000	0.7140
इनोस्स	-0.0370	0.0000	0.4170
इन्जेक्शन	-0.4380	0.4820	0.0360
इन्ट	0.0000	0.3330	0.3330
इन्टर	0.1430	0.6250	0.6670
इन्टिटेनियम	-0.6670	-0.3330	-0.5000
इन्ड-	0.0000	-0.6670	0.0670
इन्डिट	-0.0620	-0.2460	0.0820
इन्फास्ट्रक्चर	0.2080	-0.0800	0.3880
इन्फिनिट	-0.6670	0.6670	0.4070
इन्फ्रारेड	-0.0620	0.1760	0.0520
इन्सिक	0.0000	0.3330	0.1480
इन्हें	-0.1055	0.1625	0.1585
इपिइड	-0.6670	0.5000	-0.5560
इपॉसिटर	-0.4600	0.4635	0.5470
इपॉसिटरी	0.0339	0.0078	0.2768
इपॉसिटरीusa.	0.3043	-0.0387	0.3237
इपॉसिटरीम	0.8890	0.6250	0.4440
इपॉसिटरीमेंटल	0.5000	-0.5830	0.4070
इमरचर	-0.7140	-1.0000	0.0000
इमरमिनिटी	1.0000	-0.3750	0.6670
इमराइजर	0.5600	0.0820	0.1860
इमलेक्टिक	-0.0560	-0.6670	0.9170
इमलैक्स	0.0000	-0.0840	-0.3460
इमल्शन	-0.5830	-0.7780	-0.1430
इमल्शनर	-0.1460	-0.4120	-0.1340
इमारतों	0.1640	-0.2400	0.1040
इमुलर	0.0370	0.0000	0.1480
इमॉफ़ॉफ़ोरेशन	0.0000	-0.5930	0.2080
इमोक्सियम	0.0840	-0.3600	-0.3580
इमोग्राफी	0.0560	0.0000	0.2860
इमोटिकर	0.6670	0.7500	1.0000
इमोटिकल	-0.3400	0.1800	0.4500
इमोटिका	-0.9580	0.5610	0.2355
इमोटिकॉन	0.1890	0.3060	0.3790
इमोटिकॉनusa.	0.2700	-0.3120	0.4120
इमोटिकॉन्स	-0.1955	0.2550	0.2070
इमोनी्जर	0.6670	0.4170	0.2080
इमोफ़ॉयर	-0.3460	-0.1960	-0.3020
इमोब्रॉथिक	-0.6670	-0.6300	-0.4760
इम्करर	-0.6110	-0.4000	-0.5830
इम्पम	0.4580	-0.6670	0.7920
इम्परर्स	-0.0400	-0.1040	-0.0340
इम्पलीusa.	0.0200	-0.1200	-0.1980
इम्पासूची	0.6670	-0.2960	0.5000
इम्पिक	0.5200	0.1400	0.1160
इम्पिलर	-0.0480	0.5710	0.6300
इम्पिसर	0.0000	0.6670	0.1850
इम्पीन	0.0000	-0.5190	-0.2920
इम्पूला	0.0830	1.0000	0.5830
इम्पेंटर	-0.3260	0.2380	-0.4180
इम्पेक्टेक्टिक	0.0370	0.2220	-0.4290
इम्पेट-	0.0000	-0.6670	0.4000
इम्पेनेनन्स	-0.6670	-0.6670	-0.7410
इम्पैनैनिक	-0.6670	-0.7500	-0.6110
इम्पॉस्फीयर	-0.5830	-0.7040	0.0000
इम्पोनाउण्डी	0.8890	0.5930	0.5930
इम्पोबेइन	0.5000	-0.5000	0.2920
इम्पोरर	0.0475	0.6670	0.3635
इम्पोर्टर	-1.0000	1.0000	0.4580
इम्पोर्टल	-0.5420	0.0200	-0.5080
इम्प्ड	0.0480	-0.6300	0.2500
इम्प्लीफफफफफफफफफफ्ट	-0.6670	-0.5830	-0.8100
इम्बियान्स	0.6670	-0.9050	0.0370
इयान	0.0000	0.0000	0.1110
इयानर	-0.1660	0.0560	0.0380
इयानी	-0.6670	0.6670	0.5560
इरादा	0.1790	0.0000	0.1075
इरिटर	0.1240	0.0800	-0.1380
इरिपिरी	0.1000	-0.1880	-0.0400
इरूरूटी	-0.3890	0.9050	0.8330
इरूरूटे	0.1250	0.0000	0.6670
इरूरूर्ज	0.1240	-0.2000	-0.2360
इरूरूल्यूशन्ससेंट	0.5240	0.0000	0.2000
इरोप्रेन	-0.1040	-0.1460	0.0080
इलाकों	0.3330	1.0000	-0.5560
इलाज	0.5683	-0.0613	0.2517
इलिन्यूमिन	-0.4800	0.1460	-0.2960
इलेक्ट्रॉनए	0.4380	0.1500	0.6980
इलेक्ट्रॉनम	0.0200	-0.0620	0.2860
इलेक्ट्रॉनिक	0.1860	0.0850	0.2223
इल्ली	-0.3900	-0.4734	-0.3850
इवेच	-0.7100	-0.2160	-0.3800
इवेल्यूएटर	0.4580	0.5420	0.7500
इवेल्यूशन	-0.4640	0.3670	0.2860
इवेल्यूशनिस्ट	-0.6670	0.6670	0.8330
इवैस्फीति	0.0000	0.3810	0.3330
इवोटन	-0.1300	-0.0520	0.1080
इवोन्सी	-0.4580	-0.1180	-0.5360
इवोल्यूएटर	1.0000	-0.7410	0.1480
इवोल्यूशन	0.0000	0.1965	0.6620
इवोवोरूटी	0.0000	0.6300	0.7920
इवोवोर्ट	0.0000	0.9630	0.9260
इश्क्शनर	0.6670	0.6670	0.5000
इश्‍कबाज़ी	0.4668	0.5942	0.2035
इस	0.1424	-0.0982	0.1775
इसके	-0.2777	-0.0517	-0.1067
इसपर	-0.1250	-0.2223	-0.0120
इसमें	-0.1653	-0.0977	0.0393
इसरूट	0.3750	-0.8520	-0.4670
इसल	-0.1460	-0.1540	-0.2860
इसलिए	0.0770	-0.2470	-0.1300
इससे	-0.1351	0.0683	0.0442
इस्टरइड	-0.2800	0.4120	0.3620
इस्टराइजर	0.5830	0.6670	0.5830
इस्टराइजिंग	-0.1880	0.0200	0.0400
इस्टराइडल	-0.0830	0.7040	0.7410
इस्टराइड्स	-0.2920	0.7040	0.7920
इस्तेमाल	-0.2169	0.1453	0.1153
इस्लाम	0.2700	-0.1040	0.0000
इस्लामेस	0.0000	0.0000	0.0000
इिगोस	0.7080	-0.3700	0.0000
ई-	-0.0712	0.1737	-0.2192
ई-name-	0.2000	-0.5710	0.0000
ई-पिम्पिस्ट	0.1110	-0.6670	0.5560
ई-मेल	0.0000	0.6190	0.2080
ई-मेल-	0.2915	0.0370	0.4365
ई.	0.6670	0.2500	0.4290
ईंट	0.0927	-0.2501	0.2120
ईंटें	-0.4043	-0.0737	-0.3322
ईंधन	-0.0350	-0.1240	-0.0930
ईआईटी	-0.4700	0.5420	-0.1160
ईएक्सटर	0.5830	0.0560	0.7080
ईएमफॉयर	0.3540	-0.1240	-0.1280
ईएमयू	-0.1600	-0.2840	-0.3400
ईएलआईएसी	0.2500	0.1920	0.0520
ईको	0.7330	0.0000	0.0000
ईग्राहटर	-0.8890	0.9050	0.4580
ईग्राहस	-1.0000	0.6670	-0.8670
ईग्रिट	-0.7920	0.6670	-0.9580
ईजास्बूक	0.2300	0.7860	0.0940
ईजीट	0.2000	-0.2220	0.0000
ईजीहर	0.5000	0.0380	0.1120
ईथर	-0.0200	-0.3880	-0.1760
ईथीलीन	0.0000	0.2220	0.0000
ईपीग्राम	0.3330	-0.0420	0.1250
ईपीजीग्राफ	0.0000	-0.5830	0.0370
ईपीजीग्राफी	0.0000	-0.6670	0.1670
ईपोक्सी	0.0830	0.0000	0.2960
ईफेन	-0.6670	0.0000	-0.9520
ईफेम	-0.3330	0.5330	-0.5710
ईमानदार	0.8540	-0.4920	0.5000
ईमानदारी	0.9334	-0.3690	0.3918
ईमेल	0.1780	-0.4200	-0.1590
ईमो	-0.2920	-0.3720	-0.5480
ईमोको	0.0950	0.7080	-0.4070
ईमोजी	0.1300	-0.3640	-0.1420
ईम्पाइसेस	0.0670	0.1670	0.5000
ईरोग्रोग्रो	0.0000	0.5930	0.2220
ईरोप्रोग्राम	0.1250	-0.6670	0.0950
ईर्मल	-0.8750	1.0000	-0.5420
ईर्ष्या	-0.4157	0.2588	-0.1142
ईवनेसेंट	-0.1900	-1.0000	-0.5930
ईशतन्त्र	-0.0200	-0.1460	0.4440
ईश्‍वर	0.7297	-0.1078	0.2095
ईश्‍वरपन	-0.9170	-0.5830	-0.4810
ईश्‍वरशासित	0.2135	-0.3535	0.4570
ईश्‍वरीय	0.6730	-0.1547	0.3038
ईश्‍वरीयता	1.0000	-1.0000	0.6670
ईस्टल	0.0400	-0.1620	0.0360
ईस्टिपल	-0.2920	-0.0820	-0.0360
उ	0.0620	0.2500	0.0000
उंगलियों	0.2395	0.2065	-0.1810
उंडेल	-0.1040	0.1400	-0.2500
उकाब	0.4165	0.3905	0.4080
उगग	-0.3540	0.3200	-0.2040
उगलें	-0.8540	0.1380	-0.6240
उगाName	-0.0420	-0.2080	-0.4800
उगाब	0.0200	-0.3060	-0.2460
उघुरिंग	-0.0400	-0.0740	0.1120
उचित	0.2762	0.0179	0.2328
उचित-वे	0.0820	0.0200	0.0000
उचितता	0.2347	-0.0140	0.1287
उच्च	0.4984	0.1307	0.4741
उच्च-	0.6190	-0.6670	-0.5830
उच्च-बाल	0.3120	0.0400	-0.0380
उच्चकोटि	-0.2307	-0.2777	0.1433
उच्चतम	0.5420	0.2800	0.4200
उच्चता	-0.3855	0.3135	0.4570
उच्चबित	0.6670	0.0000	0.6250
उच्चलैंडusa.	0.2300	-0.0380	0.2220
उच्चलैंडर	0.2080	0.3330	0.6670
उच्चारण	0.1427	-0.0397	0.2287
उच्चारण-	0.3460	0.1120	0.3340
उछलता	-0.8150	0.9630	0.0000
उछलती	-0.2500	0.2660	-0.2280
उछलते	-0.4480	-0.2140	-0.3240
उछलना	0.1905	-0.2080	-0.2595
उछलना-	0.0000	-0.5930	-0.0370
उजड़	-1.0000	-0.9260	-0.6670
उजड़ा	-1.0000	-1.0000	-0.7500
उजलापन	0.6880	-0.4315	0.0470
उजाड़	-0.8230	-0.1990	-0.4990
उजालापन	0.5880	-0.2800	0.0520
उज्ज्वल	0.7800	0.0540	0.6240
उटाकीName	0.2920	-0.1020	-0.1380
उठकर	0.7300	-0.4480	-0.2280
उठने	0.0835	0.3125	0.2500
उठाए	0.1983	0.2430	-0.1420
उठाएँ	0.0837	0.4277	-0.0063
उठाने	0.4700	0.0380	0.2860
उठाया	0.4800	0.0360	0.3400
उड़	0.6190	0.3790	0.4383
उड़कर	0.0000	0.5830	0.0560
उड़ता	-0.2173	0.2072	-0.2913
उड़ती	-0.1968	-0.2198	-0.3932
उड़ना	0.0000	0.2780	0.0000
उड़ाऊ	-0.6670	0.6110	0.2960
उड़ान	-0.1350	0.2320	0.0230
उड़ानर	0.0390	-0.4000	-0.2760
उड़ें	-0.0415	0.5930	0.4930
उड़्स	0.0000	-0.0480	0.0000
उतने	-0.5300	0.0380	-0.4820
उतार	-0.1357	-0.0190	-0.4293
उतावली	0.6670	0.0950	-0.0740
उत्कृष्ट	0.7520	0.0385	0.6767
उत्कृष्टता	0.6190	-0.3330	0.0420
उत्कृष्टा	0.6670	0.0000	0.3330
उत्तम	0.4390	0.0470	0.2430
उत्तर	-0.0233	-0.0030	0.0681
उत्तर-	-0.0953	0.2293	0.0740
उत्तर-पश्चिम	-0.0420	-0.3880	-0.0760
उत्तर-पूर्व	0.0620	-0.0315	-0.1250
उत्तरजीवी	0.3540	0.5000	0.6300
उत्तरता	0.6670	-0.1110	0.6670
उत्तरदायी	0.0620	-0.1560	0.4340
उत्तरर	0.3330	0.5930	0.5000
उत्तराधिकारी	0.4580	0.0620	0.2960
उत्तरी	0.0946	-0.1862	0.0138
उत्तरीय	0.2080	-0.3100	-0.0980
उत्तरीलैंडjamaica.	0.2920	-0.5240	0.1670
उत्तेजक	0.4800	0.6080	0.6180
उत्तेजित	0.5525	0.6905	0.3445
उत्पन्न	0.2421	0.2119	0.2857
उत्परिवर्तन	-0.3015	0.4585	0.1110
उत्पाद	0.2920	-0.1660	0.2960
उत्पादकता	0.6670	0.0000	-0.0830
उत्पादन	0.3880	0.1880	0.5620
उत्पीड़न	-0.8340	0.7920	-0.1600
उत्प्रवासन	-0.0160	0.4620	0.1320
उत्प्रवासित	-0.1700	0.1600	-0.0920
उत्प्रेरित	0.9670	0.4310	0.5695
उत्सर्जन	0.0200	-0.0940	0.1820
उत्सव	0.9120	0.6990	0.4427
उत्साह	0.6370	0.5140	0.5960
उत्साहपूर्वक	0.4910	0.5000	0.2705
उत्साही	-0.0140	0.7020	0.0690
उत्साहीता	0.9580	1.0000	0.5830
उत्सुक	-0.0846	0.5168	-0.0984
उत्सुकता	0.4003	0.7473	0.1223
उत्सुकपन	0.6670	0.6670	0.5000
उथल	-0.4200	0.6600	0.1400
उदय	0.3165	0.5820	0.4655
उदार	0.5684	0.2813	0.5793
उदारता	0.4178	-0.0166	0.3175
उदारीकरण	0.6190	0.6670	0.8150
उदास	-0.7860	-0.1800	-0.4260
उदासीनता	-0.6320	-0.5760	-0.5920
उदाहरण	0.4056	-0.1341	0.2821
उद्गम	0.4890	-0.1220	0.1950
उद्देश्य	0.3620	0.0399	0.4340
उद्देश्यहीन	-0.7000	-0.4660	-0.6340
उद्देश्‍य	0.1665	0.0210	0.2145
उद्देश्‍यहीन	-0.6670	-0.6670	-0.6670
उद्देश्‍यहीनता	-0.6670	-1.0000	-0.6670
उद्धरण	0.4007	0.1453	-0.0593
उद्धार	0.7140	-0.0400	0.5210
उद्योग	0.3950	0.0590	0.4070
उद्‌गम	-0.6670	0.6670	0.9580
उद्‌घाटन	0.6940	0.4240	0.5380
उद्‌घोषक	0.5830	0.6670	0.5930
उद्‌घोषणा	0.3240	0.1340	0.5000
उन	-0.1250	-0.2860	0.0000
उनकी	0.0000	0.0000	0.0000
उनकीटोग्राफी	0.5240	-0.6300	0.5930
उनपर	0.0950	-0.8570	-0.0830
उनमिदी	-0.6670	-0.6250	-0.6670
उनरानियम	-0.6670	0.0000	0.0000
उनसे	-0.4630	0.3335	-0.2595
उन्टरक	0.6670	0.6670	0.5190
उन्नत	0.7950	0.5933	0.5063
उन्नयन	0.5720	0.0000	0.3400
उन्नीस	0.3460	-0.3920	-0.2500
उन्नीसवां	0.0060	-0.2030	-0.1540
उन्हें	0.0000	0.0000	0.0000
उन्होने	-0.6300	-0.7040	-0.6670
उन्‍नति	-0.2360	0.7010	0.5197
उन्‍नतिशीलता	-1.0000	0.6670	1.0000
उन्‍नीसवीं	-0.9170	-0.6670	-1.0000
उप	-0.4764	-0.3060	-0.2330
उप-	-0.0281	-0.0808	-0.0133
उप-क्रम	0.0000	-0.5930	-0.5930
उप-क्लास	0.0000	-0.6670	-0.4290
उप-बिटल	0.0000	0.0000	0.3330
उपकण्डल	0.0000	-0.1110	-0.1850
उपकरण	0.1724	-0.0984	0.0256
उपकरण-पट्टी	0.0000	-0.2500	0.2920
उपक़िस्म	0.3960	0.0000	0.7700
उपकारक	0.0000	0.0000	0.2960
उपकार्य	0.1110	0.6250	-0.4290
उपक्रम	0.6670	1.0000	0.3330
उपक्षेत्र	0.0000	-0.6670	-0.1430
उपखण्ड	0.0000	-0.3335	0.2140
उपखण्डिक	-0.0830	-0.5560	0.0000
उपखाता	0.0560	0.0000	-0.0420
उपग्रह	0.1240	-0.1820	0.5280
उपचार	0.3260	-0.2280	0.2400
उपजाऊपन	1.0000	0.0480	0.2500
उपटेस्ट	0.0000	0.0000	-0.2860
उपडर	0.0620	-0.2500	-0.1700
उपतंत्र	0.0000	-0.5710	-0.3330
उपदेश	-0.0446	0.2384	0.3854
उपदेशक	0.1770	0.1785	0.4445
उपद्रव	-0.0830	0.8335	0.7410
उपद्रवी	0.0785	-0.1325	0.3705
उपनगरीय	0.5560	0.6670	0.4440
उपनगरीयusa.	-0.0633	-0.1193	-0.1257
उपनगरीयीकरण	0.0000	-0.5930	-0.5560
उपनाम	0.1810	-0.1257	-0.1743
उपन्यास	0.3685	-0.4815	0.0870
उपन्यासकार	0.0065	-0.1570	0.0290
उपन्यास्स	0.7080	0.0000	0.0000
उपपथ	0.0000	0.0000	0.0000
उपफुस	-0.6670	0.5330	0.5560
उपभोक्ता	-0.1595	0.2800	0.4365
उपभोक्तावाद	-0.2960	0.6670	0.6300
उपभोग	-1.0000	0.6670	0.2220
उपभोगात्मक	-0.6190	-0.6670	0.5930
उपमेर	-0.6670	-0.3330	-0.4440
उपमेरज	0.0340	0.2860	-0.0880
उपमेरिक	-0.2663	-0.1197	-0.4657
उपमेर्ड	-0.3330	-0.4070	-0.6250
उपमेर्शन	0.0000	-0.6670	-0.7040
उपयुक्त	0.5840	-0.4040	0.4440
उपयुक्तता	0.7780	-0.4760	0.5190
उपयुक्‍त	0.2774	-0.1894	0.2962
उपयुक्‍तता	-0.6670	-0.5830	-0.7040
उपयोक्ता	0.2110	0.3935	0.3825
उपयोक्तानाम	0.1000	-0.0740	0.0240
उपयोक्तासमूह	0.6670	0.0000	0.4170
उपयोग	0.1181	-0.2617	-0.1166
उपयोगिता	0.4677	-0.3168	0.3153
उपयोगी	-0.1220	-0.4467	0.0115
उपयोगीता	1.0000	0.6250	0.8330
उपलब्ध	-0.2530	-0.2272	-0.0994
उपलब्ध-	0.6670	0.6670	0.3330
उपलब्धता	0.5920	0.0880	0.2000
उपवरेज	-0.6670	-0.2380	-0.6670
उपवर्ग	0.0000	0.0000	0.3810
उपवास	-0.2240	-0.2600	-0.2120
उपशीर्षक	-0.1100	-0.5960	-0.3060
उपसंपादक	-0.1240	0.0200	-0.1740
उपसमुच्चय	-0.1420	-0.2840	-0.1920
उपसमूह	0.0000	0.0000	-0.1850
उपसर्ग	0.0420	-0.5360	-0.0740
उपस्थित	-0.0489	-0.2930	-0.0180
उपस्थिति	0.4650	0.1685	0.2620
उपस्थिति:	-0.3330	0.6670	0.7780
उपहार	0.6688	0.2025	-0.0133
उपहास	-0.1377	0.1910	-0.1747
उपासक	0.5560	-0.6670	-0.4440
उपासना	0.8750	-0.4440	-0.3750
उपासमान	0.0370	0.1480	-0.1670
उपासमाननasia.	-0.0620	-0.3880	-0.1360
उपासम्पल	0.0000	0.3750	-0.2590
उबाऊ	-0.6120	-0.5660	-0.7500
उबागन	-0.0200	-0.5480	-0.2860
उम	-0.1670	-0.2860	-0.6190
उमड़ता	-0.2040	0.5840	0.0000
उमप	0.0400	0.1840	0.5100
उमबिलिकस	0.0000	-0.3700	0.0000
उमब्रा	-0.1840	-0.2000	-0.3260
उमब्राज	-0.6670	-0.6670	-0.2380
उमम	-0.4640	-0.3680	-0.4200
उममम	-0.1090	-0.0400	0.1110
उममि	-0.3340	-0.3340	-0.3920
उम्मीद	-0.1685	-0.1965	-0.1568
उम्र	-0.2126	-0.3390	-0.1420
उरणड	0.0830	0.6250	0.5190
उरसिप्पे	-0.6240	0.2400	-0.2360
उरियो	0.0260	-0.4700	-0.1300
उरूमो	-0.3000	-0.1260	-0.1480
उर्ध्वाधर	-0.2667	0.1125	-0.0573
उर्फकुल	-0.4000	-0.0560	-0.4320
उर्फिस	-0.4170	0.6670	-0.4760
उर्फी	0.0200	0.1400	-0.0820
उर्फीक	0.1040	-0.2600	-0.1140
उलझन	-0.5387	0.4713	-0.4081
उलट	-0.5200	0.5300	-0.2080
उलट-	-0.6670	-0.4810	0.4070
उलटा	-0.4795	-0.1995	-0.2605
उलटे	0.0840	-0.4820	-0.4820
उलटेंज	-0.6670	0.6670	-0.5710
उलटेस	-0.3800	0.0000	-0.1060
उल्काएं	-0.2040	0.4280	0.4740
उल्कापिण्ड	0.1486	0.1896	0.3150
उल्टा	-0.1393	0.3050	-0.0970
उल्टे	-0.5720	0.1560	-0.0200
उल्लंघन	-0.8395	0.8035	-0.3132
उल्लेख	0.1240	-0.2700	0.1240
उल्लेखनीय	0.7600	0.1460	0.4400
उल्लेखनीयता	0.8890	0.5000	0.8750
उल्लेखित	0.0620	-0.2180	-0.0740
उष्णकटिबंधी	-0.0813	-0.1677	-0.0393
उस	0.0930	-0.1470	-0.2350
उसकी	0.1430	-0.2965	0.0275
उसके	0.6250	0.4760	0.1250
उसकेनिया	-0.7080	-0.0280	-0.5540
उसको	0.0000	-0.6670	0.1670
उसकोल	-0.0660	-0.0760	0.2220
उससे	-1.0000	0.4760	-0.5000
उसी	-0.1880	-0.1760	-0.0800
उसूल	0.3160	-0.4080	0.4620
उसे	0.0000	0.0000	0.0370
उसेषी	0.0000	-1.0000	-0.3700
उस्टनेटusa.	0.2860	-0.1640	-0.2640
उह	-0.3590	-0.0520	-0.4900
उॅंट	0.0800	-0.4360	-0.3720
उॅंटर	-0.7920	0.6250	0.6670
ऊँचा	0.2535	-0.0585	0.3158
ऊँचाई	0.4370	0.3670	0.3590
ऊँचाईः	-0.6670	0.5830	0.6670
ऊँची	-0.2230	0.3477	0.5140
ऊंचाई	0.4160	-0.0360	0.4720
ऊतक	-0.0460	-0.3820	-0.1880
ऊन	-0.1817	-0.7857	-0.2460
ऊन-	0.2670	0.5930	0.4580
ऊनी	0.0950	-0.6670	-0.1900
ऊपर	0.0490	0.3082	0.1972
ऊपर-	0.2105	0.3682	0.3655
ऊपरसेट	-0.6300	0.8150	-0.5830
ऊपरी	-0.1678	-0.0492	-0.0196
ऊपरीक्लासमेन	0.6670	0.0000	0.6670
ऊपरीता	-0.6670	-0.6670	-0.4170
ऊपरीप	-0.6670	-0.4810	-0.3700
ऊबना	-0.6660	-0.7220	-0.4900
ऊर्जा	0.3682	0.1900	0.1910
ऊर्जा:	0.9737	-0.2147	0.5517
ऊर्जामेन	-0.0620	0.4620	0.7680
ऋण	-0.1018	0.0682	-0.0513
ऋणर	-0.4640	0.1803	0.1233
ऋणशीलता	-0.6250	-0.5830	-0.6300
ऋणहीन	0.9630	-0.9170	0.7780
ऋणी	-0.5105	0.5175	-0.0800
ऎक्सलीफ	-0.4290	-0.5240	-0.5560
ए	0.2405	-0.5000	-0.2365
ए-	0.2317	-0.1127	0.2974
ए-रो-	0.2920	0.1800	0.7200
ए-लीज़-	0.5240	-0.4810	0.4070
ए.	-0.3519	-0.1653	-0.1004
एंकर	0.0695	0.1330	0.2090
एंकरेज	0.0000	-0.3500	0.2780
एंगल्लो	0.0000	-0.7780	0.0000
एंगेजिंग	-0.7140	0.7600	0.4340
एंजीग्राफी	-0.1420	-0.1300	0.0940
एंजेलिस्ट	0.3960	-0.2220	0.3640
एंजेलोusa.	0.0000	0.0000	0.0000
एंटर	0.4160	-0.0600	0.0000
एंटलर	-0.3027	0.3987	-0.0087
एंटिटिटिफ़ॉयरल	0.5560	-0.6670	0.3750
एंटिटिटिफ़ॉर्निकusa.	-0.8330	0.0480	-0.6250
एंटिटी	0.0840	-0.1960	0.3400
एंटीटोन	-0.1840	-0.3960	-0.1420
एंटीना	0.0420	-0.3460	-0.2840
एंटीनाasia.	0.0000	-0.0670	0.0000
एंटीपरेशन	0.3330	-0.3330	0.0000
एंटीमम	0.5830	0.2220	0.3330
एंड्रोद	0.3260	-0.1280	0.0000
एंबुश	-0.0820	-0.3200	-0.0540
एंबेजर	-0.1040	-0.1460	0.0840
एंबेडेड	0.0000	-0.5710	0.1250
एंमागोperu.	0.9520	0.0480	0.3810
एअरटेनेंसेस	0.1460	-0.1760	0.0940
एअरलेटर	-0.6110	0.7500	0.9260
एआरटीएस	-0.1640	-0.2040	-0.2640
एआरटीकेण्ट	0.4670	0.3330	0.4170
एआरटीफ़ेबल	-0.2500	0.6300	0.4580
एआरमिक	-0.7340	0.5000	0.3040
एइनस	-0.4380	-0.2360	0.2300
एएआरटीेबल	0.0000	-0.5000	-0.5190
एएसआईआरडीएवेशन	0.7080	-0.6670	0.6670
एएसआईआर्ड	0.3380	-0.0420	0.5150
एएसआईएसटी	-0.1160	-0.2360	-0.1400
एएसआईडी	0.6670	0.6190	0.6250
एएसआईडीएटर	-0.6670	-0.6250	-0.5710
एएसआर(c)	0.7500	0.4170	0.6190
एएसडी	-0.2300	-0.2200	-0.1960
एएसडीएसीमेंट्सGenericName	-0.7140	-0.6670	-0.5560
एएसस	-0.3060	0.2880	-0.3000
एएसिसName	0.0740	0.0000	0.0830
एक	0.0985	0.0229	0.1618
एक-	0.0315	0.0045	0.0545
एक-दूसरे	0.2578	0.1531	0.2824
एक-पंक्ति-में-चार	-0.1220	0.0927	0.1327
एकgamemnon	-0.5240	0.6670	1.0000
एकggghana.	-0.6670	0.0420	-0.6250
एककुछडोनाडोworld.	0.6110	0.6110	0.4760
एकक्यूफ	0.0000	-0.5930	-0.1430
एकटेप	0.0000	0.6670	-0.0950
एकड़	0.2227	-0.2000	-0.0327
एकता	0.6087	0.0693	0.5530
एकत्र	0.4157	-0.1646	0.2786
एकत्रित	0.2320	-0.6300	0.4810
एकदम	-0.8150	-0.8105	-0.6855
एकदर	-0.5000	-0.0400	-0.3140
एकमानिकिस्ट	0.6300	0.6250	0.6250
एकमेन	0.5620	-0.6360	0.0840
एकर	0.6670	0.6670	0.5560
एकरंगName	0.6670	0.1250	0.6670
एकरिसी	0.1660	-0.1740	0.6220
एकल	0.0352	-0.1353	0.0330
एकल-	0.2096	-0.6202	0.0180
एकलVEVERSD	-0.7410	-0.3750	-0.6670
एकलVEXml	0.0000	-0.4170	0.5710
एकलग्राम	-0.0400	-0.5800	-0.1500
एकलटनName	-0.2040	-0.7300	-0.2940
एकलटोन	-0.5420	-1.0000	-0.2500
एकलतमता	0.0000	-0.5560	0.0000
एकलफॉमी	0.0000	-0.1900	0.0000
एकलरेट	0.0000	-0.4070	0.0830
एकललिब्रोड	0.0000	0.0000	0.0740
एकलस्फीति	0.0000	-0.6190	-0.2590
एकलीक	0.0000	-0.6670	0.1670
एकसार	-0.1064	-0.0178	0.1822
एकसारर	0.2855	0.6300	0.5955
एकसाररी	0.0000	0.3890	0.2590
एकसारिक	0.5930	0.6670	0.9170
एकसारेबल	-0.1313	0.2097	0.3850
एकसिलॉग	0.0830	0.6670	0.5190
एका	0.0000	0.6670	0.5000
एकाकीमैनीजर	0.4290	0.6670	0.6250
एकानामstar	-0.0420	0.2120	-0.4180
एकीकरण	0.1848	0.1817	0.2280
एकीकरणकर्ता	0.0000	0.6670	0.6300
एकीकृत	0.4580	-0.1710	0.4640
एकेइनल	0.0000	0.9170	0.6250
एकेटेट	0.1020	-0.1780	0.0680
एकोकर	0.2860	0.3700	-0.3330
एकोग्राफ	0.0000	0.0560	0.1250
एकोग्राफर	0.0420	0.1900	0.4290
एकोटो	0.4280	0.2840	0.2880
एकोटोक्रिस्टिस्टिस्ट	0.6110	0.6670	0.9260
एकोनादी	0.0210	-0.0955	-0.5355
एकोनानोusa.	0.0000	-0.5200	-0.2840
एकोनारी	0.0000	0.0000	-0.0830
एकोनारोट	0.8330	0.5930	0.6250
एकोला	0.0480	0.6670	0.0000
एक्करिस	0.0840	0.0000	0.2680
एक्ख	-0.6660	0.7760	-0.3340
एक्खियम	0.3260	-0.3460	-0.2140
एक्गेनियाusa.	0.2660	0.0380	-0.1660
एक्ग्रिया	-0.3330	0.3330	0.4170
एक्ज़िट	0.0000	0.6670	0.3330
एक्ज़ीक्यूट	-0.1040	-0.1400	-0.1100
एक्ज़ीक्यूटर	0.0000	0.0000	0.5560
एक्ज़ीक्यूटिव	-0.3095	-0.3335	-0.2915
एक्ज़ीक्यूशन	0.6670	0.5930	0.4580
एक्ज़ीक्यूशनर	0.0000	0.6670	0.4440
एक्जीक्यूटेबल	0.5930	0.3330	0.6670
एक्पर	-0.1620	0.5530	-0.0945
एक्परक	0.0000	0.0000	-0.2590
एक्परन	0.0000	0.7315	0.0810
एक्परल	0.0000	0.0420	0.0000
एक्परेबल	0.5000	0.1110	0.2500
एक्परेशन	0.0200	0.2640	0.4340
एक्ब्रोला	-0.6670	-0.5190	-0.6670
एक्ब्लू	0.0620	-0.4800	-0.2400
एक्ब्लेन	-0.3330	-0.0370	-0.2590
एक्मान	-0.8890	0.6670	0.7780
एक्रोन	-0.4900	0.0460	0.0540
एक्रोनसी	0.6670	0.5560	0.0740
एक्रोनिस	-0.6670	-0.0560	-0.4810
एक्रोबे	0.4160	0.6560	0.2040
एक्रोबेटी	0.7040	1.0000	0.7080
एक्लाइनल	0.0000	-0.4760	0.0000
एक्लास	0.0000	0.3330	0.0000
एक्लासबॉइड	-0.6670	0.6250	-0.8890
एक्लासिएंट	0.6670	-0.5560	-0.3700
एक्लिंक	0.6670	0.6670	0.5000
एक्लिप्टस	0.6670	0.6670	0.2960
एक्लिप्टिक	0.0717	0.1367	0.2019
एक्लिप्टिकGenericName	-0.5420	0.6670	0.7920
एक्लिप्टिकName	0.0000	0.1900	0.8890
एक्लिप्टिकperu.	0.0000	-0.5830	0.1430
एक्लिप्टिकusa.	-0.3020	-0.1530	-0.0340
एक्लिप्टिकेशन	0.1020	-0.0760	0.3820
एक्लिप्टेटर	0.8330	0.6670	1.0000
एक्लियासfrance.	0.0000	-0.6670	0.1110
एक्लिसियाईName	0.0420	0.0000	0.0000
एक्लिस्टेटर	1.0000	-0.3330	0.2220
एक्लॉग	0.0000	0.0000	0.0370
एक्विट	0.6670	-0.5240	0.5560
एक्वी	-0.2980	-0.0760	-0.1420
एक्स	-0.6670	0.6670	0.9520
एक्स-	0.0775	0.0452	0.0976
एक्स-क्लास	-0.3330	-0.2500	-0.5830
एक्स-प्लिक	0.3330	0.0000	0.4070
एक्स-बे	0.1040	-0.0200	-0.1780
एक्स-ेल	-0.4160	0.1280	-0.0260
एक्सआईआरआईडीव	-0.0200	0.0920	0.0360
एक्सकर	-0.5065	0.3785	0.4105
एक्सकर्टर	0.8900	0.8125	0.7200
एक्सकीName	-0.6670	-0.6670	-0.4290
एक्सकोट	0.2950	-0.3335	0.0835
एक्सक्लासीयName	0.2500	1.0000	0.4070
एक्सग	-0.4480	-0.2600	-0.6800
एक्सगेनमेंट	-0.1040	0.0600	0.0360
एक्सटेंशन	-0.0200	0.0200	0.0580
एक्सटॉयरusa.	-0.6670	0.6300	-0.5560
एक्सट्रेल	0.0840	0.0200	0.0860
एक्सट्‌स	-0.5420	0.3200	0.0900
एक्सडेंट	-0.4580	0.0950	0.9260
एक्सनाक्स	-0.1460	-0.1960	-0.1080
एक्सनाम	0.1880	-0.4400	-0.3880
एक्सपायरेशन	-0.4700	0.0780	-0.0740
एक्सपारदर्शिता	0.0000	0.6670	0.0000
एक्सपाराई	0.8750	0.3330	0.8100
एक्सपोक	0.0050	0.2710	0.1430
एक्सपोकस	-0.0840	-0.2640	-0.2180
एक्सपोजर	-0.0790	0.2635	0.1130
एक्सपोजरGenericName	0.5210	0.2775	0.3475
एक्सपोजरusa.	0.0000	0.9050	0.3750
एक्सपोजरता	0.7330	-0.6670	0.7410
एक्सपोजराइजेशन	0.1205	0.5790	0.3615
एक्सपोजरिक	-0.4440	0.6670	0.1850
एक्सपोजरी	-0.1993	0.1250	0.5957
एक्सपोजरीName	-0.6670	0.6300	1.0000
एक्सपोजरेशन	-0.6073	0.3200	0.1700
एक्सपोज़	-0.2620	-0.2163	-0.1963
एक्सपोज़france.	-0.6670	0.6670	0.7040
एक्सपोज़नेस	-0.7220	-0.3330	-0.3750
एक्सपोज़मेंट	-0.3500	0.5740	-0.2805
एक्सपोज़ाइजेशन	0.6670	0.4580	0.4170
एक्सपोज़ेशन	0.1535	-0.1180	0.2200
एक्सपोटेट	-0.4170	0.8750	-0.3330
एक्सपोनाउंट	0.6460	0.0760	0.1120
एक्सपोनेंट	-0.1293	0.3040	0.4967
एक्सपोनेंशियल	0.5807	0.0763	0.3817
एक्सपोप	-0.1240	-0.0220	-0.2500
एक्सपोपाल	0.2460	-0.0420	-0.2420
एक्सपोपॉल्गासbrazil.	-0.1420	-0.0920	-0.0720
एक्सपोबलName	0.0840	-0.4560	-0.1820
एक्सपोव	0.2860	-0.1780	-0.0660
एक्सपोसेंटusa.	0.6670	-0.5830	0.1430
एक्सपोस्फीयर	0.0370	-1.0000	0.3330
एक्सपोस्फोरिक	-0.7500	0.4760	0.4580
एक्सपोस्फोर्	-1.0000	0.6670	0.3890
एक्सप्रयोगक	-0.2780	0.0000	-0.1190
एक्सप्रिकName	-0.6800	0.2360	-0.5100
एक्सप्रेशन	0.3397	0.4245	0.3592
एक्सप्रेशन्स	0.3180	0.7120	0.4920
एक्सप्रैण्ड	-1.0000	1.0000	1.0000
एक्सप्लोरसमण्ड	-0.5560	0.8570	1.0000
एक्सफिक्स	0.6670	0.6250	0.2960
एक्सफेक्ट	-0.3120	0.4600	-0.0560
एक्सफ्फ	0.6670	-0.5830	0.0000
एक्सफ्रोफ	0.0370	0.6670	0.6300
एक्समांसरी	0.1240	-0.0760	0.2720
एक्सयूस	0.3960	0.3520	-0.0680
एक्सरेय	0.0000	-0.1850	0.6250
एक्सल	-0.0620	-0.1640	-0.2540
एक्सस्केप	0.6670	0.9260	0.4810
एक्साइट	0.4380	-0.1320	0.5480
एक्सियोम	-0.1220	-0.1180	0.1660
एक्सीमेटिक	-0.0840	-0.2160	0.2540
एक्सेसिबिलिटी	0.3660	-0.0860	0.0260
एक्स्फेक्टिक	0.2300	0.4140	0.4640
एक्हेमी	-0.2920	0.3330	0.0420
एग्रॉर्मिंग	0.3960	0.4040	0.5000
एच.	-0.4222	0.2213	0.0183
एचआईटीसीName	0.0000	-0.1800	0.1840
एचटी-	0.1665	0.8335	0.0770
एचटीएमएल-	-0.2855	-0.3335	-0.3080
एचटीएसडीName	-0.5620	0.1880	-0.2320
एचबी	0.2660	-0.2740	-0.1700
एजर	0.0000	0.6670	0.6250
एज़िट	-0.5720	-0.0400	-0.2900
एजार	-0.4170	1.0000	0.5560
एजीईसी	0.0000	-0.0830	0.5240
एजीग	-0.4680	0.2000	-0.4920
एजीज	0.5190	0.6670	0.9050
एजीजाName	0.7040	0.0000	1.0000
एजीजीएमपी	-0.0620	-0.1160	-0.3160
एजुलेट	0.4440	0.6670	-0.6670
एजेंट	-0.0400	-0.1220	0.5100
एटटॉट	0.1840	-0.0620	-0.1180
एटर्म	-0.2430	0.0160	-0.2512
एटर्मर	0.0950	0.2080	0.2920
एटर्मरी	-0.3335	0.6460	0.5370
एटर्मर्मरेशन	-0.5190	0.6670	-0.3750
एटर्मल्शन	0.0000	-0.4440	0.0000
एटर्मिंग	0.3335	0.5670	-0.2035
एटलर	-0.1040	-0.0600	0.0000
एटलस	0.0620	-0.3880	0.1080
एटलीName	0.1220	-0.1040	-0.1060
एटायोस्टिक्स	-0.2700	-0.3760	-0.3680
एटी	-0.1040	-0.5680	-0.5680
एटीयल	0.0000	-0.5000	0.0480
एटीसूची	0.5200	-0.1100	0.0000
एटेट	-0.1040	-0.3600	-0.1660
एट्बॉर्मोटिकल	-0.9050	0.6670	-0.1480
एट्रिचेबल	0.5560	-0.2860	0.4170
एट्रेक्टर	0.3813	0.4620	0.4673
एट्रेक्टेबल	0.6300	0.3330	-0.1110
एडहेडेंस	0.2080	-0.3000	-0.1740
एडहेलर	-0.9630	0.7040	-0.8330
एडाप्टिव	0.7295	0.4500	0.5210
एडूट	0.6670	0.6250	-0.2080
एड्‌स	0.2660	-0.3680	0.5720
एथेंस	0.1670	0.4440	0.4070
एथेन	-0.2180	-0.2180	-0.1785
एथॉग्राफी	0.0000	-0.2960	0.1850
एन-	0.3467	0.2947	0.1710
एन.	-0.0096	0.0235	0.1933
एनंगंगन्ग	-0.6670	0.4170	0.6670
एनआईआईसी	-0.8100	0.5930	0.8330
एनआईएस	0.3107	-0.0723	0.4710
एनआईएस-	-0.4800	0.6380	0.4240
एनआईएससी	0.6670	-0.5710	0.6670
एनआईएसी	-0.6440	0.6980	0.3797
एनआईएसीName	-0.7780	-0.9170	-0.8890
एनआईएस्स	0.1670	-0.5330	0.0000
एनआईटी	0.4580	-0.3340	0.6540
एनआईटी3Comment	-0.6190	0.6670	-0.6110
एनआईटीसी	0.6670	0.3750	0.8750
एनआईडीएसी	-0.5400	0.0180	-0.1660
एनआईयू	-0.1880	-0.0780	-0.3680
एनआईसी	0.0000	-0.6190	0.4810
एनईएक्सई	0.1680	-0.3000	-0.2160
एनईएक्सेबल	0.2780	-0.3330	0.4440
एनईएस-	-0.7040	-0.1920	-0.5260
एनईएसडी	0.6670	0.4170	0.6670
एनईएसडीनेस	1.0000	-0.0560	0.4440
एनईएससी	0.5830	-0.7780	0.5560
एनईक्शनिक	-0.5420	0.2780	0.6670
एनईसी	0.6670	0.6300	0.2920
एनईसीनेस	0.2670	-0.6670	0.5560
एनईसीमेंट	0.0555	-0.7965	-0.1880
एनएक्सप्रिकता	-0.3750	-0.3330	-0.3330
एनएनएक्स	0.1880	-0.3000	-0.0840
एनएफएफएफ	-0.6200	0.1080	-0.5000
एनएफफ़्शन	0.9580	-0.5930	0.4170
एनएमएस	0.1400	-0.1880	-0.0840
एनएमरusa.	1.0000	0.9630	-0.2860
एनएस-	0.5000	-0.5955	0.4535
एनएसआईआरडीएल	-0.8100	1.0000	-0.6670
एनएसआईएसआईडीComment	-0.0740	-0.6670	-0.5000
एनएसएएस	-0.6670	0.6670	-0.6250
एनएसपीएस	0.1670	0.6640	0.2230
एनएसपीमेंट	0.2080	-0.1500	0.1220
एनएससीमेंट	0.0000	-0.6670	-0.0830
एनकचेक	0.0820	0.0000	0.3400
एनकनल	-0.1400	-0.0400	-0.1880
एनकनेक्टोफ	-0.0400	-0.3520	-0.2940
एनकम्पा	-0.6670	-0.6670	-0.4580
एनकारर	0.5710	-0.5000	0.0000
एनकेप्स	0.0200	-0.1540	0.0000
एनकेम्पोज	-0.6670	0.6670	0.7920
एनकेस	0.0000	-0.1430	0.2590
एनकोडर	0.0000	0.5830	0.4440
एनकोडिंग:	-0.0962	-0.3227	0.3272
एनक्रिप्ट	0.0000	0.5930	0.5240
एनक्रिप्शन	-0.9380	0.7500	-0.1380
एनक्लासॉट	-0.3330	-0.9580	0.3330
एनक्लास्शन	-0.4170	-0.8750	-0.1900
एनक्लोकेट	0.6060	0.8780	0.2580
एनक्विकेरी	0.6670	0.6300	0.3750
एनगलमैन	0.0830	0.0000	0.5930
एनग्रेड	0.0420	-0.0950	0.2500
एनग्रेसिव	-0.2040	0.3260	-0.0420
एनचकडा	0.0840	0.1060	-0.2580
एनचियाcolombia.	-0.6670	-0.6250	-0.3330
एनचैंट	0.7460	0.3000	0.2860
एनटीडेंट	-0.1460	0.1020	0.1320
एनटीसीमेंट	0.8120	0.8200	0.4480
एनटोम्ब	-0.6670	-0.7500	-0.7040
एनट्रेज़	0.7220	1.0000	0.5560
एनडीमेंट	-0.2860	0.0460	0.3220
एनथेन	-0.1420	-0.3400	-0.1840
एननीएमप	0.0840	0.0580	-0.0560
एननीफ़ोक्रियाparaguay.	-0.2040	0.7880	0.0720
एनपेकName	-0.6670	-0.7920	-0.7920
एनफर्मल	-0.6670	1.0000	0.7140
एनफिक्स	0.6670	0.5560	0.5710
एनफिक्साइजमेंट	0.8750	0.0740	1.0000
एनफिक्सिकाइज़	1.0000	0.5330	0.8750
एनफीयरhaiti.	0.2800	-0.2400	0.0560
एनफोरिसstar	0.6670	1.0000	0.5560
एनफ्राम्बाperu.	0.5000	0.6920	0.3340
एनफ्लॉनक	-0.6670	0.7500	0.8330
एनफ्ल्ड	-0.6670	-1.0000	-1.0000
एनमरसusa.	0.2660	-0.1960	0.4700
एनमेरेबल	0.0000	0.0000	0.1250
एनमेर्शन	0.6300	0.6110	0.0480
एनम्बम्बन	-0.4000	0.0420	-0.0400
एनम्बीमेंट	-0.6670	-1.0000	-0.5190
एनरग्रेड	1.0000	0.6670	0.3700
एनरियाstar	0.0950	-0.2920	0.0000
एनरेटिकट	-0.5840	-0.0600	-0.5260
एनरेव	0.0620	-0.3340	0.1600
एनरोबे	0.1670	-0.6670	0.6300
एनवाकीusa.	-0.6670	-0.7040	-0.7140
एनवाक्स	-0.2140	-0.0700	-0.1000
एनवाम्प	-0.3800	0.5880	0.1320
एनवोटर	-0.2380	-0.6670	-0.6300
एनवोवेलोperu.	0.2800	0.4000	-0.0840
एनशइन	0.8890	-0.5830	0.6190
एनश्यूमेनमेंट	0.7500	-0.6670	0.6190
एनसीएसी	0.3540	-0.0760	0.2360
एनहेराल्डusa.	1.0000	0.6670	0.1850
एनहेलीड	0.8520	0.0000	0.6250
एनहेलीसूची	-0.6670	0.0740	0.6670
एनिगिगम	-0.0620	0.1780	0.3580
एनिमन	0.1040	0.0760	-0.3460
एनिमलिटी	-0.3330	0.0000	-0.2080
एनिमल्शन	0.1240	-0.1380	-0.0940
एनिमस	0.0420	-0.0420	0.4760
एनिमी	-0.0620	0.1660	-0.0560
एनिमेटर	-0.6670	-0.6670	0.7500
एनिमोकस	-0.3460	0.0000	0.0780
एनिलल	-0.2500	-0.1320	-0.2300
एनिलेट	0.5330	0.0000	0.0000
एनिल्पोर्ट	0.1880	0.2080	0.0540
एनीमेशन	0.3780	0.2535	0.3990
एन्जो	1.0000	0.6670	0.2920
एन्जोusa.	0.0000	-0.6670	0.6670
एन्टिड्जर	0.0000	0.4810	0.1670
एन्टी	0.1761	-0.2646	0.2379
एन्टी-	-0.2296	-0.0667	0.1117
एन्टी-इक	-0.5000	-0.6670	0.6300
एन्टीएक्सडेंट	0.7920	-0.2220	0.3330
एन्टीएनएस	-0.9520	0.9580	0.8330
एन्टीओआइन	0.0420	-0.4440	0.0000
एन्टीओआटेवेंटusa.	-0.2080	-0.6670	0.1430
एन्टीकर	0.6670	-0.3330	0.4440
एन्टीकर्शन	0.6670	-0.7780	0.5420
एन्टीकलीफ	-0.6250	-0.5710	0.1480
एन्टीक्रिस्टिस्ट	0.9260	0.6670	0.7410
एन्टीक्रिस्टिस्टिस्ट	-0.3330	-0.5560	-0.5560
एन्टीक्रॉयरआयरआयर	0.6670	0.0000	0.3700
एन्टीक्लासिक	-0.2220	0.5930	-0.3330
एन्टीक्लोटोन	0.0000	-0.5000	0.7920
एन्टीक्शन	0.2680	-0.4200	0.0360
एन्टीक्शन्स	0.0800	-0.2600	0.1900
एन्टीक्सिक	0.7410	-0.7780	0.5930
एन्टीक्सिन	0.7620	-0.4580	0.7410
एन्टीगेम्बिंग	0.5420	-0.5710	0.3750
एन्टीचिरो	0.6670	0.1670	0.2080
एन्टीण्डल	0.8330	-0.4580	0.4810
एन्टीनाल	-0.3330	0.6670	0.4670
एन्टीप्स्स	0.6670	0.6300	0.3750
एन्टीफर्मलिस्ट	-0.6250	0.6670	0.6250
एन्टीफिंगल	-0.1840	-0.1760	-0.1180
एन्टीफिक्सिस्ट	-0.8330	0.6300	0.5560
एन्टीम्यूशनिस्ट	0.0000	0.6670	0.6670
एन्टीलीसी	-0.6110	0.6250	0.8750
एन्टीवक्स	-0.3220	0.1020	-0.1380
एन्टीवक्सर	-0.3800	0.2500	-0.2220
एन्टीविटी	-0.1400	0.4280	0.3160
एन्टीहेरो	-0.3330	0.6190	0.5420
एन्ट्रॉपी	-0.6670	-0.0480	-0.6670
एन्यूमन	0.1900	0.6670	0.0830
एपटैम्ड	-0.2380	0.2670	-0.2590
एपटैम्मेंट	0.5000	-0.0580	0.4920
एपर	0.0000	0.3660	0.1480
एपर्चर	0.2240	-0.1000	0.3340
एपलटर	0.3330	1.0000	-0.5000
एपल्‌स	0.1640	-0.2940	-0.0680
एपाइडर	0.7080	-0.2860	0.5190
एपाइडिन	0.0000	1.0000	0.2960
एपिक्स	-0.6670	1.0000	-0.5420
एपिग्रिक	0.0000	-0.0740	-0.5000
एपिग्रिकल	0.0000	0.0000	0.0000
एपिटर	0.1267	0.6532	0.4642
एपिटिफ	0.6300	0.3330	0.0000
एपिडीटिक	-0.2780	-0.6670	-0.2960
एपित	0.0600	-0.2120	0.0480
एपिसस्‌	0.2670	0.6250	0.2860
एपिसाइडी	0.0000	0.6300	-0.5190
एपिसियोटो	-0.6670	0.7080	-0.6670
एपिसिसमेंट	0.7040	-0.5190	0.4810
एपीएसी	0.2780	0.1330	0.4580
एपीकमेंट्स	0.7040	-0.6250	0.7920
एपीक्सनील	-0.2960	-0.6670	0.2920
एपीक्सी	0.1110	0.4440	0.1480
एपीक्सीनी	0.5000	-0.6670	0.0420
एपीगियोGenericName	0.6000	0.5420	0.0000
एपीटर	-0.6190	0.6670	0.8330
एपीटी	0.1640	-0.1640	-0.2360
एपीफ़िक	-0.3330	-0.7080	-0.5420
एपीमाइडल	0.5000	-0.5830	0.5000
एपेबल	-0.1020	0.1920	0.0000
एपॉयर	-0.6320	-0.1560	-0.3920
एपोरियम	0.2440	0.1120	0.4480
एपोर्ट(ACKS)	-0.8570	0.6670	-0.8330
एपोर्ट(Apport)	-0.6660	0.3340	0.0920
एप्यूमेन	0.1480	1.0000	0.6110
एप्लिकमेंट	0.3540	-0.0200	0.4820
एप्स	-0.3500	-0.1370	-0.2060
एप्सिलन	0.0000	-0.3330	0.0000
एप्सिलमेन	-0.1220	-0.0620	0.3020
एप्सिस	-0.5420	-0.0960	-0.3460
एफ.	-0.0117	-0.0073	-0.2760
एफyyi	-0.2820	-0.1120	0.0380
एफआईआरल	0.6670	0.6670	0.6300
एफआईएस	0.1600	0.2840	0.1120
एफइन	-0.3340	-0.3200	-0.2460
एफएएस	-0.6320	-0.0480	-0.6500
एफएक्यूट	-0.1460	-0.4440	-0.2880
एफएचए	0.3120	-0.5110	-0.0960
एफएटाट	0.0400	-0.1640	-0.1080
एफएफ़एस	0.1430	0.6190	0.0000
एफएमएल	-0.2500	0.0320	-0.5160
एफएलएफ	-0.0200	-0.3940	-0.2480
एफएलएफ़एस	-0.0060	-0.0220	-0.0700
एफएलएस	0.2670	0.7500	-0.6670
एफएस्ककोperu.	-0.6660	0.2000	-0.7140
एफटारिया	-0.0400	-0.2680	-0.2880
एफटीपी	-0.3700	0.7080	-0.5420
एफडबल्यूडबल्यू	-0.1940	-0.1940	-0.1300
एफडीएसडीबिल	0.0000	0.2960	-0.2920
एफडीयून	0.0000	-0.4810	0.4170
एफप	-0.4380	0.1220	-0.3440
एफपीएस	-0.6207	0.1293	-0.2807
एफरे	-0.3260	0.0840	-0.0360
एफरेद	-0.3760	-0.2740	-0.3860
एफरो	0.4440	0.0740	0.0370
एफलामेंट	0.0200	-0.0960	-0.2460
एफ़	-0.4000	-0.0920	-0.2560
एफ़.	-0.0200	-0.4480	-0.2420
एफ़अरट	-0.2300	-0.2180	-0.2040
एफ़आईटी	0.3330	0.3330	-0.3330
एफ़आक्स	-0.4180	-0.0200	-0.5920
एफ़एसएमName	-0.1080	-0.1000	-0.1360
एफ़एसएमिंग	-0.9580	0.8330	0.9520
एफ़एसडीएरेशन	0.0200	-0.2940	-0.3340
एफ़क्लासम	-0.3700	-1.0000	-0.6250
एफ़जोरी	0.0200	-0.1920	-0.0740
एफ़डीडल	0.1420	-0.1020	-0.2180
एफ़डीडीडीलर	0.2300	0.1600	0.0000
एफ़डीडीडीली	-0.6190	0.5420	-0.5000
एफ़पोनिक	0.6460	-0.0800	0.0520
एफ़वीवीडी	1.0000	1.0000	0.5830
एफ़ेबल	0.3260	-0.2260	-0.2220
एफीमेरल	0.0000	-0.3760	-0.2460
एफीमेरा	0.0000	-0.7140	-0.2080
एबायोटिक	-0.0420	-0.6670	0.0000
एबेटी	-0.4380	0.7900	-0.3880
एबोनी	-0.0200	-0.3660	-0.2000
एब्बा	0.1240	0.0000	-0.0400
एब्रब्रेटर	-0.6670	0.7080	-0.6300
एब्रिटेड	-0.3335	0.0000	-0.0055
एब्रेड	-0.6670	0.6670	-0.6670
एब्सट्रेक्ट	-0.0413	-0.5553	0.0897
एब्सट्रेक्टनेस	0.0000	-0.8150	-0.1700
एब्सट्रेक्टर	0.0000	0.6300	0.3675
एब्सट्रेक्ट्ड	0.0000	-0.5240	-0.2960
एम-	0.6000	0.9580	0.7140
एम-बिट	-0.0420	-0.2400	-0.2280
एम.	-0.3835	-0.0880	-0.0480
एमएमपी	-0.1220	-0.2140	-0.2500
एमकाब्रिस	-0.9520	0.6670	-0.3810
एमबेतल्ड	-0.5300	0.4480	-0.1580
एमबैल	-0.6670	0.6670	0.8150
एमब्रोरियाusa.	0.1420	-0.0960	-0.0400
एमब्रोशियल	1.0000	-0.2380	0.1430
एममर	0.3000	-0.4140	-0.2140
एममी	0.3600	-0.1700	-0.1280
एमरी	-0.3540	0.7800	0.0980
एमरे	0.0820	-0.3600	-0.1660
एमर्सेल	0.0000	-1.0000	-0.0950
एमस्टिक	0.2440	-0.1880	0.0340
एमिंगर	-0.6670	-0.7140	-0.5830
एमिक्सर	-0.7500	0.6670	0.7140
एमिगोग्राफी	0.6670	0.6670	0.6670
एमिफ़	-0.5000	0.6670	-0.4170
एमिल	0.3260	-0.3200	0.1880
एमिलर	0.4970	0.6227	0.4537
एमिलास-	-0.6670	0.9580	0.7080
एमिलिया	-0.5920	0.7340	0.3520
एमिलियाperu.	0.9580	0.0000	0.7620
एमिली	0.6300	-0.2080	0.0000
एमुल	-0.4845	0.3610	0.2350
एमुलकास्ट	0.1670	0.6670	0.5190
एमुलर	-0.6670	0.9520	0.9630
एमुलेटर	0.6670	0.6300	0.4070
एमुल्राइन	-0.2080	0.0670	-0.5560
एमूला	0.6190	0.6670	0.6670
एमेटर	-0.4380	0.0960	-0.0740
एमेब्रियाstar	0.1250	0.2380	0.6190
एमेरिकल	0.0000	-1.0000	0.0000
एमेसी	0.6670	-0.2920	0.0000
एमोकस	-0.7140	-0.3820	-0.5440
एम्च	-0.6660	0.7700	-0.0360
एम्जवा	-0.1560	0.2200	-0.1820
एम्पामिने	-0.7005	0.6670	0.4010
एम्पेट	0.1900	0.5560	-0.6670
एम्प्लिक्शनिस्ट	0.6670	0.6670	0.6670
एम्प्लिफेक्टर	0.0480	0.6670	0.5830
एम्प्लीफ़ॉयरusa.	0.5930	0.6670	0.4070
एम्फॉफॉइड	0.0320	-0.2540	0.2780
एम्फ्फ	-0.1040	-0.0620	-0.0980
एम्बन	-0.4140	0.2820	0.3400
एम्बनेसियाusa.	-0.6670	-0.6110	-0.8570
एम्बबोस	0.0620	-0.0380	0.0000
एम्बर्ग	-0.6660	0.0000	-0.3880
एम्बस	0.6670	0.6300	0.4170
एम्बसटर	0.0480	0.5830	0.5240
एम्बसमेंट	0.5710	-0.5930	0.1480
एम्बाइडिटी	1.0000	0.6670	0.9050
एम्बाकीहर	0.6190	0.6670	0.2590
एम्बिएंट	0.2500	-0.2800	0.1640
एम्बिएटर	-0.5557	0.1393	0.0400
एम्बिएटरेट	-0.0600	0.2400	0.3640
एम्बिएन्टी	0.6670	-0.2860	0.4070
एम्बिएशन	0.1477	-0.1158	0.6028
एम्बिगेशन	0.1280	0.3280	-0.1360
एम्बित	0.9580	1.0000	0.8150
एम्बियनName	0.6190	-0.5930	0.4580
एम्बिया	0.0960	-0.2840	-0.3820
एम्बियाएपीएName	0.5830	0.6670	0.8330
एम्बियात	-0.3890	0.8100	-0.4810
एम्बियाल	0.0950	0.6670	0.9630
एम्बिलिशName	0.6840	0.0000	0.5380
एम्बुल	0.5710	0.6670	0.2590
एम्बुलेन	0.6670	0.6670	0.5240
एम्बॉइडी	-0.6670	-0.9440	-0.6670
एम्बॉइन	-0.6040	0.2160	-0.2720
एम्बॉरी	0.5830	0.2920	0.5000
एम्बॉर्मरी	-0.5000	1.0000	-0.1110
एम्बॉस्किक	0.6670	0.6670	0.4290
एम्बॉस्किस	0.6875	0.0950	0.5830
एम्बो	0.6160	0.2440	-0.1100
एम्ब्यूशनल	0.1040	-0.0180	0.6960
एम्ब्री	-0.6670	-0.6190	-0.5420
एम्ब्रोला	0.0000	0.5000	0.2180
एम्ब्रोलाusa.	-0.5620	0.8340	0.5840
एम्लिन	-0.1220	-0.3920	-0.2960
एयरमेन	0.1740	0.4320	0.4420
एरिआयरल	-0.4000	0.5190	-0.3810
एरिकल	-0.0980	-0.1400	-0.1300
एरिकाइसिक	-0.5930	0.6670	0.2220
एरिस्ट	0.0000	-0.0480	0.7620
एरॉनी	0.0000	0.0000	0.0000
एरोग्रिक	0.1660	0.2300	-0.0580
एरोग्रेशन	0.3225	-0.0690	0.3670
एरोवेबल	0.6670	-0.5000	0.6670
एलआईएफओ	-0.1240	0.0240	-0.2820
एलआईएम	0.2300	-0.0660	-0.2780
एलआईएमआईएमर	-1.0000	-0.6250	-0.9050
एलआईएस-	-1.0000	0.5420	-0.7080
एलआईएसआईआईएम	-0.6120	0.0360	-0.3620
एलआईएसपीप	0.6670	-0.2860	-0.0950
एलआईटीकर	0.0370	0.6670	0.7920
एलआईटीफ्ड	0.1240	-0.0740	-0.3160
एलमाओ	-0.1080	0.1600	-0.3220
एलर्जी	-0.6017	0.1033	-0.4353
एलीकेके	0.7620	-0.4440	0.4760
एलैक्ज़ैंडर	0.4255	-0.1665	-0.0070
एल्गोरिदम	-0.1040	-0.2120	0.1180
एल्बम	-0.0882	0.0345	0.0358
एल्यूड	-0.6280	0.6660	0.0720
एव	0.2240	-0.2440	-0.1200
एवनेटName	0.2660	-0.2540	-0.0720
एवरल	0.0000	-0.3890	-0.2080
एविड	-0.6670	-0.6670	-0.8890
एविस	-0.3330	-0.9520	-0.6670
एविसियाईName	0.3750	0.0000	0.7410
एवीआईडीName	-0.6670	-1.0000	-0.6670
एवीएलName	-0.2400	0.0200	0.2080
एवीएस	0.6110	-0.6670	0.4810
एवीटर	0.2300	0.4000	0.2880
एवीरी	0.0000	-0.2800	-0.0660
एवीवली	0.6300	-0.6670	0.4580
एवोक	0.6670	0.3750	0.5830
एवोक(v)	0.3095	0.4630	0.3565
एवोकाडोworld.	0.3540	-0.4900	-0.4260
एवोचेबल	0.2670	0.3330	0.1900
एवोलेट	0.3890	0.3330	0.4440
एवोल्यूशन	0.5527	0.2417	0.4997
एवोवोची	-0.4290	0.6250	-0.6300
एशियन्स	0.0370	-0.0480	0.3330
एशिया/	0.0200	-0.0200	-0.3260
एशियाईName	0.0000	0.0000	-0.1670
एस	-0.0620	0.2440	0.3080
एस-	-0.0173	-0.0302	-0.0366
एस-क्स	-0.1880	0.0620	-0.3380
एस-पार	-0.1660	-0.1240	0.0720
एस.	0.0535	-0.0754	0.0171
एसआईआईडीटर	0.0000	0.6670	0.7330
एसआईआर	-0.6300	0.9260	0.8750
एसआईएम	-0.1570	0.0020	-0.2160
एसआईएमटी	0.0000	0.0000	0.5830
एसआईएममर	-0.3700	0.6670	-0.8570
एसआईएमर	-0.6190	0.6670	-0.7920
एसआईएमी	0.0000	0.8150	0.4440
एसआईएसी	0.0000	0.6110	0.5000
एसआईटी	0.5830	-0.4760	0.0670
एसआईटी-	0.3330	0.6670	-0.1900
एसआईटीName	-0.0560	0.5240	0.0000
एसआईटीएमपी	-0.2700	0.1300	-0.1240
एसआईटीएल	0.2540	-0.1660	-0.2060
एसआईटीएस	0.1330	0.0480	-0.3330
एसआईटीक्यूट	-0.0200	-0.0540	-0.1080
एसआईटीटी	0.5000	-0.2820	0.3820
एसआईटीटीएटो	-0.2080	-0.1400	-0.1460
एसआईटीटीएस	-0.1220	0.1540	-0.4000
एसआईटीला-	0.0000	-0.9580	0.0000
एसआईटीसी	-0.1460	0.0400	-0.2700
एसआईडी	-0.1250	-0.2040	-0.2915
एसआईडी-	0.0000	-0.5830	-0.3330
एसआईडीआईडीरी	0.6670	0.8520	0.4440
एसआईडीनर	-0.1640	0.5600	-0.0160
एसआईडीनेस	-0.6000	-0.6295	-0.5370
एसआईडीमेंटरी	-0.2040	-0.4700	0.0000
एसआईप्लेटर	0.6670	1.0000	0.6670
एसआईमा	-0.2920	-0.9520	-0.5830
एसआईमीName	0.4900	-0.5760	0.1760
एसआईसीव	-0.0820	-0.5000	-0.3340
एसआरआर-	0.2400	-0.5540	-0.3640
एसईईएमName	-0.9580	0.7040	-0.7410
एसईडी	0.2700	0.0940	-0.1080
एसईफ	-0.4160	0.0000	-0.2200
एसएटरेबल	0.4580	-0.4810	0.2220
एसएफडी	-0.2400	-0.1160	-0.3340
एसएफिक्साइज़	0.6670	0.6670	0.5190
एसएब्रोटोन	-0.5830	-0.5190	-0.0740
एसएलएसा	-0.2700	-0.1000	-0.3440
एसएस	0.2330	-0.0190	-0.1515
एसएसएच	-0.2780	0.6670	-0.2960
एसएसएल	0.2418	0.0325	-0.0822
एसएसएल-	0.0007	-0.0607	-0.3527
एसएसएल-ेज	0.7780	0.6670	0.6670
एसएसएलComment	0.3330	0.0000	0.0000
एसएसएल_	-0.1430	0.6250	-0.4170
एसएसएलनेस	-0.5555	0.0420	-0.5000
एसएसएलसीआरसीएससी	0.5830	-0.2920	0.5710
एसएसएल्डName	-0.5000	-0.2920	-0.5710
एसएसडी	-0.5200	-0.2660	-0.5820
एसएससी	-0.3340	0.1240	-0.5360
एसकीस	0.0000	0.1480	0.0000
एसकी्जाइड	-0.6670	0.5000	-0.6670
एसक्लासिपी	-0.6670	-0.6670	-0.5830
एसक्लेटरी	0.6300	-0.5930	0.8890
एसक्वेंटर	0.6250	0.6670	0.6670
एसक्वेंशियल	0.6670	-0.3330	0.2080
एसगेपी	0.0620	-0.1040	-0.5520
एसगेपीटर	-0.6250	0.6250	0.5830
एसगेबोर्सbrazil.	0.0000	-0.7780	0.0420
एसटी-	-0.1220	-0.2938	-0.0860
एसटीएस	-0.3720	-0.4540	-0.2960
एसटीएसी	-0.5830	0.5710	-0.6670
एसटीक्यूट	-0.7410	0.6670	-0.8330
एसटीट	0.1250	0.0000	0.1900
एसटीटी	-0.0690	-0.0750	0.0850
एसटीटीआर	0.5920	0.1600	0.5380
एसटीटीक्यूशन	-0.1660	-0.0540	-0.0700
एसटीटीटी	-0.6670	0.6670	-0.4580
एसटीटीरी	0.0000	-0.5560	0.3750
एसटीटी्ड	-0.3330	-1.0000	-0.7410
एसटीडीमेंट	-0.1240	-0.3880	-0.2560
एसटीप	-0.2500	-0.0400	-0.1760
एसटीपी	-0.6670	0.7920	-0.6250
एसटीपी-	0.0310	-0.0770	0.1040
एसटीपीिंग	-0.6740	0.7160	0.2160
एसटीबी	-0.2080	-0.3600	-0.2660
एसटीम	0.6670	0.6670	0.0000
एसटीर	0.6670	0.5000	0.0000
एसनाग	-0.1660	-0.5000	-0.3220
एसनाड्ड	-0.4760	0.5930	-0.4170
एसनोग	0.6300	0.6670	0.0000
एसनोप	-0.7320	0.4800	-0.1320
एसनोबी	-0.6670	-0.5420	0.3810
एसपी	0.1020	-0.2840	-0.2300
एसपीक्यू	-0.2700	0.1880	-0.2940
एसप्रिंटर	0.7780	1.0000	0.7920
एसप्रैथिटी	0.3540	-0.1740	0.0000
एसप्ले	-0.1110	0.5000	-0.1670
एसफॉन	-0.2920	-0.3340	-0.1300
एसबीपीआर	0.4160	0.3860	-0.1820
एसबीबी	-0.1660	-0.2600	-0.2140
एसबीबीनेस	-0.3330	0.3330	-0.6670
एसमि.	-0.5400	-0.1340	-0.2000
एसमैपिंग	-0.6670	0.6670	-0.6670
एसरवेबल	0.6250	0.0000	0.0000
एसर्फ	-0.6250	-0.7040	-0.9170
एसर्फ-	-0.9580	-0.6670	-0.9630
एसलिंक	-0.1400	0.1830	-0.0830
एसलिंकनेस	-0.2380	-0.6670	-0.3750
एसलेटर	-0.2180	-0.1560	0.6420
एसस्केप	-0.7040	-0.9260	-0.7500
एसस्केपेबल	0.6670	0.0420	-0.0830
एसस्फीति	-0.3810	-0.1250	-0.6250
एसस्यानेस	1.0000	-0.9520	-0.4580
एसाई-	-0.6670	-0.6670	-0.4810
एसिंबॉलिक	0.0620	-0.4080	0.1060
एसिड	-0.5685	0.2370	-0.2195
एसिलाइडस	0.0000	0.5000	0.3750
एसिलिशName	0.7420	-0.0100	0.4110
एसीई	-0.6660	-0.0520	-0.3840
एसीएक्स	-0.5560	-0.6670	-0.5420
एसीटोन	0.6670	0.6670	0.5190
एसुलाइड	-0.5000	-0.0740	0.0000
एस्किड	-0.6670	0.6670	0.5000
एस्किनमेंट	-0.6670	0.7500	0.4440
एस्किबोराbrazil.	0.6670	0.6670	0.0000
एस्कीमो	0.0950	0.4070	0.1110
एस्कॉम्पे	0.0000	0.6670	-0.0830
एस्कोलो	0.2500	-0.1540	-0.2400
एस्कोसास	0.2960	0.0000	0.0000
एस्कोस्फीयर	0.0830	-0.3810	0.3330
एस्टाइड	0.6190	0.6670	0.5710
एस्टिकली	0.3330	-0.5560	0.3330
एस्टिडी	-0.6670	0.6670	-0.5420
एस्टीमेट:	0.3650	0.0840	0.2550
एस्टेंटीक्यूटिव	0.2500	0.6670	0.5190
एस्पर	-0.3330	0.6670	-0.6670
एस्पराइन	-0.6670	0.0000	0.5710
एस्परेज	0.0000	0.5710	0.5420
एस्पिप	0.0000	0.6670	0.6250
एस्पिपिक	0.0840	-0.3720	0.5000
एस्पिसीय	0.0100	0.0840	-0.0760
एस्पिस्केसियनName	0.0000	-0.5930	0.5190
एस्पीड	-0.9050	0.5830	0.1670
एस्पेकhaiti.	-0.6670	0.9520	-0.1850
एस्पोसस	1.0000	0.3330	1.0000
एस्बरोbrazil.	-0.5420	0.1280	-0.1140
एस्मास	-0.8570	-0.6670	-1.0000
एस्म्प्‌स	0.6670	0.5190	0.7080
एस्होल	-0.3330	-0.2960	-0.5000
एहसानफ़रर	0.8100	0.6670	0.6110
एहसानफ़राश	-0.3890	-0.6670	-0.1850
एहसानमंद	1.0000	-0.5930	0.8100
एहसास	0.7080	-0.6670	0.3330
एिडिड	-0.3540	-0.3340	-0.2420
ऐक्सोस	-0.0420	-0.4580	-0.1560
ऐडिडिसिना	-1.0000	0.9630	0.9630
ऐडिस्क	-0.3340	-0.3000	-0.2180
ऐडेंसिक्स	-0.2720	0.5480	-0.2780
ऐतिहासिक	0.3575	-0.3185	0.2840
ऐतिहासिकवाद	0.1850	-0.5710	0.2080
ऐम्पोमा	-0.6880	0.1120	-0.3280
ऐरे	0.3860	-0.1270	0.2760
ऐललेट	0.0000	0.5930	0.6670
ऐशो	0.9193	-0.0727	0.5213
ऐश्‍वर्य	0.6040	0.6200	0.8400
ऐसा	0.1730	-0.1025	0.0380
ऐसे	-0.1110	0.2890	-0.2580
ऑंखें	-0.0620	-0.1960	-0.3180
ऑकलैंड	-0.2920	-0.2460	-0.4040
ऑक्टन	0.0000	0.5930	0.3700
ऑक्टल	0.0000	0.0000	0.2940
ऑक्टेटरी	0.0370	-0.6670	-0.1430
ऑक्टॉइ	0.0000	0.5240	0.5190
ऑक्टॉटर	-0.1240	-0.2400	-0.0360
ऑक्टॉड	0.0000	0.6670	0.4580
ऑक्टॉन	0.2040	-0.3020	-0.0760
ऑक्टॉल	0.0000	0.0000	0.0000
ऑक्टॉस	0.4260	-0.2440	-0.1780
ऑक्टॉहेडेरॉन	0.0000	0.0000	0.1113
ऑक्लिनरी	1.0000	-0.2590	0.2080
ऑक्सीजन	0.6662	0.3686	0.3668
ऑजेकील	-0.6670	0.6300	0.6250
ऑटोकयोटल	0.0000	0.6670	0.0000
ऑटोकरिन	-0.7780	-0.7140	-0.3810
ऑटोकर्टिटी	-0.4440	1.0000	0.0000
ऑटोकॉल्फोसिस	0.7140	-0.6670	0.7330
ऑटोग्राफ	0.4700	0.1300	-0.0540
ऑटोग्राफग्राफर	0.3330	0.1670	0.5420
ऑटोग्राफ्ड	0.5620	0.2400	0.2500
ऑटोफ्रेक्टिक	0.2080	0.1850	0.5710
ऑटोबाम्बा	0.6670	0.6670	0.6670
ऑटोबॉग्राफी	0.4700	-0.4320	0.2580
ऑटोब्स	0.0000	0.6670	0.0000
ऑटोमाइजेशन	-0.4440	0.6670	-0.1670
ऑटोमैमिटी	-0.6670	0.5240	-0.4290
ऑटोरेडीग्राफी	0.0000	0.5000	0.3810
ऑडियो	0.4180	-0.1500	-0.2600
ऑडियो-	0.0950	0.2220	0.2920
ऑडियोग्राम	0.0000	-0.6250	0.0000
ऑडियोफाइट	0.6670	0.3750	0.0560
ऑडियोमीटर	0.0000	-0.1670	0.3330
ऑडियोमेट्रिक	0.0000	-0.5930	0.1850
ऑडियोवीएस	0.0950	0.0480	0.4810
ऑडियोेटेट	0.0000	0.0000	0.0000
ऑथॉइड	-0.3240	-0.1880	0.0740
ऑथॉज़ी	-0.0200	-0.2660	0.1640
ऑथोरोइड	-0.7780	-0.7140	-0.8750
ऑन	0.0000	0.5000	0.1850
ऑनकोंटिफ़ॉयर	-0.6670	-0.6670	0.4070
ऑनकोल	-0.3330	-0.6670	-0.4810
ऑनलाइन	0.1380	0.0000	-0.1080
ऑपरेटर	0.2240	0.2600	0.4520
ऑपरेटरी	0.1530	0.3545	0.5010
ऑपरेशन	0.0367	0.4958	0.4842
ऑपरेशनल	0.1240	0.1400	0.3580
ऑपरेशनी	0.5560	0.6300	0.5000
ऑपरेशनीकरण	0.1110	0.6300	0.6670
ऑप्टिकल	0.1770	-0.0225	0.0420
ऑप्टीमाइज़	-0.6110	0.0000	-0.1480
ऑप्टीमाइज़्ड	-0.3329	0.4223	0.0596
ऑफसेट	0.4380	-0.2120	0.4080
ऑफस्क्रीन	0.0000	-0.6300	-0.0210
ऑफ़लाइन	-0.2500	-0.4480	-0.4480
ऑफ़िस	0.0000	0.6670	0.7330
ऑफ़िसम	0.1670	0.0000	-0.1430
ऑबमेंटमेंट	-0.0620	-0.5100	-0.2320
ऑबॉइड	0.5560	0.0370	0.4580
ऑबॉयर	-0.5025	0.7550	-0.2500
ऑब्जेक्ट	-0.3700	0.1900	0.9170
ऑब्जेक्टर	-0.3330	0.6670	0.4170
ऑब्जेक्ट्र्यूName	0.0820	-0.0380	0.4240
ऑब्लिटर	0.1900	0.1670	0.0115
ऑममम	0.7840	-0.0620	0.6160
ऑमालाइन	-0.1040	0.0260	-0.1180
ऑमिकॉनjapan.	0.6670	0.1430	0.6670
ऑमिकॉमी	0.0000	-0.8890	0.1250
ऑमिक्रॉन	0.5082	0.0406	0.6966
ऑम्बियोस	0.6670	-0.4290	0.2590
ऑरदरर	0.6670	0.6670	1.0000
ऑरे	0.0000	-0.3340	-0.2880
ऑरॉफिऑल	0.1220	0.4480	0.4560
ऑर्	0.8580	0.1820	0.7260
ऑर्गाल	0.7040	0.6250	0.5930
ऑर्गेजर	-0.4030	0.9530	0.0580
ऑर्थिक	0.0000	-0.4760	0.4170
ऑर्थिस्ट	-0.0620	0.2300	0.1280
ऑर्थिस्टी	0.0000	-0.6670	0.5190
ऑर्थेटिकल	0.0000	0.6670	0.1670
ऑर्थेन्सियाusa.	0.6670	0.0000	0.2500
ऑर्थॉटिक	0.5930	0.0000	0.5930
ऑर्थॉथिस्ट	0.4290	-0.5830	0.3330
ऑर्थॉन	0.0000	-0.3720	0.0800
ऑर्थोग्राफिक	0.0000	-0.2960	0.3330
ऑर्थोड्डी	0.2860	-0.5560	0.0000
ऑर्थोसिटी	0.8570	0.6670	0.8330
ऑर्फेंस	-0.1040	-0.2900	-0.1140
ऑर्बोमीName	-0.4080	0.1960	-0.1960
ऑर्िगामीusa.	0.3680	-0.4480	-0.4120
ऑस्कर	0.0570	-0.2320	-0.2540
ऑस्कील	-0.6000	0.6190	-0.3330
ऑस्टिनी	0.0000	0.0000	0.3330
ऑस्ट्रेलियाworld.	-0.0420	-0.4860	0.2180
ऑस्ट्रेलियाईnorway.	0.7140	1.0000	0.6190
ऑस्मोसिस	0.0000	-1.0000	-0.2590
ओ	-0.1640	-0.0380	-0.2400
ओ-बिट	-0.1800	-0.0720	-0.2140
ओ-स्टर-	0.0000	0.6670	0.0480
ओआ	-0.4505	-0.3225	-0.6790
ओआईबी	-0.0620	-0.1160	-0.1720
ओओआर-	0.5420	-0.7040	0.2500
ओक	-0.2200	-0.0200	-0.2940
ओकानाperu.	0.0820	-0.2160	-0.2680
ओकानाworld.	0.6670	0.0000	0.7780
ओक्यूट	0.2440	-0.6600	-0.4040
ओज़ोन	0.1200	-0.3100	0.0360
ओट्‌तियोशोथ	-0.6670	-0.5710	-0.6670
ओप	-0.2500	-0.2400	-0.2100
ओपन-	-0.7300	0.2300	-0.2400
ओपननेस:	0.6740	0.1220	0.3340
ओपराperu.	0.6670	0.6670	0.1250
ओपिपल	-0.3760	0.1500	0.0180
ओफर्मिक	-0.1460	-0.2300	-0.1120
ओफ़ाइल-	0.0480	0.0000	0.4580
ओफ़ॉक्स	-0.0480	0.6670	0.9050
ओफ़ॉर्मिकल	0.6250	-0.6670	0.5930
ओफ़ॉललमोजिकलusa.	0.2960	-0.6670	0.3330
ओमोफ	-0.1020	0.2260	-0.3700
ओयूवीव	0.3060	-0.0320	0.1960
ओरर	0.0000	0.7500	0.3750
ओरा-	0.0000	0.5830	0.6670
ओरागोbrazil.	-0.7080	0.5090	0.4265
ओराज	0.0000	0.0000	0.3330
ओरायल	-0.1880	-0.3080	-0.0540
ओरायोला	-0.8150	0.1850	-0.3330
ओरेटो	-0.1460	-0.1500	-0.1920
ओलंपिय	-0.1110	-0.3330	-0.2920
ओलगान्गukraine.	-0.5710	0.5190	-0.6250
ओलगॉफ	-0.1965	0.3315	-0.1690
ओलनी	-0.3760	-0.3520	-0.7300
ओलफ	0.2920	-0.1860	-0.3100
ओलफ्स	0.5620	-0.0400	-0.3880
ओलर	0.1040	0.2395	0.4250
ओलली	-0.4060	0.5775	-0.4285
ओललीName	-0.3440	0.0080	-0.2950
ओललीstar	0.2780	0.3330	-0.1670
ओली	-0.1460	-0.0980	-0.4440
ओलॉज	-0.2040	-0.1340	-0.0420
ओलों	-0.5460	0.1440	-0.0546
ओल्गाओ	-0.5520	-0.1700	-0.4900
ओल्गाल	-0.1020	0.5300	-0.1600
ओल्‌स	-0.4550	-0.6215	-0.2950
ओव	0.1000	-0.1520	-0.2600
ओवन	0.2310	-0.4085	0.1060
ओवर-	-0.2717	0.4473	0.1360
ओवर-बिट	-0.3330	0.0000	-0.3330
ओवरएक्सटीसी	-0.1480	1.0000	-0.0370
ओवरएक्सिक्स	-0.5710	0.6670	-0.4760
ओवरकास्ट	-0.1660	-0.5000	-0.0500
ओवरबुक	-0.6670	0.6250	0.5000
ओवरबेडी	-0.6670	0.5830	0.5560
ओवरम्पेट	-0.6300	0.7080	0.0000
ओवरराइड	-0.3680	-0.0180	0.0580
ओवरवनियन	-0.6250	1.0000	0.5830
ओवरहैण्ड	0.0000	1.0000	0.5000
ओस	0.2080	-0.4500	-0.0720
ओसड्रॉप	0.3330	-1.0000	-0.3700
ओसीएस	0.3330	-0.6670	-0.3330
ओसीसी	0.0000	0.0000	0.0000
ओह	-0.1790	-0.2070	-0.2860
ओहनो	-0.2080	-0.0500	-0.2400
ओहशीट	-0.5400	0.1880	-0.3140
ओहियो	0.0740	0.0000	0.0000
औज़ार	-0.0223	-0.0083	-0.0086
औज़ार-	0.2166	0.1700	0.2034
औज़ारबाक्स	0.0620	-0.3680	-0.0560
औज़ारसीcolor	0.6670	0.2860	0.6250
औजार	-0.1000	-0.1900	-0.1480
औजार-	0.3885	0.6670	0.4070
औद्योगिक	0.0155	0.4500	0.7027
औद्योगिकवाद	0.1250	0.6670	0.7040
औद्योगिकीकरण	0.2380	0.6670	0.9580
औपचारिक	0.0370	-0.4733	0.3093
औपचारिकता	0.2087	-0.4610	0.4453
औपचारिकीकरण	0.0000	-0.6670	0.7410
और	-0.1170	0.0529	-0.0326
औषधीय	0.3335	-0.0650	0.2840
औसत	-0.0615	-0.1615	0.0776
औसत:	0.1050	0.2555	-0.2865
औसतनेस:	-0.7960	0.3880	-0.2640
कdddle	0.3330	-0.6670	-0.7920
कंक्रीट	0.0000	-0.4440	0.4760
कंगा	-0.3780	-0.2310	-0.3420
कंगाल	0.1240	-0.4120	-0.1660
कंच	-0.1000	-0.0200	-0.2260
कंचक	-0.2740	-0.1760	-0.2500
कंचा	0.2120	-0.2953	-0.0613
कंचादा	-0.2080	-0.2300	-0.1640
कंचाबैक	0.0000	0.0000	0.0740
कंजूस	-0.5840	0.2660	-0.3780
कंटलेक्टरी	0.6670	-0.9630	-0.5560
कंटीफ़ेबल	0.6670	0.0420	0.6250
कंटूर	0.1780	-0.4700	-0.1720
कंटेनमेंट	-0.2040	-0.1880	-0.3340
कंट्रास्ट	-0.1090	-0.0190	0.0420
कंट्रोल	0.3810	-0.6670	0.9170
कंडम	-0.2920	0.0480	-0.1840
कंडमेनusa.	0.0000	-0.6670	0.0000
कंडील्शनल	0.0000	-0.5000	0.0000
कंधे	0.1240	-0.4280	-0.1880
कंपनियों	0.0420	0.6190	0.8890
कंपनी	0.8120	-0.1500	0.5960
कंपाइल	0.1730	-0.1370	-0.1100
कंपाइलर	0.6670	0.6250	0.6670
कंपाइलिकिटी	-0.6670	0.6670	-0.3330
कंपाइली	0.6670	-0.6670	-0.8520
कंफर्मरी	0.6670	0.4810	0.2500
कंफ़ॉर्मेंसिक्स	0.1220	-0.2080	0.1760
कंफ़ॉर्मेट	0.6670	-0.6670	0.6300
कंव्टर	0.0000	0.5000	0.1670
कंसाविटी	-0.1250	-1.0000	-0.0740
कंसेंटर	0.6670	0.6670	0.6250
कंसोल	-0.0280	0.0310	-0.2100
कंसोलर	0.8100	-0.6300	-0.4440
कंसोल्ड	0.4000	-0.3140	-0.0960
कई	0.1673	-0.2547	0.0233
कक्ष	0.0644	-0.1348	-0.0269
कक्षीय	-0.3000	-0.4495	-0.3920
कग्रोक	0.5260	0.2980	-0.3160
कच	0.1660	-0.3880	-0.3220
कचक	-0.2300	-0.0940	-0.1720
कचरा	-0.4860	0.0818	-0.4970
कचराकी	-0.2300	0.1900	-0.3140
कचराटी	-0.7300	0.7200	-0.2740
कच्चानेस	-0.3330	0.3330	-0.2860
कच्ची	-0.0670	-0.3352	-0.2270
कच्चे	-0.1620	-0.3499	-0.1990
कज़ाखियम	-0.1880	0.3500	0.4620
कज़ाखियाusa.	-1.0000	0.7780	-0.8100
कजाग	-0.1840	-0.1200	-0.1460
कटऑफ	-0.1360	0.0200	0.0360
कटनी	0.6145	0.1865	0.3075
कटलरी	0.1040	-0.4000	-0.3100
कटलेट	0.2380	0.0000	0.0000
कटा	-0.0177	-0.0570	-0.0600
कटाई	-0.0830	-1.0000	-0.0830
कटी	0.2760	0.0560	-0.0720
कटु	-0.0620	0.1380	-0.0520
कटुता	-0.5300	0.4500	-0.2960
कटोरा	-0.1460	-0.1230	-0.3325
कट्टर	0.1460	0.5600	0.2580
कट्टरपंथियों	-0.4160	0.7920	0.1320
कठिन	-0.2726	0.1179	-0.0412
कठिन-	0.6855	0.0985	0.2500
कठिनता	-0.4223	0.2200	0.1580
कठिनाई	-0.6425	0.1187	-0.2872
कठोर	-0.3918	0.1702	0.1083
कठोरता	-0.5268	-0.1982	0.1015
कठोरनेस	-0.4070	-0.9050	0.3890
कठोरपन	0.5000	0.6670	1.0000
कड़वा	-0.5640	0.2540	-0.1780
कड़वाहट	-0.7700	0.2660	-0.4600
कड़ा	-0.4050	0.4133	-0.0563
कड़ी	-0.0082	0.0820	-0.0277
कड़ी-	-0.5520	0.4380	0.1580
कड़ीबद्ध	0.6670	0.0000	0.2920
कण	-0.0777	-0.5170	-0.2350
कतराना	0.1420	-0.0620	-0.0520
कतार	0.1690	0.1770	-0.0430
कतारी	-0.2205	0.4610	0.1410
कथन	0.0620	-0.1560	0.0980
कथा	0.0393	0.3415	0.2097
कथा-	0.0000	0.6670	0.6670
कदम	-0.0422	0.0733	-0.0952
कदमलाडर	0.0830	0.3750	0.0950
कदरदानी	1.0000	-0.3330	0.0560
कदापि	0.6390	-0.7285	0.1800
कनफैशिक	0.0000	0.0000	-0.0480
कनफ्यूश्शन	0.2860	0.0950	0.7410
कनफ्शन	-0.7080	-0.4760	-0.7500
कनफ्शनशिप	0.0950	-0.5830	-0.5000
कनवररName	-1.0000	0.6670	1.0000
कनवराइज़	-0.1110	0.5000	0.6300
कनवर्सेट्स	-0.2260	0.0415	-0.0185
कनवर्सेसन	-0.6480	0.7315	0.5135
कनवल्शन	-0.1660	0.1180	0.0540
कनवल्शनर	0.1880	0.0380	0.3460
कनवल्शनल	0.0000	0.0000	0.3700
कनाडा	0.0740	0.4440	0.5000
कनेक्ट	0.3480	0.0070	0.5524
कनेक्टबाक्स	0.0000	0.6670	0.0000
कनेक्टर	0.0000	0.6300	0.7410
कनेक्टिकट	0.0000	0.0000	0.0000
कनेक्टेक्टर	0.6250	0.6250	0.5240
कनेक्टेड	0.4810	0.1067	0.2553
कनेक्शन	0.0119	0.0680	0.0672
कनेक्शनकर्ता	-0.6980	0.4400	-0.1390
कनेचक	0.0000	-0.0740	-0.2960
कन्टेनन्स	-0.6460	0.5600	-0.0900
कन्टेनम	-0.1420	0.8600	0.2320
कन्टेनमेंट	0.1665	0.7500	-0.2385
कन्टेनर	-0.2985	0.4377	-0.1077
कन्टेनरName	0.5000	0.5240	0.5830
कन्टेनरी	0.2240	-0.1660	-0.1000
कन्टेनेंस	-0.3335	0.0100	0.5000
कन्टेनेंसिक	-0.2080	-0.3000	0.0380
कन्टेनेड	-0.3330	-0.6670	-0.3330
कन्फ	0.6190	-0.3700	0.4440
कन्फिगर	-0.6670	0.6300	0.6670
कन्या	0.5830	-0.4440	-0.6250
कन्वर्सन	-0.5420	-0.6670	-0.4580
कप	0.3035	-0.5403	-0.2675
कपकीनेस	-0.3330	-0.6670	-0.2220
कपट	-0.6880	0.0460	-0.2600
कपटी	-0.9040	0.4800	-0.1700
कपड़ा	0.1350	0.0235	0.0670
कपड़ारूम	0.3800	-0.4920	-0.2060
कपड़े	0.0949	-0.1401	-0.2456
कपिंग	-0.0200	0.2200	-0.1960
कपिशName	-0.7080	0.6300	-0.3750
कपी	0.3330	-0.7620	-0.0370
कपीके	0.3120	-0.3340	-0.3120
कपीला	0.4890	-0.1140	0.3580
कप्ड	0.0000	-0.5240	-0.2220
कप्तान	0.1040	0.3060	0.9610
कप्तानशिप	0.8100	0.6670	1.0000
कब	0.0000	0.0000	0.0000
कबूतर	0.7780	-1.0000	-0.8100
कबूतरी	0.4580	-0.5300	-0.1260
कब्र	-0.6872	-0.3902	-0.4237
कब्रिस्तान	-0.8980	0.2600	-0.1660
कब्लेन	0.0000	-1.0000	0.0420
कभी	-0.1066	-0.4315	-0.2827
कभी-	0.1650	-0.1487	-0.1165
कभी-कभी	-1.0000	-0.6250	-0.9630
कम	-0.2645	-0.2624	-0.2725
कम-	-0.2343	-0.1853	-0.1173
कमकी	-0.2900	-0.4060	-0.1140
कमज़ोर	-0.3591	0.0677	-0.1864
कमजोर	-0.4913	-0.2783	-0.7387
कमजोरिंग	-0.6120	-0.4120	-0.9130
कमजोरी	-0.8120	-0.0360	-0.4960
कमनेस	-0.5830	-0.6760	-0.6260
कमबख्त	-0.5420	0.6240	-0.2200
कमर	0.0120	0.1187	-0.0050
कमरकोट	0.0840	-0.3600	-0.2220
कमरबंदता	0.6670	0.6670	0.5000
कमरबन्द	0.0000	0.0000	-0.0480
कमरा	0.4540	-0.3400	0.0950
कमरे	0.7220	-0.6300	0.2500
कमल	0.1460	-0.5000	-0.2540
कमलमैन	0.0835	-0.2590	-0.1220
कमांड	0.1823	0.2373	0.6673
कमांडर	0.0620	0.2300	0.8120
कमांडरशिप	0.6670	0.5930	1.0000
कमांडो	-0.3540	0.4200	0.6340
कमाई	0.7120	0.5380	0.6340
कमाल	-0.2380	-0.6670	-0.3750
कमिट	0.2583	0.2450	0.2833
कमी	-0.6548	-0.2030	-0.4725
कमीज़	-0.3330	-0.5830	0.6250
कमीटित	-1.0000	-0.6670	-0.9170
कमीड	0.0420	0.4100	0.1160
कमीना	0.0000	0.0000	0.5190
कमीने	-0.9068	0.4724	-0.1882
कमीमर	-0.6670	-0.4070	-0.3700
कमीर	-0.5830	0.5830	0.2860
कमील	-0.3330	0.6250	-0.1850
कमेट	0.6670	0.6670	1.0000
कम्क्यूट	0.0656	-0.2320	-0.0820
कम्क्यूशन	-0.2640	-0.2040	-0.2540
कम्गेन	0.1640	-0.3020	0.1220
कम्ट	-0.6670	0.6670	-0.4580
कम्ड	0.1400	-0.2540	-0.0200
कम्पनमेंटन्स	0.6670	-0.5930	0.2860
कम्पललल	-0.5830	-0.6670	0.0000
कम्पलालामेंटल	0.7620	-0.4440	0.5420
कम्पलालालानेस	0.5830	-1.0000	-0.4170
कम्पलालालाला	0.3330	-0.6670	0.2920
कम्पलीप	0.1020	-0.0400	0.1640
कम्पलीमेंट्स	0.1250	-0.5000	-0.2285
कम्पलीशन	0.0475	0.2145	0.0000
कम्पलीशनल	0.1670	0.6670	0.0480
कम्पाइल	0.2770	-0.0963	0.2083
कम्पाइल्ड	-0.6240	0.0200	-0.1760
कम्पायलर	0.7080	0.1110	0.5000
कम्पाला	-0.4160	-0.2000	-0.4340
कम्पालाइन	-0.2920	-0.4440	-0.1900
कम्पालाम	-0.4480	-0.1540	-0.1800
कम्पीज	0.6670	0.6250	0.0000
कम्पेटर	0.0000	0.6670	0.4580
कम्पेटिबिलिटी	0.0000	-0.5830	0.2500
कम्पेरेटर	0.7500	-0.1250	0.2475
कम्पोज़र	0.6440	0.1760	0.3820
कम्पोसलीलेट	0.0560	0.0000	0.0000
कम्पोसोसोसीट	0.8670	-0.8670	0.9260
कम्प्यूटर	0.6040	-0.2880	0.2780
कम्प्यूटराइज़	0.5105	0.2465	0.4625
कम्प्यूटराइज़ेशन	0.6670	0.6670	0.7780
कम्प्लीक्लास	0.4580	-0.3840	0.4780
कम्प्लीम	0.3330	-1.0000	-0.1670
कम्प्लीशन	0.0855	0.0403	0.1025
कम्ब्ड	-1.0000	0.0000	-0.8890
कम्व	0.0000	0.6300	0.0000
कम्व्ड	0.0000	0.2965	-0.1905
कम्सपिप	0.0000	-0.2960	0.0000
कम्‍न	-1.0000	-0.6670	-0.9520
कम्‍लापन	-0.7410	-0.6670	-1.0000
कर	-0.0498	-0.0806	0.0007
करता	0.0000	0.0000	0.0000
करदाता	0.7080	-0.5420	0.4440
करदाताओं	0.0000	0.2080	0.1110
करफुफल	-0.6300	0.7140	-0.3750
करमन	-0.6670	0.5830	0.7080
कराकाओ	0.6670	-0.0830	0.0000
करानमीName	-0.2600	-0.1800	0.2600
कराहना	-0.4375	0.5595	-0.3780
करियर	-0.1060	0.5860	0.5523
करीब	-0.0420	-0.1400	-0.2900
करुणा	0.2895	-0.4955	-0.0838
करुणामय	0.7140	-0.1920	-0.1780
करुणामयता	1.0000	-0.6250	0.5930
करूब	0.7470	-0.6207	-0.0993
करें	0.3400	0.0960	0.0720
करेक्टनेस	-0.6300	-0.5710	0.2860
करेक्टर	0.0950	0.6670	0.7040
करॉन-	0.0000	0.5710	0.3330
करोड़पति	0.8340	0.5100	0.7000
कर्ट	0.6507	0.0233	0.1437
कर्टा	-0.3960	-0.6040	-0.2620
कर्टिमिस्ट	0.6670	-0.6250	0.4170
कर्टे	-0.7620	-0.3330	-0.5830
कर्ता	0.3060	0.1220	0.2580
कर्नल	-0.0820	0.1840	0.7800
कर्नेल	0.0840	-0.0940	-0.0760
कर्म	0.1387	-0.1040	0.0653
कर्मचारियों	0.3335	0.6300	0.2025
कर्मचारियोंरूम	0.0000	-0.6670	-0.4170
कर्मचारी	0.1640	-0.2780	-0.0380
कर्ल-	0.5000	0.6300	0.5000
कर्स	0.0840	0.0180	-0.1740
कर्सन	0.0000	-0.5930	0.6670
कर्सर	-0.2993	0.0043	0.2803
कर्सिलियन	0.2780	-0.5835	0.4695
कल	0.3333	-0.3487	-0.2333
कलंक	-0.3330	-0.4170	-0.2920
कलंकीकरण	-0.7500	0.6670	-0.6670
कलक	-0.6670	0.6670	-0.2780
कलनविया	0.0000	0.3330	-0.0420
कलप	0.6670	-0.4440	-0.1250
कलम	-0.4700	0.1580	0.0000
कलर	-0.0738	0.0905	0.0392
कलरस्मार्ट	0.1370	-0.0090	0.1235
कलरस्मार्ट-बे	-0.0200	0.2660	0.0740
कलरूद	0.1880	0.0900	-0.4080
कलर्ड	-0.1460	-0.5220	-0.6420
कलर्डर	0.3120	-0.4200	0.0180
कला	0.4090	0.0870	0.1645
कलाआयर	-0.2080	0.0200	0.1660
कलाई	0.4770	-0.3220	-0.4270
कलाईName	0.3340	-0.2800	-0.3220
कलाईट	0.1250	-0.6670	0.0000
कलाईबैंड	0.1020	-0.6120	-0.4160
कलाईलॉक	-0.5240	1.0000	0.8330
कलाकार	0.3621	-0.0453	0.2630
कलाकृति	0.7920	-0.2640	0.3580
कलाक्रिएटर	0.6250	0.6670	0.5710
कलाज	-0.3330	-0.6670	-0.6300
कलादान	0.5620	-0.3400	-0.1780
कलादार	0.5805	0.2985	0.4155
कलापूर्ण	0.7080	0.3330	0.0830
कलापूर्णता	-0.0420	-0.0400	0.1820
कलाबुक	0.6670	-0.6670	0.0000
कलायाँ	0.6670	-0.4580	0.4170
कलारहित	0.3750	-0.2860	-0.3330
कलावाद	1.0000	-0.6670	0.3330
कलाशोथिक	-0.6670	-0.6670	-0.9170
कलाशोभाजक	-0.6670	-0.3330	-0.7920
कलाष	0.3340	0.5860	0.7320
कलिटो	-0.6460	0.3400	0.1080
कली	-0.2500	-0.3195	-0.3245
कलीसिया	0.2275	0.2865	0.4085
कलीसियावाद	0.0000	0.5830	0.3330
कलेजे	-0.1147	-0.6213	-0.0767
कलेव	0.2240	-0.2200	0.0000
कल्पना	0.2572	-0.0842	0.0908
कल्पनार	0.4170	0.2860	0.5830
कल्याण	0.6040	-0.2440	0.3580
कवच	-0.0553	0.4020	0.6117
कवच्ड	-0.0310	-0.1575	0.7180
कवर	-0.1340	-0.3001	-0.0290
कवरबुक	0.2040	-0.3080	-0.2040
कवरल	0.0420	-0.5000	0.3330
कवरलाइजेशन	0.0560	-0.6670	0.5830
कवरिंग	-0.0760	0.1205	-0.0210
कवरिशName	0.1660	-0.4420	-0.2700
कवरेबल	0.9580	-0.5560	0.1250
कवर्पोरर	-0.4070	0.5930	-0.6670
कवि	0.6540	-0.3000	0.1120
कविता	0.5070	-0.4950	0.2000
कविताएँ	0.6660	-0.2240	-0.1640
कवितावाद	0.9050	-0.5830	0.4760
कसम	-0.3773	0.4820	0.1550
कसरत	0.6670	-0.5830	0.2960
कसरतर	0.6190	1.0000	0.3330
कसल	-0.2920	0.6670	-0.6190
कसेंट्रिक	0.4600	-0.0420	0.2700
कस्टर	0.0950	0.4440	0.4440
कस्टल	-0.3750	0.7620	-0.4070
कस्पाइ	-0.3880	0.0760	-0.2860
कह	0.2190	0.2560	0.0270
कहते	0.2270	0.0702	0.3468
कहा	0.2165	-0.0915	0.1885
कहाँ	0.0000	0.0000	-0.0925
कहां	0.0000	-0.1500	-0.1480
कहानियों	0.7330	0.0370	0.0000
कहानी	0.3623	-0.0166	0.1283
कहानी-	0.7080	-0.3880	-0.2340
कहीं	-0.0840	-0.1607	-0.2380
कहें	0.1020	-0.3000	-0.0860
क़तार	-0.0230	-0.2600	-0.1540
क़तार-	-0.2300	-0.0420	-0.4620
क़त्लियानियाName	0.4170	-0.5830	0.6670
क़दर	0.8570	-0.3235	0.3415
क़ब्र	-0.4408	-0.4046	0.0796
क़रीब	0.6670	0.6250	0.6670
क़ानूनीवादी	-0.4760	-0.5930	0.6670
क़िस्म	-0.1020	-0.2703	-0.2120
क़िस्म-	0.6283	0.5093	-0.0950
क़िस्म:	0.1880	-0.1495	0.0263
क़ैद	-0.6237	0.2743	-0.2160
का	0.1360	-0.1285	0.1795
का.	0.0420	0.0400	0.1300
काँच-	-0.0208	0.0183	-0.0320
काँच-फलक	0.2458	-0.2285	0.0490
काँच-स्तर	0.4170	0.6670	0.3330
काँची	0.6670	-0.7500	0.0000
काँचीName	0.0480	-0.8330	0.0000
काँट	-0.0888	0.2047	-0.0002
कांग्रेड	0.0000	-0.1110	0.0000
कांचन	0.0740	-0.5420	-0.0830
कांची	0.2080	-0.3335	0.2500
कांचूusa.	0.3960	0.0200	0.3760
कांट-	-0.3351	0.1848	-0.1421
कांटोperu.	0.4280	-0.5800	-0.4120
कांपता	-0.6460	0.7560	-0.2240
काइलानेस	0.6670	0.9580	0.5560
काई	-0.3340	0.0760	-0.2120
काउंटर	0.0000	0.5930	0.0000
काउकासName	0.0000	0.0000	0.0000
काउन्टर	0.1040	0.2660	-0.0380
काकर	0.6670	1.0000	0.4440
काकाकास	0.0000	-0.0830	-0.0950
काकाव	-0.1180	-0.3020	-0.3020
काकावनेस	0.0000	-0.9520	0.0000
काकुक	0.1840	0.2000	-0.2720
कागज	0.0639	-0.1634	0.0137
कागज-	0.2063	-0.6143	0.1050
कागजी	0.0000	-0.8100	-0.4580
कागा	-0.0620	0.0580	-0.1200
कागाफोन	0.0830	0.6670	0.8150
काचन	0.0000	0.6670	0.4440
काचियन	0.5240	0.0000	0.3330
काज़ी	0.9630	-0.9580	-0.2500
काजुअल	0.0000	-0.6670	0.3700
काजोतोलोusa.	0.0060	-0.0760	-0.1780
काटना	-0.2984	0.1604	-0.2446
काटने	-0.0354	0.1270	-0.1284
काटनेवाला	0.3540	0.1460	-0.0925
काटर	0.2660	0.5480	0.3040
काटा	-0.2875	0.1800	-0.1550
काटिए	-0.4635	0.6160	0.7020
काटे	0.4585	0.1065	0.3760
काटें	0.0937	0.1597	-0.0023
काड	-0.0620	0.0620	-0.0380
कान	-0.0243	-0.3370	0.0248
कान-	-0.7780	1.0000	0.5190
कान-फोन	0.2500	0.0950	-0.0830
कानड्रॉप	0.0420	0.0000	-0.2080
कानमफ़	0.2220	-0.6670	0.0000
कानवाक्स	-0.6670	-0.8890	-0.5000
काना	0.0620	-0.1200	-0.2230
कानिग	-0.2780	0.2860	-0.2920
कानित	0.0660	-0.0760	-0.1140
कानुंग	0.2380	-0.6670	-0.1110
कानून	0.4800	0.1800	0.6300
कानूनी	0.1486	-0.0764	0.6632
कानूनीवाद	-0.5710	-0.5930	0.5240
कानूनीिटी	0.5300	-0.3140	0.4260
कानूनीीकरण	0.6670	0.6670	0.7080
कानेम	0.0830	-0.0950	0.0000
कापोनिकता	0.5930	-0.5830	0.1250
कापोनिकी	0.0000	0.0480	0.3330
कापोपोनिकी	0.2800	-0.2540	0.1820
काप्पा	-0.0620	-0.2500	-0.2680
काफ़िर	-0.6670	0.5240	-0.1480
काफ़िरों	-0.9760	-0.2410	-0.5345
काफिरों	0.3530	-0.1280	-0.1880
काफी	0.1100	-0.0777	0.1133
काबोब	0.4290	0.0000	0.0000
काम	0.4337	0.0610	0.2130
कामकाजी	0.5200	-0.1480	0.5180
कामाकाjapan.	-0.5920	0.6200	0.2900
कामेनच	0.0000	-0.4070	0.2380
काम्पला-	0.0840	0.0800	-0.1420
काम्पेयर	0.0415	-0.0835	0.0835
कायर	-0.7960	-0.0200	-0.7020
कायरनेस	-1.0000	-0.6670	-0.9520
कायल	0.4980	0.4917	0.4872
कार	-1.0000	0.9520	0.9630
कार-लोड	0.1670	0.6670	0.0000
कारक	0.4685	0.1270	0.3240
कारकता	0.5240	-0.5000	0.2960
कारकर	0.0830	0.5560	0.7080
कारकीपन	-0.7500	0.7040	-0.8330
कारगाज	0.3330	0.6670	0.0000
कारग्रेड	0.0000	0.6670	0.6670
कारण	-0.0626	-0.1816	-0.1230
कारणता	0.7410	-0.5000	0.6670
कारनिवोन्स	-0.4760	0.0560	0.8150
कारपोर्ट	0.0000	-0.4440	0.0000
कारबन्स	0.9520	-0.6670	0.5560
कारबाइड	0.0000	0.0000	0.5560
कारबिक	-0.6670	0.0000	0.0370
कारबॉब	0.0000	0.0000	-0.1670
कारबॉर	-0.0620	0.2240	0.1100
कारम्रॉलिंग	0.6670	0.6250	0.1250
काररी	-0.5000	1.0000	0.5830
काररूरूल	0.6670	0.7140	-0.5000
कारिसर	-0.0600	0.0180	0.3800
कारी	0.0000	0.2500	0.0480
कारीगर	0.0000	0.6670	0.4810
कारेट	0.1240	0.6660	0.1960
कारोनोला	-0.2500	0.0000	0.0000
कार्टून	0.7340	-0.0580	-0.2260
कार्टूनिस्ट	0.5930	0.6250	0.4170
कार्ट्रिज	-0.0840	0.0000	-0.1860
कार्ड	0.1387	0.0196	-0.0007
कार्ड-	0.0280	-0.3335	0.1430
कार्डबोर्ड	0.0000	-0.6540	-0.3820
कार्डम	0.6670	-0.3330	0.0000
कार्डिगन	0.1980	-0.3520	-0.4720
कार्डिनल	0.3610	-0.3723	0.5027
कार्डिनलता	0.0000	-0.5830	0.3330
कार्डिस्ट	-0.0840	0.2600	0.6280
कार्डीज़ी	-0.5940	0.0900	0.2100
कार्नेusa.	0.5560	0.3330	-0.2220
कार्बन	0.0537	-0.0333	-0.1410
कार्बन-लेस	0.0000	-0.6670	0.0000
कार्बनकर्ता	0.1110	0.6670	0.1480
कार्बनिक	0.0000	0.0000	0.0000
कार्म-क्रम	0.1120	-0.1560	-0.0920
कार्य	0.1849	0.1912	0.2800
कार्य-	0.0095	-0.0555	-0.0088
कार्यकर्ता	0.0620	0.3060	0.7540
कार्यक्रम	0.4900	0.3460	0.3280
कार्यदिवस	0.0000	0.6250	0.0950
कार्यपट्टी	0.0000	0.6670	0.3330
कार्यबुक	0.3460	-0.3140	0.0200
कार्यमेन	0.0000	0.6670	0.2920
कार्यशील	0.6670	0.0420	0.6190
कार्यसूची	0.0400	-0.1540	-0.2300
कार्यस्थल	0.1840	-0.1380	0.1660
कार्यान्वयन	0.3340	0.1780	0.3440
कार्यान्वित	-0.5065	0.6340	0.6230
कार्यालय	-0.1040	-0.3860	0.0430
कार्य्यता	0.5000	0.0000	0.5190
कार्रवाई	0.3460	0.4040	0.2260
कार्वर	-0.1640	0.0000	0.0000
कार्सटन	0.6670	0.8750	0.0000
कार्सन्स	0.8360	-0.2080	0.6480
काल	0.1862	0.0994	0.1842
काल-	-0.2965	0.0835	0.3750
कालक्रम	0.0940	-0.1660	0.1000
कालनेस	-0.6670	-0.5190	-0.7410
कालबैक	-0.1723	0.0893	-0.2598
कालर	0.2400	0.1655	0.2895
कालरू	-0.3330	0.6300	-0.5930
काला	-0.4405	-0.0224	-0.0977
कालाः	-0.3750	0.0000	0.0000
कालाउण्ड	-0.6670	-0.3330	-0.6670
कालातीत	-0.3330	0.0000	0.3330
कालाबार	-0.3540	-0.1640	-0.3160
कालामेल	-0.8140	0.5820	-0.0460
कालावाukraine.	-0.6250	0.6670	-0.3810
कालासूची	-0.7340	0.5000	-0.2080
कालित	-0.6190	0.7500	-0.4170
काली	0.1412	0.0483	-0.2390
काली-	0.0310	0.0546	-0.3880
कालीLELJEKSE(	-0.1620	0.3580	-0.0960
कालीकेदार	0.7300	-0.0400	0.3260
कालीकेर्न	0.0000	-0.1250	-0.2000
कालीज़	-0.7800	0.2000	-0.3820
कालीज़-	0.0000	0.0000	0.1110
कालीज़ीय	-0.6670	-0.5830	-0.4810
कालीबरी	0.3340	-0.1740	-0.0940
कालीमछली	0.0000	0.6670	0.0480
काले	-0.5413	0.2307	0.1633
काल्पनिक	-0.0628	-0.0488	-0.0669
काल्पनिकता	-0.3330	-0.6670	-0.2590
काल्फ	-0.0800	-0.0860	-0.3700
कावद्य	0.6670	-0.9260	-0.0420
कि	-0.1073	0.0257	-0.1380
कि-	0.0000	0.0740	0.2080
कि-ॉट	0.2040	-0.0200	-0.0380
कि.	0.2133	-0.1688	0.0950
किंक	-0.3890	0.6250	-0.4070
किंटी	0.0000	0.0000	0.1250
किइक	0.1670	0.1775	-0.3735
किइवीName	0.2920	-0.4540	-0.4360
किक	-0.2504	0.0650	-0.2260
किक-	0.6670	1.0000	0.7080
किक-बॉल	0.6670	1.0000	0.0950
किक-बोर्ड	0.3330	0.6670	0.0000
किकऑफ	0.1660	0.2000	0.2580
किककी	-1.0000	0.6670	-0.3750
किकबाक्स	-0.1460	0.7640	0.3020
किकबाक्सर	0.0000	1.0000	0.7500
किकबैक	-0.5830	0.6670	0.4070
किकम्प	-0.2860	-0.1160	-0.3720
किकम्पिक	0.0000	0.0000	0.0000
किकर	-0.4065	0.5630	0.4265
किकरर	-0.7040	0.6670	-0.4290
किकरी	-0.6670	0.7410	-0.3330
किकरीName	-0.0820	0.1020	0.1320
किकलोन	0.0560	-0.6670	-0.2500
किकिंग	-0.3460	0.6040	0.0200
किक्कार-	-1.0000	-0.4810	-1.0000
किक्शन	-0.1040	-0.1320	-0.1100
किच	-0.4965	-0.2550	-0.6010
किचक	0.1240	0.0360	0.6400
किचकिंग	-0.2660	-0.1800	-0.1640
किचन	0.0320	-0.2895	-0.5815
किचाई	-0.6670	-0.3750	-0.6190
किचिन	0.4800	-0.2740	-0.1660
किच्ड	-0.6320	0.0000	-0.2540
किट	0.0490	-0.1770	-0.0770
किटली	0.3020	-0.4120	-0.4880
किताब	0.3250	-0.1064	0.2942
किताबpage	0.3095	-0.4445	0.2710
किताबों	0.3330	-0.6670	-0.2500
किती	-0.2860	0.0200	-0.3160
किद्रोन	-0.9050	-0.4170	-0.3330
किन	-0.0932	0.1512	0.2038
किनारा	-0.0784	0.0195	-0.0530
किनारा-	-0.0213	-0.1353	-0.1253
किनारामेन	0.0480	0.5420	-0.2860
किनारालैंडjamaica.	0.0000	0.0000	-0.4760
किनारे	0.4348	-0.2004	-0.0712
किनारे-	0.1770	-0.2040	0.0845
किनारेरबर्ड	0.2500	0.6670	0.0000
किनेव	-0.9630	0.6300	-0.4170
किनो	0.2920	0.4580	-0.1400
किन्तु	-0.6670	-1.0000	-0.8150
किबब	0.0620	-0.1380	-0.2460
किबर्ड	-0.6670	-0.9630	-0.4170
किबा	0.2500	-0.5000	-0.2360
किबित	-0.3320	0.0730	-0.4330
किबॉब	0.3960	-0.4040	0.1860
किमा	-0.4380	0.3460	-0.4640
किमी	0.0618	-0.1827	-0.1345
किमीName	-0.1940	-0.2935	-0.3395
किमीusa.	0.0400	-0.1100	-0.1760
किमीन	-0.4275	0.6730	-0.1850
किमीयName	-0.4580	0.6670	-0.8100
किमोज़ी	0.3340	-0.2220	-0.3200
किमोनोworld.	0.2860	-0.4400	-0.2740
किम्पोbrazil.	0.0000	0.5930	0.2500
किया	-0.0867	0.3790	-0.0593
किरमर	0.0200	0.2440	0.1780
किराए	0.0585	-0.0710	0.0755
किरायाल	0.0200	-0.2600	-0.3840
किरियम	-0.0620	-0.2700	-0.0540
किर्गान्गोhaiti.	-0.5000	0.2360	-0.3520
किर्गिकusa.	-1.0000	0.6670	-0.9050
किर्गिजName	-0.1900	0.6670	0.5190
किर्गीName	0.0000	0.6485	-0.4720
किर्गोमीटर	0.0000	0.6670	0.2220
किल	-0.2920	0.0000	-0.2460
किल-बेन	0.1840	-0.1880	-0.2020
किला	0.0576	-0.2151	0.1055
किलेदार	-0.8150	0.6670	-0.1670
किलॉट	-0.1040	-0.3080	-0.3040
किलो	-0.0620	-0.1420	-0.0390
किलोग्राम	0.0130	-0.4800	-0.0900
किलोटेट	0.0000	0.0000	0.1670
किलोमीटर	-0.0100	-0.0610	0.1330
किशीपे	0.6670	-0.6670	0.0000
किशोरावस्था	0.1972	0.2640	-0.0952
किस	0.1020	-0.2900	-0.3413
किसान	0.3603	0.0270	0.1083
किसानवाद	0.0200	-0.4620	-0.1860
किसानी	-0.3330	-0.6670	-0.8570
किसी	0.0314	-0.0636	0.0269
की	-0.3583	0.2170	-0.2553
की-	-0.0835	-0.3135	-0.2380
की-वर्डस	-0.6740	0.3780	0.0340
कीचड़	-0.6463	0.4313	0.1387
कीचड़ीय	-0.6670	0.5560	0.0000
कीड़े	-0.3187	-0.1148	-0.4138
कीड़े-	-0.2860	-0.9260	-0.4440
कीपिंग	0.5830	0.6670	0.3750
कीमतको	-0.0660	-0.2100	-0.1540
कीमतर	0.6250	0.6670	0.4170
कीमती	0.2570	0.0670	0.1560
कीमत्ड	0.1110	-0.0740	0.0420
कीवर्ड	0.2040	0.0400	0.4940
कुँवारेपन	0.0120	-0.0480	0.0850
कुंग	-0.1425	0.2410	0.0810
कुंजियाँ	0.4440	0.5000	0.4580
कुंजी	0.0785	0.1050	0.0155
कुंजी-	0.2715	0.1730	0.1895
कुंजी-लेस	0.4440	-0.6670	-0.4810
कुंजीmsg	0.0000	0.9630	0.0370
कुंजीकार्ड	0.0000	0.3890	0.1670
कुंजीपट	0.0200	-0.2580	0.1900
कुंजीपटल	0.3785	0.1125	0.1270
कुंदर	0.0000	-0.2940	-0.0580
कुक	0.2397	0.0720	-0.0530
कुकर	0.1840	-0.2540	-0.1860
कुकर्म	-1.0000	0.7080	0.6670
कुकर्मी	-0.7640	0.6300	0.3427
कुकात	0.6670	0.6670	0.6300
कुकी	0.5840	-0.3880	-0.5000
कुकीज़	0.6460	-0.0980	-0.3680
कुख्यात	-0.5775	0.4145	0.3842
कुघाusa.	0.8910	0.5580	0.3100
कुचल	-0.5623	0.3853	-0.3133
कुचलना	0.0820	-0.0940	0.0520
कुचला	-0.6343	0.3493	0.1517
कुचली	-0.4440	-0.2080	-0.5930
कुचित	-0.9630	-0.0480	-0.4580
कुछ	-0.1214	-0.2670	-0.2272
कुछवे	-0.0560	0.0000	0.0000
कुडली	0.0260	-0.2840	-0.2700
कुड़कुड़ाएँ	-0.0840	0.0400	-0.6000
कुढ़ना	-0.7013	0.6537	-0.5390
कुतिया	-0.3563	0.2905	-0.0650
कुत्ता	-0.1874	0.5931	0.0903
कुत्ता-	-0.6300	0.6670	0.6250
कुत्तापन	0.6670	0.6670	0.6670
कुत्तार	-0.5620	-0.0600	-0.4720
कुत्तावुड	0.3700	-1.0000	-0.0480
कुत्ताा	0.2783	0.1610	-0.3560
कुत्तााName	0.8150	1.0000	0.8890
कुत्तााडोusa.	-0.0420	0.0200	0.0540
कुत्ताापन	-0.6670	-0.6670	0.0000
कुत्तािश	-0.2080	0.6670	-0.3330
कुत्ताोथ	-0.0420	0.0000	0.0370
कुत्ते	0.0000	0.6670	-0.2670
कुत्तेीName	-0.6000	0.6670	-0.2960
कुत्तों	0.0723	0.2593	-0.0683
कुपोषण	-0.9520	0.1840	-0.4460
कुप्पू	-0.4580	0.4360	-0.3580
कुमिको	0.0000	0.2300	0.4200
कुमिकोमर	-0.9520	-0.3330	-0.6300
कुम्हार	0.1460	-0.1660	-0.0360
कुरान	0.6760	-0.1200	0.1440
कुरानर	0.6670	0.6190	0.2220
कुर्सी	0.3493	0.1183	0.3678
कुर्सीदार	0.0000	-0.4580	0.8570
कुल	-0.1795	-0.2207	0.0545
कुलक	-0.3330	0.4760	0.1110
कुलनिशName	-0.6190	0.6670	0.3330
कुलपिता	0.1840	-0.1040	0.7960
कुलपितािक	-0.4760	-0.2960	1.0000
कुली	-0.6670	0.5000	1.0000
कुलेटर	0.0620	0.0000	0.7140
कुल्स	0.0000	-0.4810	0.4580
कुल्समेन	0.0000	0.5930	0.6110
कुविशName	-0.7145	0.6430	-0.5120
कुश	-0.0580	-0.5380	-0.3760
कुशल	0.7640	0.3809	0.8289
कुशलता	1.0000	0.1900	0.7040
कूक	-0.2660	-0.0540	-0.2780
कूकर	-0.0965	0.3165	0.0950
कूकरीत	-0.5330	0.0000	-0.3750
कूकिशName	0.6300	0.6670	-0.0950
कूच	0.0840	0.3080	0.0780
कूटशब्द	0.1287	-0.0017	0.2577
कूड़ा-	0.0000	0.0000	-0.3700
कूड़ेदान	-0.1455	-0.5280	-0.6395
कूत	-0.5420	0.3810	-0.5000
कूद	0.4585	0.6565	0.2150
कूदता	0.1803	1.0000	-0.0767
कूदना	0.8890	0.9580	0.5930
कूदनेवाला	0.2300	-0.3280	-0.0380
कूदी	-0.2940	0.6200	-0.5680
कूदें	0.4190	0.3650	0.3195
कून	0.0000	0.0000	0.0000
कूनहीक	0.2500	0.5710	0.6190
कूप	-0.5210	0.2930	-0.1545
कूपन	0.4080	-0.4000	-0.1580
कूमी	-0.6670	-0.3330	-0.6190
कूमीName	0.2700	-0.2300	0.2040
कूमीना	0.0200	0.0180	-0.3880
कूमीश	-0.7220	0.5420	-0.6190
कूराउ	-0.1040	-0.0620	-0.0420
कूरियर	-0.6670	-0.6670	-0.2860
कूल	0.0000	-0.5190	-0.1850
कूलमछली	0.0000	0.5190	0.0000
कूलीड	0.0560	-0.5830	0.1110
कूलेंट	0.4400	-0.1760	-0.0880
कूस	-0.2980	-0.2740	-0.4210
कृतघ्न	-0.6744	-0.4324	-0.4347
कृतघ्नपन	-0.9050	-0.6670	-0.7080
कृतज्ञता	0.8850	-0.2495	-0.0565
कृत्रिम	-0.2310	-0.1150	-0.0935
कृत्रिमता	-0.4705	-0.3390	-0.3310
कृत्रिमीकरण	0.0000	0.3330	0.4440
कृपया	-0.1442	0.0055	0.0262
कृपया-r	0.4760	0.5420	-0.6670
कृपा	0.9430	-0.4103	0.0478
कृपालु	1.0000	-0.6670	0.0633
कृपालुता	1.0000	-0.6115	-0.3860
कृषि	0.3720	-0.3580	-0.0540
कॆनलिन	0.6460	-0.2080	-0.2220
कॆलिन	0.6080	-0.3960	0.0760
के	0.0325	-0.0941	-0.0148
के-	0.0152	0.0399	0.0102
के-nick	-0.0400	0.0180	-0.1600
के-nicknonnks	0.1850	0.0000	-0.4440
के-ग	0.1020	-0.2220	-0.1920
के-म्प	0.6670	0.0560	0.4170
केंद्र	0.0328	-0.0940	0.2248
केंद्र-	0.0000	-0.6670	0.3700
केंद्रक	-0.3330	0.1670	0.0420
केंद्रित	-0.0730	-0.0209	-0.1897
केंद्रीय	0.4580	-0.4400	0.4000
केंद्रीयName	-0.0420	-0.5240	0.6300
केंद्रीयाइज	0.3680	-0.1460	0.6040
केंद्रीयाइजर	0.0830	0.6670	0.8890
केंद्रीयिटी	0.1420	-0.3760	0.4180
केआईओगर	-0.6880	0.3460	0.0360
केआईओस्करusa.	0.0000	-0.4280	-0.3580
केक	0.5290	-0.1150	-0.2660
केक-	-0.7080	-0.5190	-0.3700
केकड़ा	-0.3107	-0.0174	-0.3817
केकड़ाजर	-0.0400	-0.4080	-0.3520
केगेट	0.0420	-0.0950	-0.1480
केटचप	0.3060	-0.3240	-0.4360
केटटोन	-0.3330	-0.0830	0.0000
केटनोग्राफ	0.0000	0.5000	0.2920
केटाली	-0.2860	-0.3750	-0.2380
केटोरेंट	-0.2925	0.5785	-0.0835
केडीई-	0.0980	0.2980	0.0560
केडीई४	-0.4340	-0.1140	-0.5160
केडेट	0.2390	-0.0980	0.0590
केडेट-	0.3220	-0.4260	-0.1760
केडेमियम	-0.6670	-0.5000	0.1250
केन	-0.1992	0.3972	0.0410
केनाएसहोक	0.1020	-0.3660	-0.4640
केनेना	-0.7040	0.1330	0.2500
केनोएम	-0.1320	-0.3060	-0.3340
केनोनिकल	0.0840	-0.1800	0.2400
केनोनिकली	0.2960	0.0000	0.3330
केपकेप	0.0000	0.0000	0.0000
केपको	0.7040	0.6670	0.0420
केपमेन	-0.3330	0.6670	0.7080
केपसीसी	-0.9630	-0.9520	-0.9630
केपाइजेशन	-0.6670	-0.6670	-0.9170
केफ़ॉर्मूला	0.3125	0.0975	0.1890
केबल	0.0090	-0.5885	-0.3255
केबल-	0.0000	0.6670	0.3750
केबल्ड	0.0000	-0.6670	0.1670
केमर	-0.6250	0.6670	0.1480
केमरमर	0.1430	0.0000	0.2860
केमरर	-0.0560	0.6670	-0.0370
केमरा	-0.7760	0.4900	-0.2780
केमराbrazil.	-0.4580	0.1140	-0.3040
केम्पर	0.1250	0.7500	0.0000
केयोटो	0.5560	0.0000	0.0000
केरटी	0.5000	0.0000	0.0830
केरिस	-0.1460	-0.1660	-0.1860
केरेमलिन	0.0950	0.0000	1.0000
केरेमोसिस	0.0000	-0.0370	0.0000
केरोकर	-0.6670	0.2220	-0.2920
केल	0.1190	-0.6605	-0.2365
केल-	0.0000	-0.4580	-0.0740
केल-ब्रश	0.0830	0.4810	-0.1430
केलएम	0.0200	-0.3100	-0.3580
केलक	-0.1220	-0.3260	-0.3200
केलकीusa.	-0.1760	-0.1480	-0.2600
केलगुर	0.1670	-1.0000	-0.6250
केलडीरी	-0.2080	-0.7060	-0.5540
केलप	-0.0420	-0.4720	-0.5740
केलबैक	-0.2380	-0.8890	0.0740
केला	0.0775	-0.4960	-0.4510
केलाइन	0.0000	-0.6670	-0.5710
केलाइन्ट	0.1840	-0.0940	-0.1780
केलाडाName	-0.3330	-0.7040	-0.4810
केलालाला	-0.8330	0.2540	-0.4215
केलिब्रेट	0.5200	0.2380	0.7100
केलियनusa.	0.2440	-0.5000	-0.5140
केलियम	-0.0200	-0.3680	-0.3920
केलेटिका	0.7920	-0.6670	0.4170
केलेदान	0.0740	0.0000	0.0000
केलेब	0.5830	0.7080	0.6250
केलेव	-0.0670	-0.6670	-0.6670
केलैन	-1.0000	0.9520	-0.0370
केलों	-1.0000	-0.6670	-0.7620
केवर्टर	0.7080	0.6670	0.9580
केस	-0.0927	-0.1014	-0.1037
केसंस्फीति	1.0000	0.0000	0.6670
केसइन	-0.0600	-0.1280	-0.1700
केसनेंट	0.0000	-0.3060	-0.1660
केसबुक	0.0000	-0.6670	0.2780
केसवर्क	0.0740	0.6670	0.4070
केसवर्कर	0.2960	0.6670	0.5420
केसाइजेशन	-0.7780	0.6670	0.7500
केसाकीनेस	-0.5420	-0.3810	-0.3810
केसार्जियन	-0.5840	0.1300	0.2200
केसिर्क	-0.0480	-0.6670	0.0000
केसीएमक्लासॉट	0.1480	0.0000	0.0000
कैंकी	-0.5830	-0.5240	-0.4580
कैंगडान्गाasia.	0.0000	-0.6670	0.0370
कैंच	0.0000	0.0000	0.0000
कैंचिन	-0.3330	-0.6670	-0.3330
कैंची	0.3771	-0.0853	-0.0243
कैंटर	0.4200	0.1807	0.7653
कैंटरियल	0.6040	-0.2420	0.0940
कैंटल	0.1670	-0.7140	0.0000
कैंटिअन	-0.3680	-0.3340	-0.2960
कैंटी	0.6110	-0.5560	-0.3330
कैंटोperu.	-0.6670	0.0000	0.0000
कैंट्रीमेंट	-0.1200	0.0980	-0.0500
कैंबियन	0.2440	-0.5200	0.0200
कैंबूasia.	0.1900	-0.8330	-0.3810
कैंसर	-0.9480	0.5275	-0.2565
कैउण्डल	-0.8120	0.4800	-0.1760
कैकीर्ट	-0.7220	0.6670	-0.6670
कैकोस	0.2020	-0.2680	0.4720
कैटनी	0.0000	0.0000	0.0000
कैटलॉग	0.2080	-0.4520	0.1395
कैटलॉगर	0.1665	0.0000	0.0205
कैड	-0.1060	-0.1880	-0.1920
कैडीडी	0.0420	-0.1300	-0.4820
कैण्डा	0.0840	-0.1960	-0.2380
कैद	-0.6760	0.2907	-0.2133
कैदी	-0.8580	0.3080	-0.3840
कैन	-0.0820	-0.4040	-0.2040
कैनगर	0.6670	0.6670	0.3330
कैनटन	0.0840	-0.0560	0.0720
कैनटोन	0.0000	0.0000	0.2780
कैनन	0.1460	0.1380	-0.1500
कैनरी	0.1640	-0.4480	-0.4700
कैनल	0.3460	-0.4820	-0.3580
कैनवास	0.3940	-0.5540	-0.2390
कैनवेटर	0.0420	0.0000	0.4580
कैनस	0.1240	0.0400	0.5380
कैनाइन	0.0000	0.6670	0.6670
कैनाटा	0.6670	0.6670	0.0000
कैनेटेड	-0.6670	0.6670	-0.4440
कैनेसियनName	0.0000	-0.0370	0.4070
कैनॉन	-0.2200	0.2120	-0.0050
कैनोरल	0.1240	-0.2660	-0.0180
कैन्सिंग	0.0000	-0.0860	-0.3700
कैन्सेटिका	0.8890	-0.5000	0.3810
कैन्सेन्स	0.3260	-0.1660	0.3100
कैप	0.2240	-0.5200	-0.2500
कैप-	0.0135	0.1052	0.0592
कैपnorway.	0.7040	0.0480	0.8150
कैपर	0.0200	-0.2600	-0.3480
कैपलेट	0.0000	0.0000	0.0000
कैपिपिम	-0.5710	0.6670	-0.5830
कैपीरी	-0.0620	-0.2700	-0.2100
कैपे	0.0620	-0.5300	-0.2860
कैपेक्टर	0.3190	0.4585	0.5380
कैपेक्टिक	-0.0903	0.1280	0.0370
कैपेक्टिकता	-0.6670	0.6670	-0.4440
कैपेक्टेक्टिंग	0.7900	0.1880	0.6320
कैपेलीName	0.0000	-0.6670	0.1110
कैपेवेशन	0.8150	0.7040	0.4170
कैपेसिप्पोcolombia.	0.5840	-0.4420	-0.2320
कैप्चर	-0.2063	0.6417	0.1110
कैप्सलॉक	-0.3400	-0.2120	-0.2040
कैप्साइज	-0.6670	0.9580	-0.6250
कैफीन	0.3760	0.2000	0.0280
कैफ्ट	-0.1020	-0.5300	-0.4700
कैब्ररीusa.	0.0000	0.0000	0.0000
कैब्लाइडर	-0.2920	-0.0580	-0.0560
कैम	0.2860	1.0000	0.6000
कैमरा	0.3353	0.0618	0.1945
कैमरामेन	0.0840	-0.0960	0.0840
कैमरून	-0.3020	-0.1620	-0.5040
कैमरूनusa.	-0.0840	-0.2740	-0.0560
कैमरूनworld.	0.2440	-0.4600	-0.2700
कैम्प	0.3540	0.0180	-0.1280
कैम्प-	0.6250	-0.2780	0.0000
कैम्पर	0.1460	0.0580	-0.0360
कैम्पहोर	0.0000	0.0480	0.0000
कैम्पिंग	0.3060	0.0580	-0.0400
कैम्पी	0.2590	0.5420	-0.1850
कैम्पेन	0.0370	-0.9580	0.0000
कैम्पोनिक	-0.8330	1.0000	-0.2920
कैम्बिया	0.0000	0.6670	0.0000
कैरल-बोर्ड	0.4440	0.0000	0.3330
कैरिआName	0.6670	-0.0420	0.0000
कैरिएमपी	-0.6250	0.5930	-0.4810
कैरिकी	0.0000	-0.7780	0.0950
कैरिटर	-1.0000	0.6670	0.7040
कैरिटला	-0.0480	0.0560	-0.2300
कैरिटिनियाafrica.	-0.8570	-1.0000	-1.0000
कैरिटेनिक	-0.6670	0.6670	1.0000
कैरिट्रिक	-0.0413	0.1227	0.1750
कैरिपिक	0.5955	0.5390	0.1790
कैरिरिटिप्पी	-1.0000	0.6670	-0.7500
कैरेक्टर	-1.0000	1.0000	0.5190
कैरेप	-0.1400	-0.0760	-0.0900
कैरेमा	0.3330	-0.5560	0.0000
कैरोंग	-0.5800	0.1300	-0.2060
कैरोंगर	-0.3540	-0.0200	-0.2840
कैर्जा	0.0000	-0.8330	0.0000
कैर्टर	-0.3280	-0.0180	-0.2540
कैर्टेनराइजेशन	-0.3810	0.6670	0.8330
कैर्सनasia.	-0.3330	0.5830	0.0420
कैलकुलेटर	-0.0323	-0.3040	0.3950
कैलकुलेटरी	-0.6670	0.4440	1.0000
कैलशियम	0.2000	-0.3080	-0.0420
कैलाडारी	0.0420	-0.3760	-0.1880
कैलिबर	-0.0782	0.1086	0.2016
कैलिबराइजेशन	-0.6670	-0.6250	-0.2960
कैलिबरेट	0.1040	-0.0800	0.2460
कैलिब्रैशन	0.4290	0.6670	0.6300
कैलिस्टिस्ट	0.6670	0.3310	0.5970
कैलीटर	0.0000	0.6670	0.6670
कैवेName	-0.1640	0.2360	0.3520
कैश	0.1040	-0.3040	-0.2220
कैशब	-0.2300	-0.1760	-0.1580
कैशर	-1.0000	0.6670	0.9580
कैशॉट	0.0370	0.5190	0.0000
कैसे	0.0000	0.0000	0.2960
कैसेडी	0.6300	-0.4070	0.0000
कैसेलर	-0.6670	0.6670	-0.1850
कैिगर	0.0420	0.6670	0.9580
कॉजेंटल	-0.1040	-0.1320	-0.1460
कॉजेंटेटरी	0.0000	-0.6670	0.0420
कॉजेंट्री	0.7340	0.2600	0.5380
कॉथियाpoland.	-0.2920	-0.2860	-0.4440
कॉनचमेंट	-0.2700	0.1640	-0.0180
कॉनस्टेटर	-0.3120	0.2540	0.1860
कॉन्ट्रा-	-0.2860	0.2360	-0.0560
कॉन्ड्ड्ड	-0.5830	-0.0830	-0.3750
कॉन्फ़िगर	0.5575	0.2240	0.4570
कॉन्फ़िगरेशन	0.0200	-0.4572	-0.0447
कॉन्फ़िगरेशनः	-0.3060	-0.1380	-0.2200
कॉन्फ़्सेस	-0.6670	-0.5930	-0.5190
कॉन्वेंटी	0.0000	-0.5190	0.2080
कॉपीराइट	0.6670	-0.5830	0.2590
कॉफ़ी	0.3540	0.2400	0.0160
कॉफी	0.3923	0.0307	-0.2420
कॉफी-	0.5200	-0.3340	-0.3760
कॉफीक	0.6250	-0.1670	0.0000
कॉम-	-0.0400	-0.1920	-0.1180
कॉमरेट	-0.6670	-0.6670	-0.5930
कॉमिक	0.8340	-0.0820	-0.2260
कॉमिकName	0.1240	-0.1160	0.0920
कॉमिक्स	0.5783	0.3203	-0.1927
कॉमियम	0.0820	-0.0980	0.0380
कॉमिसिसरी	-0.2300	0.0000	0.5760
कॉमी	-0.2300	0.0380	-0.0920
कॉमीर्सर	-0.5830	0.6670	1.0000
कॉमेजराइजेशन	0.6670	-0.5000	-0.3330
कॉमेटास	-0.3330	-1.0000	-0.6670
कॉमेटिवी	-0.3750	-0.6250	-0.5830
कॉमेर्सGenericName	0.5560	0.3330	0.4170
कॉमेसर	0.5000	-0.7780	0.5190
कॉमेसिस	0.5190	-0.6670	0.2220
कॉमोडोडोworld.	-0.6670	-0.6670	-0.5560
कॉम्क	0.2460	-0.1420	-0.0940
कॉम्किएटर	0.6670	-0.5000	-0.1670
कॉम्क्शन	0.5830	-0.5240	0.5000
कॉम्क्शनिक	0.5240	0.6670	0.3330
कॉम्बो	0.3960	-0.1220	-0.0940
कॉम्रेट	0.2200	-0.3920	0.1000
कॉर्क	0.1660	-0.1600	-0.0660
कॉर्न-	0.2200	-0.5635	0.0000
कॉर्नियाName	0.0210	-0.3080	-0.1140
कॉल	0.1890	0.1423	0.1087
कॉलबैक	-0.0840	-0.2840	0.0160
कॉलर	-0.1320	0.6208	0.2583
कॉलरिज	-0.0320	-0.1960	-0.3020
कॉलस	-0.3330	-0.5000	-0.2080
कॉली	0.6670	-0.6670	0.2500
कॉलीग्राफर	0.6670	0.6670	0.4170
कॉलीग्राफी	0.4255	-0.0620	0.1875
कॉलेज	0.4000	-0.0660	0.4920
कॉलोनीयल	0.6670	0.1250	0.4810
को	0.1188	-0.1298	-0.0036
को-	0.0830	-0.9580	-0.2220
को-सम्पादक	0.5830	0.6250	0.4760
कोंकक	-0.3330	0.0000	0.0000
कोंकेName	-0.0660	-0.1780	-0.0960
कोंगो	0.0000	0.5830	-0.2860
कोंटेनेंस	0.0000	-0.6670	0.0740
कोंपरिusa.	-0.0420	-0.5600	-0.5540
कोंपरेकरेperu.	-0.6670	0.7140	-0.2000
कोंपी	-0.1460	-0.3140	-0.2740
कोंपोजरGenericName	0.6670	0.6670	0.6190
कोंयोक्सिक	-0.7220	1.0000	0.8330
कोंलेटाइड	0.0000	0.0000	0.0000
कोंशिक	0.7220	0.5240	0.6670
कोई	-0.1319	-0.3302	-0.2037
कोईg	0.5000	-0.9330	-0.3700
कोईनेस	-0.6670	0.6670	-0.5000
कोऑप	0.2240	-0.1100	0.3000
कोऑपरेटर	0.7710	0.3150	0.5345
कोऑप्टी	0.0000	-0.0580	-0.1860
कोक	-0.3330	0.6670	-0.4580
कोकर	-0.4170	0.7040	0.7410
कोका	-0.1250	0.6670	0.0000
कोकिशName	0.1110	0.6250	-0.5190
कोकीName	-0.6670	0.9170	-0.8750
कोकूक	0.5560	0.0000	0.0000
कोकून	0.0277	0.1977	0.0033
कोकूनusa.	0.0950	0.0000	0.0830
कोकेन	-0.6880	0.6800	-0.2540
कोकेस	-0.1920	-0.0780	-0.2060
कोकोका	0.5520	-0.4900	-0.3560
कोकोस	-0.6800	0.2130	-0.1050
कोक्स	0.0000	0.2500	0.5000
कोक्सिस्ट	0.4160	-0.0800	0.0720
कोच	0.1045	0.5278	0.1497
कोचना-	0.0000	0.5000	0.2960
कोचमन	-0.0420	-0.2120	0.0180
कोचमेन	0.3810	0.6670	0.6300
कोचर	0.6670	0.6670	0.5560
कोचवर्क	0.6670	-0.5830	0.2920
कोचारी	-0.7040	0.6670	-0.7780
कोचित	0.2220	0.3810	0.1855
कोचिया	0.0000	0.0000	0.0000
कोचिल	0.0000	0.6670	0.1480
कोज	-0.3220	-0.2760	-0.4060
कोज़ी	0.7040	-1.0000	-0.3330
कोज्या	0.0000	0.0000	0.0740
कोट	0.2017	-0.4537	-0.0810
कोटा	0.3960	-0.0600	0.1980
कोटाक्स	-0.2660	-0.2000	-0.1060
कोटे	-0.1220	-0.3120	-0.3520
कोटेट	-0.3330	0.6670	0.2220
कोटेटेट	0.2760	0.4915	0.5770
कोटेड	0.1060	-0.2290	-0.0600
कोट्टेलन	0.0000	-0.5190	0.4440
कोट्‌सवा	0.0950	0.6670	0.7780
कोड	-0.0842	0.2033	0.1387
कोड-	0.2500	0.3700	0.5420
कोडफ्टेंट	-0.6670	0.4070	-0.1850
कोडर	0.3330	0.5710	0.5930
कोडलेस	-0.0950	-0.5000	-0.1670
कोडिंग	0.0269	0.0747	0.1134
कोडेक्स	-0.0100	-0.2720	-0.1520
कोढ़	-0.7400	0.3400	-0.3020
कोढ़ी	-0.9250	-0.2445	-0.6645
कोण	0.0205	0.0445	0.0505
कोणीय	-0.1020	-0.4380	-0.1120
कोद	-0.0320	-0.1010	-0.1050
कोन	0.0190	0.1360	0.1960
कोना	0.2623	-0.2347	0.3333
कोनासोईName	-0.5330	0.6000	-0.3750
कोने	0.0143	-0.2107	0.1690
कोनेबैक	0.3330	0.9520	0.5930
कोनो	-0.0200	-0.1220	0.0000
कोपकोनाusa.	-0.4580	0.8750	0.7500
कोपेकName	0.2300	0.0200	-0.1400
कोब	0.0740	-0.5560	-0.2670
कोबाबोbrazil.	-0.5185	-0.9340	-0.5000
कोबालर	0.0200	-0.1700	-0.3640
कोबे	0.2040	0.0940	-0.3260
कोमल	0.3869	-0.2821	-0.1146
कोमल-	0.5240	0.5930	0.1480
कोमलता	0.5637	-0.4206	-0.1839
कोमलपन	-0.2380	0.4440	0.0420
कोमा	-0.5620	-0.4900	-0.3960
कोमाबाक@	0.0200	0.2840	0.0080
कोमिनो	0.0860	-0.3200	-0.0200
कोमीत	0.5300	-0.0420	0.6720
कोमीसी	0.6670	-0.5000	0.9630
कोमोटी	-0.6670	0.3330	-0.7500
कोमोयल	0.6670	-0.6670	0.5560
कोयल	-0.2330	-0.2910	-0.4350
कोयल-	-0.1460	-0.1140	-0.1100
कोयल-बोर्ड	0.0480	-0.5830	0.0420
कोयले	0.0098	0.1557	0.0777
कोयोटे	-0.0820	-0.0580	-0.2260
कोर	-0.0917	0.1797	0.0903
कोरंत्र	-0.1430	0.0000	0.0000
कोरकर	0.6670	0.0000	0.5240
कोरगर	-0.3330	-0.6670	-0.4170
कोरड	-0.0370	0.6670	0.2780
कोरमानक	-0.7080	-0.5190	-0.8570
कोरमानमान	0.0000	-0.1850	-0.5190
कोरस	0.0000	0.3095	0.3095
कोरिएटर	0.6670	0.5710	0.5930
कोरिक	-0.3340	-0.1600	-0.1400
कोरित	-0.3540	0.2800	-0.0180
कोरियन	0.0420	-0.1730	0.0520
कोरिया	0.0000	0.6670	0.6670
कोरियाई	-0.1300	0.1000	0.0000
कोरी	-0.1810	-0.1082	-0.0090
कोरीडेंट	-0.0420	0.3400	0.0120
कोरीनusa.	0.2560	0.1920	0.5580
कोरीफ़	0.7780	-0.9260	-0.2920
कोरीफ़िकता	0.0000	0.2500	0.2380
कोरीरी	0.0560	-0.0740	0.5190
कोरीलेटर	0.3435	-0.3065	0.2005
कोरेमर	0.6670	0.4290	0.1850
कोरेसिखिली	0.0830	-0.4070	0.0000
कोरोटो	-0.7080	-0.3750	-0.4580
कोरोस	-0.5840	0.0480	-0.0680
कोर्निकperu.	0.6670	-0.4440	-0.5190
कोर्निकusa.	-0.1040	-0.6040	-0.6160
कोर्स	0.1687	0.4363	-0.0187
कोर्सर	0.0000	0.6190	0.6110
कोल	-0.2350	-0.3520	-0.1360
कोलगेरिया	-0.2380	0.1160	-0.1280
कोलन	-0.0255	0.2343	0.4155
कोलमेंट	0.0400	-0.3340	0.0160
कोलर	0.2620	0.7885	0.5210
कोलरलर	-0.7300	0.3520	0.0180
कोलरली	-0.6670	0.6110	0.2960
कोला-	-0.0210	-0.3465	0.2780
कोलाइकhaiti.	0.0000	0.2590	0.3750
कोलागेन	0.0820	-0.5100	-0.1000
कोलाब	0.0000	-0.6670	-0.3330
कोलाबर	0.4760	0.6670	0.6190
कोलाबरेशन	-0.6670	-0.6670	-0.8890
कोलाहल	-0.6670	1.0000	0.5830
कोलियाईName	0.5000	0.5560	0.2080
कोलेटर	0.0000	0.6670	0.5560
कोलेटल	0.0693	-0.0913	-0.1003
कोलेटिक	0.2860	0.0670	0.3750
कोलेस्ट्रॉल	-0.6040	0.1660	-0.2040
कोलैंडर	0.0000	-0.2220	0.0000
कोलैश	-0.4860	0.5200	0.0000
कोलॉज	0.3600	-0.3580	-0.2500
कोलॉज़ी	0.5710	-0.5710	0.4810
कोलोक्खम	0.0740	-0.1250	0.5190
कोलोक्वियाcolombia.	0.6300	0.5830	0.2860
कोलोफॉन	0.0000	-0.1840	-0.2300
कोलोल्ड	-0.5800	0.1460	-0.5400
कोल्ड	0.0000	0.0000	0.0000
कोल्डमछली	-0.0200	-0.5100	-0.4000
कोल्डवुड	0.0000	-0.8750	-0.1900
कोल्डेन	0.3540	-0.1740	0.1040
कोल्फिकusa.	-0.1000	0.2600	-0.0360
कोल्फोसी	0.5330	0.9630	0.3330
कोव	0.0000	-0.3920	-0.2600
कोविएट	0.0000	-0.5830	0.3330
कोवीडीName	-0.5000	0.3340	-0.5000
कोवेलेंट	0.0000	-0.1900	0.3330
कोवेलेंटusa.	0.7760	0.2300	0.0200
कोशम	0.0420	-0.0830	0.0830
कोशाइज	0.1110	0.6250	0.3330
कोशिश	0.1066	0.3108	0.2016
कोशीशी-	0.0000	0.6670	0.5190
कोष्ठ	0.6670	0.0480	0.3330
कोष्ठक	0.0420	-0.4403	0.1520
कोसhaiti.	0.5710	1.0000	0.0480
कोसंकर	0.6250	0.6670	0.5830
कोसाName	0.6940	-0.4900	0.0360
कोसाक	0.0000	0.6670	0.7920
कोस्टली	0.8890	-0.5930	0.6300
कोहर	-0.0620	-0.1140	-0.3760
कोहरा	-0.2637	-0.4627	-0.3347
कोहराcolor	0.6670	-0.9170	0.3330
कोहरागर	-0.5240	0.6300	0.0000
कोहराता	-0.6670	-0.9580	-0.5710
कोहरा्ड	-0.3330	-0.9630	-0.5830
कोहेन्सन	0.2080	0.0720	0.1100
कोहेरेंट	0.3960	-0.4380	0.0000
कोहेसिव	0.0620	-0.0600	0.2060
कोॉट	-0.5190	0.0000	-0.3330
कौन	0.0000	0.0000	0.0000
कौवा	0.0000	-1.0000	0.0000
कौशल	0.4533	-0.0867	0.1660
क्या	-0.0460	-0.1007	-0.1413
क्याडोडोडो	-0.1880	-0.0120	-0.1400
क्याह	0.0460	0.0560	-0.2980
क्यू	0.0420	-0.1340	-0.0320
क्यूकैप्शन	-0.9050	-0.9580	-0.8520
क्यूबिकName	0.4170	0.0000	0.3330
क्यों	0.0000	0.6670	-0.2860
क्योंकि	-0.1040	-0.2555	-0.1190
क्रम	0.3635	0.1507	0.4335
क्रमबद्ध	-0.0620	-0.2000	0.2840
क्रांति	-0.1660	0.8040	0.5960
क्रांतििस्ट	0.1110	0.8330	0.9260
क्रास	-0.4050	0.0537	-0.0527
क्रास-	0.2494	0.3070	0.2418
क्रास-टोन	-1.0000	0.0000	0.6190
क्रासपन	-0.7140	0.6670	-0.3700
क्रासपोड	0.1900	-0.7080	-0.1670
क्रासबेम	0.0000	0.0830	0.4170
क्रासर	-0.2220	0.7500	0.3330
क्रासहेयर	-0.0830	0.6190	1.0000
क्रिकेट	-0.1540	0.0780	-0.2600
क्रिकेटर	0.5420	0.7780	0.3330
क्रिप्टो	0.0830	0.0000	0.5830
क्रिप्टोगामusa.	0.0000	-0.8750	0.0000
क्रिप्टोगेनिक	-0.2780	-0.6670	-0.1250
क्रिप्टोग्राफी	0.1102	0.1965	0.6152
क्रिप्टोग्राम	0.1670	-0.0480	0.5190
क्रिया	0.2827	0.2667	0.2713
क्रिया-	-0.1420	-0.2240	-0.1880
क्रियाएँ	0.4020	0.3200	0.6140
क्रियाशील	0.0258	-0.1037	0.1536
क्रियाशीलक	-0.0178	0.5184	0.6280
क्रियाशीलकर्ता	-0.1460	0.1905	0.7615
क्रियाशीलता	0.2032	-0.2171	0.1911
क्रियाशीलमोआ	0.0000	-0.6670	0.2220
क्रियाोसिटी	-0.4000	-0.0180	-0.0980
क्रिसएसियन्स	0.5830	-0.5190	0.6250
क्रिसटीट	0.1560	-0.3235	0.1785
क्रिसटीस	-0.6670	0.6545	0.2385
क्रिसस्मास	0.7525	0.1750	0.1895
क्रिसिसमासी	0.7500	0.3960	0.2040
क्रिसेसियनता	0.8520	-0.6670	0.5710
क्रिस्टल	0.2420	-0.4167	-0.1453
क्रिस्टल-	0.6670	0.5240	0.6670
क्रिस्टलता	0.0420	-0.1430	0.0000
क्रिस्टलर	0.0000	-0.6670	0.4760
क्रिस्टलित	0.3335	-0.8335	0.2220
क्रिस्टलीकरण	0.1280	-0.3475	0.3985
क्रीम	0.2820	-0.5490	-0.5110
क्रीमी	0.6565	-0.3920	-0.0810
क्रीम्ड	0.4460	-0.4540	-0.4240
क्रीम्स	0.6670	-0.8100	0.1110
क्रूर	-0.5393	0.3824	0.2758
क्रूरता	-0.8573	0.7293	0.3060
क्रूरपन	-0.9580	0.7620	0.8750
क्रूरीकरण	-1.0000	0.7500	0.1480
क्रेडिट	0.4904	-0.0104	0.5592
क्रेडिटता	0.6670	-0.0950	0.7500
क्रेडिटिंग	0.3460	0.1000	0.4820
क्रेडिटेबल	0.6040	0.0200	0.4840
क्रेन	-0.2080	-0.1660	0.1780
क्रेनusa.	-0.3810	0.6670	0.1900
क्रेफ	0.3540	-0.3340	0.0580
क्रेफ़	-0.0620	-0.0940	-0.2260
क्रेरोसbrazil.	-0.7620	-0.3330	-0.6670
क्रैण्डर	-0.0410	0.3425	-0.4585
क्रैप	-0.6670	0.9580	0.2860
क्रैश	-0.5960	0.6200	-0.3570
क्रैशर	-0.6670	0.6670	0.0000
क्रोध	-0.8311	0.7626	0.3100
क्रोध-	-0.2740	0.3260	-0.0920
क्रोम	0.1640	-0.2540	-0.1580
क्रोमाperu.	0.2220	0.0000	0.1670
क्रोमाग्राफी	-0.0400	0.0740	0.0700
क्रोमाग्राम	0.0000	-0.6670	0.0000
क्रोमाटोग्राफ	0.0000	0.6670	0.2380
क्रोमाटोग्राफ़ी	0.0370	0.0000	0.5830
क्रोमानियम	-0.0840	-0.1920	-0.1060
क्रोमानोग्राफी	0.0000	-0.0830	0.3330
क्रोमासियोग्राफ	0.2920	-0.5930	0.1430
क्रोमासियोग्राफर	0.0830	0.0000	0.5560
क्रोमेटिक	-0.1860	-0.1740	-0.1300
क्रोमेटिकिकता	0.0000	-0.0480	0.0000
क्रोमेन्ट	-0.4170	0.0000	0.2920
क्लंकName	-0.7780	-0.9580	-0.8890
क्लककर	-0.1670	0.6670	-0.5190
क्लब	-0.1236	0.1940	-0.2212
क्लबमेन	-0.0830	0.0000	0.5420
क्लबरी	-0.6670	0.0830	-0.1850
क्लबरूम	0.3330	0.6670	0.3330
क्लबिंग	-0.4070	0.7080	0.1250
क्ललोलोम	0.7080	1.0000	0.2920
क्लशक	-0.5000	0.7140	0.0370
क्लशटर	-0.2828	0.2658	0.2330
क्लशर	-0.6670	0.6670	0.5560
क्लशशश	-0.6670	0.6110	0.3700
क्लशशशनेस	-0.6670	-0.5830	0.6670
क्लस्टरटर	0.2500	0.8335	-0.0210
क्लस्टराइजर	0.0000	0.6300	0.9580
क्लाइंट	0.1660	-0.1000	0.2360
क्लाएंट-	-0.6670	-0.5710	-0.2860
क्लाएंटसेल	0.2500	0.1540	0.0160
क्लास	-0.0075	0.1538	0.3227
क्लासर	0.9630	0.6670	0.2220
क्लासिक	0.5860	-0.2400	0.3330
क्लासिकवाद	0.6670	-0.5420	0.5930
क्लासिकीName	-0.4580	-0.2240	0.2240
क्लासिक्स	0.5000	-0.3340	0.0200
क्लासिफेबल	0.0000	-0.2080	0.2500
क्लासी	0.8340	-0.1800	0.2980
क्लासीय	-0.2860	0.0000	-0.1850
क्लासीयर	0.5560	0.6250	0.2920
क्लासेटेट	0.4700	0.5600	-0.0700
क्लिक	0.0220	-0.1692	-0.1053
क्लिक-	-0.4820	0.0900	-0.2420
क्लिकनो	-0.3960	0.8460	0.0380
क्लिकर	-0.1640	-0.0200	-0.0740
क्लिप	-0.1240	-0.3800	-0.2380
क्लिप-	-0.6670	0.0000	0.0000
क्लिपआर्ट	0.0000	0.0000	-0.0830
क्लिपबोर्ड	0.1880	-0.4900	-0.1540
क्लिपर	-0.4140	-0.1560	-0.2340
क्लिपिंग	-0.0800	0.0000	-0.1900
क्लिपी	0.0740	-0.5000	0.0000
क्लिल्टर	0.0000	0.0000	-0.1480
क्लीअर	-0.6670	0.6670	0.8750
क्लीक	0.0600	-0.1000	-0.2840
क्लीकनेक्टेटिकल	0.5420	-0.5200	-0.1460
क्लीके	-0.7340	0.1240	-0.4720
क्लीकेमेल	-0.2650	-0.1805	-0.4630
क्लीक्यूटर	0.1880	0.1200	0.0180
क्लीक्स	-0.6670	0.6670	0.9630
क्लीग्ड	0.0000	0.1850	0.1250
क्लीच्ड	0.0000	0.5560	-0.4070
क्लीटर	-0.4043	0.6927	0.1703
क्लीटलेड	0.1110	0.5830	0.4290
क्लीटल्ड	-0.2700	-0.2440	-0.1820
क्लीड	-0.3330	0.0000	-0.1900
क्लीडनेस	-0.6670	0.0000	0.5420
क्लीड्ड	-0.2960	-0.2080	-0.2780
क्लीप	-0.3960	-0.1480	-0.2360
क्लीब्ड	0.0000	-0.4670	0.0000
क्लीमेंट	0.0000	0.6190	0.4810
क्लीयोच	-0.3960	-0.4120	-0.3960
क्लीयोट	-0.5840	-0.0560	-0.4340
क्लीयोटिकॉन	-0.6670	-0.6190	-0.3330
क्लीयोपेटी	0.2700	-0.5200	0.4580
क्लीयोपेट्रा	-0.2215	0.3435	-0.4235
क्लीयोला	-0.0620	-0.5380	-0.3520
क्लीयोलीName	0.6190	-0.5240	0.0000
क्लीयोविंग	0.0000	-0.6670	-0.1670
क्लीसेडी	0.2500	0.0940	-0.1560
क्लीस्टार	-0.0400	0.1500	-0.1780
क्लेफ़	0.2300	-0.2800	0.1900
क्लेरल	0.8340	-0.3340	0.3120
क्लेरेंस	-0.2080	-0.5960	0.0900
क्लेलटर	-0.5830	0.6670	-0.4580
क्लेश	-0.0520	0.2995	-0.0160
क्लेस्की	-0.5000	0.5200	-0.1380
क्लेस्टर	-0.7140	0.5600	-0.2300
क्लेिलिका	0.2240	-0.3960	0.2780
क्लैच	-0.0400	-0.1000	-0.4280
क्लैचर	0.2700	-0.1840	-0.1460
क्लैमेंटर	-0.1457	0.2579	0.0554
क्लैम्पल	0.3383	0.2270	0.1160
क्लैम्पल्शन	0.6300	0.5930	0.2590
क्लैम्पिंग	-0.1900	0.7410	-0.5710
क्लैम्पेबल	0.0000	-0.0830	-0.0420
क्लॉस्क	0.0830	0.0420	-0.2500
क्लोक	-0.1150	-0.1485	-0.1755
क्लोक-बोर्ड	0.0000	0.0000	0.0000
क्लोज	0.2660	-0.4280	0.0580
क्लोन	-0.1605	-0.0290	-0.0800
क्लोप	-0.2500	-0.0980	-0.3920
क्लोम	0.8220	-0.3060	0.0360
क्लोमिकusa.	-0.0370	-0.0420	-0.0740
क्लोमी	0.5200	-0.1600	0.2200
क्लोमीName	1.0000	-0.1250	0.1250
क्लोरीन	0.0137	-0.0539	0.0149
क्लोरेजोusa.	0.6250	0.0000	0.0000
क्लोरेट	-0.5830	0.0000	0.0000
क्लोरोग्राफ	0.0000	-0.2160	0.0580
क्लोरोग्राफर	0.4170	0.6670	0.5000
क्लोरोग्राम	0.0000	-0.5830	0.1670
क्लोरोग्रोल	0.4760	0.0000	0.0000
क्लोरोट्रिट्रिक	0.0000	0.6670	0.3750
क्लोरोडिस्क	0.0000	-0.6670	0.1480
क्लोरोनोअम	0.0420	0.5830	0.4760
क्लोरोनोग्राफ	0.0000	0.6250	0.5420
क्लोरोनोजिकल	0.0000	-0.5710	0.3330
क्लोरोनोट्रिक	0.0000	-0.5830	0.4170
क्लोरोफ़ॉर्म	-0.4380	-0.2600	-0.2140
क्लोरोफ़ोperu.	-0.6670	-0.6250	-0.6670
क्लोरोफिंग	-0.6670	0.6670	-0.4760
क्लोरोबल	0.0000	0.2960	0.2500
क्लोरोमो	0.0000	-0.0740	0.0370
क्लोरोमोस्काperu.	0.0560	-0.5000	0.0000
क्लोरोलॉजिस्ट	0.0000	0.6670	0.5000
क्लोरोाइड	-0.4700	-0.2260	-0.0520
क्लोल	0.6855	0.1235	-0.0975
क्लोला	0.5240	0.5190	0.2500
क्लोलाडाName	-0.7040	0.0000	-0.6190
क्वाकलियाईName	-0.6250	0.6670	0.8150
क्वाचिडें	0.0000	0.1110	0.4580
क्वाटेटर	0.0000	0.6670	0.3330
क्वाडिशName	-0.7315	0.0295	-0.3415
क्वाडेंड	-0.3700	0.6670	-0.3330
क्वाम्पासियाcolombia.	-0.7620	-0.5190	-0.5830
क्वार्ट	-0.1220	-0.4700	-0.1280
क्वार्टर	-0.1240	-0.1100	-0.1100
क्वार्टसेट	-0.0420	-0.2460	-0.0560
क्वार्टेट	0.4070	0.0000	0.2590
क्वार्टो	-0.0840	-0.2080	-0.2140
क्वार्ट्ज	0.4080	-0.4160	-0.0380
क्वावाट	0.0000	0.6670	0.8520
क्विक	0.5000	0.2800	0.0740
क्विक-	0.1806	0.1497	0.1000
क्विकः	1.0000	0.6670	0.0370
क्विकईपी	0.0400	-0.0200	-0.1700
क्विकटी	0.2000	0.4000	-0.1380
क्विकडी	-0.5620	0.4800	0.0160
क्विकर	0.0000	0.9630	0.5830
क्विकेचर	-0.6670	0.6670	0.7920
क्विकेर	-0.6670	0.6670	-0.4170
क्विकेस	0.0205	0.3125	0.1850
क्विजर	-0.3330	-0.3810	-0.5240
क्विम	-0.7330	-0.3700	-0.9630
क्विस्टी	1.0000	1.0000	0.5000
क्वीम	-0.2660	0.3200	-0.1780
क्वीमीम	-0.6670	-0.6670	-0.5560
क्वीवेल्यूशन	0.2860	0.0000	0.6670
क्वेचिशName	-0.3330	-0.5190	-0.5000
क्वैरी	0.0420	-0.1600	-0.0660
क्षण	0.2080	-0.1300	0.0180
क्षणिक	0.1240	-0.4580	-0.3400
क्षति	-0.4050	0.3570	0.4150
क्षमता	0.5650	-0.0384	0.6102
क्षमताओं	1.0000	0.0560	0.7080
क्षमा	0.3800	-0.1795	-0.3705
क्षितिज	0.4580	-0.4320	0.1800
क्षुद्रग्रह	-0.1120	0.1353	0.0720
क्षेत्र	0.1152	-0.1565	0.1694
क्षेत्रात्मक	0.0000	0.0000	0.0000
क्षेत्रीकरण	0.0480	-0.5330	0.4290
क्षैतिज	0.1460	-0.3920	-0.2260
खंकघर	-0.0600	-0.1720	-0.1860
खंज-	0.0000	0.5830	0.0000
खंजक	-0.1840	-0.4280	-0.2280
खंजिंग	0.0000	0.5710	-0.1430
खंड	0.0000	-0.4620	-0.1580
खंड-	-0.6300	0.5000	0.5190
खंडहर	-0.7090	-0.0200	-0.5650
खंडित	0.3890	-0.0185	0.5445
खंडितनेस	-0.8890	-0.6670	-0.7040
खकेक्यूName	0.0320	0.0000	-0.0320
खगोल	0.6570	0.1487	0.7333
खगोलीय	0.2045	-0.4520	0.0518
खच्चर	-0.3600	-0.3260	-0.4920
खजूर	0.2340	-0.3992	-0.0572
खजूरी	0.0000	0.2500	0.0000
खड़ा	0.0472	-0.1733	-0.0025
खड़ा:	0.0000	0.0000	0.6190
खड़ी	0.1360	0.3454	0.0520
खड़े	0.2260	-0.0790	0.2490
खण्ड	-0.1533	0.0933	0.1773
खण्डन	-0.2085	0.1845	0.0035
खण्डवाद	-0.5710	0.6670	-0.5190
खतना	-0.0630	0.0530	0.1632
खतना-	0.0000	0.6670	0.4760
खतनारहित	0.0000	-0.0830	-0.4760
खतरनाक	-0.9600	0.8820	0.3160
खतरा	-0.7622	0.5168	0.3663
खतरे	-0.2799	0.3370	0.1397
खत्म	-0.6400	0.6744	-0.2648
खत्मडो	-0.6880	0.7280	0.2040
खनिज	0.1600	0.0418	0.3250
खनिजाकार	0.0000	0.0000	0.3810
खनिजीकरण	0.5830	-0.9580	0.1900
खप्पे	-0.1040	0.0620	-0.1560
खबर	0.0335	0.8335	0.5420
खबरें	0.4760	0.7140	0.6110
खबल	0.6670	-0.5000	0.0830
खमीर	0.1333	0.2037	-0.0617
खमेलबाक्सName	0.3980	0.0800	-0.1420
खरगोश	0.3700	-0.3400	-0.5180
खरा	0.3233	-0.1067	0.2233
खराद	0.0496	0.1280	-0.0964
खराब	-0.6881	0.3430	-0.2362
खराबass	-0.4900	0.5500	0.4900
खराबता	-1.0000	-0.3750	-0.9580
खराबबॉल	-0.4580	0.3600	0.0100
खराबमिनटन	0.7140	0.6670	0.0830
खराबलैंडjamaica.	-0.6670	0.0000	-0.1110
खराबा	-0.6670	0.0370	-0.2960
खराबि	-0.7700	0.1920	-0.2120
खराबियाँ	-0.3800	0.4280	0.0000
खराबी	-0.4840	0.1868	-0.1385
खरामोग्राफ	0.0000	-0.6670	0.5420
खरीद	0.4333	0.4247	0.1400
खरीदर	0.0200	0.0980	0.3460
खरीदा	0.0340	-0.1120	0.0380
खरीदारी	-0.1666	0.4382	-0.1902
खरोंच	-0.4480	0.2500	-0.4600
खर्च	-0.1119	0.0615	-0.0477
खर्चता	-0.6670	-0.4440	-0.9440
खर्चा	0.3540	-0.3140	-0.0140
खर्चे	0.4760	0.3330	0.6670
खलिहान	0.1290	0.3445	0.2325
ख़ज़ाने	0.7940	0.3630	0.6630
ख़डरर	-0.6360	0.0740	-0.3140
ख़तरनाक	-0.7948	0.6862	-0.0642
ख़तरनाकता	-0.9215	0.5715	0.3610
ख़तरा	-0.6660	0.7460	0.0380
ख़तरे	-0.8500	0.7415	-0.2790
ख़त्म	-0.2650	0.2898	0.3580
ख़त्मलैंडjamaica.	0.0000	-0.5000	0.5830
ख़त्मा	-0.6670	-0.6670	-0.2500
ख़ाका	0.2300	-0.1160	0.1140
ख़िलाफ	0.0640	-0.4480	0.0380
ख़ुश	0.7500	0.1140	0.1240
ख़ुशियाँ	0.7140	0.5200	0.1640
ख़ुशी	1.0000	0.6670	0.0000
ख़ोआ	0.0200	0.3080	-0.3280
ख़ोगान्गोperu.	-0.1380	0.0440	-0.0200
ख़ोयोरा	0.6040	0.4800	0.0000
ख़ोसोसोसोस	-0.7040	-0.6250	-0.8890
ख़ोहरर	0.0000	0.6670	0.2960
ख़्ब्लाइडनेस	-0.4070	-0.7080	-0.1110
खा	0.0320	-0.2580	-0.4000
खाँचा	-0.2097	-0.1543	-0.2613
खाओ	0.4620	0.0000	-0.0720
खाट	1.0000	0.6670	0.4440
खाड़ी	0.1064	-0.1422	-0.0592
खाड़ी-	0.6670	0.5830	0.3750
खाता	0.2852	-0.2712	0.2910
खाताबही	-0.6670	-0.6670	-0.4070
खाते	-0.3120	0.7760	0.1480
खाना	0.3980	-0.1150	-0.2125
खानाकी	-0.2860	-0.0980	-0.2840
खाने	0.6535	0.0190	0.1790
खाया	0.0000	0.5930	-0.6670
खाल	-0.0937	0.5863	0.3737
खाली	-0.0500	-0.0563	-0.0751
खास	-0.2915	-0.0835	0.1590
खासतौर	0.9630	0.0000	0.5190
खिंचाव	0.2915	-0.2000	0.0925
खिलाड़ी	0.3380	0.4060	0.3300
खिलाड़ी-	0.0000	0.3700	0.2500
खिलाफ	-0.5520	0.0960	-0.1940
खिसकती	0.0000	0.6670	-0.0480
खिसकते	0.4455	-0.4455	-0.4205
खिसकने	-0.3850	-0.2945	-0.2840
खिसकाएँ	-0.0744	0.3086	0.0402
खिसकाना	0.1540	0.3077	-0.1937
खींचना	-0.6670	0.6670	-0.6250
खींचने	0.0000	0.6670	0.5830
खींचा	-0.6670	0.5000	-0.5190
खींचें	-0.2240	0.2120	-0.3040
खींचो	-0.1000	0.3700	-0.0540
खीचते	-0.6670	0.6300	-0.5190
खीचना	0.0000	0.6670	0.4070
खुद	-0.0837	0.0997	0.2060
खुदा	-0.2192	-0.1757	-0.3038
खुदा-	-0.1220	0.0400	-0.1560
खुदाई	0.0162	0.1822	0.3516
खुबाउ	0.1240	-0.2540	0.2360
खुरदरा	0.6660	-0.5000	0.0540
खुरदरी	-0.6670	0.6670	-0.5000
खुरदार	0.0000	0.3330	0.0000
खुला	0.1787	0.1478	0.0622
खुलापन	0.7920	-0.3330	0.2960
खुली	0.5710	0.6670	0.3330
खुले	0.6030	0.2215	0.1455
खुल्लम-खुल्ला	-1.0000	1.0000	-0.8330
खुश	0.7037	0.4743	0.3430
खुशखबरी	0.6670	0.6670	0.5830
खुशियों	0.8815	0.3970	0.2520
खुशी	0.7319	0.3563	0.2447
खूंटी	-0.3340	-0.1160	-0.4720
खून	-0.5619	0.2517	-0.2087
खून-	0.0200	0.3140	0.2080
खूनक	-0.6730	0.2955	-0.0660
खूनी	-0.9900	0.9600	-0.2420
खूब	-0.2274	0.1634	-0.1296
खूबसूरत	0.7872	-0.3630	0.2368
खूबसूरती	1.0000	-0.7410	0.5000
खेकर	-0.4760	1.0000	-0.3330
खेकर्स	-0.3880	0.6940	-0.4440
खेज़	0.0620	-0.0560	-0.0360
खेत	0.5363	-0.4093	-0.0200
खेतमेन	0.1670	0.6190	0.0000
खेतलैंडusa.	0.4580	-0.2740	0.0180
खेती	0.2314	0.0737	0.0621
खेती-	0.2705	-0.3080	0.0205
खेतीच	0.4440	-0.6670	-0.3700
खेतीर	0.1000	0.1140	0.2880
खेतेपर	-0.4580	0.0000	-0.2960
खेतों	0.4380	-0.3800	-0.3020
खेद	-0.6877	-0.1523	-0.4984
खेदित	-0.8515	-0.2355	-0.6250
खेनिकी	-0.3200	-0.3600	-0.2460
खेल	0.4462	0.4577	0.2753
खेल%	0.5200	0.1020	0.1320
खेल-	0.6300	0.9170	0.5000
खेलName	0.4876	0.5552	0.4124
खेलकूद	0.6670	0.6670	0.4810
खेलने	0.1665	0.0000	-0.0420
खेलमेन	0.5100	0.4700	0.4260
खेलर	0.1890	0.4345	0.3335
खेलली	0.6670	1.0000	0.6670
खेलस्टर	-0.3330	0.6670	0.2920
खेले	0.5794	0.6226	0.0768
खेलें-	0.5055	-0.0750	0.1670
खोखले	-0.5335	-0.4965	-0.4445
खोखलेनेस	-0.6670	-0.9520	-0.6670
खोज	0.2780	0.2459	0.3057
खोजक	0.7080	0.6670	0.9580
खोजकर्ता	0.4580	0.3260	0.4280
खोजकर्ताओं	0.6670	0.5190	0.5420
खोजे	-0.6250	-0.7080	-0.6670
खोदा	0.0000	0.6250	0.2860
खोपड़ी	-0.2240	-0.2755	-0.0595
खोपड़ीकुत्ती	-0.9630	0.6670	0.5710
खोया	-0.7003	0.2573	-0.4513
खोल	1.0000	-0.4580	-0.3330
खोला	0.3340	0.0200	0.2400
खोलें	0.0560	-0.1817	-0.1110
खौलता	-0.2792	0.4272	-0.1410
खौलते	0.7140	0.0740	0.7500
ख्क	0.0400	-0.2860	-0.2140
गंतव्य	-0.0810	0.0782	0.1957
गंदंदर	0.0000	0.6670	-0.0830
गंदगी	-0.8640	0.3105	-0.5407
गंदर	0.0200	-0.1800	-0.2940
गंदे	-0.6267	0.1780	-0.4768
गंदे!	-0.1633	-0.1250	-0.1713
गंध	-0.1510	-0.1236	-0.1192
गंधक	-0.2220	-0.0657	-0.0987
गंधी	-0.4887	0.0310	-0.1840
गंभीर	-0.3330	0.1701	0.1507
गंभीरता	0.1214	-0.0299	0.1890
गई-	0.0000	0.5930	0.4070
गगलर	0.2660	0.6420	-0.0400
गगलिंग	0.7720	0.4520	-0.2180
गगल्बक्सर	0.5330	0.6670	-0.5830
गज	-0.0065	-0.4120	-0.0350
गड़बड़	-0.5710	0.3945	-0.4565
गड़बड़ी	-0.1873	-0.1890	-0.3410
गड़हा	0.1020	-0.4420	-0.4900
गड़हे	-0.4480	0.2160	-0.1200
गड्ढे	-0.0962	0.2736	0.2512
गणक	0.0260	-0.4340	0.1760
गणतंत्र	0.2700	-0.3200	0.6600
गणना	0.1094	-0.0276	0.1973
गणना-	-0.3330	0.6000	0.9170
गणराज्य	0.2035	0.6485	0.5185
गणित	0.1531	0.0907	0.4026
गणितीय	0.4535	0.1665	0.4230
गति	-0.1553	0.2043	0.0660
गति-	-0.5000	1.0000	0.4945
गतियाँ	0.5830	-0.7410	0.8520
गतिशील	0.5630	0.3252	0.5606
गतिशीलता	0.0032	-0.2869	0.0050
गतिशीलीय	0.0000	0.0000	0.0000
गतिहीन	0.0000	-0.7780	-0.4760
गथेन	-0.0635	-0.4160	-0.4830
गदही	-0.1880	-0.2660	-0.5100
गद्दारी	-0.9270	0.5785	-0.0880
गनोम	-0.1420	-0.0420	-0.2400
गन्दगी	-0.4580	-0.6670	-1.0000
गन्धक	-0.5632	-0.0185	-0.1335
गन्धरस	0.3330	-0.9170	0.0000
गन्‍ने	0.5560	-0.8890	0.0000
गपशप	-0.1099	0.3418	-0.3216
गपशप-	0.1255	0.3815	-0.1105
गपशपर	-0.5000	0.7860	-0.5400
गब्बर	0.0000	0.6670	-0.2380
गब्बी	0.1600	-0.2660	-0.1120
गब्लॉबर	-0.3960	-0.0620	-0.2720
गमुट	-0.0200	-0.3200	-0.0760
गरजता	-0.1460	0.6320	0.3500
गरजते	-0.0930	0.2790	0.0040
गरिमा	0.6980	-0.0210	0.6080
गरीब	-0.7588	-0.3960	-0.7328
गरीबी	-0.8580	0.0380	-0.7580
गरूरिला	-0.7080	0.6900	0.4540
गरूरूलर	-0.2140	0.0740	-0.1280
गर्डर्ड्ड	-0.7080	0.7140	0.5420
गर्दन	0.2075	-0.2550	-0.2385
गर्दन-	0.0950	-0.0950	0.0000
गर्भ	-0.2279	-0.2102	-0.1391
गर्भना	-0.3235	-0.3685	-0.4620
गर्भनिरोध	0.0000	-0.3335	0.0230
गर्भनिरोधक	-0.2745	0.3690	-0.0820
गर्भपात	-0.4180	-0.0635	0.0450
गर्भपातकर्ता	-0.6670	0.6190	0.9630
गर्भवती	0.3367	0.0837	-0.1357
गर्म	0.0487	0.2910	0.0796
गर्म-	0.0000	0.5930	0.0000
गर्मकुट	0.4400	-0.1240	-0.2540
गर्मघर	0.3330	-0.0830	-0.2860
गर्मपन	0.5420	0.2640	-0.0905
गर्मबाक्स	-0.3810	0.6670	-0.2220
गर्मलाइन	0.1840	0.1300	0.3260
गर्मवा	-0.6250	1.0000	0.1110
गर्मियों	0.6330	-0.1920	-0.1020
गर्मिशName	0.3330	-0.6670	0.0000
गर्मी	0.3875	-0.0322	-0.0897
गर्मीName	0.8100	0.8890	0.4440
गर्मोगा	0.3660	0.2180	-0.1080
गर्म्ड	0.0200	-0.4300	-0.2100
गर्म्मोन	0.0200	-0.1640	-0.1160
गर्व	-0.0403	0.3666	0.5370
गलत	-0.6811	0.2204	-0.4408
गलतbeviver	-0.9380	0.4080	-0.4620
गलतता	-0.6670	-0.5710	-0.5930
गलतनेस	-0.7602	-0.6944	-0.5020
गलतपन	-0.9260	-0.4810	-0.4440
गलतफहमी	-0.7760	0.2360	-0.4320
गलतबटन	-0.7040	0.5930	-0.6670
गलती	-0.5402	0.1190	-0.6195
गला	-0.4598	0.6605	0.0870
गला.	0.0000	-0.6250	0.0000
गलील	0.3335	0.0835	0.2500
गलीलईName	-0.5240	-0.9630	-0.8570
गले	0.4055	-0.0775	0.0392
गवाह	0.2006	0.2390	0.2324
गवाही	0.1423	0.1325	0.5755
गहने	0.6460	0.1380	0.1940
गहरा	-0.1348	-0.0471	-0.1326
गहरा-	0.6735	-0.4760	-0.1665
गहराcolor	-0.1900	-0.1760	-0.1320
गहराई	0.2717	0.0176	0.3221
गहराता	0.7330	-0.6670	-0.2780
गहरापन	-0.3717	-0.2211	-0.2337
गहराला	-0.6670	0.1430	-0.5190
ग़लत	-0.6670	0.5930	-0.5240
ग़लतता	-0.6670	-0.9630	-0.3700
ग़लतियाँ	-0.6579	0.0751	-0.1971
ग़लतियों	-0.7140	0.4160	-0.0540
ग़ायब	0.0260	-0.0767	-0.1973
ग़ौर	0.2290	-0.2355	0.2555
गाँठ	0.0410	0.0545	0.0560
गाँठी	-0.3330	0.0420	-0.3700
गाँव	0.3680	-0.2660	-0.3280
गांवperu.	0.4200	-0.2260	0.0180
गाइड	0.6807	-0.2593	0.4970
गाइडबुक	0.3540	-0.4800	-0.1460
गाइडबोर्डName	0.4290	0.0000	0.2000
गाइडें	0.3760	-0.3700	0.2400
गाए	0.6880	-0.1140	-0.2720
गाएँ	-0.0115	-0.7780	0.1005
गाड़ी	0.0264	-0.3211	-0.0614
गाड़ीग्राफी	0.0400	-0.4000	0.1580
गाड़ीर	-0.3760	-0.0400	-0.1380
गाड़े	-0.5940	0.1540	-0.3340
गाढ़ा	0.3567	0.3553	0.4036
गाढ़ापन	-0.3113	0.0823	0.5723
गाना	0.5062	0.2141	0.1005
गाना-	0.5420	0.6110	0.2920
गामा	0.0350	-0.0500	0.1176
गामाः	-0.2328	0.1122	-0.2336
गामामीटर	0.6670	0.5930	0.4440
गाय	-0.0569	0.1040	-0.2431
गाय-	0.0922	0.3676	0.1444
गाय-इन	-0.0205	0.3335	0.1520
गायउण्ड	0.2610	0.2500	0.5490
गायक	0.5060	0.0330	0.1010
गायके	0.0830	0.6110	0.5560
गायना	-0.0823	-0.3347	-0.1150
गायपोक्स	0.0000	-0.0480	-0.1430
गायब	-0.7140	-0.1180	-0.3000
गायबे	0.0370	0.6670	-0.4440
गायहर्ड	0.0000	0.6670	-0.0740
गायहैण्ड	-0.1240	-0.0280	0.1920
गायों	0.0567	0.1957	0.2387
गारंटी	0.2243	-0.3433	0.0923
गार्जर	0.8460	0.4920	0.3140
गार्जली	0.0000	-0.5000	-0.4070
गार्ड	0.2680	0.0938	0.5293
गार्डमान	0.6300	0.6300	0.8890
गार्डर	0.4375	-0.3335	0.2710
गार्डल	-0.2220	-0.6670	0.5000
गार्डियन	0.0200	-0.1300	0.5400
गाल	0.3780	-0.3620	-0.2970
गालिक	0.2500	0.6670	0.5240
गालिकन	0.5420	0.0000	0.0000
गालिकनेस	0.3330	0.6670	0.0420
गाली	-0.7642	0.5256	-0.0476
गाली-	-0.3340	0.1180	0.1720
गिंगको	0.0000	-0.8890	0.0420
गिटार	0.4050	0.0840	0.0190
गिटारिस्ट	0.6540	0.4800	0.0820
गिनती	-0.0632	0.3191	0.4255
गिनती-	-0.3530	0.6574	0.6172
गिनती-प्रस्ताव	0.0830	0.6670	0.6670
गिनती:	0.1670	-0.3810	0.0000
गिनतीमेन	0.0000	0.4580	0.6300
गिर	-0.3443	0.1307	-0.4240
गिरजे	0.1960	-0.3400	0.2860
गिरता	-0.1170	-0.4515	-0.3265
गिरती	-0.7760	0.1220	-0.1400
गिरते	-0.3760	-0.0580	-0.1460
गिरफ्तार	-0.4222	0.7360	0.1993
गिरर	-0.1880	0.2440	0.2340
गिरें	-0.3450	-0.2010	-0.1540
गिरोह	-0.4495	0.0905	-0.1710
गिरोह-	-0.0882	0.1207	0.0213
गिरोहलैंडjamaica.	-0.1960	0.2140	-0.1900
गिरोहल्शन	0.0000	0.0000	0.0000
गिरोहिंग	-0.3330	0.5420	-0.3810
गिरोहियास	0.0000	0.8750	0.0000
गिरोह्बेंग	-1.0000	1.0000	0.4290
गिर्सिलियनName	-0.4060	-0.2200	-0.0720
गिला	0.1840	-0.2840	-0.3340
गिलिकर	-0.6670	-0.1250	-0.8330
गिलियड	0.1260	-0.4760	0.7360
गिलिलिल	0.5100	-0.0180	0.0920
गिलोश	0.2860	-0.6670	0.0000
गिल्ड	0.7500	0.0370	0.4810
गिल्डर	0.5830	0.5240	0.1480
गिल्ड्ड	0.4380	-0.0580	-0.0900
गीत	0.4993	0.2890	0.0813
गीत-	0.4283	0.0898	0.2082
गीत-ग्रेसिव	0.5330	0.3330	0.3750
गीतरबर्ड	1.0000	0.6250	-0.3890
गीतेउण्ड	0.6670	-0.6670	-0.2500
गीनीयल	0.8330	-0.3330	0.2380
गीनोफिऑल	0.0740	0.6670	0.9260
गीरोग्रिकusa.	0.1110	-0.6670	0.4580
गीली	0.1040	0.1375	0.1355
गीलीबैक	-0.4580	-0.1960	-0.4140
गीले	-0.1560	0.5200	0.0340
गुंग	0.0000	0.0000	0.0000
गुंगडाद	-0.2920	-0.3750	-0.5330
गुआंगरी	-0.6670	-0.5240	-0.6670
गुआंगलैंडusa.	0.0000	0.0000	0.0000
गुआडेलोप	-0.2030	0.0718	-0.0165
गुएर्नसर	-0.2220	0.5000	-0.6670
गुएर्नसी	-0.0820	-0.1000	0.1120
गुच्छ	-0.0200	-0.0840	-0.1080
गुच्छा	0.0370	-0.5420	-0.2220
गुच्छेदार	0.2400	-0.2540	-0.5260
गुण	0.1932	-0.1225	0.2472
गुणक	0.2860	0.2300	0.4820
गुणता	0.9580	-0.6670	0.8750
गुणधर्म	0.6670	-0.8750	0.5560
गुणन	0.3700	0.5930	0.6670
गुणनता	0.1150	0.0100	0.2800
गुणर	0.0480	-0.5710	0.2920
गुणा	0.4035	0.2220	0.3662
गुणाज़	-0.6670	-0.6670	-0.4070
गुणार	0.4938	0.6106	0.5950
गुप्त	-0.1562	-0.0250	-0.0151
गुप्तता	-0.5830	-0.6300	0.5000
गुफा	-0.3535	-0.5005	-0.5645
गुफाईName	-0.3020	0.1770	-0.0540
गुफामेन	-0.5300	0.2880	-0.0360
गुब्बारे	0.5625	0.0785	-0.1435
गुमनाम	-0.3810	-0.6250	-0.8100
गुमराह	-0.5267	0.3748	-0.1822
गुरुत्वाकर्षण	0.0200	0.2700	0.0760
गुरूत्व	-0.2162	-0.1114	-0.1906
गुरूत्वीय	0.1040	0.2080	0.7940
गुरूर	0.0000	0.6670	0.2500
गुरूसेट	-0.1460	-0.1500	-0.1540
गुरूी	0.0560	0.6300	0.4290
गुर्दे	-0.1040	-0.2740	-0.2400
गुलजार	-0.2860	0.6670	0.6670
गुलबहार	-0.3048	-0.0229	-0.0444
गुलबहारName	-0.0868	0.1465	-0.0573
गुलबहारक	0.0730	-0.2700	-0.2210
गुलबहारन	0.0415	-0.6250	-0.3335
गुलबहारनरी	-0.3960	0.3080	-0.1520
गुलबहारर	-0.1878	0.7292	0.0777
गुलबहाररName	-0.3700	0.6250	0.5420
गुलबहाररी	-0.4480	-0.0580	0.0880
गुलबहारस	0.3680	-0.4720	-0.3520
गुलबहार्-	-0.6670	0.5000	-0.6670
गुलाबी	0.1939	-0.1868	-0.0452
गुलाम	-0.7920	0.4400	-0.3580
गुस्ताखी	-0.7757	-0.5123	0.0183
गुस्सा	-0.3780	0.1240	0.2430
गुस्से	-0.6207	0.6213	-0.0412
गूंगा	-0.3810	0.5930	-0.5000
गूंगापन	-0.9050	-0.7080	-0.7920
गूट	-0.1700	-0.0030	-0.0470
गूप	-0.0620	-0.2120	-0.3340
गूफिम	-0.6660	0.3080	-0.1700
गृह	0.1648	-0.4725	-0.1338
गेंद	-0.0529	0.0087	-0.2782
गेंदना	0.6040	0.3200	-0.0500
गेंदें	-0.1184	0.2317	-0.0670
गेट	0.0100	-0.5245	0.1345
गेट-	0.0000	0.0000	-0.3330
गेटकीपर	0.1367	-0.0063	0.1683
गेटबाज	-0.6670	0.8890	0.5710
गेटबाजर	-0.6670	0.8330	-0.0830
गेटमैन	0.0000	-0.6670	0.6190
गेटवे	0.1840	-0.2480	0.0580
गेन	0.8340	0.2800	0.6440
गेनर	0.8330	0.6670	0.5930
गेनिस्ट	-0.5000	-0.5000	0.2380
गेन्सता	-0.6670	-0.6670	-0.5240
गेबन	-0.3120	-0.5000	-0.5180
गेब्रीName	0.1110	-0.0950	0.0000
गेलियन	-0.2860	-0.1800	-0.1420
गेवरबर्ड	0.6250	0.6670	0.7920
गेहूँ	0.0620	-0.6300	-0.5000
गेहूं-	0.6250	0.0830	0.0740
गैंटीName	0.1880	-0.3660	-0.1780
गैंट्स	-0.6240	0.0900	-0.2980
गैंडी	1.0000	-0.5000	0.8150
गैंडे	-0.1350	0.6840	-0.5915
गैंडेचcolor	-0.4380	0.2720	-0.2140
गैंबिया	-0.5830	0.6400	-0.5740
गैजनेस	0.3750	-0.3330	-0.4000
गैटो	0.1780	-0.3400	-0.2180
गैप	-0.0200	-0.0860	-0.3100
गैर	-0.0596	-0.3531	-0.1428
गैर-	0.0420	0.0000	0.3750
गैर-ज़िम्मेदार	-0.6460	0.3600	-0.5180
गैर-रे	-0.8330	-0.6670	-0.9260
गैर-रेपुंज	-0.5000	-0.3200	-0.3960
गैर-रेपुष्ट	0.0000	-0.3335	-0.0185
गैर-वेस्टर्न	0.0000	0.0000	0.0000
गैरज़	0.0620	-0.4340	-0.0900
गैरज़िम्मेदारता	-0.9580	0.0000	-0.6250
गैरनी	0.5710	-0.0950	-0.0370
गैरपारदर्शिता	0.8520	-0.8750	0.9050
गैरपुष्टि	-0.6670	-0.6190	-0.6670
गैरमौजूदन	-0.6670	-1.0000	-0.9170
गैररे	0.0000	-0.9580	-0.7410
गैररेडानasia.	0.2380	-0.5830	0.5000
गैरसिस्टमीय	-0.6670	-0.5190	-0.5560
गैरस्टेंट	0.0000	-0.6670	-0.4170
गैलन	0.0620	-0.3460	-0.3100
गैलेक्टरName	0.3810	0.5930	0.1110
गैलेक्टेक्टर	0.5710	0.4440	-0.3330
गैस	-0.2927	-0.1995	-0.0420
गैस-लेस	0.2920	-0.9440	-0.5830
गैसकेट	0.0820	-0.2660	0.1700
गैसचन	0.6250	0.0000	0.3330
गैसटन	-0.5830	0.5830	-0.3700
गैसदान	-0.6670	0.6670	-0.4170
गैसमा	0.7080	0.3330	0.2590
गैसमेन	0.0000	0.6670	0.3330
गैसमेस्क	-0.5930	0.6670	0.2960
गैसलाइट	-0.4140	-0.0340	-0.2260
गैसवर्क्स	-0.6670	0.6670	-0.1250
गैससोरॉन	0.7080	0.0000	0.5560
गैसिंग	-0.6670	1.0000	-0.1900
गैसिकली	0.0950	-0.5830	0.2860
गैसिसनेस	-0.6670	0.6670	-0.5000
गैसिस्ट	0.0000	0.6670	0.6250
गैसी	-0.3310	-0.1880	-0.2885
गैसीकरण	-0.3120	0.0180	0.1860
गैसीय	-0.2903	0.2107	-0.1067
गैसीयता	-0.0370	0.6670	-0.1670
गैसोनोम	0.6670	0.2220	0.7220
गैसोनोमी	0.6240	0.0380	0.1620
गैसोसेंट	0.0000	-0.5830	-0.2220
गॉइडी	0.7080	1.0000	-0.2780
गॉगिंग	-0.6110	1.0000	0.7620
गॉचे	-0.4920	-0.2040	-0.2300
गॉचो	0.5830	0.6670	0.5930
गॉज़	-0.3600	-0.2240	-0.5550
गॉटर	-0.0600	0.2300	-0.0900
गॉटास	-0.3680	0.1800	-0.2740
गॉनूasia.	0.4320	-0.3340	-0.3980
गॉफ़ॉन	-0.2920	-0.5100	-0.1320
गॉफिऑल	0.0000	-0.6670	0.4580
गॉफ्ड	-0.5920	0.4520	-0.1420
गॉबॉन	0.0000	0.6670	0.0480
गॉय	0.0400	-0.5000	-0.5740
गॉयरेबल	0.6670	-0.6670	0.6000
गॉरा	0.3330	-0.9520	0.0000
गॉरो	0.3175	0.3335	0.0185
गॉर्नियाusa.	-0.5420	0.0320	-0.3100
गॉर्नियास	-0.3890	0.6670	0.6670
गॉर्म्ड	0.5560	0.6670	-0.5560
गॉसीक	0.0000	0.0000	0.0000
गोआ	-0.2080	-0.1180	-0.2000
गोआटेट	0.3540	0.3120	-0.0360
गोकी	-0.4680	0.3550	-0.1000
गोग्रिकल	0.0830	0.0420	0.4170
गोच	-0.6670	0.0000	-0.1900
गोटेटिक	-0.3600	0.0780	0.1420
गोटेली	0.6670	0.6300	0.3700
गोड	-0.6190	1.0000	0.8330
गोड्रोन	0.0200	-0.0280	-0.1640
गोत्रों	0.0000	0.6110	0.3810
गोथ	-0.8800	0.9710	-0.1280
गोथिक	0.1432	-0.0570	0.2035
गोथिकperu.	-0.0370	0.6670	0.2220
गोथिकusa.	0.0895	0.0835	0.3155
गोथिकता	0.5960	0.1260	0.4850
गोथिका	0.4290	-0.6670	0.0000
गोथिया	-0.9580	0.7920	-0.5000
गोथिला	-0.0680	0.3160	-0.0640
गोथिस्टी	0.0480	-0.2500	0.2920
गोथें	-0.4800	0.2160	0.0360
गोथेड	1.0000	0.6670	0.5560
गोथॉंग	-0.4670	0.6670	0.6670
गोथॉयर	-0.1020	-0.1200	-0.1580
गोद	0.6670	-0.2590	-0.2500
गोदाम	0.2910	-0.3850	-0.0630
गोदाममेन	0.0000	-0.5830	-0.3330
गोनिकी	-0.3750	0.5330	-0.0530
गोपन	0.1580	-0.0140	0.1980
गोपनीय	0.1380	0.1792	0.2208
गोपनीयता	0.1675	0.1062	0.2288
गोपित	0.7780	1.0000	-0.1850
गोफन	-0.1660	-0.1540	-0.1920
गोबल	-0.2200	0.2460	-0.0900
गोबलिन	-0.3340	0.0840	-0.2460
गोबॉर	-0.0620	-0.1120	-0.3160
गोभीटर	-0.2960	0.6670	0.4580
गोभीदार	-0.1040	-0.4900	-0.5380
गोभीनिकी	0.1220	0.6420	0.0640
गोरिल्ला	0.1300	0.4400	0.2960
गोर्मिक	0.8220	-0.2260	0.1240
गोल	0.0239	0.0501	-0.0113
गोल-	0.1560	0.4163	0.4630
गोलःcolor	0.5830	-0.6670	0.5930
गोलकर	0.0000	-0.5930	0.2500
गोलकरीक	0.1670	-0.6670	0.2920
गोलघर	0.0000	0.0000	0.2960
गोलपन	0.6670	-0.5830	0.4440
गोला	0.0810	-0.2130	0.0420
गोलाकार	0.1710	0.0325	0.2198
गोली	0.0008	0.1520	-0.0793
गोली-	-0.2300	-0.3220	-0.4080
गोलीदान	-0.6000	0.7360	0.3680
गोलीली	-0.8400	0.8540	0.2300
गोल्फ	0.2000	-0.2087	-0.0133
गोसिकी	0.5710	0.3330	-0.2590
गोसिसिसिपि	0.6670	0.6670	0.1850
गोहिक	-0.6670	1.0000	0.8100
गोॉन्ग	0.0000	0.0000	-0.2080
गौर	-0.4070	0.1900	-0.3330
गौरवपूर्णता	-1.0000	-0.9170	-0.9260
गौरैया	0.1660	-0.0800	-0.3460
ग्नू-	-0.3830	0.0230	-0.2090
ग्नूनीकोजिकल	0.0000	0.0000	0.2500
ग्नूफर्म	0.5560	-0.9520	0.0000
ग्नूब	0.2500	-0.4340	-0.1580
ग्नूरएल	-0.3330	-0.8520	-0.0370
ग्नूल	0.0480	-0.5880	-0.4420
ग्नूवाइजेशन	0.1430	0.6670	0.6670
ग्यारह	0.0430	-0.4210	-0.2130
ग्यूटेटाperu.	0.3810	-0.7410	0.0000
ग्रन्ट्स	-0.5160	0.6250	-0.1270
ग्रन्थ	0.3168	-0.0849	0.1163
ग्रब	-0.2420	-0.0110	-0.4690
ग्रबनेस	-1.0000	-0.5830	-0.6670
ग्रबिकName	-0.6670	-0.4290	-0.6670
ग्रबॉब	-0.4290	0.6670	-0.3700
ग्रह	0.3057	0.1913	0.2577
ग्रहण	0.2948	-0.1950	0.1610
ग्रहणयोग्य	0.5415	-0.1475	-0.1525
ग्रहणशीलता	0.6670	-0.6250	-0.3330
ग्रहरियम	0.4080	-0.0760	0.3100
ग्रहीय	0.1040	0.0000	0.3820
ग्राफ	0.2238	-0.0580	0.1750
ग्राफite	-0.0420	-0.2460	-0.3280
ग्राफक	0.0000	0.6670	0.0480
ग्राफिक	0.2867	-0.1827	0.3223
ग्राफिक्स	0.0840	-0.1380	0.0180
ग्राफित	0.6300	0.6670	0.5930
ग्राफितियाusa.	0.6660	-0.2880	0.2000
ग्राफिती	0.1640	0.2660	-0.2940
ग्राफीक	-0.3330	0.6670	0.1670
ग्राफीय	-0.3330	-0.6670	-0.7080
ग्राम	0.3990	-0.5837	0.1348
ग्रामोफ़ॉयर	-0.6670	0.6670	0.4810
ग्रामोफोन	0.1837	-0.1050	0.1823
ग्रामोफोनिक	0.0000	0.0000	0.2920
ग्राहक	0.1240	-0.1400	0.3460
ग्रिड	-0.0855	0.1968	0.0855
ग्रिडलॉक	-0.6670	0.6300	-0.6670
ग्रिडीन	0.3330	0.6670	0.0000
ग्रिमिंग	0.7920	0.2660	-0.0180
ग्रीक	0.6670	0.0000	0.2080
ग्रीटर	0.5560	0.6670	0.0740
ग्रीनलैंडjapan.	0.5560	-0.6250	0.0000
ग्रीबिशName	-0.2500	0.0200	-0.2800
ग्रे-	-0.3270	0.0640	-0.3570
ग्रेकरियाpoland.	0.9580	-0.5000	0.5190
ग्रेकरीकName	0.9580	0.0000	0.4760
ग्रेगियाईName	-0.7400	0.6480	-0.0740
ग्रेगोलिंग	-0.0800	-0.0200	-0.2400
ग्रेग्रिश	-0.2920	-0.5240	-0.0950
ग्रेग्रेट	0.0000	0.5930	0.2960
ग्रेचचनी	-0.7140	0.4160	-0.1860
ग्रेजुएशन	0.7600	0.3400	0.6170
ग्रेटी	-0.6195	-0.3250	-0.4850
ग्रेटी-	-0.1600	-0.0180	-0.2200
ग्रेड	0.1450	-0.3430	0.1790
ग्रेडप	0.0000	1.0000	0.7780
ग्रेनाडा	-0.6290	0.6450	0.8400
ग्रेनेनी	0.5920	-0.5200	-0.0960
ग्रेनेशियनName	0.0000	0.0000	0.1430
ग्रेपरिक	-0.3330	0.6670	0.0000
ग्रेप्स्स	-0.6670	0.6670	-0.2670
ग्रेफ	-0.4800	-0.0620	-0.1500
ग्रेफ़ॉफ़	0.6670	0.7920	0.2590
ग्रेफिंग	0.0240	-0.3260	-0.4360
ग्रेफिक	0.0560	0.0000	0.2960
ग्रेब	-0.6670	0.6670	-0.4580
ग्रेब-बेर	-0.2000	0.6670	0.4810
ग्रेब्रोइन	-0.6670	0.8570	-0.7500
ग्रेब्रोला्ड	-0.4080	0.1020	-0.1280
ग्रेला	1.0000	0.5560	0.9580
ग्रेव	0.2160	-0.1000	-0.3220
ग्रेवता	0.6670	-0.6670	0.9520
ग्रेवाइज़	0.4807	0.5370	0.4997
ग्रो-	-0.5420	0.3840	-0.1480
ग्रोन	-0.1570	0.3497	0.0613
ग्रोन-	-0.3300	0.0420	-0.2040
ग्रोननेस	-0.5000	-0.6670	-0.1900
ग्रोनीकरण	0.6670	0.5560	0.5830
ग्रोर	0.1755	0.6430	-0.2920
ग्रोल	-0.6120	0.5280	-0.0360
ग्रोलाusa.	0.2500	-0.5200	-0.4380
ग्लमर	0.2300	-0.0760	-0.1460
ग्लरीनक्स	-0.0800	-0.1600	-0.1960
ग्लाइडर	0.0858	0.2160	0.0623
ग्लाइडरी	0.1330	-0.6250	0.2380
ग्लाइडाइड	-0.9440	0.0000	-0.3750
ग्लाइडिंग	0.0990	-0.5740	-0.0975
ग्लाइडिन	0.5560	-0.1670	0.0000
ग्लाइड्स	1.0000	0.6670	0.4580
ग्लागल्ड	-1.0000	0.6670	-0.7410
ग्लिगन	0.3330	0.6670	-0.0480
ग्लिटर	0.1183	0.5207	0.0430
ग्लिटरवर्क	0.0000	-0.9440	0.0740
ग्लिटरी	-0.3330	-1.0000	-0.5420
ग्लिटेन	0.3330	-0.0830	0.0000
ग्लिट्यूटी	-0.3330	-0.8150	-0.7040
ग्लिलर	0.0000	0.7080	0.2860
ग्लिली	-0.3260	-0.3460	-0.5080
ग्लिल्ड	0.4040	0.0000	-0.2540
ग्लिसमिने	0.0000	0.0000	0.0370
ग्लिसरीन	-0.1460	-0.1960	-0.1960
ग्लीमलिन	-0.7140	0.8150	-0.6300
ग्लीलीName	0.2240	-0.0460	-0.0720
ग्लुलर	0.0000	0.5190	0.6300
ग्लुली	-0.6670	0.3330	-0.2500
ग्लूटर	-0.1660	0.0480	0.0800
ग्लैडिकरstar	0.6670	0.4070	0.0000
ग्लैडियेName	1.0000	0.9630	0.0000
ग्लैडियेटर	-0.2993	0.6580	0.5190
ग्लैडियेन	0.1460	-0.3260	-0.1880
ग्लैडियेनेस	-1.0000	0.6670	-0.5710
ग्लैडियेन्स	0.2087	0.0175	0.3357
ग्लैडियेर	0.3420	0.3060	0.1320
ग्लैडियेरjapan.	0.0000	0.4440	0.2960
ग्लैडियेरिंग	0.3880	0.5880	0.5960
ग्लैडिली	-1.0000	-0.6670	-0.6670
ग्लैडिस	0.0976	0.2254	0.0153
ग्लैडिसstar	0.3330	0.0000	0.0000
ग्लैडिसनेस	-1.0000	-0.9580	-0.9580
ग्लैडिसी	-0.4580	-0.2440	-0.2700
ग्लैनारो	0.0000	-0.0830	0.0000
ग्लैपर	-0.2780	0.6670	-0.3700
ग्लैहीName	-1.0000	0.6670	0.7410
ग्लॉइडरी	0.7040	0.0370	0.6670
ग्लॉयर	0.4440	1.0000	0.6670
ग्लॉरसन	0.0000	0.6250	0.4170
ग्लॉरेक्टरName	0.8570	0.6670	0.4440
ग्लॉरेर	0.0740	0.5830	0.3330
ग्लॉर्नियाperu.	0.0000	-0.7080	0.1850
ग्लॉसी	0.5090	-0.0150	0.4320
ग्लॉसीनेस	0.6670	-1.0000	0.0370
ग्लॉसीरी	0.1400	-0.5920	-0.1060
ग्लॉसीलेस	-0.3330	-0.6670	-0.1480
ग्लोगो	0.7080	1.0000	0.5560
ग्लोफ्लोरिकcolombia.	-0.6670	0.0000	0.6250
ग्लोबिकन	-0.1040	-0.1540	-0.2220
ग्लोबुलर	-0.1210	-0.0047	-0.0363
ग्लोबुलरी	0.7220	-0.1850	-0.4440
ग्लोबुलल	0.3330	0.6670	0.5930
ग्लोबुलिस्ट	0.0000	-0.5000	0.5830
ग्लोबुली	-0.1330	-0.5467	-0.1410
ग्लोर	0.9630	0.0370	0.4580
ग्लोरर	0.6460	0.1480	0.4580
घंटी	-0.0571	-0.0926	-0.1381
घंटीउण्ड	0.0840	-0.2740	-0.3960
घंटीमेन	0.0800	-0.5000	-0.2580
घंटे	0.0510	-0.0030	-0.1153
घटक	-0.0105	-0.3490	-0.0430
घटते	-0.5620	-0.0140	-0.5000
घटना	0.0771	-0.0018	0.0589
घटनाएँ	0.0480	0.0000	0.2220
घटाएँ	-0.4585	-0.4200	-0.0980
घटाने	-0.6740	-0.2360	-0.3020
घटित	-0.1819	0.1534	-0.0464
घड़ा	0.0200	0.3460	0.4080
घड़ी	0.0495	0.1346	0.0739
घड़ी-	0.1750	-0.4270	0.2990
घड़ू	0.6240	-0.2540	0.2300
घड़े	-0.1620	-0.1240	-0.2180
घन	-0.0470	-0.4688	-0.2010
घनत्व	0.2040	-0.0580	0.1220
घनाई	0.0000	-0.0740	0.0000
घप	-0.4080	-0.0760	-0.5000
घबराता	-0.6740	0.8300	-0.5180
घमंड	-0.0160	0.3143	0.1901
घमंडी	-0.6670	0.6665	0.1640
घमण्ड	-0.0630	0.2060	0.1710
घमम	-0.4620	-0.5080	-0.2940
घममम	-1.0000	-0.3330	-0.6670
घमेबल	0.6670	0.2500	0.0000
घर	0.2608	-0.2036	-0.0296
घर-	0.3246	-0.5188	-0.1070
घर-ग्रेड	0.0000	-0.6670	-0.3810
घर-पथ	-0.1500	-0.5285	-0.3575
घर-बार	0.3120	-0.2780	-0.1020
घरUTFestivalVoiceName	0.5830	-0.5930	0.6670
घरकोट	0.0000	-1.0000	-0.5190
घरपृष्ठ	0.4580	0.0000	0.1110
घरब्रोस्क	0.6670	-0.3750	-0.1110
घरमेन	0.0000	0.1900	-0.3810
घराना	-0.3748	-0.2225	-0.3392
घरिस्ट	0.3750	-0.6670	0.6300
घरी	0.5380	-0.4440	0.0000
घरेलू	0.0000	-0.4170	-0.0480
घरेलूता	0.3330	-0.6670	-0.6190
घरों	0.6670	-0.4760	0.1480
घाटी	0.0848	-0.1200	0.0158
घात	-0.4282	0.2825	-0.0757
घातक	-0.8316	0.3820	0.3624
घातकता	-0.9690	0.6315	0.6340
घातांक	-0.6670	1.0000	0.9580
घायल	-0.7700	0.5400	-0.4500
घास	0.2923	-0.0650	-0.2290
घास-	0.3330	-0.7040	-0.3810
घासरूट	0.6670	0.6670	0.5190
घीक	0.3740	-0.0620	0.0000
घुटने	-0.2583	-0.2573	-0.0637
घुटने़प	-0.1460	-0.2800	-0.1200
घुटने्ड	0.0000	0.6250	-0.2960
घुटनों	-0.1143	-0.3767	-0.7313
घुड़सवार	0.5678	0.5105	0.5360
घुमाएँ	-0.0840	-0.0600	-0.0160
घुमाया	-0.3335	0.4585	0.1250
घूमकेतु	0.0165	-0.1086	-0.0550
घूमकेतुName	-0.7020	-0.0800	-0.3400
घूमकेतुasia.	-0.2700	-0.0380	0.0840
घूमकेतुusa.	0.6670	0.5930	0.4070
घूमकेबर	0.4800	0.0800	-0.0720
घूमकेरोस	0.0740	0.6190	0.6670
घूमने	0.2570	0.2370	0.2823
घूमने-वालों	0.0560	0.6670	0.5830
घूमोName	0.2160	-0.0560	-0.3080
घूमोगोmukraine.	-0.0200	0.1020	-0.2840
घूर	0.0840	-0.3880	-0.1540
घृणा	-0.8296	0.3100	-0.3622
घृणित	-0.8505	0.4639	-0.1500
घृणितपन	-0.9926	-0.2654	-0.3098
घृणिति	-1.0000	0.7040	0.8330
घेर	-0.4216	0.4066	0.2240
घेरर	-0.1600	0.3520	0.7550
घेरा	-0.4790	0.5835	0.4930
घेरों	0.0840	0.2460	0.2540
घोंघा	-0.0400	-0.8850	-0.3840
घोंसला	0.3120	-0.4710	-0.2880
घोंसले	0.2080	-0.1460	-0.4280
घोड़ा	0.2374	0.4174	0.3293
घोड़ा-	-0.2096	-0.0944	0.1120
घोड़ाकेन	-0.3810	0.6670	0.0740
घोड़ामैन	-0.1180	0.4000	0.3520
घोड़े	0.1896	-0.1800	0.0548
घोड़ों	-0.6940	0.1640	-0.6420
घोर	-0.0417	0.7287	0.0973
घोरता	-0.9520	-0.6670	-0.4290
घोषणा	0.3339	0.2761	0.4189
घोषणाक	0.0000	0.6670	0.6300
घोषित	-0.0365	0.2948	0.4765
घोषितर	0.0000	0.6300	0.8570
चकचक	-0.6670	0.5930	-0.5000
चकमक	-0.0728	0.1503	0.3117
चकमकी	-0.2920	-0.4810	0.5930
चकल	0.5260	0.4720	-0.0380
चक्कर	-0.0048	0.4146	0.0300
चक्करदार	0.0885	0.2962	0.2415
चक्करों	-0.0840	-0.4900	-0.0240
चक्की	0.0366	-0.2382	-0.1598
चक्र	0.1167	0.0420	-0.0080
चक्रक	0.1670	0.6670	0.2590
चक्रीय	-0.0813	-0.1773	0.3157
चचेरा	0.3500	-0.2120	-0.1460
चचेरे	0.5200	-0.1820	-0.0720
चटिश	-0.0620	-0.2640	-0.1580
चटी	-0.6670	0.6670	-0.4000
चट्टाना	-0.6670	-0.6670	0.8150
चट्टानी	-0.0990	-0.4438	0.1140
चट्टानीName	-0.5700	-0.3395	0.5040
चट्टानीनेस	-0.3947	-0.5780	-0.3423
चट्टानीमछली	0.1900	0.0000	0.0480
चट्टानें	0.6120	0.2240	0.3920
चट्टानों	-0.4685	0.1880	0.3210
चढ़	0.3980	0.3875	0.1725
चढ़ाई	0.0503	0.3240	0.2764
चढ़ाईर	-0.2440	0.5147	0.3783
चढ़ाकर	-0.6670	0.5000	-0.5830
चतुर	0.3133	0.3497	0.5550
चतुरता	0.7560	0.0180	0.8420
चतुराई	-0.1247	0.2550	0.7287
चतुरिश	0.6670	0.3330	0.1110
चतुर्भुज	-0.0070	-0.1127	-0.0207
चतुर्वर्णन	-0.5420	0.4810	-0.2080
चतुर्वर्णित	0.0000	0.0000	0.1110
चन	-0.1840	-0.0620	0.0900
चन्दर	-0.3330	0.0000	-0.1480
चन्दर-	0.0000	0.0000	0.1250
चन्दरश	0.0000	-0.5420	0.0420
चन्द्रमा	0.3084	-0.3471	0.0487
चन्द्रमाहो	0.1660	-0.1240	-0.1860
चन्द्रमााइज	0.6670	-0.8570	0.0000
चपरास	0.0830	-0.0480	0.6670
चमक	0.4773	0.0781	0.2676
चमकता	-0.3885	-0.2845	-0.2225
चमकीलापन	0.5988	0.1168	0.4500
चमड़े	0.0867	0.2160	0.1573
चमड़ेेट	0.0000	0.0000	0.0000
चमत्कार	0.8927	0.3390	0.4430
चमत्कारिक	0.9580	0.2860	0.3700
चमत्कारी	0.7500	0.4120	0.6240
चयन	0.0701	0.0813	0.2789
चयनक	0.4673	0.3133	0.2990
चयनकर्ता	-0.6670	0.6670	0.9630
चयनशीलता	0.5000	-0.4760	0.5830
चयनात्मक	-0.1979	0.1854	0.1309
चयनात्मकता	0.7060	-0.4765	0.3600
चयनित	-0.3330	-0.5710	-0.4580
चर	0.0512	-0.1428	-0.2032
चर-	0.0000	-1.0000	0.8100
चर:	-0.1065	0.1780	-0.1525
चरण	-0.0905	0.1747	-0.0748
चरणपर	0.0000	0.7620	0.5000
चरणर	-0.1250	0.0000	0.0000
चरम	0.5500	0.7695	0.5210
चरवाहा	0.3120	-0.3920	0.2200
चरवाहे	0.6670	0.5560	-0.2500
चराइयों	0.0200	0.1420	-0.4280
चराईलैंडjapan.	0.6670	-1.0000	0.0370
चरित्र:	1.0000	-0.6670	0.4070
चर्च	0.3501	-0.5950	0.2273
चर्चगोमर	0.6250	-0.6300	0.0560
चर्चमेन	0.5930	-0.5830	0.5420
चर्चवाद	0.1430	-0.6670	0.6000
चर्चा	-0.3005	0.4268	-0.1828
चर्चार	0.0000	0.6300	0.2860
चर्ची	0.0365	-0.3475	-0.1530
चल	0.3603	0.3060	0.1487
चलकी	-0.3330	-0.6670	-0.1670
चलते	0.3760	-0.0780	0.0580
चलते-	0.0320	0.2260	-0.3040
चलन	0.5170	0.2030	0.2493
चलने	0.2670	0.2430	0.0080
चला	-0.2447	0.7113	-0.0560
चलाई	-0.1660	-0.1220	-0.1920
चलाएँ	-0.0400	0.1070	0.2170
चलाना	-0.3743	0.3843	0.3693
चलाने	0.2648	-0.2562	0.0298
चलाया	-0.0480	1.0000	0.7410
चले	-0.2260	0.1402	-0.1900
चव्वा	0.1670	-0.2230	-0.0990
चश्मा	0.0620	-0.5800	-0.3400
चश्मे	-0.5560	0.6670	-0.6670
चश्‍मदीद	0.0820	0.3720	0.3960
चाँद	-0.4440	-0.5830	-0.2000
चाँदस्केप	-0.2960	-0.7920	0.0000
चाँदी	0.1145	0.0418	0.1195
चांजी	-0.6120	-0.1300	-0.6480
चांट	-0.5530	0.6000	0.0580
चांदनी	0.2660	-0.2220	-0.0180
चांदी	0.3737	-0.2570	0.1833
चांदी-	0.5000	-0.6670	0.1250
चाई	-0.2650	0.2997	-0.1220
चाईName	-0.6120	-0.0580	-0.5000
चाईनियाusa.	0.0000	-0.0950	0.0000
चाउ	0.1565	0.0442	-0.1663
चाउड	0.0200	-0.3520	-0.5180
चाउब	-0.3330	-0.9520	-0.8330
चाकी	0.2255	-0.0028	-0.1570
चाकू	-0.3753	0.2198	0.2703
चाचा	0.3060	-0.4900	0.1560
चाचा-च	0.4440	-0.8890	0.0000
चाची	0.3340	-0.4180	-0.1600
चाचीी	0.2860	-0.4500	-0.1060
चाटा	-0.0600	-0.0360	-0.3400
चादर	0.4400	-0.2700	-0.5400
चान्दीर	0.3260	-0.2700	-0.1820
चाप	0.1040	-0.2240	-0.2080
चापलूसी	0.2250	0.2610	-0.0960
चापाजिकल	0.5560	-0.5420	0.1670
चापिक	0.2300	-0.2960	0.1380
चापोरेशन	0.0000	-0.6670	0.4760
चाब	-0.1660	-0.4900	-0.5680
चाबक	0.3460	-0.0900	-0.1940
चामेरेName	-0.4160	0.1640	-0.2560
चाय	0.2729	-0.4616	-0.3102
चायदार	0.3330	-0.0830	-0.2590
चायरी	0.0000	0.2500	-0.1670
चायवुड	0.6670	-1.0000	0.0000
चार	0.3485	-0.0460	0.3455
चारा	-0.4480	-0.3460	-0.4080
चारों	0.0070	-0.2750	-0.2777
चार्ज	0.0100	0.6330	0.5350
चार्ट	-0.0310	-0.1830	-0.0035
चार्ट-	-0.6670	-0.6670	-0.2960
चार्टरूमName	0.0000	0.0000	0.2500
चार्ट्‌स	0.0000	0.0000	0.0000
चाल	-0.0606	0.2524	0.2516
चाल-	0.1875	0.0210	0.0790
चालक	-0.1055	0.2700	0.2657
चालाक	0.1890	-0.1683	0.0850
चालाकपन	0.2873	0.0637	0.4753
चालीस	-0.0840	-0.2660	-0.0360
चालीसवांर	-0.1110	0.5190	0.7080
चालीसिश	0.0000	-0.5190	0.0000
चालू	0.2812	0.1022	0.2874
चालू-	-0.4065	0.3835	-0.2070
चालें	-0.2940	-0.0640	-0.2490
चावल	0.0280	-0.0325	-0.2325
चावानीusa.	1.0000	0.5560	0.5830
चाव्हरी	0.7140	-0.2400	0.6960
चासीलर	-0.1420	0.2120	-0.0720
चाहता	0.3420	0.2840	0.1960
चाहते	0.5200	-0.1340	0.1860
चाहिए	-0.1240	0.0220	-0.1320
चाहिये	-0.0840	-0.3660	-0.2160
चाहे	-0.0820	-0.3820	-0.3100
चाहें	0.0515	0.2695	-0.1230
चिंकारिक	0.6190	0.5560	0.2080
चिंकी	0.3380	-0.1040	-0.0800
चिंगारी	0.7700	0.1800	0.4520
चिंता	-0.6060	0.6442	-0.2975
चिंतित	-0.6537	0.5703	-0.3783
चिकना	0.3812	-0.6035	-0.3195
चिकनी-	-0.6670	0.5000	-0.6300
चिकाना	0.0000	0.6670	-0.2920
चिकित्सक	0.1220	0.0220	0.4855
चिकित्सा	0.0487	-0.3183	0.2843
चिकित्साीकरण	-0.2220	0.5930	0.5000
चिक्की	-0.2860	-0.0800	-0.0380
चिगम	0.0000	-0.3750	0.0000
चिटॉर्टर	-0.1600	0.0980	0.3020
चिट्ठाकार	0.0000	0.6670	0.3750
चिड़ियाी	0.1880	-0.2120	-0.1860
चिड़ियों	-0.5710	0.7410	0.0000
चिड़ी	0.4460	0.0600	0.1820
चिढ़	-0.7247	0.6887	-0.2273
चिढ़ता	-0.7080	0.5560	-0.1300
चित्तीमेन	-0.0620	0.3020	-0.0860
चित्र	-0.2850	-0.2373	-0.3253
चित्र-	0.4315	-0.0185	0.2290
चित्रकार	0.3540	-0.2680	-0.0260
चित्रमय	0.0420	0.5560	0.1250
चिन्तितता	0.4580	-0.0370	-0.1900
चिन्हित	-0.0004	-0.5516	-0.1538
चिन्हीय	-0.5923	0.6530	0.1530
चिन्हीयता	-0.6460	0.1230	0.5600
चिप	-0.0420	-0.2360	-0.0960
चिपकर	0.4170	0.5930	0.8890
चिपकाए	-0.3670	-0.7710	-0.7290
चिपकाएँ	0.0000	0.1120	0.0000
चिपकाना	0.3800	-0.0940	0.1013
चिपचिल	0.4810	0.2960	0.0420
चिपनपन	0.8570	1.0000	-0.2500
चिपनिंग	0.0000	-0.0740	-0.2800
चिपपर	-0.1640	0.1760	0.0000
चिपपाय	0.6300	0.6670	0.0670
चिपफ्लियम	0.6670	0.1670	0.4170
चिपबोर्ड	-0.0560	-0.7080	-0.5000
चिपमंक	0.1460	0.1240	-0.1820
चिपर	0.6300	0.9580	-0.2080
चिपिंग	-0.2920	-0.0960	-0.2940
चिप्ड	-0.3330	0.0000	-0.2780
चिफ़ॉन	-0.1880	-0.5400	-0.5000
चिब्लू	0.1330	0.6670	0.0000
चिमर	-0.2590	0.4170	0.0000
चिम्पेन	0.0000	0.2660	-0.2260
चिर-मार्क	0.0000	0.6670	0.0370
चिल्डरली	0.8750	0.2380	0.4810
चिल्लाएँ	-0.4980	0.8163	-0.2057
चिल्लाया	-0.3060	0.5590	-0.0720
चिवा	0.3330	-0.2500	-0.1480
चिह्न	0.1264	-0.1079	0.0823
चिह्नमेन	0.0000	0.6660	0.3840
चिह्नित	0.1335	-0.1210	0.1790
चींटियों	-0.1020	0.1160	-0.1660
चीख	-0.6240	0.7260	0.1880
चीखिएर	-0.6880	0.3400	-0.2160
चीज	0.0380	-0.5000	-0.2640
चीज़ुदान	0.0480	-0.4170	-0.8750
चीजी	0.0000	0.0000	0.1900
चीजों	-0.5300	-0.4520	-0.7360
चीता	0.0840	0.5100	0.2220
चीन	0.2940	0.0767	0.4180
चीनी	0.4563	-0.1760	-0.2540
चीनी-	1.0000	-0.8150	-0.4170
चीनीcolor	-0.3330	-0.6670	-0.3330
चीनीक	-0.2500	-0.5420	-0.5560
चीनीनेस	0.6670	-0.1250	-0.3330
चीनीफ़	0.3330	-0.6670	0.0370
चीराहर	-0.3890	0.6250	-0.6190
चुंबकीय	0.4245	0.1585	0.4880
चुंबन	0.8753	0.1090	-0.0527
चुंबनर	0.6880	0.3640	0.2360
चुकता	-0.0830	-0.3330	0.1850
चुड़ैल	-0.5135	0.4720	0.1395
चुड़ैली	-0.6670	0.6485	0.6485
चुना	-0.0260	0.0372	0.0139
चुनाव	0.3580	0.0453	0.3173
चुनावकर्ता	0.1330	0.7620	0.4440
चुनी	0.1825	0.0955	0.3462
चुनीप्शन	-0.6460	0.6880	0.3840
चुने	0.0704	0.3489	0.3422
चुने-	0.0480	0.0000	0.4170
चुनें	0.0430	-0.1440	0.0525
चुनें...	0.0000	0.6670	0.2920
चुनेरोश-कर	-0.6670	1.0000	0.1900
चुनौती	-0.2066	0.6636	0.2258
चुप	0.5840	-0.8810	-0.1670
चुपके	-0.5570	0.4950	0.1050
चुपके-चुपकेर	0.5880	-0.0420	-0.2220
चुपकेदार	-0.2400	-0.2740	0.0680
चुपचाप	0.2283	-0.7933	-0.3597
चुभन	-0.1528	0.0326	-0.2496
चुरा	-0.7300	0.5200	-0.2320
चूक	-0.6120	-0.0560	-0.4500
चूकता	-0.6670	-0.6670	-0.6300
चूकना	-0.6390	0.4200	-0.5743
चूकनेस	-0.3330	-0.9520	-0.6670
चूकस	0.0000	0.0000	-0.5000
चूकिनपन	-0.8890	-0.9520	-0.7780
चूकें	-0.6062	0.0378	-0.3176
चूसना	-0.5427	0.2780	-0.2960
चूसर	-0.4700	-0.2140	-0.5920
चूहे	-0.1257	0.0261	-0.2650
चेक	-0.0122	0.2252	0.0259
चेकआउट	0.1940	0.0200	0.3400
चेकटेप	0.4440	0.6250	0.3330
चेकनेस	-0.3330	0.0740	-0.4580
चेकपाइंट	0.1420	-0.3540	0.6240
चेकबुक	0.1040	-0.4320	-0.2720
चेकबोर्ड	0.6670	-0.0480	0.0000
चेकम	0.3340	0.4160	0.5000
चेकमusa.	0.0000	0.0000	-0.1670
चेकमार्क	0.6670	-0.0420	0.2920
चेकर	0.1685	0.1519	0.2586
चेकरूम	0.0000	-0.6250	-0.2220
चेकरेबल	-0.3330	0.6670	-0.4810
चेकर्स	0.3520	-0.0980	-0.1260
चेकलर	-0.3330	0.6670	-0.2220
चेकलेस	0.6250	-0.6670	-0.4810
चेकिंग	0.2440	0.1120	0.1880
चेकिशName	-0.6480	0.3120	-0.0940
चेकीएटी	-0.6670	0.6250	-0.5560
चेकेसी	-0.0600	-0.0580	-0.6420
चेक्ड	0.2140	0.0230	-0.3000
चेगंद्रित	-0.6670	-0.1850	-0.3750
चेतावनी	-0.3299	0.2831	0.0914
चेला	0.8750	-0.6670	-0.4810
चेहरे	0.3686	-0.0134	0.1054
चेहरेर	0.6670	0.6670	0.5830
चैटटा	0.2300	-0.0720	0.4040
चैटिंग	0.5560	0.6300	0.0000
चैट्जक्स	0.6670	-0.6670	0.1850
चैन	-0.8220	-0.1225	-0.6030
चैनल	-0.0200	-0.4260	-0.1900
चॉंदक	0.5420	0.6670	0.7620
चॉकलेट	0.7700	-0.0400	-0.1640
चोंच	-0.2820	-0.1083	0.0020
चोंचिश	0.0000	0.3330	-0.4170
चोट	-0.7494	0.4228	-0.4586
चोटी	0.2710	0.1250	0.1520
चोटें	-0.6340	0.5500	0.1127
चोय	-0.0950	-0.9170	-0.2590
चोर	-0.4617	0.6426	0.2516
चोरी	-0.7755	0.6981	0.0425
चौकसी	-0.5520	-0.0800	-0.2600
चौकी	0.1450	0.0980	0.3540
चौड़ा	0.0000	-0.1250	0.2710
चौड़ाई	0.1980	-0.2106	0.1612
चौड़ी	0.3095	-0.4920	0.1370
चौड़ीता	0.0000	-0.6670	0.1670
चौड़े	0.3060	-0.1597	0.0913
चौथा	0.0590	-0.5535	-0.1020
चौथाई	-0.0160	0.1898	0.0823
चौथाईबैक	0.3540	0.4520	0.5340
चौदह	0.1040	-0.4420	-0.3840
चौदहवें	0.0000	0.0000	0.0000
चौरस	-0.2497	0.3330	-0.2590
चौरसनेस	0.3890	-0.3810	0.0000
छ:	0.0000	-0.6670	0.1250
छः	0.6670	0.0000	0.3700
छक्का	0.1737	-0.5083	-0.1773
छक्कानी	0.0000	-0.6670	0.0000
छक्काोती	0.0000	0.0000	0.0000
छठवें	0.0420	-0.4500	-0.2680
छड़ी	-0.1887	-0.2327	-0.2533
छत	-0.0558	-0.2011	-0.0886
छत-	0.0000	-0.8330	0.0420
छतंग	-0.5710	-0.6670	-0.2220
छतती	-0.5440	-0.1380	-0.2280
छतर	0.0000	0.6670	0.4580
छतरी	0.1121	0.0868	-0.0752
छती	-0.1110	-0.6670	0.6670
छतें	-0.1860	-0.1850	-0.1840
छत्ते	-0.1120	-0.0750	0.1350
छनाटा	0.0000	-0.0720	-0.2140
छपाई	0.1674	0.1363	0.2081
छप्पनिंग	-0.1040	0.3520	0.0320
छल	-0.7766	0.3101	-0.0126
छलरहित	0.7330	-0.9580	-0.3330
छलीक्सरName	0.7140	0.5420	0.5000
छलीता	-0.1880	0.0000	0.1560
छलीपन	-0.7920	0.7500	-0.4815
छवि	0.1433	-0.0974	0.1550
छवि-	0.6670	0.1480	-0.1850
छवियाँ	-0.1800	0.1710	0.1460
छविलेस	-0.3330	-1.0000	-0.3810
छा	-0.5193	-0.4763	-0.1373
छांटे	0.1195	-0.2105	0.0965
छाता	0.1660	-0.5080	-0.4900
छाती	-0.0230	0.2197	-0.1243
छात्र	0.2680	-0.3640	0.0740
छानना	0.0840	-0.1760	-0.0780
छापा	-0.2365	0.1113	0.0192
छापें	0.0310	0.1560	-0.0890
छाबित	-0.5685	0.5095	-0.0545
छाया	-0.3775	-0.2422	-0.2756
छायादार	-0.4220	0.0880	0.0280
छायाबाक्स	0.0370	0.6670	0.0950
छाल	-0.3750	0.6670	-0.3330
छितराया	-0.4553	0.2118	-0.3714
छिपा	-0.4780	-0.1420	-0.3100
छी	-0.2300	0.2040	-0.3580
छीन	-0.5620	0.7220	0.3820
छीनी	-0.6670	0.8750	-0.5420
छुआ	0.1840	-0.2400	-0.1920
छुटकारा	0.7607	0.3157	0.4750
छुट्टियों	0.8140	0.0870	0.0300
छुट्टी	0.8960	-0.1380	0.1860
छुड़ाए	0.2500	-0.2440	-0.1320
छुड़ाने	0.0620	0.1840	0.1140
छुड़ाया	0.6670	-0.5930	0.2670
छुड़ौती	-0.2340	0.4850	0.0460
छुपा	-0.4984	0.0432	-0.1692
छुपाएँ	0.0523	0.2827	0.1910
छुपाओ	-0.3760	-0.1280	-0.3880
छुपाया	-0.2197	-0.0127	-0.1987
छुपा्ड	-0.6670	0.5240	-0.3330
छुपे	0.6670	0.3750	0.2500
छूट	0.0620	0.1560	0.2540
छूटी	0.6190	-0.6300	-0.3330
छूण्ड	0.3340	0.5400	0.1720
छूबैक	-0.1670	0.6250	0.0000
छैतिज	-0.0516	-0.0453	-0.0177
छोटा	-0.1453	-0.1798	-0.3202
छोटा-	0.0633	-0.2600	-0.1013
छोटा-फ़ाल	-0.6670	-0.6670	-0.6670
छोटानेस	-0.4760	-0.6670	-0.8890
छोटावावववववव	-0.0800	-0.4580	-0.2640
छोटाहैण्ड	-0.0820	-0.1000	-0.0780
छोटाी	-0.2500	0.0000	-0.7080
छोटी	-0.0656	-0.2612	-0.2722
छोटे	0.4146	0.0116	0.1248
छोड़	-0.2366	-0.2228	-0.4001
छोड़ने	-0.6250	-0.6670	-0.7780
छोड़ा	-0.2970	0.2616	-0.1258
छोड़ें	-0.3353	0.0583	-0.0215
छोडें	-0.1720	0.3407	-0.0053
जंग	-0.5525	-0.7110	-0.4915
जंग-	-0.2920	0.0000	-0.3330
जंगफिमन	-0.1640	-0.3260	-0.2800
जंगल	0.2028	0.0829	0.1118
जंगल-	0.6670	-0.6670	0.0370
जंगली	-0.0542	0.2263	-0.0676
जंगली-	-0.0840	0.2640	-0.0380
जंगलीName	0.6670	0.0000	0.5830
जंगलीपन	0.3330	0.7780	0.5240
जंगलीब	-0.1240	-0.0400	-0.0720
जंगलीबाल	-0.4760	0.0000	-0.4290
जंगलीलैंडusa.	0.3810	0.6670	0.0000
जंगेड	-0.4280	-0.2860	-0.3960
जंजीरों	-0.2660	0.6080	0.2720
जगत	-0.2860	-0.1900	0.0000
जगह	0.2420	-0.1500	0.0520
जजशिप	0.4580	-0.5830	0.7040
जटिल	0.0462	0.3045	-0.0122
जटिलता	0.1760	0.0508	0.1773
जड़ित	-0.4580	-0.6660	-0.1920
जड़ी	0.1004	-0.2996	0.0039
जततत	-0.2080	-0.1660	0.0120
जन	-0.1040	0.8340	0.2640
जन-	0.0200	0.4160	0.0380
जनक	0.5620	-0.0130	0.6420
जनकीय	0.1457	-0.4256	-0.1060
जनजाति	0.3280	-0.0280	0.0320
जनजातिमेन	0.0000	0.1900	0.2860
जनता	0.0520	-0.0595	-0.2560
जनन	0.7000	0.3625	0.2470
जनसंख्या	-0.0622	-0.1086	0.0084
जन्नती	0.1865	0.1195	0.0095
जन्नतीusa.	0.4480	-0.2120	-0.0360
जन्म	0.3376	0.1806	0.1602
जन्मदिन	0.9380	0.6880	0.1500
जन्ममार्क	0.2600	-0.0780	0.0000
जब	-0.1020	-0.0900	-0.0400
जबड़े	-0.1752	0.1608	-0.1177
जबड़े-	0.1900	-0.3750	0.1850
जबड़ेरहित	-0.6670	-0.6670	-0.4580
जबतक	-0.1598	-0.3365	-0.4030
जमने	-0.3460	-0.2660	-0.0580
जमा	-0.0125	-0.1978	-0.2262
जमाटर	0.0000	0.6670	-0.8150
जमानत	-0.2540	0.0400	0.1220
जमानतमेन	0.0000	-0.6670	0.4760
जमानतर	0.0000	0.5190	0.3330
जमा्ड	-0.6670	0.6670	0.3700
जमीन	0.2000	-0.3810	-0.0740
जमीन-	0.0000	0.6670	0.0000
जमीनब	0.3330	-0.7780	-0.1250
जमीनाला	0.3540	-0.3940	-0.1660
जमीनी	-0.7085	-0.6525	-0.7830
जमे	-0.1460	-0.3180	-0.2700
जय	0.7300	0.6480	-0.0720
जरमानर	-0.6670	0.5560	0.7080
जरूर	-0.1840	-0.2360	-0.1180
जरूरी	0.3340	-0.1540	0.1960
जर्जियाjapan.	-0.2080	0.7040	-0.0830
जल	0.0535	0.0358	0.1240
जल-	0.6670	-0.2965	0.1320
जलकिंग	0.7620	1.0000	0.5000
जलकेप	0.6300	-0.7780	0.0000
जलकोट	0.5240	-0.1250	0.0000
जलग्रेसिव	0.5560	-0.2960	-0.0830
जलचला	0.0000	0.0000	0.0000
जलती	-0.3214	0.4223	-0.1263
जलन	-0.6875	0.0120	-0.2900
जलपोलोperu.	0.6670	1.0000	0.0740
जलप्रपात	0.2793	-0.1953	-0.0247
जलप्रपाती	-0.6670	0.6670	0.4070
जलप्रलय	-0.5100	0.4280	0.2240
जलप्रलय-	0.5560	-1.0000	0.3330
जलफिलेल	0.4760	0.6250	0.0000
जलमान	0.0000	0.6190	0.5710
जलमार्क	0.0420	-0.5930	0.1250
जलमील	0.3330	0.6670	0.0370
जलरबर्ड	0.3330	0.2500	0.0000
जलवायु	0.2700	-0.5200	-0.0340
जलविधक	0.0200	-0.0200	0.1220
जलशाइजेशन	0.0000	0.8750	0.6190
जलाटा	0.3200	0.3140	0.1920
जली	-0.0950	-0.2380	-0.2080
जलीय	0.3120	-0.4160	-0.2820
जलीयता	-0.2090	-0.2165	-0.0920
जलीय्राusa.	-0.1880	0.1960	0.0680
जलोperu.	-0.3035	-0.1100	-0.3070
जल्द	0.0820	0.3100	0.1100
जल्दबाज़ी	-0.3871	0.7654	-0.1358
जल्दी	0.2498	0.5641	0.2377
जल्दीअप	-0.0540	0.5820	0.1100
जल्दीसेट	0.0560	0.6300	0.0000
जव	0.2280	-0.5760	-0.4080
जवानी	0.7620	0.6670	-0.3330
जवाब	0.1562	0.2140	0.0245
जवाब...	0.4800	0.3200	0.5380
जवाबदेह	0.4640	-0.1810	0.6100
जश्न	0.8340	0.7140	0.7180
जहन्नुम	-0.7630	0.6150	0.2125
जहाँ	0.0740	-0.4780	-0.0480
जहाज	0.2155	0.0926	0.1836
जहाज-	0.4003	0.3210	0.3597
जहाजमैन	0.0000	0.6670	0.2080
जहाज़	0.4218	0.2880	0.3370
जहाजी	-0.0080	0.0630	0.0690
जहाजीय	0.5420	-0.5560	0.5560
ज़बरदस्त	-0.2700	0.4080	0.2940
ज़बरदस्ती	-0.0846	0.6498	0.6502
ज़ब्त	-0.6670	0.6670	0.8750
ज़मीन	-0.0210	-0.5880	0.0485
ज़रूरत	0.0000	-0.1850	-0.9520
ज़रूरतमंद	-0.2800	-0.0980	-0.5100
ज़रूरी	0.5190	0.4560	0.5200
ज़हर	-0.9015	0.5955	0.0340
ज़हरक	-1.0000	0.6670	0.9520
ज़हरीली	-0.9260	0.7110	-0.3110
ज़हरीले	-0.5978	0.3345	0.3245
ज़हरीलेपन	-1.0000	0.9580	0.8000
ज़ाज	-0.1560	-0.1540	-0.4820
ज़ाम्बियाusa.	-0.0200	-0.2600	-0.0440
ज़िन्दा	0.2455	0.0190	0.1290
ज़िम्मेदार	0.6740	0.0540	0.6660
ज़िम्मेदाराना	0.6670	-0.5930	0.6190
ज़िम्मेदारियाँ	0.6670	0.6670	0.7410
ज़िम्मेदारी	0.7600	0.1040	0.6485
ज़िला	-0.1240	-0.3460	0.3200
ज़ीज़ीज़ी	-0.1460	0.4080	-0.2640
ज़ैज	0.3545	0.5422	0.0982
ज़ैड	0.6670	0.6670	1.0000
ज़ैब	-0.0600	-0.2720	-0.4820
ज़ोर	0.3060	0.4900	0.6320
ज़ोरदार	0.0200	0.2100	0.5380
ज़्यादती	-0.3750	-0.3330	-0.6250
ज़्यादा	-0.3845	0.0505	-0.4629
ज़्यूल	0.0320	-0.0980	0.2540
जा	-0.1687	0.0667	-0.2367
जाँच	0.0796	0.1119	0.1724
जाँचें	0.6670	0.6670	0.4810
जाँशिया	0.0000	0.0000	0.0000
जांघ	-0.0620	-0.1340	0.1760
जांघोटोन	0.0000	0.0000	0.3330
जांच	0.1074	0.2345	0.2629
जाइतोयोट	0.3340	0.0500	-0.0560
जाइनर	0.5930	0.6670	0.3890
जाउ	0.6670	-0.5190	0.0000
जाउकीName	-0.3340	-0.0200	-0.2960
जाउग	0.2000	-0.4040	-0.0760
जाउडासिटी	-0.6110	1.0000	1.0000
जाउण्ड	-0.1420	0.0760	-0.2540
जाउपName	0.0000	-0.2960	-0.1850
जाओ	-0.0510	-0.1630	-0.2440
जाक	0.2075	-0.5680	-0.0185
जाकमार्क	-0.7140	-0.6670	-0.2860
जाखस	-0.2220	0.6670	0.8890
जाग	0.1220	0.0400	-0.1120
जागते	0.0353	0.2783	0.5323
जागन	0.3330	0.9520	0.0000
जागाएलिकusa.	0.0000	0.0000	0.3330
जागाडीपन	-0.6670	0.2920	-0.2860
जागाप	-0.2920	-0.6300	-0.3750
जागाफ	-0.5005	0.1800	-0.4045
जागालीName	0.7080	0.5180	0.4400
जागोनियाusa.	0.3330	-0.8750	0.0000
जाच	0.0840	-0.3300	-0.3720
जाजामासusa.	0.3330	-0.7920	-0.2920
जाटारियाjapan.	0.2700	-0.3400	-0.1320
जाड़े	0.6503	-0.4300	0.0000
जाडोला	0.0400	-0.1920	-0.2420
जाति	-0.0480	-0.1317	0.1757
जाति-	-0.9600	0.7560	0.2540
जातिवाद	-0.6670	0.6670	0.5190
जातीय	-0.4860	0.2070	0.2680
जातीयता	0.0000	-0.3330	0.0000
जातीयवाद	-0.9520	0.6190	0.1430
जादुई	0.8540	0.1790	0.2825
जादू	-0.1516	0.4690	0.2290
जादूगर	0.4822	0.3380	0.2920
जादूित	0.8340	0.2660	0.3740
जान	0.4373	-0.1680	0.2800
जानकारी	0.3941	-0.1260	0.3144
जानकारी-	0.2860	-0.0160	0.2000
जानकारीमेनियाbrazil.	-0.6300	0.7620	0.2220
जानकारीमेरिक	-0.1460	-0.0760	0.1100
जानबूझकर	0.1564	0.2232	0.5538
जानवर	-0.2616	0.3098	0.1277
जाना	-0.6140	-0.0080	-0.2310
जानाक	-1.0000	0.5190	-0.5930
जाने	0.2487	-0.0907	0.0627
जानेनजो	0.0000	0.7500	0.5930
जानेमन	0.9180	-0.1540	0.0180
जापड	0.2860	0.0320	0.1620
जापम्पनेस	0.3750	-0.6670	-0.0740
जापानीName	0.7040	0.2920	0.8750
जाफ्लाइल	0.0000	0.0000	0.1480
जाबिक	-0.1880	0.1400	0.0180
जाब्ब्ब	-0.1430	0.0370	0.7410
जाम	-0.0403	0.1004	-0.1776
जामतीस	0.0000	0.6670	0.0000
जामबालियाcolombia.	0.6190	0.0000	0.0000
जामबोसfrance.	0.2040	0.2500	-0.2980
जामर	-0.1660	0.0800	-0.0180
जामिंग	-0.0480	0.9580	-0.1430
जामी	0.3960	-0.0780	-0.2080
जामीन	0.3680	-0.1400	-0.3880
जामीश	0.1640	-0.1420	-0.3060
जाम्बनक्स	-0.2040	-0.2040	-0.0900
जाम्बा	-0.6670	0.6670	0.8750
जाम्बिया	0.0210	0.2505	-0.0470
जाम्बियाasia.	0.0000	0.0000	0.0000
जायनीज	0.6670	0.0000	0.5560
जाया	-0.1757	-0.4050	-0.1045
जाये	0.2080	-0.4620	0.0380
जायेर	0.5560	0.6670	0.5420
जायेर्मल	0.0000	0.0950	0.0740
जारी	0.2781	0.0963	0.2441
जार्गमेन	0.0000	0.0000	0.0420
जार्गाperu.	-0.4160	0.0720	-0.2060
जार्गिक	0.1880	-0.1640	-0.0560
जाल	0.0414	0.0808	0.0693
जाल-	0.6670	0.8750	0.2590
जालती	-0.6670	-0.6670	-0.6670
जालदार	-0.1767	0.4913	0.0050
जालवर्क	0.0000	0.0000	-0.1250
जालाना	0.0200	-0.3720	-0.1840
जावकनेस	0.7500	0.7085	0.6460
जावा-	0.0370	0.6670	0.0420
जावाक	-0.6250	0.6670	-0.0950
जावाब	-0.0820	-0.3580	-0.3140
जावाबखन	-0.5280	-0.0740	-0.5540
जासूस	-0.2400	0.4500	0.4310
जासेफुरर	-0.0420	-0.1840	-0.1780
जाहिर	0.0210	0.0000	0.1615
जाून	0.0000	-0.2460	-0.2540
जिउंगनेस	-0.3330	0.6670	-0.2590
जिउजिशName	-0.6670	0.5830	-0.5930
जिग-	-0.0420	0.6670	0.1250
जिगसॉ	0.1849	-0.0454	-0.1377
जिगसॉName	1.0000	-0.2590	-0.3330
जिगसॉश	0.3330	0.0000	0.0000
जिगसॉस	-0.1660	0.2940	0.0180
जिज्ञासा	0.5000	0.5100	-0.0740
जिटर	0.1775	0.8560	-0.1525
जिटरः	-0.5420	1.0000	-0.6250
जिटर्स	-0.5520	0.8360	-0.6160
जिद्दी	-0.6860	0.4040	0.1500
जिनके	0.0000	-0.2860	0.1670
जिनमें	-0.4070	0.9630	0.1250
जिप	-0.0130	-0.1320	0.0650
जिपपी	0.1220	0.0460	-0.0900
जिपर	-0.2200	-0.3700	-0.5340
जिपिंग	0.1670	1.0000	0.3750
जिप्सी	-0.3100	0.1412	0.0372
जिप्सीिक	-0.6670	-0.6670	0.0000
जिम	0.2700	0.3800	0.2260
जिमरवर्क	0.5190	-0.6670	-0.2500
जिम्बाबवेName	-0.5800	-0.0500	-0.0360
जिलच	-0.1820	-0.0980	-0.2780
जिसका	0.2440	-0.3463	0.2222
जिसकी	-0.1457	-0.3050	-0.2770
जिसके	0.0260	0.0267	-0.0107
जिसनेunit-format	0.3330	0.6670	0.2960
जिसमें	-0.0553	-0.4553	-0.1730
जिसे	-0.1060	-0.2238	-0.1712
जी	-0.0675	-0.0730	-0.0558
जी-	0.0124	-0.1276	0.0534
जी-कॉन्फ़	0.6670	0.9630	0.9520
जीआईडीए	0.1600	-0.0820	0.4580
जीएसए	0.1040	-0.0980	-0.0540
जीएसएम	0.6250	-0.5830	0.1670
जीएसटी	-0.3660	-0.2180	-0.2740
जीएसफनेस	-0.6670	0.6670	-0.4440
जीक्लासमैन	0.2920	-0.5930	0.4580
जीजिप	-0.1140	0.1220	0.0360
जीजीName	-0.1600	0.2320	-0.2500
जीजीफ़	-0.3423	0.1593	-0.3337
जीडीडीडीName	-0.1240	0.6940	0.2220
जीत	0.6544	0.2463	0.5860
जीतने	0.6490	0.5850	0.9715
जीता	0.4083	0.4357	0.4632
जीता-	-0.9520	-0.6670	-0.9170
जीते	0.7753	0.3793	0.2247
जीन	0.1120	0.1885	0.3245
जीनusa.	-0.1020	0.2740	-0.2580
जीनइड	0.4480	0.0980	0.4160
जीनय	0.8570	0.6300	0.4440
जीनी	0.4450	-0.1915	0.1460
जीने	0.5000	-0.0560	0.2900
जीनो	0.0000	0.0000	0.0740
जीनोएम	0.0140	-0.2680	0.0180
जीनोसेंट्रिक	0.0000	-0.5000	0.5420
जीनोसेंट्रिकवाद	0.0000	-0.5830	0.4810
जीपीएसम	0.0000	-0.5560	0.0000
जीपीजी-	-0.4617	-0.3490	-0.4247
जीभ	0.0420	0.0985	-0.1290
जीरोक	0.1460	-0.2320	0.1320
जीरोमेंट	-0.6040	0.5280	0.6200
जीरोस्किक	0.0000	0.4810	0.4070
जीरोस्फीति	0.0000	0.6670	0.3330
जीर्ण	-0.3750	0.6670	-0.3890
जीर्णल	-0.1460	0.1420	0.1720
जीर्णलर	0.6670	-0.6670	0.5240
जीव	0.1264	0.0866	0.3568
जीवंतक	-0.3120	0.3400	-0.1780
जीवक	-0.1460	0.0380	-0.2040
जीवते	0.6670	0.6670	0.5240
जीवन	0.3471	0.1062	0.2479
जीवन-लाइन	0.4700	0.1040	-0.0080
जीवनकाल	0.0200	-0.1660	-0.1420
जीवनहीनता	-0.9050	-1.0000	-1.0000
जीवनावर	0.8160	0.4900	0.4060
जीवाणु	-0.6013	0.0220	-0.0327
जीवाणुली	-0.3700	0.2920	-0.1670
जीवित	0.6147	0.3112	0.4152
जीवी	0.7140	0.6300	0.5000
जीवीको	-0.5720	0.3720	-0.1120
जीवीटेस्ट	0.7080	0.2860	0.5000
जीस्टार्ट	0.6300	0.0000	0.0000
जीहेनेटो	-0.3960	0.2600	-0.0360
जी्जर	-0.0840	-0.2520	-0.1720
जु.	0.0510	-0.2840	-0.0800
जुआ	-0.2700	0.6120	-0.3060
जुजुई	-0.3880	-0.0560	-0.6840
जुड़	0.4380	-0.0180	0.5280
जुड़वाँ	0.5200	-0.0540	0.2040
जुड़ानेस	0.7140	0.0480	0.1900
जुनून	-0.5500	0.2557	-0.2700
जुबली	0.8320	0.0000	0.1580
जूआ	-0.1007	0.5010	-0.0937
जूए	-0.6670	0.3330	-0.7920
जूकी	-0.3330	-0.6670	-0.6000
जूते	0.0218	-0.1741	-0.3143
जूते-	0.0000	-0.5240	-0.4440
जून	0.0410	0.0100	-0.3840
जून-	0.5930	-0.5830	0.0000
जूनर	0.1640	0.2800	0.5000
जूनीperu.	0.1660	-0.3460	-0.2960
जून्बा	0.0000	0.0000	0.0000
जूबी	0.0000	0.0000	0.0830
जूम	-0.0200	0.0400	-0.0760
जूम-	0.0000	0.5930	0.3750
जूमिंग	0.5190	0.5830	0.9170
जूम्बलर	-0.3330	0.5420	-0.5830
जूरी	-0.0353	-0.1017	0.2300
जूरीमेन	0.0000	0.6670	0.5830
जे.	-0.4380	0.7460	0.0180
जेआईएन	0.0000	0.6670	0.0000
जेएआर	-0.0800	-0.1740	-0.1080
जेएक्सटीएक्सप्रेशन	0.0000	-0.0740	0.5930
जेएलआईआर	0.5710	0.6670	0.6670
जेकर	0.0670	0.6670	0.9520
जेजनिक	-0.0200	-0.2540	-0.0380
जेजेर	-0.6670	0.6670	-0.2960
जेट	0.2240	0.4420	0.2120
जेटki	0.5190	0.9580	0.6670
जेटलाइनर	0.1250	0.7080	0.8150
जेटा	-0.2815	-0.5250	-0.2125
जेटाग	-0.6190	0.5190	-0.6190
जेटाथ	0.0000	0.0000	0.0000
जेटिंगर	0.7140	1.0000	0.5240
जेटी	0.2040	-0.0400	-0.0940
जेटीटी	0.6160	-0.0980	0.0000
जेननी	0.0840	-0.1880	-0.1860
जेनरेटर	0.4080	0.1360	0.7280
जेनितोusa.	0.0480	0.9580	0.1250
जेनिननेस	1.0000	0.0560	0.4070
जेनेन	0.0400	0.1200	0.0900
जेनेरिक	-0.0140	-0.3630	-0.0605
जेनोथॉइड	0.0370	0.3750	0.0950
जेनोबीसusa.	0.0000	0.6670	-0.1250
जेपोपोनोperu.	0.0000	0.6670	0.0420
जेब	-0.0840	-0.4500	-0.3200
जेबबुक	0.1020	-0.5380	-0.3140
जेबास्क	0.0000	0.0740	-0.1760
जेबिशिशName	-0.6670	0.6670	-0.6670
जेबी	0.1880	-0.4420	-0.3880
जेबून	0.4070	0.4580	-0.3330
जेब्फ	0.0000	0.3750	0.2780
जेब्रा	0.3129	-0.0526	-0.1210
जेब्राperu.	0.0000	-0.5420	-0.1600
जेर	-0.6670	0.7080	0.6300
जेल	-0.6783	0.1297	-0.2270
जेलबात	-0.9630	0.6670	-0.6670
जेलर	-0.6670	0.5560	0.8100
जेलरusa.	-0.6120	0.2600	0.2640
जेलरबर्ड	-0.5200	0.1340	-0.0540
जेली	-0.8960	0.5330	-0.4035
जेसीName	0.0620	-0.1840	-0.2220
जैकेट	0.3120	-0.3960	-0.2360
जैक्ड	0.0000	-0.5930	0.0000
जैतून	0.1420	-0.5380	-0.1880
जैतूनवुड	0.1900	-1.0000	0.0560
जैविक	0.4045	-0.1235	0.1940
जैसा	0.1803	-0.1210	0.2295
जैसी	0.2660	0.1180	0.1880
जैसे	0.4980	-0.0287	-0.0995
जॉइसिस्टGenericName	0.7140	0.6000	0.5420
जॉनर	-0.2600	-0.4720	-0.2120
जो	-0.0354	-0.0133	-0.0556
जोकर	-0.0319	0.3387	-0.3211
जोकरमछली	0.3330	0.2960	-0.0480
जोखिम	0.1183	0.6675	0.3397
जोखिमदार	0.9050	0.9630	0.6670
जोखिमरहित	0.7080	-0.9580	0.3330
जोजोजोजो	0.0000	0.6670	-0.1250
जोड	0.1240	-0.2540	-0.0580
जोड़ना	-0.2160	-0.2600	-0.1640
जोड़ा	0.0762	-0.0783	-0.0474
जोड़ें	0.1465	-0.1170	0.1142
जोडीयॉं	0.1535	-0.0775	-0.0335
जोर	0.4390	0.2867	0.4003
जोश	0.1388	0.8052	0.5026
जोशीले	-0.8150	-0.6250	0.4440
ज्ञात	-0.0342	0.1266	0.1276
ज्ञातीकरण	0.6670	0.6670	0.2860
ज्ञान	0.6783	-0.1127	0.5533
ज्ञापन	0.2500	-0.5300	-0.1860
ज्ञापनmsg	0.5000	-0.5160	0.1060
ज्ञापनमाण्डम	0.2000	0.0000	0.2780
ज्ञापन्दाडा	0.0000	-0.5930	0.4760
ज्या	0.0920	0.0460	-0.0145
ज्यादा	0.3030	0.5870	0.5450
ज्यादातर	0.0000	0.0000	0.4440
ज्यामिति	-0.0070	-0.4600	0.0740
ज्यामितीय	0.1945	0.1295	-0.0475
ज्यूक	0.1860	-0.1460	0.0780
ज्योतिष	0.3015	0.0805	0.3150
ज्वर	-0.4070	0.3040	-0.2400
ज्वार	0.2815	-0.1940	-0.0800
ज्वाला	0.1145	-0.3425	0.1150
ज्वालाएँ	0.6670	0.5560	0.0000
ज्वालाक	0.6670	0.7080	0.5710
ज्वालामुखी	-0.2798	0.4923	0.3448
ज्वालामुखीोरेशन	0.0000	0.6300	0.6670
झंड	0.0260	-0.0960	-0.1760
झंडा	0.1840	-0.2440	0.0720
झंडा-लेट	-0.8890	1.0000	0.3700
झंडापोल	0.0000	-0.2120	-0.0840
झंडालेटर	-0.6670	1.0000	0.9260
झकम	-0.0420	-0.2120	-0.1700
झगड़ा	-0.7760	0.8580	-0.0080
झगड़ार	-0.7140	0.7040	0.3700
झगड़ालू	-0.5894	0.6914	0.2990
झगड़ालूपन	-0.7080	0.9440	0.0740
झगड़े	-0.4969	-0.0140	0.3089
झगड़े-सूची	-0.4070	0.3810	0.8890
झटका	-0.5727	0.3040	-0.3393
झटकाक	-0.6670	0.7920	-0.4810
झन	-0.4580	-0.0780	-0.3600
झपकी	0.0870	-0.6680	-0.4240
झप्पी	-0.0900	-0.4500	-0.4640
झबॉबर	-0.6670	0.4170	-0.4170
झम्बित	-0.4160	0.2040	-0.1100
झलकता	-0.1880	0.1880	0.3160
झाँकी	0.3200	-0.5380	-0.2540
झाड़	-0.2300	-0.2540	-0.3520
झाड़ी	-0.3394	0.2225	0.2110
झानो	-0.5300	-0.2860	-0.4360
झिंगल	0.2700	0.0000	-0.1520
झियांगchina.	0.1250	0.0000	0.0000
झिलाकर	-0.6670	0.8330	-0.3330
झिलिंग	-0.6670	-0.6670	-0.5710
झिली	0.3285	0.0965	0.2030
झिलीदार	-0.2280	0.3000	0.5000
झिलेल	-0.7560	0.4800	-0.1220
झीName	0.3540	-0.1180	-0.0760
झील	0.6180	-0.5913	-0.0375
झुंड	-0.1980	0.2810	0.0010
झुंडीय	0.6110	-0.6250	-0.2220
झुककर	-0.0200	-0.1400	-0.4320
झुकाव	-0.1398	0.1283	0.0560
झूठ	-0.5352	-0.0318	-0.2709
झूठी	-0.6665	-0.1110	-0.2965
झूठे	-0.5250	-0.0624	-0.2678
झूल	0.3120	0.0200	-0.3760
झॉट	-0.0200	-0.0580	-0.1320
झॉनाstar	-0.6670	0.2220	-0.2500
झो	-0.1220	-0.0900	-0.0700
झोंके	0.5175	0.0415	0.1045
झोंकेComment	-0.8340	0.8460	0.0000
झोंकेweather	-0.6670	-0.3330	-0.9170
झोक	0.1840	0.3120	-0.0540
झोगनिकName	0.0000	-0.9050	0.5930
झोगा	0.0580	-0.3260	0.0520
झ्फ	-0.6300	0.5560	-0.4440
झ्यूजियनusa.	-0.5480	0.2180	-0.2000
टwwword	0.0200	-0.0200	-0.0720
टंकर्ड	0.6190	-1.0000	0.7500
टंकित	0.1065	0.4725	0.3870
टंग्ड	-0.4070	0.4440	-0.5930
टंग्राम	0.0480	0.6670	0.0000
टंटा	0.1460	0.2685	0.2050
टंटा-	-1.0000	0.6670	0.5930
टंटाड	-0.8500	0.3920	-0.3460
टंटी	-0.5300	-0.4700	-0.6120
टंटू	0.1660	-0.4480	-0.5340
टंटॉन	-0.3340	0.0960	-0.1920
टंट्ड	-0.1875	-0.0185	0.2290
टकराव	-0.4580	0.7840	0.1140
टकरावक	0.1480	0.6670	0.7220
टक्स	0.0620	-0.2700	-0.0760
टक्सेडो	0.3880	-0.2920	0.0380
टगाली	-0.5200	0.5000	-0.1300
टग्राला	0.2240	0.4200	0.0720
टचचच	-0.3160	0.1860	-0.1780
टचपैड	0.0560	0.5830	0.1670
टट	-0.1960	0.0780	-0.2240
टटॉट	-0.0620	0.0980	-0.1740
टन	-0.1185	-0.2409	-0.1301
टनद	-0.2780	0.6670	0.2500
टनेटोमी	-0.5240	0.4810	-0.4070
टपकन	-0.3960	-0.4860	-0.4660
टफनी	-0.7700	0.1840	-0.5960
टफ़ोक्स-	0.0000	0.0000	0.2380
टफिलल	-0.3760	-0.5920	-0.3160
टफ्लिया	0.1840	-0.1640	-0.0920
टब्लॉफनी	0.2300	0.0760	-0.0720
टम	0.1220	-0.2460	-0.0980
टममम	-0.1900	-0.6300	0.0740
टमममी	-0.6670	0.6670	-0.0420
टममी	-0.1460	-0.2700	-0.5400
टम्प्रक	-0.3330	-0.5420	-0.5420
टर	-0.0680	-0.4800	-0.2000
टरामायू	0.6670	-0.6670	0.0420
टरेट	0.2085	-0.5695	-0.4590
टर्टट	0.0610	-0.4690	-0.3870
टर्टटन	-0.5315	-0.5505	-0.3925
टर्टन	0.3227	-0.1278	0.2282
टर्टल	-0.0671	0.2140	0.0494
टर्टलियनusa.	-0.2400	0.0180	-0.0560
टर्टली	-0.3484	0.2616	0.0840
टर्टलीName	-0.6670	-0.2960	-0.6300
टर्टल्ज	0.3890	-0.1105	0.1850
टर्टल्ड	0.4170	-1.0000	0.6670
टर्टेटर	0.0000	0.6670	0.4070
टर्टेरिस	0.7140	0.6670	0.4440
टर्टोperu.	0.0960	-0.2780	-0.3040
टर्टोग्राफर	0.0200	-0.1840	0.1780
टर्टोटोन	0.4675	0.0410	-0.0740
टर्बियनName	0.3330	-0.6670	0.3330
टर्मिनल	-0.2127	0.0480	0.0260
टर्मिनल-ली	-0.6670	-0.6300	-0.6250
टलता	-0.6670	-0.6190	0.4440
टलीड	0.3330	-0.6190	-0.6670
टवर	-0.3330	0.6190	-0.5930
टस्क-	0.6670	0.6670	0.1250
टस्कस्क	0.0000	-0.8750	0.3330
टस्किकबोर्ड	0.3540	0.1000	-0.2940
टस्किया	-0.4800	0.0780	-0.3680
टस्कियाperu.	0.0560	0.6670	0.0740
टस्केचरबोर्डर	0.6300	0.9580	0.0950
टहनियाँदार	0.0000	0.6670	-0.4070
टहल	0.4900	-0.1700	-0.1120
टहलना	0.5100	0.0300	-0.3200
टाइगा-बिट	0.5930	0.0000	0.3330
टाइग्रोग्राम	0.3330	0.0000	0.0950
टाइच	0.6670	0.7780	0.8330
टाइटName	-0.3540	0.0200	-0.3140
टाइटगा	-0.3880	-0.6320	-0.4640
टाइटन	-0.2920	0.0110	-0.1070
टाइटनName	0.1960	0.3060	0.6220
टाइटबे	0.6670	0.6670	0.6300
टाइटम	-0.1800	-0.3600	-0.1100
टाइटली	-0.0185	0.2363	-0.6262
टाइटस्फीति	0.0000	0.0000	0.0370
टाइटिक	-0.3260	-0.3460	-0.5260
टाइटे	-0.1240	-0.0650	-0.2620
टाइटेअर	-0.5240	0.6670	0.6670
टाइटेइन	1.0000	0.6670	0.9260
टाइटेचेबल	1.0000	-0.1850	0.5560
टाइटेच्ड	0.7080	0.3140	0.0900
टाइटेटर	0.3330	0.6670	-0.4070
टाइटेटिंग	-0.3810	0.6110	-0.5560
टाइटेटे	0.6670	0.0000	0.1670
टाइटेटेट	0.1200	0.1200	0.0000
टाइटेटेड	0.0010	0.1514	-0.3354
टाइटेथॉट	0.6670	0.3330	0.0000
टाइटेनिक	0.0453	0.0567	0.4483
टाइटेनियम	0.1033	-0.1552	-0.0940
टाइटेप्सर	-0.1670	0.7140	-0.6670
टाइटेफायर	0.0000	0.2380	0.2220
टाइटेबिलिटी	0.5000	-0.5930	0.3330
टाइटेयर	0.0210	-0.0415	0.0835
टाइटेयल	0.0400	-0.3000	-0.0780
टाइटेरी	-0.5840	0.1500	-0.1560
टाइटेरेटर	-0.4760	-0.6250	-0.6110
टाइटेव	-0.2990	-0.0600	-0.2690
टाइटेशियाworld.	-0.3680	-0.0560	-0.0180
टाइटेसिस	-0.5146	0.1586	0.5958
टाइटेस्क	-0.0420	-0.9580	-0.4760
टाइटैनिक	-0.1759	0.1264	-0.1046
टाइटैनिकName	-0.6670	-0.3330	-0.7080
टाइटैनिकियम	-0.5420	0.7700	0.0000
टाइटॉन	0.6670	-0.5240	0.5830
टाइटोटिकट	0.2220	0.6670	-0.3330
टाइटोफ़िक	0.0000	0.0000	0.1480
टाइटोमीटर	-0.3760	0.3700	-0.0680
टाइटोलो	-0.2000	0.4120	0.0560
टाइट्ड	-0.3330	0.2960	0.6670
टाइट्‌स-brazil.	-0.6670	0.3890	-0.3330
टाइडाइड	0.0000	-0.6670	0.1900
टाइड्ड	0.0000	-0.5420	-0.4760
टाइप	0.1500	0.1520	0.2314
टाइपफ़ेस	0.0000	-0.6670	0.5420
टाइपसेट	0.2685	0.6670	0.4255
टाइम-	0.1417	0.1648	0.2654
टाइमर	-0.1153	-0.0315	-0.1598
टाइमिंग	0.2660	-0.2240	-0.0420
टाइल	0.2625	-0.5700	0.0980
टाइल-	-0.2440	0.1740	0.0640
टाइलमोज	0.0950	0.6670	-0.1670
टाइलिंग	0.2000	-0.3400	-0.3700
टाइल्ड	0.4165	-0.5885	0.0005
टाई	0.1220	-0.1940	-0.0060
टाईजर	0.6670	0.9520	0.6670
टाईप	-0.3460	-0.4280	-0.7440
टाउंटो	0.0100	0.4060	0.1015
टाउंटोusa.	-0.5710	0.0000	-0.5560
टाट	-0.6670	-1.0000	-0.6670
टायर	-0.2810	-0.2008	-0.3605
टार	-0.2077	-0.4555	-0.0583
टारट	0.4380	-0.2400	-0.5620
टारबाल	-0.6670	0.3890	0.2920
टारबालनेस	-0.6670	-0.2590	-0.1480
टारलेट	0.3890	-0.0480	0.0000
टारीName	-0.5920	0.1840	-0.4140
टारीक	-0.2860	-0.3960	-0.2040
टारीटी	-0.6190	-0.6300	-0.6250
टारूलाstar	-0.4800	0.4360	0.0880
टारो	-0.0420	-0.1560	-0.1400
टार्ड	-0.6110	-0.3330	-0.5420
टालनेवाला	0.3960	0.6240	0.4380
टालें	-0.0662	0.2418	0.2727
टिंट	0.1640	-0.4160	-0.4540
टिक	0.0693	0.0073	-0.3433
टिक-	0.0417	-0.5803	0.0217
टिकक	0.2400	0.0780	-0.0090
टिकट	0.3680	-0.2260	-0.1320
टिकता	0.4760	0.6670	-0.5420
टिकनिक	0.0620	-0.5040	-0.2180
टिकनेस	-0.0515	-0.7780	0.0090
टिकर	-0.0400	-0.1040	-0.3920
टिकाऊपन	0.7500	-1.0000	0.6190
टिकिश	0.6460	0.6280	-0.3100
टिकोमीटर	-0.2040	-0.2120	0.0360
टिग	-0.3600	0.2080	0.1160
टिड्डियों	-0.0210	-0.1260	-0.2960
टिड्डी	-0.6670	0.5560	-0.6250
टिन	-0.2267	-0.0115	-0.0898
टिनमैन	0.0620	-0.3260	-0.1120
टिनर	-0.4760	0.3330	0.0000
टिनल	0.3260	0.0420	-0.0540
टिनस	-0.4680	0.6300	-0.3390
टिनाबीस	-0.4580	0.0000	0.1280
टिनिनेनिस	-0.7080	0.3750	-0.1900
टिनी	-0.2840	0.0580	-0.0490
टिनीन	-0.3330	1.0000	0.8330
टिनेज	-0.2140	-0.1160	0.2180
टिनेनबेनhaiti.	-0.2080	0.0000	0.0000
टिनो	0.4255	0.1255	0.1830
टिनोasia.	0.6110	-0.9050	-0.1110
टिनोइन	0.3750	-1.0000	0.0370
टिन्स	0.0000	0.0000	0.3700
टिपल	0.4600	-0.6220	-0.2880
टिपलेक्टीक	-0.9520	-0.5330	-0.3330
टिपलेटिफ़ॉयर	-0.6670	-1.0000	-0.9170
टिप्पणियाँ	-0.6670	0.6670	-0.6670
टिप्पणियाँ:	0.3810	-0.3330	-0.5000
टिप्पणी	0.1906	0.0811	0.1849
टिप्पणीेट	0.6670	0.6670	0.1900
टिलली	0.0000	0.0000	0.0000
टिलिका	0.0950	-0.4000	0.0000
टिलियन	0.0000	-0.6300	0.0830
टिलिया	-0.0620	-0.4800	-0.5840
टिलिलिट	-0.4170	0.7410	-0.5710
टिलिलिल	0.0000	0.6670	-0.8520
टिलिल्ड	-0.6670	0.7410	-0.6190
टिशरी	0.3760	-0.2380	-0.1500
टिशिशName	-1.0000	-0.3810	-0.6300
टी	0.0000	0.4670	-0.0740
टी-	-0.3960	0.4760	-0.1850
टी.	-0.2876	0.4174	0.0217
टींगस्टन	0.0000	0.0000	0.5240
टीआरआर	-0.0370	0.0000	1.0000
टीओल	0.0000	0.6670	0.0000
टीकाकार	-0.0160	0.0200	0.2140
टीकेल	0.0370	-1.0000	-0.2080
टीचियाpoland.	-0.6670	0.9630	-0.6300
टीजीएफ़Name	0.0620	-0.1700	-0.3140
टीटीएफ़Name	-0.1840	-0.1140	-0.2320
टीडेडल	0.0000	0.6190	-0.5000
टीन	0.0290	-0.1270	-0.1920
टीबी	-0.2080	-0.1500	-0.2860
टीम	0.6260	-0.0490	0.4610
टीम-	0.7300	-0.1020	0.3200
टीमjamaica.	0.3460	-0.0940	0.0720
टीमस्टर	-0.3330	0.6670	0.6300
टीवर	-0.0200	-0.3120	-0.2140
टीवी	0.2660	-0.2180	0.0940
टीवी.	0.2440	-0.2400	-0.2140
टीव्जर	0.0480	0.5830	0.0370
टीसीएल	-0.5200	0.3260	-0.1480
टीस्विचर	-0.3330	0.6670	-0.4290
टुकड़ा	0.1360	-0.4590	-0.2330
टुकड़े	-0.5828	0.4216	-0.1532
टुकड़े-	-0.1043	0.0242	0.0928
टुकड़ेरी	-0.1240	0.0400	-0.0720
टुकड़ेल	0.2300	-0.4620	-0.3620
टुकड़ेवर्कर	0.0000	0.6670	-0.0370
टुकड़ेिश	-0.2220	-0.6670	-0.4810
टूट	-0.7018	0.2681	-0.2784
टूटता	-0.6670	0.5000	-0.5190
टूटते	0.0000	0.1040	0.2140
टूटा	-0.6438	-0.0211	-0.4567
टूटापन	-0.6670	-0.5190	-0.8750
टूटी-	-0.2904	-0.2020	-0.4436
टूना	0.1250	0.0000	-0.2080
टे	0.0200	-0.2040	0.2500
टेंम्बित	-0.0200	-0.4810	-0.5640
टेकें	0.4680	-0.2940	-0.1240
टेट	0.5420	-0.5190	0.0000
टेटट्स	0.2660	-0.1880	-0.3660
टेढ़ा	-0.5105	0.3090	-0.0465
टेढ़ी	-0.6670	0.6670	-0.4070
टेढ़ी-	-0.8580	0.4720	-0.3780
टेथेन	0.0000	-0.5930	0.1250
टेदरल	0.4440	0.8750	0.1110
टेनटेनेंस	0.2380	-0.6670	0.1110
टेप	-0.0560	-0.0983	-0.0270
टेपर	0.0820	-0.1800	-0.1700
टेपर्स	0.0400	-0.6480	-0.2760
टेपलेस	0.6670	0.0000	0.0000
टेपिंग	-0.3120	-0.2400	-0.5260
टेफोरस	-0.3880	0.3380	-0.1000
टेबट	0.6250	0.0000	0.4070
टेबलोटोन	-0.0200	-0.2940	-0.5100
टेबल्ड	0.0000	-0.6670	0.2500
टेबाम	-0.2080	-0.6670	0.0000
टेबुलर	0.1900	-0.0640	-0.1540
टेब्लाइड	-0.1803	-0.3273	-0.3460
टेब्लाइडर	0.0000	0.6670	-0.3330
टेब्लैण्ड	0.2400	-0.1800	-0.3100
टेब्लैप	0.0800	0.0560	-0.1780
टेब्लॉइड	-0.4583	-0.2993	-0.2100
टेब्लॉज़ी	-0.5830	1.0000	-0.6250
टेब्लॉण्ड	0.0000	-0.0830	0.0000
टेब्लॉण्डल	0.0000	-0.8890	0.0000
टेब्लॉयरो	0.0740	-0.6300	0.4070
टेमम	0.0420	0.1560	0.1640
टेमीर	-0.0730	-0.2650	-0.0240
टेम्पलेट	-0.0420	-0.3780	-0.1780
टेरर	-0.4170	0.6670	0.8750
टेररर	0.0000	0.6670	0.6670
टेराट	0.0000	0.0000	0.0950
टेरानियम	0.2920	-0.5710	-0.1250
टेरास	-0.2860	-0.0380	-0.0720
टेरिटर	0.3520	-0.3790	0.0550
टेरिरियम	0.5920	0.0200	0.4920
टेर्बर्ड	-0.6670	0.4440	-0.1850
टेर्बियाईन	0.0400	0.0980	0.1500
टेर्बेडिटी	-0.5040	0.2140	-0.2140
टेर्मेनिकusa.	0.6670	0.0000	0.5560
टेलिपाथी	0.1880	0.0200	0.1760
टेलिपोर्ट	0.6670	0.8565	0.7710
टेलिफोन	0.3880	0.0400	-0.1500
टेलिफोन्ड	0.0000	0.6670	0.0000
टेलेक्सियाjapan.	-0.7500	0.6670	-0.7080
टेसर	0.0000	0.0420	0.0000
टेस्टकेस	0.0560	0.5930	0.5240
टेस्टर	0.0480	0.4070	0.4170
टेस्टरयर	0.5930	0.6250	0.5000
टेस्टरेक्टिक	-0.2240	0.3600	-0.0940
टेस्टिंगर	-0.6670	0.6670	-0.8330
टेस्टिकल	-0.0840	0.3020	-0.1800
टेस्टी	-0.6990	0.2800	-0.2860
टेस्टोस्टरोन	0.1460	0.6800	0.5500
टेस्फोरिक	-1.0000	-0.8100	-0.8750
टेस्विच	0.0200	0.4800	0.0960
टैंक	0.0000	-0.6670	0.0000
टैंकर	0.0400	0.2940	0.4260
टैंडे	0.1040	-0.1880	-0.0300
टैंपर	-0.6553	0.6337	0.0920
टैक्सडरिस्ट	-0.3330	-0.4670	0.3700
टैक्सी	-0.0266	0.0594	-0.1399
टैक्सी-नेट	0.0860	-0.1600	-0.0400
टैक्सीदरी	-0.3330	-0.5830	0.0560
टैक्सीना	0.3960	-0.4080	-0.1860
टैक्सीबालोbrazil.	0.7040	0.0000	0.5000
टैक्सीोफ़	-0.1200	-0.0940	-0.1240
टैक्स्चर	-0.1220	-0.1540	0.5260
टैग	-0.1459	0.0762	-0.1140
टैग-	0.0480	0.1670	0.3330
टैगन	0.0000	0.0000	0.0740
टैगन्ग	-0.0480	0.5830	-0.8330
टैगर	0.0055	0.5190	0.5620
टैगल	0.4375	0.1480	0.1295
टैच	-0.3280	-0.4360	-0.3260
टैचर्स	0.0000	0.5830	0.0000
टैचेबल	0.0000	0.0000	-0.2220
टैब	-0.0664	-0.2818	-0.0680
टैब-	-0.0347	0.0830	0.0400
टैबको	-0.2500	0.0920	-0.1920
टैबर	-0.2920	0.4580	0.3330
टैबल	-0.6670	0.6190	-0.5710
टैबलमेंट	0.0000	-0.2860	0.1480
टैबिंग	0.5420	-0.6670	0.7040
टैब्ड	-0.0820	-0.5200	-0.5000
टैब्डनेस	-1.0000	-0.6670	-0.5710
टैब्डरी	-0.2500	0.0200	-0.2040
टॉकबैक	-0.6190	0.6670	0.5190
टॉकी	0.0670	0.6190	0.0000
टॉके	-0.0830	0.6670	-0.0370
टॉगल	-0.1455	-0.0435	-0.2468
टॉडला	0.3810	0.6250	-0.8570
टॉथिलाworld.	0.0370	0.0000	0.0000
टॉनिक	0.0820	-0.2800	0.0000
टॉपमास	0.0000	0.0370	0.2920
टॉपस्लेव	0.6670	1.0000	0.5930
टॉपिक	0.1220	-0.3200	0.0000
टॉमसusa.	0.1670	-0.6670	0.7780
टॉर्न	-0.3680	0.1420	-0.5660
टॉर्ननेस	-0.8750	-0.6670	-0.7080
टॉर्निक	-0.9440	-0.6670	-0.7080
टॉवाइन	0.0000	-0.4290	-0.0370
टोकक	-0.0680	-0.2500	-0.1880
टोकन	-0.0520	-0.1730	-0.2260
टोकनवाद	-0.7080	0.5560	-0.5560
टोकरी	0.3158	-0.5950	-0.1455
टोको	-0.3880	0.5480	-0.5480
टोक्कन	0.3330	0.0000	0.0000
टोगा	0.3960	-0.2140	-0.2540
टोग्राफी	-0.0200	-0.3040	-0.1520
टोटडा	0.6110	-0.2080	0.0000
टोटेम	0.1390	-0.4625	0.1450
टोटोलाक्स	0.3460	-0.1240	-0.4520
टोटोसोusa.	-0.1840	-0.2120	-0.0190
टोथसीमो	0.5710	1.0000	1.0000
टोन	0.1020	-0.2900	-0.1780
टोनर	-0.1002	0.0622	-0.0577
टोनर-	0.9260	0.6670	0.7780
टोनर-लेस	-0.3890	-1.0000	-0.7500
टोनर्ड	-0.6670	0.6670	-0.6670
टोनस्फीति	-0.4170	-0.9170	-0.7620
टोनी	0.3330	-0.3330	-0.5560
टोन्बिसटोन	-0.1460	-0.2100	-0.0880
टोन्वि	-0.5000	0.6600	-0.5180
टोप	0.1460	-0.3460	-0.1960
टोपी	0.0522	-0.1688	-0.0067
टोपीदार	0.7040	-0.4810	0.3330
टोरिट्रिड	-0.4380	0.2500	0.0340
टोर्जियाusa.	0.3330	0.4440	0.4440
टोली	-0.4137	0.2220	0.0683
ट्करीटीक	-0.6670	0.6670	-0.6670
ट्की	-0.1660	0.4180	-0.1380
ट्बीName	-0.1000	-0.3960	-0.1500
ट्यून-	0.1110	0.0000	0.4580
ट्यूनिंग	0.1000	0.2235	0.3200
ट्यूब	-0.1640	-0.4420	-0.1820
ट्यूबर	0.0813	-0.2903	0.0650
ट्यूबरल	-0.9170	-0.7500	-0.7500
ट्यूबल	-0.1040	-0.4320	-0.3780
ट्यूमर	-0.7960	0.3280	-0.3520
ट्रक	0.0033	-0.0487	0.0533
ट्रस्ट-	-1.0000	-0.5190	-0.9330
ट्रस्टर	-0.2500	0.3600	-0.1080
ट्रांजीक	0.0000	0.7040	0.0480
ट्रांजीज	-0.6670	0.6250	0.8100
ट्रांजीरी	-0.0180	-0.2600	0.0180
ट्रांजीशन	0.1613	0.1968	0.2903
ट्रांजीशनर	-0.5560	0.6670	-0.4810
ट्रांजीशनल	0.0000	0.6670	0.4580
ट्रांजीशन्ट	-0.3330	-0.9520	-0.4440
ट्रांजेक्शन	0.3000	0.1540	0.1580
ट्रांसक्चर	0.0480	0.5190	0.0740
ट्रांसच्ड	0.3330	0.3750	-0.2380
ट्रांसपरेशन	0.2700	-0.1920	-0.2400
ट्रांसपर्टीज	-0.6670	0.5190	-0.3330
ट्रांसपोर्ट	0.3795	0.2530	0.2857
ट्रांसपोर्टर	0.1150	0.4585	0.5415
ट्रांसफर	-0.1495	0.1198	0.0310
ट्रांसफरिंग	0.1840	-0.4120	0.1020
ट्रांसफिक्स	-0.1443	0.5513	0.0743
ट्रांसम	-0.2500	-0.2300	-0.1660
ट्रांसमिट	-0.5420	-0.6670	-0.6190
ट्रांसमिटर	-0.1784	0.1114	0.3012
ट्रांसमिटरी	0.0000	-0.0740	0.5560
ट्रांसमिटल	0.0000	0.3335	0.4585
ट्रांसमिटिंग	0.1280	0.1500	0.1300
ट्रांसमिटोperu.	0.0000	-0.6670	0.2500
ट्रांसमिट्शन	-0.6670	0.2590	0.0830
ट्रांसमिट्स	-0.2500	0.6670	-0.3750
ट्रांसमीटर	0.0840	0.1070	0.4680
ट्रांसलेटल	0.0000	-0.9580	0.1670
ट्रांसलेटे	-0.4600	0.3500	-0.2540
ट्रांसस्फीयरusa.	0.0000	0.2860	0.0000
ट्रांसेरोपा	0.0000	0.5560	0.0480
ट्राउट	0.0320	-0.2260	-0.4040
ट्राजीग्राफ	0.6670	0.0420	0.2670
ट्राड	-0.0400	-0.1420	0.1000
ट्राथाइड	0.0000	0.0000	0.2500
ट्राथिकी	-0.0400	-0.2040	0.2300
ट्रायल	-0.6320	-0.1220	-0.1500
ट्रायलर	-0.6183	0.1980	0.0813
ट्रायली	-0.6040	0.0980	-0.2140
ट्रायल्स	-0.7500	-0.0860	-0.5200
ट्रास्टर्सिल	0.5660	-0.3280	0.0760
ट्रिगर	-0.4580	0.6080	0.3200
ट्रिगरमेन	-1.0000	1.0000	0.7500
ट्रिगल	-0.0400	-0.2900	-0.2900
ट्रिगिस्टी	-0.3330	0.9580	0.8890
ट्रिट्‌स	0.3330	0.0000	0.7080
ट्रिट्‌सhaiti.	-0.3810	0.4290	0.8150
ट्रिनिक	-0.6670	0.7080	-0.6250
ट्रिमिक	-0.6670	0.6670	-0.8890
ट्रिस्टल	0.0000	-0.5930	0.0000
ट्रिस्टी	0.6670	0.6670	0.5710
ट्री	0.0973	-0.3655	0.0440
ट्री-	0.5710	-0.8330	0.0000
ट्रे-	-0.3000	0.6460	-0.0770
ट्रेकर	0.2112	0.2403	0.1898
ट्रेकरName	0.7080	0.5000	0.5710
ट्रेक्लासिस्ट	-0.1860	0.2960	0.2340
ट्रेच-	0.1330	-0.2080	-0.2500
ट्रेचर	-0.5200	0.3460	0.2240
ट्रेच्ड	-0.5830	0.6670	-0.3330
ट्रेटल	0.0000	-0.8890	-0.2590
ट्रेड	0.0697	0.1683	-0.1643
ट्रेड-बिट	0.1040	-0.2360	-0.2300
ट्रेडिसीName	0.3700	-0.2220	0.0000
ट्रेड्स	-0.0840	-0.2700	-0.4900
ट्रेन	0.3260	0.4650	0.1830
ट्रेन-	0.0000	1.0000	0.6250
ट्रेनेबल	0.6670	0.6300	0.5420
ट्रेफफ	-0.0560	0.5930	0.3890
ट्रेफ़	0.2500	-0.2740	0.4460
ट्रेबल	-0.2860	0.2260	-0.3380
ट्रेबार	1.0000	0.7410	1.0000
ट्रेमैन	0.0620	-0.1380	0.3280
ट्रेलर	0.0820	-0.0200	-0.0540
ट्रेव	0.4480	-0.4700	-0.4620
ट्रेस	0.1642	-0.2442	-0.0274
ट्रेसर	-0.3320	0.1605	0.5340
ट्रेस्ड	-0.5700	0.5650	-0.5000
ट्रैक	0.1748	-0.2167	0.1667
ट्रैक-	0.0000	0.6300	-0.2590
ट्रैकर	-0.2040	0.4880	0.4620
ट्रैक्ट	-0.0067	0.0013	-0.0487
ट्रैक्टन	-0.1420	0.1700	0.2960
ट्रैफिक	0.0940	0.0712	0.1194
ट्रैफिक़िक	0.0480	0.6670	0.5000
ट्रैला	0.0620	-0.0820	-0.2460
ट्रैश	-0.6670	1.0000	1.0000
ट्रॉग्रिस्टिस्ट	0.6670	0.5240	0.7140
ट्रॉटोमी	-0.6670	0.4070	-0.0480
ट्रॉथिक	1.0000	1.0000	0.4760
ट्रॉपॉपॉप	-0.9580	0.7080	-0.7500
ट्रॉप्साह	0.5000	-0.5560	0.0000
ट्रॉफ	0.3760	-0.1180	-0.0940
ट्रॉफ़ॉइड	1.0000	0.6670	0.8890
ट्रॉफ़ो	0.0420	-0.2220	0.2590
ट्रॉफाउंट	0.4800	-0.2340	-0.1760
ट्रॉफिक्स	1.0000	-0.0830	0.8330
ट्रॉफी	0.8940	0.2860	0.3520
ट्रॉबॉट	0.0000	0.6670	0.7040
ट्रॉयर	0.0000	0.0000	0.0000
ट्रॉर्मल	0.0140	-0.4600	-0.1720
ट्रॉल	0.2645	-0.3250	-0.2140
ट्रॉली	-0.1842	0.1010	-0.0485
ट्रॉलीदार	-0.5710	0.6670	-0.9580
ट्रॉल्त	-0.6670	-0.6670	-0.6670
ट्रॉल्स	0.0420	-0.0360	0.1380
ट्रॉस्किक	0.5720	-0.5480	-0.2860
ट्विगनेस	0.6670	0.1850	0.0000
ट्वीसीज	-0.7080	0.6670	-0.6670
ट्‌विंकी	0.0400	0.2950	-0.0830
ट्‌विंटिथ	0.0420	-0.1560	-0.0400
ट्‌विंश	1.0000	0.1430	0.2080
ठंड	0.5000	-0.9520	-0.2220
ठंडा	-0.0008	-0.3290	0.0908
ठंडापन	-0.5735	-0.5115	-0.3110
ठंडे	-0.6710	-0.3190	0.2620
ठंडे-	-0.1460	-0.0180	-0.3460
ठंडेशिशName	-0.3330	-0.6250	-0.2500
ठट्ठा	-0.4932	0.0878	0.0118
ठट्ठों	-0.4700	0.3400	-0.4160
ठन्डा	-0.0200	-0.3860	0.0960
ठहरने	0.4260	-0.4280	0.0540
ठहरा	0.0175	0.0643	-0.0032
ठहराव	-0.1420	-0.6240	-0.4720
ठान	0.8335	0.5160	0.8150
ठिकाना	-0.6670	-0.9050	-0.6250
ठीक	0.3736	-0.1003	0.0795
ठीक-ठीक	0.7780	0.0000	0.5420
ठीकनावा	0.5930	-0.5190	0.0000
ठोकर	-0.6385	0.5310	-0.6695
ठोड़ी	0.1320	-0.3300	-0.3790
ठोस	0.2151	-0.2796	0.3234
ठोसता	0.4900	-0.1120	0.7000
ठोसनेस	0.6670	-0.7620	0.6300
ठोसीकरण	0.0630	-0.1820	0.5810
डंक	-0.6740	0.3020	-0.2540
डंकन	-0.3505	0.5415	0.1330
डंकना	-0.4800	0.4600	-0.0820
डबल	0.5105	0.2115	0.3190
डबल्यू-	-0.3335	0.2965	-0.0415
डबल्यूटीएफ	-0.6200	0.0940	-0.5180
डबल्यूडी	0.0840	-0.3560	-0.3700
डबल्यूहे	-0.0320	-0.1780	-0.2140
डब्बा	-0.3425	0.4530	0.3465
डब्बोन	0.3330	-0.7500	0.0000
डब्लर्ड	-0.3000	0.0000	-0.5500
डब्लिशिशName	0.0000	-0.5560	0.0000
डब्ल्यू.	0.5840	-0.2040	0.2040
डब्ल्यूट	0.0200	-0.2120	-0.3280
डब्ल्यूडमैन	0.6670	0.0000	0.5930
डमी	-0.1200	-0.7120	-0.5000
डम्प	-0.3100	0.0000	-0.2600
डम्पर	-0.5000	0.6670	0.5240
डम्पस्टर	-0.5420	-0.1640	-0.8010
डम्पिंग	0.4135	-0.3935	-0.1400
डम्पी	-0.6670	-0.6190	-0.5240
डम्प्स	-0.5315	-0.2265	-0.4475
डर	-0.3710	0.3183	-0.1934
डरक	-1.0000	0.7080	0.5830
डरता	0.3890	0.6670	0.4440
डरतापन	-0.1850	0.6670	-0.7920
डरलॉक	0.0000	-0.0420	0.0000
डराने	-0.7560	0.6940	-0.2280
डरानेवाला	-0.7185	0.1075	0.1825
डरावना	-0.8760	0.9040	0.0560
डरावनापन	-1.0000	0.6670	-0.3890
डरित	0.2300	0.5340	0.3600
डर्कस	0.5710	0.6670	0.7140
डली	0.2080	-0.2220	0.5280
डलेक	0.2040	-0.3200	-0.3040
डल्स	-0.0840	-0.2400	-0.0940
डाँटना	-0.8580	0.6660	-0.1660
डांट	-0.7013	0.2153	-0.1370
डाउडल	-0.0420	-0.0720	-0.2860
डाउनग्रेड	0.2583	-0.0587	0.2170
डाउनलोड	0.1147	-0.1746	0.1554
डाउनलोडर	0.0225	0.2680	-0.2015
डाउनलोड्स	-0.5090	0.1080	-0.2050
डाक	0.0800	-0.3520	-0.0147
डाक-	-0.0680	-0.0903	0.0000
डाकरूम	0.0000	-0.1670	-0.3330
डाकू	-0.8650	0.6055	0.4095
डाजाड-	-1.0000	0.6670	-0.7780
डाटा	-0.2840	0.1643	0.1527
डाटा-	0.1310	-0.2223	0.3350
डाटाबेस	0.2080	-0.4280	0.2880
डाटासेट	0.0000	0.0000	0.4580
डायक्लोपेनिक	0.0000	0.0950	0.1110
डायक्लोस्टिक्स	0.0000	0.0980	0.0000
डायजेस्ट	0.0805	-0.2047	-0.0045
डायटइन	-0.4700	0.1660	-0.3760
डायटिंग	-0.3120	-0.1880	-0.1780
डायपरिटी	0.4900	-0.0400	0.1500
डायपरेशन	0.5000	-0.5000	0.0025
डायपर्टी	0.6670	-0.5420	0.6300
डायफ़िक	0.5000	-0.0370	0.0000
डायबिटीज़	-0.8240	-0.2590	-0.4840
डायमियम	-0.1220	-0.0180	0.4500
डायरी	0.3960	-0.4160	-0.0720
डायल	0.2400	-0.1460	0.1920
डायलर	0.0000	0.6670	0.1850
डायलाग	0.4275	0.0832	0.0260
डायलीस	-0.6120	0.1340	-0.1860
डायलेक्सिक	-0.3330	0.3330	-0.6110
डायस्फीनी	-0.8000	0.6670	-0.7780
डायस्फीफीत	-0.7620	-0.3330	-0.8100
डायस्फीयरusa.	-0.9630	-0.5000	-0.9050
डायोड	0.0000	0.0000	0.2380
डारो	-0.1240	-0.3000	-0.4060
डारोप	-0.6670	-1.0000	-0.7500
डार्ती	0.8150	-0.7500	-0.3330
डाला	-0.3813	0.3827	-0.0857
डावाडलर	-0.6670	-0.7620	-0.7500
डािसी	0.1240	-0.2660	-0.3340
डि-	-0.9580	-0.5420	-0.6670
डि-बिट	-0.3340	-0.2000	-0.0520
डिअरिस्टिस्टिस्टिस्टर	0.2860	-0.2220	0.1670
डिआौती	-0.0835	-0.4680	0.2410
डिक	0.1317	-0.0313	0.3430
डिकहैड	-0.7700	0.2160	-0.4320
डिकातॉन	0.1460	0.5060	0.2400
डिकाम्पल	-0.3330	0.6670	0.3330
डिकेमेल	-0.2800	-0.2320	-0.0200
डिकोडर	0.1130	-0.1500	0.3260
डिक्लिटरीusa.	-0.0080	0.1655	-0.0415
डिक्लिटिटिटरी	-0.4440	0.6670	-0.3330
डिक्लिडेंट	-0.6670	-0.6670	0.0950
डिक्लेरेशन	0.1020	0.1800	0.4280
डिक्लोग्राफ	-0.0670	0.5930	0.4070
डिक्स	-0.3800	0.3880	-0.2840
डिक्सन्स	-0.0370	0.0000	0.0370
डिग्री	-0.3944	0.2853	0.0279
डिग्रीज़	-0.1583	0.0520	-0.2157
डिग्रेपाइज़	0.6670	0.6670	0.4170
डिग्रोग्रिकन	-0.5710	0.0000	0.0000
डिज़ाइडर	0.6300	-0.3890	0.1430
डिज़ाइन	0.0400	-0.4240	0.0000
डिज़ाइनर	0.7500	0.0380	0.3400
डिज़िटरीट	-1.0000	0.5560	-0.9050
डिज़िटरीटर	-0.4440	-0.5830	0.5830
डिज़िटल्शन	-0.6670	-0.6670	-0.9170
डिजाइन	0.3607	-0.3857	0.3597
डिजाइनर	0.0000	-0.6670	0.5710
डिजाइनरेंट	0.0000	0.0000	0.5710
डिजाइनिंग	0.5840	-0.2900	0.1040
डिजाइनेबल	0.6670	0.0000	0.5560
डिजिटर	0.6670	0.3330	0.7080
डिजिटल	0.1740	0.0943	0.1500
डिजिटलवाद	0.0000	0.0000	0.2920
डिजिटलाइज़	0.7330	0.6000	0.6250
डिजिटलाइज़ेशन	0.5420	0.5000	0.6250
डिजीज़ी	-0.3330	-0.3330	-0.4440
डिजीजिट	-0.0820	0.1000	0.2360
डिजीजीटली	0.2223	-0.2223	0.1903
डिजीटर	0.0420	-0.6250	0.2960
डिजीटलिंग	-0.3890	0.6250	-0.6000
डिजीटली	-0.0972	-0.5217	-0.1348
डिजीत्ज	-0.6670	0.5560	-0.6670
डिजीबाइजेशन	0.6670	0.6670	0.6300
डिजीब्ड	0.1670	-0.5930	0.0950
डिजील्यूशन	0.0000	-0.0950	0.2080
डिज्ड	-0.3340	-0.1020	-0.3780
डिटनटर	-0.5860	0.7500	0.5000
डिडूट	-0.2900	-0.3400	-0.1760
डिथर	-0.5000	0.6670	-0.6250
डिपेंडेंसी	-0.1420	-0.2700	-0.2880
डिपोक्सिन	-1.0000	-0.1670	0.0420
डिपोपोराusa.	-0.0370	0.5930	-0.0480
डिप्रोग्राम	-0.6190	0.6250	0.5240
डिप्लीक	-0.6670	0.6670	0.1480
डिफ-user	0.1430	-0.6250	0.2500
डिफ़र	0.0670	0.5560	0.2500
डिफ़िननेस	-0.3330	0.5240	-0.5930
डिफ़ॉर्मेबल	-0.3330	-0.3330	-0.5000
डिफ़ॉर्मेशन	-0.7760	0.3080	-0.4320
डिफ़ॉल्ट	0.0112	0.1628	0.0970
डिफ़्ड	-0.4170	-0.8750	-0.8570
डिफिनाइड	0.0370	-0.6670	0.0000
डिफ्यूज़न	-0.1440	-0.1815	0.0380
डिफ्यूस	-0.2035	0.0210	-0.1645
डिफ्रेक्टर	-0.4580	0.6670	0.1850
डिबग	0.7040	0.6670	0.6670
डिबगर	0.5330	0.6300	0.7080
डिबेबल	-0.6380	0.2200	-0.0520
डिबॉबे	-0.3330	0.5000	-0.3700
डिब्ब	-0.1660	0.1020	-0.0700
डिब्बर	-0.3330	0.6670	0.0830
डिब्बिस्टाइज़ेशन	-0.6670	0.2860	0.0370
डिमामाजॉइडो	0.0000	0.0000	0.0950
डिमिटरीाइजेशन	-0.0560	-0.3750	0.4440
डिमिस्टी	0.0000	-0.5830	0.5420
डिमी	1.0000	0.6670	0.9630
डिमीज़ीरीाइजेशन	0.7080	-0.6300	-0.5190
डिमीटलीName	0.0000	-0.4580	-0.4170
डिमीट्रिक	0.0000	0.0000	0.2500
डिमीयोलॉगComment	0.0000	0.5420	0.3330
डिम्बियोट्स	-0.6670	-0.9580	-0.5560
डिम्बिस्टमिस्टिस्टिस्ट	0.0000	0.4760	0.3330
डिम्बिस्टिस्टर	0.1330	0.5710	0.6300
डियूक्लोकेट	-0.2500	-0.5560	0.3810
डिररीर्जरiran.	0.0000	0.7040	0.4440
डिराइविटरी	0.6670	0.5000	0.6300
डिराइव्ड	0.6670	0.0000	0.4070
डिरेक्ट्री	-1.0000	-1.0000	-0.6190
डिरेलेट	0.0000	0.6670	0.9050
डिलाइनर	0.3750	0.5930	0.5560
डिली	0.0950	0.5710	-0.3890
डिवरिटरी	0.0000	0.4580	0.3750
डिवाइस	-0.4160	-0.0780	-0.2300
डिविएटर	-0.6250	0.6670	-0.5420
डिस्क	-0.2360	-0.3812	-0.3415
डिस्क-	-0.5797	-0.0769	-0.4476
डिस्क-bobolibolium	-0.6670	1.0000	-0.8150
डिस्कक्शन	-1.0000	-1.0000	-0.9170
डिस्कग्राफी	0.6670	0.0000	0.4290
डिस्कनेक्ट	-0.4135	-0.2005	-0.3980
डिस्कनेक्टेड	-0.5833	-0.6540	-0.6750
डिस्कलामेंट	-0.5240	-0.5830	-0.4760
डिस्कस	0.0840	-0.1540	-0.3140
डिस्कांटिक	-0.2670	-0.3200	-0.0380
डिस्काउण्डिटी	-0.3940	-0.1220	-0.5000
डिस्किपी	0.0830	-0.5000	0.2500
डिस्किश	0.1900	0.5560	0.4810
डिस्कीयता	-1.0000	-0.6670	-0.0950
डिस्केट	0.0620	-0.4900	-0.2180
डिस्केप	-1.0000	1.0000	0.9520
डिस्को	0.4200	0.6120	0.1500
डिस्कोक	0.6670	1.0000	0.3330
डिस्कोटोन	-0.8520	-1.0000	-0.7410
डिस्कोत्तेजकता	-0.5930	-0.7620	-0.4170
डिस्कोर	0.1700	-0.5380	-0.1420
डिस्ग्विनमेंट	-0.8890	-0.6190	-0.6190
डिस्टार्ट	-0.2980	-0.2300	-0.3560
डिस्टार्शन	-0.1188	0.0888	0.1945
डिस्टार्शनGenericName	0.0000	0.2590	0.4810
डिस्टिंगल	-0.3000	-0.4720	-0.0360
डिस्टिटर	-0.6670	0.6670	0.2920
डिस्टिटरी	-0.3260	-0.1760	0.2800
डिस्टिटरीइड	-0.5930	0.6670	-0.2080
डिस्टिटिटरी	-0.0400	-0.4700	-0.4620
डिस्टेंसिटरी	0.3750	-0.6250	-0.1670
डिस्ट्रिटरी	-1.0000	-0.2220	-0.4070
डिस्फीति	0.2080	-0.6670	0.2960
डिस्फीयर	-0.6670	0.6670	0.5000
डिस्लेटर	-1.0000	1.0000	1.0000
डिोरामाusa.	0.1840	-0.1180	-0.0760
डी-	-0.2565	-0.0311	-0.0910
डी.	-0.3601	0.0623	-0.1671
डींगें	-0.5052	0.6740	0.5897
डीईएस्ड	-0.6670	0.1670	0.4760
डीएफ़वेबल	0.7500	0.0000	0.4070
डीएसलर	0.0000	-0.6670	0.3700
डीएसी	0.2440	0.3840	0.4200
डीकन	0.0620	-0.1400	0.4720
डीकनशिप	0.5930	-0.2920	0.4170
डीचबैक	-0.5840	-0.2200	-0.4820
डीटलेक्टियनName	0.5560	0.6670	-0.0830
डीडीडीटी	-0.2500	0.1240	0.4700
डीना	0.0320	-0.0840	0.0000
डीफर्मराइजेशन	0.5930	-0.5710	0.4440
डीफ़ोकस	-0.5000	-0.9260	-0.5000
डीबी	-0.6250	0.6670	0.2220
डील	0.0110	-0.2170	0.2930
डीलक्स	-0.4600	-0.0720	-0.2920
डीलर	0.5980	0.2300	0.3660
डील्ड	0.5560	-0.9260	0.2860
डीवीसी	-0.6670	0.6670	-0.4070
डीसीआईसीआरसीसी	1.0000	-0.3330	0.7920
डीस्पीसीमेंट्स	-1.0000	-0.5000	-0.6670
डीहेएलएमName	-0.6190	0.8000	0.5000
डुबाना	0.0000	-0.5930	-0.4070
डूब	-0.7080	0.0620	-0.6300
डूबना	-0.3550	-0.0430	-0.2295
डूबने	-0.5240	-0.3330	-0.6110
डूबर	-0.3960	0.1140	0.0760
डूबो	-0.8580	0.7200	-0.4600
डेंटॉन	0.0000	0.0000	0.0000
डेक	0.0947	-0.3090	-0.2373
डेकान	0.0420	0.6110	-0.2960
डेकाम्प	0.0000	0.7500	0.3330
डेकिन	0.2780	-0.3140	0.0460
डेकुंट	-0.6300	-0.5000	0.9170
डेकोरेशनेबल	0.6670	0.2960	0.3810
डेक्सटर	-0.0840	-0.0540	-0.1120
डेचॉफ़ॉइड	1.0000	0.7040	1.0000
डेजे	-0.5100	0.4700	-0.3420
डेटलेट	0.6670	0.9580	0.6670
डेढ़	-0.7255	-0.2465	-0.3330
डेन	0.2240	-0.0620	0.4460
डेनके	0.8570	-0.5930	-0.1430
डेनामीjapan.	-0.3120	0.7200	0.5660
डेनिट	0.4760	0.6670	0.0000
डेफिनिट	0.2057	-0.2127	-0.2117
डेफिनिटनेस	0.6670	-0.5710	-0.4070
डेमन	-0.3340	-0.0200	0.0000
डेमरिट	-0.6670	-0.4580	-0.4580
डेमिनिफ़ॉयरusa.	0.3330	-0.6670	0.5830
डेमो	-0.4073	-0.0022	-0.0711
डेमोग्राफर	0.0420	0.0830	0.5830
डेमोग्राफी	-0.0820	-0.2880	0.1880
डेमोटर	0.0000	0.3330	0.5190
डेमोाइज	0.6670	0.7140	0.7140
डेमोाइजेशन	0.3890	0.0000	0.0625
डेर	-0.5710	0.1250	-0.2500
डेरिवेटिव	0.0170	-0.2590	-0.1795
डेरिवेटिवनेस	-0.3810	-0.6190	-0.4170
डेरी	0.0000	1.0000	0.2500
डेर्मरusa.	-0.3890	-0.6670	-0.4440
डेलिक्शन	-0.6670	-0.1480	-0.5000
डेलिगेट	0.2240	-0.0180	0.3160
डेलिमर	0.6250	0.5000	0.4810
डेलिमिटर	0.0620	0.0980	0.2720
डेलिमीअलिक	0.3810	-0.6300	0.5560
डेलिमीटर्स	-0.2160	0.1040	0.1460
डेलिमीनेस	0.6300	-0.4810	0.6300
डेलिवरी	0.2040	0.2945	0.4710
डेलेक्स	0.5840	0.2240	0.5100
डेलेटर	0.6250	0.6670	0.8890
डेलेनियम	-0.5340	0.3880	-0.0320
डेलेव	-0.0620	0.0580	0.3680
डेल्टा	0.0610	-0.4170	-0.1990
डेवरिसेबल	0.6670	0.1480	0.5560
डेवलपर	0.6880	0.3060	0.7280
डेविएंट	-0.6670	0.5420	-0.5560
डेशवाल	-0.1110	0.0000	0.0000
डेशिशName	-0.4440	-0.7500	-0.6250
डेस्क-	-0.1735	-0.3493	-0.2428
डेस्कटॉप	0.1120	-0.0720	0.0960
डेस्टिस	0.0000	0.0000	0.4070
डैंग	0.1220	0.1425	-0.1600
डैंगिट	-0.2080	0.2120	-0.2840
डैंज-	-0.2040	-0.4040	-0.4140
डैम्पल	0.0000	-0.1480	0.0000
डॉ.	0.0000	-0.6670	0.7080
डॉक्टर	0.6137	-0.2157	0.6903
डॉक्टरी	0.3260	-0.2210	0.2878
डॉक्ड	-0.4380	0.5080	-0.2040
डॉट	0.1328	-0.3935	-0.3582
डॉटए	-0.2500	-0.1960	-0.2140
डॉटएएस	-0.6670	-0.6670	-0.8000
डॉटट	-1.0000	-0.6670	-0.7500
डॉटम	-0.0520	-0.3810	-0.4070
डॉटल	0.4580	-0.3580	-0.3400
डॉटिंग	0.0000	0.5560	-0.2590
डॉट्ड	-0.0505	-0.6600	-0.4365
डॉट्स	0.0000	0.0000	0.4170
डॉयलपैड	0.3745	-0.1940	-0.0115
डॉलर	0.5100	0.2640	0.3880
डॉल्फ़िन	0.5520	-0.3000	-0.1720
डोअर	-0.2800	-0.1920	-0.3500
डोचच	-0.0200	-0.1740	-0.2060
डोडला	0.3330	-0.3810	-0.5000
डोडेकाहेडेरॉन	0.0000	-0.2855	0.0185
डोनफ	0.3260	-0.2400	-0.4420
डोनाइन	0.0960	-0.0620	-0.1480
डोनाद	0.0000	0.6670	0.0000
डोन्ट	0.0340	-0.3120	-0.2180
डोन्टोperu.	0.3760	-0.3960	-0.4900
डोन्ट्रामा	0.0000	0.6250	0.0000
डोपर	-0.6670	0.6670	-0.5560
डोम	0.1880	0.0200	-0.0540
डोमर	-0.6425	0.4685	0.3510
डोमीName	-0.6670	-0.6670	-0.9520
डोमीकी	0.0000	0.0000	-0.1850
डोमीक्स	-0.2200	0.4540	0.4180
डोमेन	0.1460	0.0980	0.6560
डोलना	-0.1840	-0.6660	-0.3280
ड्रग्स	0.0120	-0.2297	-0.2057
ड्रयूड	0.0340	-0.1100	-0.0380
ड्रा	0.4080	-0.1020	-0.0380
ड्राअर	-0.1420	-0.6080	-0.4160
ड्राइंग	0.3960	-0.5680	-0.3340
ड्राइव	0.0153	0.3553	0.2920
ड्राइव-	0.2240	-0.2160	0.3780
ड्राइवर	0.2675	0.1120	-0.0535
ड्राटर	0.6670	0.7040	0.2920
ड्रापिंग	0.3330	-0.3330	-0.2080
ड्राफ्टनेस	-0.6670	-0.3330	-0.4580
ड्राफ्टर	0.1430	0.6670	0.6670
ड्राफ्लिल	0.6670	-0.7920	0.0000
ड्रार्स	0.0780	-0.4800	-0.5280
ड्रास्टर	0.6250	1.0000	0.9050
ड्रीमिक	0.2380	-0.5560	0.4580
ड्रीमीName	-0.4160	0.3480	-0.2600
ड्रैग	-0.0620	0.2040	-0.2040
ड्रैगन	0.0820	0.6420	0.4240
ड्रैगन-	0.0000	0.0830	0.5560
ड्रैगनिश	-0.3750	0.6670	0.9050
ड्रैगून	-0.6670	0.9520	0.9050
ड्रैग्ड	-0.6040	0.0380	-0.5480
ड्रैग्स	-0.1320	-0.3820	-0.6040
ड्रॉप	0.1977	-0.1640	-0.1847
ड्रॉप-	-0.6190	1.0000	0.9050
ड्रॉपपर	-0.3340	-0.5680	-0.5280
ड्रोxixiolivia.	0.0000	-0.0950	0.1480
ड्रोxymenin	0.0000	0.0000	0.0000
ड्रोटेविक	0.6670	-0.6300	0.5000
ड्रोन	-0.1730	0.2630	0.1840
ड्रोमाइड	0.0000	0.1110	0.4440
ड्रोमानक	0.6670	-0.6670	0.1250
ड्रोमानस	0.0000	0.5830	0.6250
ढक्कन	-0.0200	-0.6220	-0.4900
ढला	-0.1660	-0.0200	-0.3220
ढह	-0.8125	-0.2040	-0.3660
ढाल	-0.1544	-0.0230	0.0186
ढाल:	-0.6670	-0.5830	-0.8330
ढाले	0.3340	-0.2780	-0.2540
ढिठाई	-0.7123	0.1010	0.1190
ढीला	0.0210	-0.2288	-0.3995
ढीलानेस	1.0000	1.0000	0.6000
ढीलापन	-1.0000	0.6300	-0.5000
ढूंढने	0.1687	-0.1343	0.2470
ढूंढा	-0.0853	-0.2533	0.1413
ढूंढें	0.0215	-0.0234	0.0183
ढूंढें:	-0.0367	0.1410	-0.0790
ढेर	-0.1253	-0.1848	-0.1230
ढोंग	-0.3540	0.2000	0.0800
ढोंगी	-1.0000	0.6670	-0.4580
ढोल	0.1784	0.5738	0.0828
ढोलिंग	0.1880	0.5000	-0.1480
तंग	-0.2505	-0.4905	-0.1595
तंग-	-0.6670	-0.6670	0.0000
तंगनेस	-0.3120	0.2120	0.5180
तंगी	0.1240	-0.0600	-0.0180
तंत्र	0.0314	-0.0346	0.4231
तंत्र-	0.6320	0.5500	0.2940
तंत्र-ाइज	0.6250	0.6670	0.9630
तंत्राइज़	0.6670	0.6190	0.9580
तंत्रिक	-0.3480	-0.0480	0.2060
तंत्रिका	-0.0068	0.2851	0.2658
तंत्रिकावाद	-0.6670	0.7080	-0.6670
तंबाकू	-0.3395	-0.2875	0.0330
तंबू	0.2960	0.6670	-0.2590
तकनीक	0.5051	0.3419	0.6723
तकनीकी	0.2758	0.1987	0.5053
तकनीकीता	0.2640	-0.0580	0.3220
तकनीको	0.1220	0.0780	0.0000
तकनीकोफ़ोबे	-0.7140	-0.6670	-0.6190
तकिया	0.0833	-0.3998	-0.2450
तख्ते	-0.0620	-0.4600	0.0480
तट	0.3856	0.0178	0.1346
तटर	0.2240	0.5760	0.2540
तटलैंडjamaica.	0.6670	-0.6670	0.0000
तटस्थता	-0.0620	-0.5900	-0.1320
तटित	0.3890	-0.6670	-0.0740
तटीय	0.2290	-0.2250	0.0100
तड़प	-0.6940	0.5840	-0.4700
तड़पता	0.3335	0.4440	0.2680
तड़पती	-0.7300	0.4400	-0.3860
तड़पाया	-0.8760	0.7800	-0.2780
ततिली	-0.2440	0.1000	-0.2600
तत्काल	0.2376	0.1881	0.1594
तत्कालता	0.5190	0.6670	0.6670
तत्कालार्थी	-0.0620	-0.4900	-0.1400
तत्त्वज्ञान	0.4030	-0.4700	0.3530
तत्त्वज्ञानी	0.3680	-0.3680	0.4400
तत्व	0.1532	-0.0925	0.3097
तत्वों	-0.0433	-0.2096	0.1205
तथाकथित	0.0000	-0.5830	0.2860
तथ्य	0.2473	-0.0473	0.3600
तन	1.0000	-0.5560	0.3700
तनाव	-0.4590	0.3147	-0.2299
तनावरहित	0.6670	-0.9050	-0.4810
तनेयलName	-0.4670	0.6670	-0.2920
तप्पी	-0.2040	-0.2300	-0.2080
तब	0.0160	0.0000	0.0027
तबाही	-0.5700	0.5100	-0.3240
तभी	-0.1880	-0.5000	-0.4900
तमाम	-0.0043	0.0495	-0.0587
तमामों	0.1240	-0.5760	-0.3640
तमाशा	0.0000	-0.1480	0.0000
तम्बू	0.0200	-0.4500	-0.3340
तय	0.2650	-0.4257	-0.0850
तरंगदैर्य्य	0.2080	-0.1160	0.0320
तरंगबैंड	0.0000	-0.2500	0.1110
तरंगी	-0.3340	0.0800	-0.2260
तरंगीता	-1.0000	0.6670	0.2590
तरंगेसिस	-1.0000	0.0000	-0.5830
तरफ़ा	0.3960	-0.1200	-0.1180
तरफ़ामी	0.0480	-0.5710	0.0000
तरफा	-0.3540	-0.2800	-0.2700
तरस	-0.6280	0.3080	0.1100
तरसना	0.0860	-0.0480	-0.1793
तरह	0.0600	-0.0980	0.2500
तरह-	-1.0000	1.0000	0.9050
तरह-लर	0.6670	0.5000	0.4070
तरहसससhaiti.	0.6670	0.0000	1.0000
तराजू	-0.1220	-0.3400	-0.0180
तरीक़े	0.3760	0.1200	-0.1500
तर्क	0.2383	-0.1769	0.4846
तर्कक	-1.0000	0.5830	-0.8570
तर्कश	-0.3600	-0.0960	-0.3300
तर्कशीलता	-0.6190	0.6670	0.6670
तर्कसंगत	0.4725	-0.2595	0.5835
तर्कसंगतता	0.3612	-0.1910	0.3725
तर्कहीन	-0.1040	0.0400	0.3080
तर्जी	-0.2040	0.2940	0.0180
तर्टल	-0.0800	0.1200	-0.4720
तर्टली	-0.6670	-0.5560	-0.9630
तर्टीName	0.6250	0.0000	0.0000
तल	-0.2495	-0.5585	-0.5425
तल-	0.3810	0.0000	0.7040
तलवार	0.0540	0.4030	0.2410
तलवारमछली	0.1280	0.0400	-0.1160
तलवारमेन	-0.2100	0.7140	0.3920
तलवारल	0.3330	0.2380	0.1110
तलवारें	0.6335	0.8385	0.8960
तला	0.0210	-0.2530	-0.3110
तलाक़	-0.7360	-0.0382	-0.2650
तलाक़र	-0.6670	0.6670	0.3330
तलाशें	0.3650	0.1910	0.3000
तलीली	-0.3330	-0.6670	0.0830
तश्तरी	0.0980	-0.5000	-0.3100
तसबीह	0.4720	0.3917	0.2990
तसोनाworld.	-0.2080	0.4380	-0.0720
तस्क	-0.5930	0.5420	0.2960
तस्कर	-0.4380	0.6585	0.2930
तस्केरी	0.1220	-0.3440	0.0580
तस्कॉन	0.0480	0.3330	0.0000
तस्वीर	0.2190	-0.0402	-0.0865
तहखाने	0.0200	-0.4460	-0.1880
ताइपिप	0.6670	-0.6670	0.0000
ताइफ़िकName	0.3960	-0.1540	-0.1340
ताकत	0.6045	0.7475	0.7270
ताकर	0.0000	-0.3330	-0.2220
ताकि	-0.3750	0.6670	0.9520
ताज	0.4160	0.1440	0.4740
ताज़ा	0.5549	-0.0983	-0.0260
ताजा	0.3013	-0.2360	-0.0467
ताजानेस	0.8340	-0.3340	0.1700
ताजामैन	0.3540	0.1400	-0.1180
ताजार	0.5375	0.0465	-0.1730
ताजिंग	0.5460	0.1880	0.6620
ताजित	-0.3330	-0.7080	-0.8750
ताजी	0.3345	-0.0478	0.1010
ताजे	0.0000	0.5240	0.4580
ताज्जुब	0.3052	0.2662	0.0678
ताड़ना	-0.6880	0.1600	-0.3100
तात्कालिक	0.3120	0.2800	0.2000
तानाशाह	-0.8967	0.5997	0.6847
तानाशाहता	-0.4900	0.3920	0.2400
तानाशाही	-0.7180	0.6480	0.1840
ताने	-0.2060	0.5620	-0.4040
तापक्रम	0.0420	0.1180	-0.0540
तापमान	0.1880	0.2740	0.1600
ताबूत	-0.8540	-0.1360	-0.3140
तार	-0.3880	0.0715	-0.3350
तारफ्रेम	0.0000	0.3330	0.2220
तारमेन	0.0000	0.6250	0.5000
तारमैपिंग	-0.6670	0.6670	0.8750
तारर	0.0000	0.7080	0.5190
तारलाइन	0.0000	-0.5710	0.2860
तारवर्कर	0.0000	0.6670	0.4070
तारा	0.4512	-0.1127	0.0008
तारा-	0.1775	-0.0610	-0.0610
तारागाjapan.	0.8890	-0.5000	-0.0370
तारागाना	0.6040	-0.0780	0.4180
ताराबर्टGenericName	0.9580	0.7920	0.1110
ताराबोर्ड	0.0620	-0.2240	0.1160
तारामछली	0.3600	-0.3600	-0.1580
तारालिंग	0.0000	-0.0200	0.0280
ताराशिप	0.4800	0.4380	0.4080
तारािंग	0.7080	0.6670	0.6300
तारी	0.0226	0.0650	0.1674
तारीख़	0.3420	-0.2690	-0.1000
तारीख़-	0.0000	-0.6670	0.0000
तारीख़र	0.5830	0.6670	0.0370
तारीनेस	0.0000	-0.6670	-0.1850
तारीप	-0.5520	0.2840	-0.0920
तारीफ	0.7128	-0.0076	0.4388
तारीफक	0.6460	-0.1740	-0.1300
तारीफरी	1.0000	0.5560	0.5560
तारे	0.5920	0.0420	-0.0320
तारों	0.6670	-0.2380	0.0740
तार्किक	-0.0190	-0.3630	-0.0123
तार्ड	-0.2040	-0.1600	0.0740
ताल	-0.4420	0.2940	-0.0160
ताला	-0.3880	-0.0415	0.4002
तालाब	0.0400	-0.3260	-0.2840
तालाबंद	-0.0897	-0.1538	0.0567
तालाबाक्सComment	0.0370	-0.5420	0.5830
तालिक	0.4280	0.2840	0.3280
तालिका	-0.1960	-0.3260	0.1960
तालिकाएंदार	0.0000	-1.0000	0.0000
तालिकार	0.3540	-0.5000	-0.4480
तालियों	0.9060	0.7140	0.2420
ताली	-0.6250	0.5240	-0.3330
ताल्स	0.8330	0.6670	0.7080
तिडी	-0.1460	-0.0820	-0.4900
तितर	-0.5200	-0.1140	-0.1300
तिथि-बुक	0.0000	0.1110	0.4070
तिथि/समय	0.0200	-0.3960	-0.2240
तिर्ख	0.0600	-0.2140	-0.4280
तिर्यक	0.2570	-0.3060	0.0070
तिश	-0.6670	0.7040	0.0480
तिशकेश	-0.0600	-0.5280	-0.1820
तिशगुईName	-0.2500	-0.1000	0.0000
तिशगुता	0.0000	0.0000	0.2590
तिशबीName	0.3330	0.6250	0.5830
तिशमाName	0.0420	0.3580	-0.1160
तिशरी	-0.1480	0.0000	0.0000
तिशश	-0.2860	0.0000	0.0000
तिशिशName	-0.2395	0.0418	0.0167
तिस	0.0925	-0.3935	0.0665
तिसंगन्ग	0.0000	0.0000	-0.0420
तिसक	0.3360	0.2660	0.3340
तिसदार	0.0555	0.6300	0.5355
तिसरी	-0.5620	0.8140	0.4220
तिसलापन	-0.3750	-0.7920	-0.5000
तिसलालाला	-0.6670	0.6670	0.1250
तिसली	-0.6670	-0.7500	-0.0830
तिसलीName	-0.2167	0.2187	0.0680
तिसिक	0.0840	-0.0760	0.0520
तिसिकName	-0.6670	0.5420	0.0000
तिसितर	0.0000	0.5800	0.7500
तिसितित्डी	-0.6670	0.8890	-0.2080
तिसित्डी	-1.0000	-0.5000	-0.7410
तिसित्य	-0.5185	-0.0280	0.0905
तिसिलाhonduras.	-0.6110	-0.1430	-0.2500
तिसिशName	-0.2283	0.0833	-0.1493
तिसिशली	-0.5420	-0.3810	-0.6670
तिसिशिशName	-0.6670	-0.5930	-0.4580
तिसी	-0.6120	-0.3960	-0.3680
तिस्टिस्टिक	-0.3700	-1.0000	-0.4070
तिहरी	-0.5277	-0.0710	-0.2227
तीन	0.0442	-0.0940	-0.0670
तीन-	0.1378	0.0795	0.1600
तीन-गोमोथ	-0.2080	-0.2000	0.2320
तीनटे	-0.0840	-0.1640	-0.4200
तीनटेनियम	-0.1760	-0.0580	-0.1560
तीनपेन्स	0.0000	-0.6670	-0.2080
तीनम	-0.4800	0.0960	0.0580
तीनविया	0.3800	-0.0200	-0.0540
तीनवेरी	0.2300	-0.0740	0.2320
तीर	-0.0720	-0.1470	-0.0973
तीर-	0.0950	-0.0060	0.0000
तीरली	0.1880	0.2080	0.1780
तीरायर	0.0000	-0.7780	0.0000
तीराष	0.1460	0.2440	0.3220
तीव्र	0.1561	0.4181	0.3964
तीव्रता	0.5163	0.6923	0.4620
तीस	0.0413	-0.1007	-0.0240
तीसरा	-0.0313	-0.3240	-0.2340
तीसिश	0.0000	0.0000	0.0000
तुच्छ	-0.8887	0.2003	-0.1237
तुच्छता	-0.6670	-0.5190	-0.8100
तुझ	-0.7340	0.5760	0.0000
तुझी	0.4170	0.3247	0.3283
तुम	-0.3760	-0.5860	-0.3780
तुमन	0.0200	-0.1300	0.0160
तुमपे	0.0000	-0.3500	-0.2160
तुमल	-0.5200	0.5960	0.1160
तुम्हाराm	0.1220	-0.4900	-0.3500
तुरही	0.2460	0.1700	0.0690
तुलना	0.0869	-0.2448	0.0408
तुलनात्मक	0.6670	-1.0000	0.3810
तुल्य	0.6670	-1.0000	0.5830
तुल्यकालित	0.6670	0.6670	0.4810
तूफ़ान	-0.5843	0.7439	0.2802
तूफ़ानीय	0.0820	0.4800	0.3560
तूफ़ानीयता	0.0000	-0.5830	0.0000
तूफान	0.0638	0.5793	0.2677
तूफानी	1.0000	-0.3700	0.3700
तूफानीName	0.3740	0.2620	-0.0900
तूफानीमछली	-0.3120	-0.1600	-0.2220
तृखिक	-0.7080	0.0000	-0.2860
तृटेली	0.0000	0.0000	0.0000
तृढय	0.1110	0.6670	0.3700
तृतीय	0.2440	0.0200	0.2360
तृथथथिक	0.0000	-0.1670	0.2080
तृशित	-0.2000	-0.1880	-0.5660
तृषक	0.9520	-0.4290	0.5000
तृषी	-1.0000	0.7080	-0.5830
तृहिकता	-0.3330	-0.9520	-0.5000
तेंकेदार	-0.4480	0.1540	-0.1340
तेंके्ड	-0.6670	-0.6670	-0.8570
तेंचित	0.6040	0.0000	0.3520
तेंदुआ	0.6670	-0.6670	0.0480
तेज	0.1768	0.2335	0.2774
तेजता	0.6560	0.1480	0.6450
तेजबैक	0.5930	0.0000	0.0740
तेजबॉल	0.3760	0.3580	0.1500
तेज़	0.2125	0.2625	0.1711
तेज़ता	0.3340	0.5960	0.6120
तेज़ी	0.3252	0.4308	0.5563
तेजी	0.0400	0.0932	0.0236
तेरह	-0.0820	-0.2300	-0.3380
तेरहवां	-0.1840	-0.3400	-0.1500
तेल	-0.2627	-0.2551	-0.1777
तेल-	0.6670	0.0000	0.4810
तेलक	0.0000	0.0560	0.1110
तेलफ़ील्ड	0.0000	0.5710	0.5560
तेलमन	0.0000	0.6670	0.7080
तेलरहित	0.7040	-0.6250	0.0830
तेलीName	-0.4480	0.0660	-0.2300
तेलुगुName	-0.2020	-0.1160	-0.4120
तेलुदान	-0.1900	0.0830	-0.2670
तेल्ड	-0.5000	-0.0780	-0.2640
तेस्ट	0.2040	-0.3540	-0.2380
तैनात	0.3150	0.3165	0.4185
तैनाती	0.0200	0.0400	0.2240
तैयार	0.2788	0.0554	0.2553
तैयारी	0.5060	0.0380	0.2640
तैयारोगो	0.3340	0.3080	0.1560
तॉबर	0.1860	-0.0720	-0.0780
तॉबियाईName	-0.1460	-0.2860	-0.0520
तो	-0.5830	1.0000	0.5000
तोड़ा	0.9180	0.2140	0.6890
तोड़ें	-0.2622	0.1568	-0.1731
तोड़ेंक	-0.4920	0.6660	0.2080
तौबा	0.3960	-0.2865	0.0245
तौल	-0.3340	-0.2080	-0.2500
तौला	0.2965	-0.4585	-0.4545
त्योरी	-0.1696	0.3702	-0.0308
त्रासदी	-0.8960	0.6860	-0.3200
त्रिकोण	0.0620	-0.1645	0.1855
त्रिकोणमिती	0.0740	0.2860	0.5000
त्रिकोणीय	-0.0448	-0.2030	-0.0332
त्रिज्या	0.0420	-0.3520	0.0000
त्रुटि	0.0525	-0.2745	0.1355
त्रुटि:	-0.0210	0.1220	-0.1670
त्लोरियाName	0.1110	-0.8000	0.0000
त्लोरेशName	0.3330	-0.3330	-0.2860
त्लोरोलीन	-0.6250	-0.1670	0.0000
त्लोश	0.2080	-0.5100	-0.2360
त्वचा	-0.3806	0.0079	0.1333
त्वरक	0.0017	0.7633	0.5797
त्वरण	0.4080	0.8100	0.6860
त्वरित	0.2200	0.5160	0.3640
त्वरितता	0.5480	0.2700	0.4800
त्सा	0.4840	0.0000	-0.2600
त्सियोपथी	0.6670	-0.1900	0.2590
थक	-0.6875	-0.6495	-0.6365
थककर	-0.7080	-0.6670	-0.4580
थकान	-0.4850	-0.1240	-0.4990
थके	-0.6120	-0.4380	-0.5960
थण्डर	0.1900	0.5420	0.5710
थमोमोम	0.0000	0.5560	0.3810
थरथराक	-0.5000	0.6670	-0.8890
थरथराता	-0.6460	0.7860	-0.3520
था	0.0000	-0.0415	-0.2380
थाप	-0.2200	0.2400	-0.1880
थायरॉइड	-0.5320	-0.0900	-0.2540
थायरॉइड-	0.0000	0.0000	0.4290
थाली	-0.6670	-0.6670	-0.8520
थिइलो	-0.2000	-0.2700	-0.2860
थिऑरियम	-0.4480	-0.0200	-0.3340
थिप	-0.0400	-0.1960	-0.3020
थिसॉरस	0.0400	-0.0400	0.0180
थूक	-0.4680	0.1943	-0.1700
थूकक	-0.4170	0.6670	-0.3330
थूकना	-0.6670	0.7140	-0.0830
थूका	-0.3565	0.4560	-0.3255
थूको	-0.4480	-0.1480	-0.4400
थे	0.0000	0.0000	0.0210
थैला	-0.0808	-0.2105	-0.2921
थॉइड	-0.0200	-0.3600	0.1200
थॉइडॉइड	0.0000	0.6670	0.4580
थॉइम्पिक	0.6670	0.2860	0.6250
थॉइम्प्स	0.1670	0.6670	-0.2920
थॉत्रोन?"	0.0000	-0.0370	0.1850
थॉफॉयर	0.6670	0.2220	0.5710
थॉब्रोकरperu.	-0.6190	0.2960	0.4760
थॉयर	0.0000	0.6670	0.2590
थॉयरhaiti.	-0.7620	0.6670	-0.6670
थॉर	0.0830	-0.3540	0.0630
थॉरवुड	0.5190	-1.0000	0.0000
थॉरेर	-0.1460	0.0600	0.2720
थॉर्नर	-0.4075	0.8335	0.1115
थॉर्नियाbrazil.	-0.3750	-0.9580	0.0000
थॉर्नियाperu.	-0.7620	-0.8330	-0.5830
थॉर्नियाusa.	0.5000	0.3335	0.4815
थॉर्मरी	0.1420	-0.2440	0.1200
थॉर्मरीusa.	0.0000	-0.8330	0.2080
थॉर्मरील	0.0000	-1.0000	0.1670
थॉर्मोटिकल	0.0000	0.6670	0.0000
थॉर्मोरेशनusa.	0.0830	0.0000	0.4440
थॉस्फीयर	1.0000	-0.3330	0.0000
थोक	0.8520	1.0000	0.9580
थोड़ा	-0.0380	-0.5080	-0.3367
थोड़ी	-0.3680	-0.1840	-0.0980
थोरोर	-0.0400	-0.1840	-0.5380
थ्रेड	0.0000	-0.6300	-0.7040
थ्रेडर	0.0000	0.6250	0.2080
थ्रेडरstar	-0.6670	-0.6670	-0.6670
द	0.1190	0.8750	1.0000
दंगा	-0.7380	0.6505	0.1520
दंगा-अपर	-0.6670	0.9630	0.8750
दंड	-0.6672	0.4708	0.0648
दंडक	-0.8150	1.0000	1.0000
दंडित	-0.7080	0.5240	-0.9050
दंत	-0.1420	0.1400	0.1380
दक्षिण	-0.0070	0.0496	0.0075
दक्षिण-	-0.0349	0.1354	-0.0087
दक्षिण-पश्चिम	-0.0627	-0.1240	-0.0720
दक्षिण-पूर्व	0.0200	-0.4340	-0.1740
दक्षिणी	0.1744	-0.2353	-0.0920
दक्षिणीName	0.6670	0.0000	0.5830
दक्षिणीperu.	0.0840	-0.2220	-0.1920
दक्षिणीलैंडjamaica.	0.0000	-0.5830	0.0000
दक्षिणीलैंडjapan.	0.0000	0.0000	0.5830
दण्ड	-0.1400	0.0460	-0.1470
दददड	0.2860	0.0000	0.0000
दफन	-0.7340	0.0600	-0.2600
दबा	-0.2581	0.2088	-0.1571
दबाएँ	-0.1967	0.2543	0.1743
दबाने	-0.6670	-0.4230	0.8335
दबाव	-0.5256	0.3034	-0.0863
दबिटरी	-0.6240	-0.3400	-0.1540
दमकता	0.5000	-0.1285	0.2175
दमन	-0.5720	0.5280	-0.0380
दमनशील	-0.6670	-0.6250	0.4070
दमनशीलता	-0.8750	-0.6670	0.2920
दमा	-0.5620	0.5280	-0.1200
दया	0.4380	-0.5420	0.0000
दयालु	0.8480	-0.4983	0.0947
दयालुता	0.7145	-0.3545	0.3120
दर	0.1033	-0.1410	-0.2490
दरजा	0.3610	0.0390	0.2370
दरवाजा	-0.0173	-0.6573	-0.1293
दरवाजा-	0.0000	-0.5187	0.1057
दरवाजा-nob	-0.1880	0.1060	-0.0760
दरवाजाjapan.	0.0000	-0.8330	0.0000
दरवाजामेन	0.1400	-0.2580	-0.0180
दरवाजाहैल	0.0000	-0.0560	0.0000
दरवाजाा	-0.0580	-0.2600	-0.1540
दरवाजे	-0.0113	0.0193	-0.0920
दरवाजेफ्रेम	0.0000	-0.1110	-0.2500
दरार	-0.3534	0.2318	-0.1737
दरार-	-0.4800	0.2040	-0.5890
दरारर	0.1340	0.0180	-0.1480
दरारिंग	-0.3460	0.1140	-0.4280
दरारी	-0.5520	0.0400	-0.5440
दरियाई	0.1457	-0.1372	0.0792
दरियाईकाम्प	0.0000	0.2920	0.0740
दरियाईफ	-0.6670	0.6670	0.1480
दरें	0.2440	0.0760	-0.5180
दर्की	-0.4400	-0.6940	-0.7360
दर्जन	0.1660	-0.3140	-0.1500
दर्द	-0.5291	-0.0779	-0.3287
दर्दनाक	-0.8384	0.1966	-0.4890
दर्दरहित	0.7933	-0.8530	-0.2207
दर्लेट	-0.2860	-0.0060	-0.3340
दर्शक	0.2775	-0.1398	0.0805
दर्शन	0.3887	0.0287	0.4687
दर्शनहीन	-0.6670	-0.9580	-0.8150
दर्शनीय	0.6670	0.0000	0.1850
दलदल	-0.5990	-0.0950	-0.4950
दलदली	-0.0180	-0.1707	0.0187
दलदलीक	0.4800	-0.1180	-0.2180
दलन	-0.6670	-0.6300	-0.5000
दलमेन	0.2040	0.1600	0.0960
दलर	0.2670	0.9580	0.0830
दलवन	0.2500	0.3020	0.0180
दलाल	0.0610	-0.0380	0.1000
दलोन	-0.0620	0.3720	0.5740
दवा	0.0247	0.0313	0.0880
दवाइसोस	0.6670	1.0000	0.6670
दवेडिद	-0.6040	0.5680	0.1660
दश	0.2080	-0.0380	0.4800
दशंकक	0.2220	-0.6250	-0.0370
दशक	0.0620	-0.1960	0.3300
दशमलव	0.0070	-0.2410	-0.1710
दशमलवाइज़	0.0000	0.6670	0.3330
दशमलवाइज़ेशन	0.1480	0.6670	0.6250
दशमांश	0.0140	-0.4480	-0.2300
दस	0.3633	-0.1543	0.3190
दस-	0.1900	0.6670	0.0000
दसडासिटी	0.4800	0.3140	0.7780
दसरेरी	-0.1150	-0.4310	-0.1970
दसवां	-0.1280	-0.0170	-0.0980
दसवीं	0.0200	-0.3020	-0.2360
दसवें	-0.1880	-0.4120	-0.4320
दससिखिए	-0.3330	-0.5000	-0.6670
दससिखिक	-0.2480	-0.5705	-0.4860
दसेट	0.3340	-0.3340	0.2720
दस्त	-0.8160	0.3680	-0.7140
दस्तक	-0.4470	0.4760	0.1858
दस्तावेज	0.0740	-0.8150	-0.1110
दस्तावेज़	0.1180	-0.3529	0.1840
दस्तावेज़-	0.2990	0.0955	0.4240
दस्ती	0.4180	0.4675	0.1580
दस्ते	0.1040	0.4220	0.6120
दहकती	-0.1075	0.7135	0.1990
दहला	0.0936	-0.1900	0.0688
दहलाने	0.4820	-0.1760	0.2720
दहलीज	0.0620	0.0380	0.1500
दहायName	0.1020	0.2600	-0.0540
दहेंग	-0.0800	0.2660	0.3520
दहेज़	0.0000	0.3330	-0.1480
दहेवेपोर्ट	0.0000	-0.6670	0.0000
दाँतों	-0.1570	0.2200	0.2240
दांत	-0.0063	-0.2065	-0.2723
दांतक	0.1220	-0.5680	-0.6300
दांतरब्रुश	0.0340	-0.3400	-0.3580
दांतिंग	-0.2080	-0.0580	-0.0520
दांती	0.2960	0.0000	0.0420
दांते	-0.0235	0.4420	-0.2410
दांतेदार	-0.6250	-0.6670	-0.7500
दाईं	0.0000	0.0000	0.2780
दाएँ	0.0000	-0.5190	0.2860
दाख	0.4860	-0.2280	0.0760
दाखमधु	0.6670	0.1180	0.4080
दाखमधु-	0.4170	0.0830	0.0000
दाखमधुक	0.0000	-0.1670	-0.4580
दाग	-0.2580	-0.0620	-0.3260
दागा	0.8890	-0.8520	0.4440
दागाक	0.0000	0.6250	0.0000
दागे	0.6670	-0.3330	0.1850
दाग्ड-	0.1880	-0.3420	0.2360
दाचश-	0.5710	0.6670	-0.0830
दाढ़ी	-0.0355	-0.4338	-0.1683
दाढ़्डcolor	-0.5840	0.3760	-0.4600
दादा	0.7240	-0.4203	0.2181
दादा-	0.6395	-0.5375	0.1880
दादादाद	0.4800	-0.5040	-0.0780
दादावेद	0.7140	-0.3330	-0.5560
दादी	0.5587	-0.5240	-0.3420
दादी-	0.9580	-0.2590	-0.4580
दादीमा	0.4920	-0.6050	-0.0180
दादीमाasia.	0.6670	-0.6670	-0.1670
दान	0.2558	-0.0637	0.0776
दानामोparaguay.	0.0620	0.3000	0.1860
दानिस्तानusa.	-0.6670	0.5000	0.4760
दानी	0.1196	0.2268	0.2952
दाने	0.6670	0.2220	-0.3330
दान्दर	0.2860	0.6670	-0.0830
दान्सेरियाbrazil.	-0.5760	-0.0600	-0.0800
दाब	0.0200	-0.3260	-0.3200
दाब्बर	0.0000	0.3810	-0.2380
दायरा	-0.4248	0.4035	-0.3965
दायराित	-0.2480	0.7360	-0.2860
दायाँ:	-0.5620	0.1160	-0.4560
दार्न	-0.7700	0.5300	-0.1640
दार्न्डर	0.0420	0.6670	0.6670
दावत	0.5580	0.1475	0.2233
दावा	0.2202	0.2598	0.5027
दावे	0.1900	0.0000	0.3750
दावेयोग्य	0.6670	0.6670	0.5420
दास	-0.6180	0.1651	-0.5872
दास-	-1.0000	0.6670	1.0000
दासत्व	-0.8280	0.2700	-0.3960
दासिशName	-0.7220	-0.6250	-0.9580
दासी	-0.0480	-0.5710	-0.6670
दास्क	0.6670	-0.6670	0.3330
दाहिना	0.4900	-0.3340	0.4960
दाहिनी	-0.0950	0.1250	0.5000
दाहिने	0.3260	-0.1780	0.0920
दिए	0.5000	-0.4760	0.1110
दिकिकली	-0.6670	-0.6670	-0.6670
दिखाएँ	0.1163	0.0610	-0.0630
दिखाने	0.2440	0.0800	-0.0180
दिखाया	-0.4760	0.6670	-0.5420
दिखायें	-0.6660	0.2540	-0.2300
दिन	0.2106	-0.0918	-0.0820
दिन-	0.6670	0.6670	0.0000
दिनबुक	0.2380	-0.4290	-0.3330
दिनब्ड	0.1670	-0.6300	-0.0560
दिनशीष	0.0000	0.6670	0.0370
दिनांक	0.5420	-0.2200	-0.2800
दिमागी	-0.4447	-0.4640	-0.4483
दिमागोर्जर	0.7780	0.9170	0.5830
दिया	0.4710	-0.1317	0.2871
दिल	0.2069	0.0098	0.0753
दिलचस्प	0.3534	0.1204	0.0558
दिलचस्पवादी	-0.6670	0.6670	0.5190
दिलचस्पी	0.5625	0.3625	0.2530
दिललैंडjapan.	0.6240	0.0200	0.3500
दिली	0.5200	0.3680	0.5840
दिलों	-0.1490	0.1130	0.0620
दिलोंक	0.6250	-0.0950	0.2220
दिशमांग	-0.2300	-0.0780	-0.1580
दिशा	0.1347	0.0460	0.1143
दिशा-	0.0551	0.1875	0.2297
दी	-0.0835	0.0190	-0.1080
दीदी	0.9630	-0.6670	-0.3330
दीन	0.1660	-0.2740	0.1860
दीपकी	-0.5240	0.6670	0.1670
दीर्घवृत	0.3060	-0.2840	-0.3720
दीर्घवृत्त	0.1121	-0.0425	0.3004
दीर्घवृत्तबॉर्ड	-0.6460	0.7500	0.3400
दीर्घवृत्तीय	-0.1360	0.0083	0.1027
दीर्घा	0.3180	-0.1340	0.1380
दीवट	-0.1040	0.0620	0.0680
दीवाना	-0.4753	0.5567	-0.3093
दीवानापन	0.6670	-0.6670	0.2220
दीवार	-0.0275	-0.1470	-0.0345
दीवारबोर्ड	0.0000	-0.5830	0.0000
दीवारी	0.0000	0.0000	0.0000
दीवारीशियाईName	0.0000	-0.0200	0.1880
दुःख	-0.7993	0.1332	-0.1063
दुःखद	-0.6832	0.2298	-0.2458
दुःखदता	-1.0000	-0.6670	-0.7410
दुःखी	-0.7760	0.0000	-0.5360
दुकान	0.0157	0.4525	0.1595
दुकानदार	-0.6670	-0.6670	-0.3330
दुकानपर	0.2920	0.2300	0.4820
दुकानी	0.0000	0.6670	0.3890
दुख	-0.7150	0.2151	-0.3476
दुखी	-0.8960	-0.4240	-0.6720
दुनिया	-0.6460	0.3520	0.2260
दुनियावी	-0.2860	-0.8150	-0.5190
दुराविस्ट	-0.3540	0.4160	0.3100
दुरुपयोग	-0.8520	0.6410	-0.2615
दुर्गुण	-0.4080	0.5560	-0.0400
दुर्घटना	-0.5560	0.6920	-0.3570
दुर्बल	-0.6300	-0.1460	-0.7350
दुर्भाग्य	-0.6772	-0.1335	-0.6193
दुर्भाग्यपूर्ण	-0.6670	-0.5560	-0.9050
दुर्व्यवहार	-0.9320	0.7610	-0.4787
दुल्हन	0.5880	0.2270	0.1970
दुल्हा	0.6180	0.4720	0.0540
दुविधा	-0.6940	0.1800	-0.1400
दुविधाएँ	-0.3330	-0.6670	-0.5240
दुविधापूर्ण	-0.4015	-0.3235	-0.3085
दुश्मन	-0.7940	0.6210	0.0500
दुश्‍मन	-0.8370	0.3760	-0.1560
दुश्‍मनी	-0.1565	-0.2760	0.3365
दुष्ट	0.0653	0.4975	0.4315
दुष्टता	-0.5057	0.6138	0.2540
दुष्टात्मा	-0.8167	0.7783	0.1650
दुष्टात्माएं	-0.1825	0.5000	0.6945
दुसरे	0.3330	-0.4170	0.4070
दुहरायें	-0.6120	0.5100	0.2520
दूत	0.2507	-0.1080	0.3353
दूतवादी	-1.0000	0.7080	-0.7920
दूध	0.3230	-0.2679	-0.2049
दूधपिण्डी	0.3330	0.6670	0.3700
दूधमेन	0.5000	-0.2400	-0.3920
दूर	-0.2084	-0.0496	-0.1530
दूरदर्शी	0.0620	-0.3200	0.0000
दूरी	-0.4003	0.0387	-0.1180
दूरोperu.	0.0950	-0.2960	0.5830
दूल्हा	0.3960	0.0000	0.2100
दूषित	-0.7500	0.6670	-0.7140
दूसरा	-0.0100	-0.4150	-0.2500
दूसरे	-0.3570	-0.8125	-0.6135
दृढ़	0.5300	0.0973	0.7387
दृढ़ता	0.7428	0.0140	0.7748
दृढ़तापूर्वक	0.5927	-0.0263	0.5940
दृश्य	0.3624	0.0644	0.1246
दृश्य-	0.3700	-0.2500	-0.0370
दृश्यता	0.5000	-0.1120	0.3520
दृश्यफाइंडर	0.0000	0.3750	0.0000
दृश्‍य	0.1400	-0.3200	0.1560
दृष्टि	-0.3480	0.5037	0.1853
दृष्टिकोण	0.6600	0.0500	0.2500
दृष्टिगोचर	0.5000	-0.3160	0.0180
देको	0.2500	-0.4520	-0.2880
देकोलusa.	0.0420	0.5930	0.5420
देक्शनusa.	-0.7500	-0.6670	-0.5560
देख	0.5105	0.1975	0.3330
देखना	0.1250	0.6670	0.3330
देखनाकुटिया	0.0620	0.6220	0.2960
देखने	-0.1572	0.0148	0.0334
देखभाल	0.6670	-0.6250	-0.2500
देखरेख	0.6670	0.6190	-0.5190
देखा	-0.1514	0.0497	0.0909
देखे	0.0830	-0.5190	0.3330
देखें	0.2900	-0.3687	-0.0940
देखेंसाName	-0.3330	-0.3330	-0.3750
देटोद	0.0000	0.0000	0.5420
देती	0.0000	0.0000	-0.0580
देने	-0.2890	0.3356	0.0840
देर	0.0000	-0.9630	-0.1430
देरक	-0.3330	0.6670	-0.4290
देरी	-0.2700	-0.1687	-0.3742
देरीर	-0.6670	-0.5930	-0.3810
देवता	0.6824	-0.1536	0.7060
देवता-	0.6460	-0.2100	0.1760
देवताओं	0.5047	0.1153	0.0947
देवताओंडाम	-0.8570	1.0000	0.4810
देवदार	0.1200	-0.4660	0.1540
देवी	0.7300	0.1200	0.7760
देश	0.0194	0.0078	0.3253
देशमान	0.0000	-0.2920	0.2500
देशमेन	0.3460	-0.1180	0.5780
देशिकName	0.5900	-0.0980	-0.1240
देहाती	0.0000	-0.6190	0.0000
दैनिकी	0.3760	-0.5200	-0.2960
दैनिकीाइज	0.0000	0.6670	0.4070
दो	0.1187	-0.3913	-0.1387
दो-	0.0107	-0.1106	-0.0640
दो-क्सिडाइज़	0.0000	-0.5240	0.5560
दोक्सिडाइज़ेशन	0.3330	0.6300	0.5420
दोक्सेविक	-0.5710	0.4810	-0.4440
दोगुना	-0.1600	-0.1380	0.0000
दोजो	0.0000	-0.1300	-0.0900
दोटीलीन	-0.3880	-0.0620	0.0090
दोडियोग्राफी	0.0000	-0.5830	0.1850
दोदाद	0.0000	0.0000	-0.0830
दोनों	0.3145	-0.2505	0.0280
दोपहर	0.3087	-0.0574	-0.0774
दोफ्लिट	-0.1660	-0.4400	-0.3400
दोबारा	0.5873	0.3563	0.4040
दोर	0.0000	0.0000	0.0000
दोरे	0.5930	0.5710	0.5190
दोवेटन	0.2860	-0.5100	-0.2740
दोष	-0.4105	-0.0681	-0.2087
दोष-	-0.6670	0.5710	-0.6000
दोषफाइंडर	-0.6670	0.6190	-0.1110
दोषबलि	-0.5420	0.3400	0.2260
दोषी	-0.8477	-0.2097	-0.1343
दोस्त	0.5178	0.1698	0.0917
दोस्ताना	-0.6670	-0.6670	-0.3810
दोस्तानापन	-0.6670	-0.7040	-0.3330
दोस्फोरियाusa.	-1.0000	0.6670	-0.6670
दोहरा	-0.0239	0.0797	0.0760
दोहराएँ	0.0680	0.3038	0.2160
दोहराया	-0.1420	-0.0560	-0.3720
दोहरी	-0.5330	0.4220	0.1020
दोहरीता	0.0000	-0.6300	0.6250
दोिडिशName	0.0000	0.0000	0.0000
दौड़	-0.4007	0.5803	-0.2090
दौड़-	0.2915	0.7870	0.3950
दौड़ती	-0.6670	1.0000	0.8750
दौर	0.0000	0.0000	0.5190
द्रव	0.0860	0.0048	0.1469
द्रवः	0.1400	0.0000	0.1340
द्रवित	0.4570	0.3053	0.2667
द्रव्यमान	-0.0086	-0.3077	-0.1019
द्राटाआई	0.6670	-0.4810	0.2590
द्राफियाcolombia.	-0.6670	-0.5930	-0.6670
द्वारपाल	0.0000	-0.5190	-0.1430
द्वारा	-0.0730	-0.1430	-0.1047
द्वारायूक्यूट	-0.1600	-0.1200	0.3240
द्वि-	0.0000	0.5930	0.5000
द्विचर	-0.0200	-0.2880	-0.1600
द्वितीयक	0.2720	-0.2500	-0.4800
द्विथथिटी	-0.5830	0.6670	0.5000
द्विभाज	0.4810	0.6670	0.1850
द्विभाजक	0.0000	0.0480	0.2590
द्विरेखीय	0.0627	-0.1667	0.1113
द्विलिंगता	0.0000	0.4580	0.0000
द्विलिंगवाद	0.0740	0.0000	0.0000
द्विलिंगी	0.0830	0.0000	0.0000
द्वीज़	-0.1140	0.0000	-0.4640
द्वीप	0.2560	0.1203	-0.1287
द्वीव	-0.5190	0.0270	-0.4050
द्वैध	0.0329	0.0000	0.1230
द्वैधानिकता	0.0000	-0.0740	0.1670
द्वैधानिकी	0.5000	-0.0740	0.2085
द्ष्टिगोचर	0.0740	0.3700	0.6670
धँसता	-0.7557	-0.2083	-0.6960
धक्का	-0.3510	0.7940	0.2300
धक्कादार	0.3330	0.5930	-0.6190
धत्	-0.8887	0.6787	0.1487
धन	0.0528	0.0083	0.2130
धन-	-0.5600	-0.2200	0.1120
धनात्मक	0.9180	0.0200	0.7100
धनी	0.8540	0.1320	0.7240
धनुष	-0.0100	-0.0198	-0.1860
धनुष-	-0.3335	-0.3495	-0.0445
धनुषी	0.3330	0.0000	0.0480
धनेशडा	-0.1660	0.0000	0.0660
धन्य	0.5285	-0.3235	0.2245
धन्यवाद	0.6816	-0.1460	0.0852
धन्यवादजेस	0.7560	-0.1880	0.2080
धन्यवादपूर्णता	1.0000	-0.6250	-0.3330
धन्यवादिंग	0.8340	0.0760	0.3160
धमकी	-0.8770	0.8030	0.0060
धरती	-0.2290	0.6495	-0.1735
धर्म	-0.0166	0.0629	0.3917
धर्मत्याग	-0.4455	-0.0355	-0.3165
धर्मत्यागी	-0.3160	0.0000	0.0560
धर्मवादी	-0.0420	0.1110	0.2960
धर्मविज्ञानी	0.0420	-0.3920	0.5180
धर्मशास्त्रीय	0.0000	-0.0740	0.6190
धर्मसभा	-0.0620	-0.2460	0.1480
धर्महीन	-0.3330	-0.6670	-0.3750
धर्मिक	0.0000	0.0000	0.2220
धर्मी	0.6460	-0.2300	0.5800
धातु	-0.0052	0.0386	0.2076
धारणावाद	0.5000	-0.6670	0.4070
धार्मिक	0.1046	-0.3874	0.1130
धार्मिकता	0.4685	-0.1020	0.5820
धिक्कार	-0.7340	0.4500	-0.1020
धीमा	-0.4372	-0.6023	-0.5710
धीमापन	-0.4810	-0.5420	0.6300
धीमापोके	-0.5930	-0.9580	-0.8330
धीमी	-0.2850	0.0623	-0.4423
धीरज	-0.2175	-0.2550	-0.2030
धीरे	-0.1717	-0.6727	-0.3933
धीरे-	0.2920	-0.6670	0.0420
धीरे-धीरे	0.8340	-0.4900	-0.2800
धुंधला	-0.0516	-0.0373	-0.1986
धुंधलापन	-0.6252	-0.6730	-0.7132
धुंधले	-0.8740	-0.1420	-0.6660
धुंधलेName	-0.3330	-0.3330	-0.5000
धुंधलेपन	-0.2040	-0.2875	-0.4018
धुएँक	-0.5000	-0.3330	0.5000
धुएँवाला	0.6250	-0.6670	0.0000
धुएँित	-0.3330	0.3330	0.0000
धुएँी	-0.0120	-0.0760	-0.1400
धूप	0.3750	-0.2080	0.1803
धूपदानी	0.1640	-0.5840	-0.3840
धूपरूम	1.0000	-0.6670	0.1430
धूमकेतु	0.6337	0.3772	0.0475
धूम्रपान	-0.4160	0.4507	0.0707
धूर्त	-0.1403	0.2903	0.1596
धूर्तता	-0.2852	0.1864	0.1752
धूल	-0.0363	-0.2640	-0.2243
धूल-	-0.0808	-0.5155	-0.2220
धूसर	0.1213	-0.8047	-0.0107
धूसर-	0.0480	-0.6670	-0.1670
धूसरcolor	-0.3135	-0.3225	-0.3935
धूसरपन	-0.3330	-1.0000	-0.1670
धैर्य	0.1798	-0.1340	0.0466
धोउब	0.0000	-1.0000	-0.4070
धोए	0.0840	-0.3720	-0.2160
धोएँ	0.2780	-0.2270	-0.3010
धोखा	-0.6653	0.1579	-0.2230
धोखाधड़ी	-0.9260	0.5700	-0.3583
धोखाधड़ीस्टर	-1.0000	0.6670	1.0000
धोखे	-0.6670	0.1670	0.4760
धोखेबाज़	-0.7300	0.4080	-0.1160
धोने	0.0165	-0.3647	-0.1968
धोवनमेन	-0.2500	0.4580	-0.3330
धोवनों	0.0000	-0.2960	-0.7040
ध्यान	0.1088	0.1327	0.0639
ध्यानअंदाज़	-0.5000	0.6670	-0.4760
ध्यानपूर्वक	-0.0452	-0.5443	-0.3205
ध्यानीय	-0.6670	-0.6670	-0.6250
ध्रुवीय	-0.0640	-0.4780	0.0000
ध्रुवीयाइजर	-0.0420	0.2220	0.4070
ध्रुवीयाइज़	-0.6670	0.6670	0.5710
ध्रुवीयाइजेशन	-0.6670	0.6670	0.5420
ध्रुवीयाइड	0.3330	0.5000	0.0000
ध्रुवीयिटी	0.0200	-0.0560	0.0000
ध्वज	-0.1902	0.1538	0.0812
ध्वजस्टिक्स	0.0000	-0.4000	0.0000
ध्वजीय	-0.6670	0.6670	0.7920
ध्वनि	0.0226	0.0404	0.3377
ध्वनि-बिट	-0.3330	0.6670	-0.3750
ध्वनिक	-0.2617	0.3130	0.1310
ध्वनिबोर्ड	0.0480	0.0000	0.2220
ध्वनिमेन	0.6670	0.5830	0.6190
ध्वनिर	0.3810	0.0000	0.2590
ध्वनिरहित	0.3330	-1.0000	-0.1670
न	-0.3683	-0.4417	-0.4672
नंगा	-0.1770	0.3850	-0.3785
नंगे	-0.1100	-0.2540	-0.5180
नई	0.7860	0.3890	0.5460
नए	0.2450	0.4075	-0.1465
नकद	0.6380	0.0520	0.2140
नकदबाक्सName	0.2380	0.0000	0.1250
नकदी	0.4133	-0.0623	0.1550
नकदीName	0.0000	-0.6670	0.0950
नकदीय	0.6670	0.0000	0.4070
नकल	-0.0193	0.2473	-0.0178
नकलर	0.3610	0.3150	0.5000
नकलीटेट	0.3330	-0.5710	-0.6670
नक़ल	-0.1200	-0.0926	-0.0634
नक़ल-	-0.0510	0.0800	-0.0385
नक़ल:	0.4800	-0.1180	0.3200
नक़लिंग	-0.3680	-0.1340	-0.2720
नक़लिस्ट	-0.3330	-0.6670	-0.4290
नक़ली	-0.4186	0.1126	-0.0120
नक़लीआर	-0.5100	0.2600	-0.0400
नक़लीक्स	-0.2860	-1.0000	0.0000
नक़ल्ड	-0.6670	0.6190	-0.6000
नकारात्मक	-0.8980	0.0030	-0.4165
नक्शा	0.4050	0.3343	0.2180
नक्शा-	0.3810	-0.2960	0.0000
नक्षत्र	0.4380	0.0660	0.5500
नगर	0.0620	-0.4160	0.3340
नगरों	0.1850	-0.5930	0.0000
नज़दीक	0.4000	-0.2940	-0.0680
नज़दीकी	0.0000	-0.4070	0.3330
नज़रअंदाज़	-0.3635	-0.2615	-0.2947
नजीब	0.1765	-0.4215	-0.0225
नट-	-0.7600	0.2900	-0.3960
नदियाँ	0.6670	-0.3330	0.0480
नदी	0.2954	-0.2950	0.0206
नदी-	0.3680	-0.4000	-0.3400
नन	0.0000	-0.7000	-0.1880
नन-	0.3060	-0.5280	-0.0540
नननेस	-1.0000	-0.5420	-0.6670
ननीन	-0.0200	-0.3920	-0.4100
नन्हा	-0.0354	0.2352	-0.4090
नफरत	-0.8170	0.3916	-0.1836
नफरतर	-0.8960	0.4040	-0.1560
नब	-0.3330	0.0000	-0.1670
नबिया	0.6670	0.0000	0.8100
नबी	0.2670	-0.1150	0.1740
नमक	-0.1113	-0.2429	-0.1046
नमक-	0.0000	-0.7920	0.0000
नमाज़े	0.0963	-0.1513	-0.0893
नमाज़ेcolor	-0.2300	-0.2040	-0.5920
नमी	-0.1300	-0.2290	-0.3060
नमूना	-0.1157	0.4726	0.2307
नमूनार	0.1480	0.0955	0.2780
नम्बियाName	0.0000	0.0000	0.0000
नम्र	0.2917	-0.5675	-0.5705
नम्रता	0.4517	-0.7697	-0.4433
नम्रपन	0.6670	-0.6300	-0.5930
नयबीName	0.5830	0.5830	0.1250
नया	0.4903	0.2112	0.2805
नया-	0.2530	0.3315	0.3782
नयाकम्पर	0.2440	-0.2400	-0.2080
नयाजोर्ब	0.5100	0.2860	0.4580
नयापन	0.4800	0.0440	0.1760
नयािश	0.3330	0.0000	0.0000
नयों	0.1040	-0.2185	0.0850
नर	0.0874	0.0930	0.4114
नरक	-0.9600	0.6150	0.1300
नरकक	-1.0000	1.0000	0.8520
नरकोटर	-0.5240	0.6670	0.7500
नरकोलstar	-0.6000	-0.4440	-0.4760
नरडरें	0.0000	0.6670	0.4580
नरतमता	-1.0000	0.8610	0.4070
नरपन	0.0000	-0.3330	0.7140
नरफ़्शन	-1.0000	0.6670	0.0830
नरभिभाषन	-0.6670	0.6670	0.5420
नरवाद	-0.8120	0.7800	0.1660
नरवोष	-1.0000	0.6670	0.9170
नरशोभाज	-0.8570	0.6670	0.6670
नर्मी	0.6670	-0.6670	-0.3330
नर्स	0.2700	0.1560	0.0420
नर्सरी	0.5090	-0.1630	-0.1750
नर्सिंगName	0.1040	0.0980	0.3060
नल	-0.1221	-0.1499	-0.2585
नल-	-0.2920	0.3330	-0.3330
नलनेस	0.0000	-1.0000	-0.2860
नलर	-0.3460	0.0200	-0.1040
नलवर	0.0000	0.6670	0.0000
नलालाला	-0.6670	0.5560	-0.4580
नलिफेक्टर	-0.6250	0.5560	0.7410
नली	-0.2920	-0.4520	-0.3280
नल्ड	0.0000	0.6250	0.2920
नव-	-0.1332	-0.0714	-0.2356
नवं.	0.0000	-0.6670	0.0000
नवजात	0.8360	0.1600	-0.2560
नवीनतम	0.0640	-0.1500	0.1480
नशीली	0.2960	0.6670	0.7500
नशीले	-0.5200	0.1220	-0.1660
नशे	-0.6290	0.6279	-0.3299
नशेकी	-0.6670	0.5560	-0.4440
नशेम	-0.7590	0.5460	-0.9170
नश्वर	-0.7343	0.3607	0.1187
नष्ट	-0.6864	0.4392	-0.1578
नहला	0.1527	-0.3007	-0.0283
नहीं	-0.2696	-0.3255	-0.3136
नहीं,	-0.5175	0.4795	-0.3270
नहीं-	-0.6720	0.5820	-0.2940
नहींं	-0.5920	-0.1940	-0.5800
नहींरी	-0.1255	-0.6600	0.1520
नहींरीपोलर	0.0000	-0.5930	0.6670
नहींली	0.7620	0.6670	0.6670
नहींसमूह	0.0000	0.0000	-0.5190
नाआर्टिटी	0.5000	-0.3260	0.3460
नाइंसाफी	-0.8520	0.0000	-0.4745
नाइट	0.6040	0.7880	0.0560
नाइट-	0.2860	-0.1840	-0.5000
नाइटबिंग	0.6190	1.0000	-0.4170
नाइटिंग	0.0000	-0.6300	-0.4440
नाइटिंगल	0.4800	-0.3200	-0.0080
नाईन	0.0860	-0.0820	-0.2880
नाक	0.2070	-0.3800	-0.3970
नाकक	0.0000	-0.6670	0.0000
नाककीनेस	-0.2590	0.6300	0.4170
नाकदानित	-0.6940	0.5520	-0.2780
नाकल	-0.2500	0.6670	0.5240
नाकी	-0.4480	0.3100	-0.5540
नाग	-0.5220	1.0000	0.8570
नागरिक	0.4690	-0.5523	0.2125
नागरिकता	0.5200	-0.3880	0.3580
नाज़ुक	0.2390	-0.2320	-0.2340
नाज़ुकता	-0.6670	-0.6670	-0.9260
नाजायज़	-0.6870	0.3147	-0.2857
नाटक	0.2740	0.4160	-0.1390
नाटक-	-0.1445	0.5155	0.2110
नाटककजर	-0.3330	0.6670	0.2380
नाटककार	0.3330	0.7220	0.5560
नाटकीकरण	0.0000	0.6670	0.5240
नाटकीय	-0.0887	0.5200	0.1780
नाती	0.5920	0.0900	-0.1480
नानाम	0.0000	0.0000	0.0000
नाप	-1.0000	0.4810	0.1850
नापीमा	-0.4280	-0.0200	0.0380
नाम	0.1035	-0.1981	0.0634
नाम-	-0.3225	-0.5295	-0.5395
नामकरण	0.3340	-0.1800	0.1180
नामलेट	0.0000	-0.0740	0.1430
नामीशियनName	0.0000	0.0000	0.0420
नामुएलियन	0.4380	-0.4900	-0.0720
नामोंक	-0.1640	-0.3460	-0.1920
नारंगी	0.2920	-0.7360	-0.4080
नारंगीcolor	0.4670	-0.1250	0.0000
नाराज़	-0.6240	0.3800	-0.3260
नाराज़गी	-0.6740	0.4900	0.0560
नारियल	0.2440	-0.4700	-0.5460
नाले	0.1880	-0.3060	-0.1760
नाव	0.2586	0.2190	0.1378
नाव-लोड	-0.2700	-0.1700	0.0010
नावमेन	0.0000	0.6190	-0.2920
नाववाइन	0.0000	0.6670	0.6670
नाविक	0.0000	0.1760	0.0000
नाविकमेन	0.3330	0.6670	0.5830
नावी	0.2713	-0.0677	0.0397
नाश	-0.6812	0.2233	-0.2641
नाश्ता	0.7700	-0.3400	-0.1420
नासमझी	-0.6670	0.3330	-0.8520
नास्तिक	-0.4087	-0.0393	-0.0353
नास्तिकता	0.2385	-0.3150	0.4760
निंदा	-0.7954	0.5664	0.0979
निःस	-0.4700	0.1600	-0.0580
निःस्वार्थ	1.0000	-0.4285	0.0810
निःस्वार्थता	0.4795	-0.5985	-0.1965
निआ	0.5930	0.6670	1.0000
निकट	-0.3340	0.7300	0.0520
निकटतम	0.1720	-0.2160	-0.0210
निकटस्थ	0.1675	0.0596	-0.0136
निकटस्थName	-0.0925	0.3915	-0.1390
निकटस्थता	-0.3810	-0.4520	-0.5715
निकल	0.3120	0.2220	0.5260
निकलने	0.6250	-0.4000	0.2780
निकाल	-0.2795	0.3425	0.1198
निकालने	-0.5930	-0.5240	-0.4440
निकाला	-0.3293	0.1040	-0.1493
निकाली	0.2903	0.0370	0.5713
निकाले	-0.7520	-0.1930	-0.4050
निकालें	-0.1922	0.1362	0.0408
निकालें...	0.2000	-0.1880	-0.1480
निको	0.3340	-0.4820	-0.3340
निगम	0.2625	0.1655	0.8015
निगरानी	-0.0727	0.0388	0.1142
निगरानी-brazil.	0.0370	0.0000	0.0000
निगरानीक्शन	0.0000	0.2220	0.5420
निगरानीहीन	-0.5830	-0.9260	-0.6190
निगलतील	0.5240	-0.4760	0.0000
निगलना	-0.0680	0.2160	-0.1280
निगलर	-0.4810	0.6190	0.3330
निगाहें	0.1552	-0.3048	-0.0524
निगाहेंSerbrazil.	0.0000	0.3330	0.0000
निगिंग	-0.5560	0.6670	0.5560
निग्स	-0.0620	-0.0480	-0.1480
निचला	-0.3125	-0.3735	-0.4720
निचली	-0.6670	-0.2860	-0.7780
निचे	-0.1440	-0.2880	-0.2540
निज	0.3540	0.3520	0.6960
निजी	0.0217	0.0905	0.1230
निजीीकरण	0.6300	0.5560	0.6250
निटेनिक	-1.0000	0.7040	0.5240
निडर	0.5267	0.4143	0.6917
निडरता	0.6670	-0.5190	0.7620
निडा	-0.5000	-0.5380	-0.7280
नित्य	0.0000	-0.1540	0.3700
निदान	-0.1428	-0.0224	0.2492
निदान्सियनName	0.6670	0.5710	0.8750
निदेशक	0.3760	0.1600	0.8240
निद्रा	-0.3330	-0.9170	-0.7080
निधड़क	0.6670	0.0000	0.3330
निन्जाusa.	0.0840	0.6880	0.3640
निन्दा	-0.7826	0.2590	-0.2682
निन्दात्मक	-0.9580	0.6670	-0.0740
निन्दाशील	-1.0000	-0.5560	0.5190
निपात	-0.5840	0.3780	-0.3160
निपुण	0.7080	-0.0780	0.6340
निब	-0.0620	0.0880	-0.1860
निबंधकार	0.3120	-0.0800	-0.0760
निम	-0.1630	-0.3970	-0.2090
निमंत्रण	0.6320	0.1713	0.2093
निमन	-0.7040	0.6670	-0.5420
निमित्त	0.0000	-0.2915	0.2060
निमीName	-0.3330	-0.0740	-0.2860
निम्न	-0.6456	-0.1728	-0.5561
निम्न-	-0.6670	0.6300	0.4440
निम्नतम	-0.1460	-0.4040	-0.2980
निम्नतमता	0.9440	-0.6670	1.0000
निम्नतर	-0.6670	0.5240	0.5190
निम्ननेस	-0.6670	-0.9170	-0.8750
निम्नलिखित	-0.6110	-0.5710	-0.6670
नियंत्रक	0.2423	-0.0427	0.3885
नियंत्रण	0.1302	0.0832	0.2680
नियंत्रणयोग्य	0.6670	0.0000	0.7080
नियंत्रणशीलता	-0.6670	0.8570	-1.0000
नियंत्रित	0.6670	-0.5070	0.0235
नियत	0.0698	0.1194	0.2696
नियतीकरण	0.5560	-0.4170	0.7410
नियम	-0.0521	0.1914	0.3778
नियम-बुक	0.0000	-0.5830	0.5930
नियमित	-0.1388	-0.1021	0.0171
नियुक्त	0.1070	-0.0537	0.0638
नियुक्‍त	0.2315	-0.1700	0.2310
नियू	0.1620	0.2440	0.1160
नियूName	-0.0420	-0.2740	-0.1520
नियॉटल	-0.1200	0.5920	-0.0340
नियॉन	0.1010	-0.1080	-0.1280
नियॉनी	0.2300	-0.2600	0.0560
नियॉब	-0.0200	-0.5760	-0.2080
नियॉबिक	0.2780	-0.4810	0.5420
नियोजित	0.3260	-0.1530	0.3190
निरपेक्ष	0.0520	0.0200	0.8200
निरपेक्षता	0.6190	-0.7140	0.8150
निरर्थक	-0.5038	-0.1782	-0.3250
निराश	-0.6490	-0.0882	-0.4802
निराशनेस	-1.0000	-0.4170	-0.7140
निराशा	-0.7628	-0.1156	-0.5086
निराशाजनक	-0.7508	-0.2932	-0.6930
निराशाजनकता	-0.8750	-0.8150	-0.7580
निरीक्षक	0.2206	0.4250	0.6260
निरीक्षण	-0.1583	0.1802	0.4728
निर्गत	0.0820	0.0560	0.2460
निर्गमक	0.0000	0.6250	0.6670
निर्जल	-0.6670	-0.8890	-0.4170
निर्जीव	-0.4793	-0.9047	-0.7117
निर्जीवपन	-0.5240	-1.0000	-0.9580
निर्णय	0.0364	0.2234	0.6054
निर्णय-	0.6670	0.6670	0.7780
निर्णयनेस	0.6670	0.5710	0.9580
निर्णायक	0.2922	0.0558	0.5914
निर्णायकता	0.8540	0.0320	0.8335
निर्दिष्ट	0.3120	-0.1900	0.2000
निर्देश	0.2164	-0.1384	0.4384
निर्देशक	0.3630	-0.5415	0.8890
निर्देशांक	0.5315	0.2625	0.5275
निर्देशिका	-0.1130	-0.3190	-0.1200
निर्देशित	0.1045	0.4077	0.4005
निर्देशीय	0.3960	0.0000	0.5460
निर्दोष	0.7299	-0.6383	0.1312
निर्दोषता	0.8929	-0.6302	0.7437
निर्दोषी	0.0000	-0.0400	0.3920
निर्धनता	-0.9580	-0.6670	-0.9050
निर्धारित	0.0808	-0.2669	0.2101
निर्बल	-1.0000	-0.6670	-1.0000
निर्बलपन	-0.9440	-1.0000	-1.0000
निर्भर	0.0393	-0.2502	-0.1682
निर्भरता	0.2500	-0.3825	0.1830
निर्मल	1.0000	-0.8330	0.2220
निर्माण	0.2478	-0.1628	0.3066
निर्माणकर्ता	0.2380	0.5930	0.4170
निर्माता	0.2941	0.1784	0.4311
निर्मित	0.2965	-0.3310	0.2500
निर्मितमोएल्लेName	0.5040	-0.0820	-0.0780
निर्यात	0.3142	0.3770	0.2704
निर्यात:	0.7920	0.6670	0.2960
निर्यातता	0.6670	-0.4580	0.3330
निर्यातर	0.6670	0.6670	0.7410
निर्वासन	-0.6320	0.2600	-0.0340
निर्विघ्न	-0.6670	-1.0000	-0.5830
निलंबित	-0.5520	-0.1960	-0.2640
निलम्बित	-0.5242	-0.2968	-0.4905
निलम्बितनेस	1.0000	0.6250	0.8100
निला	0.1880	0.0580	0.3780
निलापन	-1.0000	0.6670	-0.0740
निलिल	-0.4280	-0.7140	-0.6860
निलीली	0.6670	0.6670	0.5830
निल्स	-0.0420	-0.3200	-0.3400
निवास	0.2282	-0.2542	0.1326
निवेदन	-0.0432	0.0569	-0.2931
निवेदनकर्ता	0.2000	-0.0420	0.6040
निवेदनर	0.1367	0.4653	0.1390
निवेश	0.4690	0.1700	0.4930
निवेशक	0.6670	0.5830	0.6670
निवेशयोग्य	0.3705	-0.1460	0.4420
निवेशर	0.5880	0.3100	0.5820
निशान	-0.4431	0.2146	0.0024
निशानफ	0.5000	-0.5520	-0.5520
निशानित	-0.6670	-0.6670	-0.4810
निशानी	-0.6670	0.6670	-0.3700
निश्चय	-0.0767	0.5150	0.4550
निश्चित	0.1548	-0.0874	0.2464
निश्चिन्त	0.4800	-0.2440	-0.0180
निश्‍चय	0.4237	0.0600	0.5023
निश्‍चित	0.1263	-0.1022	0.4585
निश्‍चितता	0.7080	-0.7080	0.9260
निष्कपट	0.8360	-0.4700	0.4500
निष्कलंक	0.7920	-0.6730	0.4165
निष्क्रिय	-0.3128	-0.5275	-0.4407
निष्क्रियता	-0.5181	-0.6775	-0.7002
निष्ठा	0.8680	-0.3113	0.5287
निष्ठावान	0.7920	-0.4700	0.3140
निष्ठावानकर्ता	0.9050	0.5190	0.3700
निष्ठावानवाद	0.4290	-0.6670	0.1900
निष्ठाहीनता	-0.6670	0.6250	-0.9580
निष्पक्ष	0.0620	-0.1880	0.3700
निष्पक्षता	0.2440	-0.2120	0.2320
निष्पक्षनेस	0.6670	-0.8100	0.3750
निष्फलनेस	-0.7780	-0.7140	-0.7040
निहाउस	0.6000	0.3330	0.2380
नींद	-0.6777	0.2733	-0.5173
नींव	0.0000	-0.2500	0.1860
नीकी	-0.4800	0.0200	-0.6680
नीकुल	-0.1040	0.0000	0.0180
नीकोली	0.1420	-0.2540	-0.2860
नीचता	-1.0000	-0.3330	-0.7500
नीचना	0.1880	-0.5200	-0.1700
नीचपन	-1.0000	0.0950	-0.9170
नीची	-0.6808	0.5640	-0.1320
नीचे	-0.3530	-0.1714	-0.3315
नीचे-	-0.7363	-0.1780	-0.4797
नीचेनेस	-0.8570	-0.8890	-0.5000
नीचेलिंक	0.0000	0.5710	0.2080
नीचेें	-0.6670	0.4760	-0.6190
नीटल	0.6250	-0.2000	0.0000
नीटी	-0.6190	-0.3330	-0.6300
नीटीName	0.6190	0.0000	0.5420
नीडी	0.0000	0.0580	-0.2540
नीतिवचन	0.4280	-0.4800	0.0360
नीनी	-0.3120	-0.3140	-0.3820
नील	0.0552	-0.0439	-0.0520
नील-	0.0155	0.4555	0.0765
नीलT	0.2300	0.0400	0.3280
नीलTERE	0.0000	-0.4760	0.2380
नीलTिश	-0.7040	-0.6670	-0.9580
नीलbrazil.	0.1850	0.6670	0.7780
नीलppphaiti.	-0.2700	-0.1760	-0.4240
नीलusa.	-0.7300	0.5600	-0.4320
नीलअर	-1.0000	0.6670	-0.4070
नीलक	0.0904	-0.4746	-0.1704
नीलकperu.	0.0200	-0.2940	-0.4840
नीलकी	-0.2080	0.0000	-0.0700
नीलकेदार	-0.6670	1.0000	0.5930
नीलकेर	0.0000	0.6250	0.2000
नीलकेस	0.0000	0.0000	0.0000
नीलक्रिपिक	-0.7960	0.7160	-0.1000
नीलट	0.0000	0.0000	0.0000
नीलन	-0.6670	0.2080	-0.5830
नीलनेस	0.8100	-0.1670	0.2920
नीलम	0.1596	0.2063	0.0493
नीलमName	0.5330	0.1900	0.0370
नीलमusa.	-0.6540	-0.2120	-0.5200
नीलमछली	-0.0383	0.1892	-0.2010
नीलमाusa.	-0.0200	0.1800	0.0380
नीलमानियाusa.	0.6670	1.0000	0.3700
नीलमिक	0.0000	-0.9445	-0.3335
नीलमियम	0.0000	0.0000	0.0000
नीलमेबल	0.6670	-0.5830	0.5000
नीलमो	0.5200	-0.2660	0.3340
नीलर	-0.5830	0.4810	0.0830
नीलरusa.	0.6245	-0.3020	-0.1120
नीलल	0.3560	-0.3833	-0.1607
नीलली	0.6250	-0.6670	-0.2590
नीलसोusa.	-0.1240	-0.0800	-0.3220
नीला	0.1082	-0.3302	-0.0915
नीला-	0.0000	0.2500	0.0000
नीलाःcolor	0.0000	-0.8750	0.0000
नीलिक	0.0370	0.2920	-0.2500
नीली	-0.0620	-0.3060	-0.1700
नीलोन	0.1120	-0.2420	-0.3600
नील्स	0.3120	0.0720	-0.1340
नीस्टेंट	0.5490	-0.7040	0.2890
नुकसान	-0.6140	0.0059	-0.2784
नुक़सान	-0.2193	0.0313	-0.1113
नुक़सानकारीता	-0.9170	-0.6670	-0.7780
नुक़सानिता	1.0000	-1.0000	-0.7620
नूडल	0.2370	-0.3820	-0.3990
नूडलर	0.0370	0.6670	-0.4440
नूडलिंग	-0.0610	0.5395	0.0410
नूडलिक	-0.6670	1.0000	-0.5830
नूडली	-0.2920	0.4320	0.2500
नूडलॉन	0.0000	-0.1430	0.1480
नृजातीय	0.0830	-0.1270	0.0550
नृत्य	0.7300	0.8546	0.0360
नृत्यर	0.5735	0.7680	0.0865
ने-	-0.5420	0.5000	-0.5420
नेअमतर	0.6190	0.0420	0.1900
नेइन	-0.6670	-0.6670	0.6250
नेईबेName	-0.2440	0.2840	-0.2540
नेऑप्टार्म	-0.6670	0.0950	-0.3700
नेऑप्टी	-0.4280	-0.2740	-0.1780
नेओ-	-0.6670	0.0000	0.8750
नेओन	0.0840	0.0580	-0.2860
नेक्लास	0.4670	-0.4760	0.2960
नेक्लासिक	-0.6670	0.6300	0.6300
नेक्लासीयName	0.0000	-0.4760	0.6670
नेक्सस	-0.0080	-0.2640	-0.1760
नेगेगेतिटी	-0.8800	0.0400	-0.4540
नेगेगेलिन	-0.6670	0.3330	-0.6670
नेगेपलवाद	-1.0000	-0.3810	-0.5560
नेटम	0.0000	-1.0000	-0.3700
नेटवर्क	0.0620	-0.3260	-0.0680
नेटवर्कर	0.6670	0.6670	0.6670
नेटवर्किंग	0.2500	-0.0360	0.0900
नेटवार	-0.3330	-0.9580	-0.0670
नेटिव	-1.0000	0.7080	0.7220
नेडी	-0.1840	-0.0380	-0.3700
नेता	0.6660	0.1640	0.8520
नेताीयName	0.9630	-0.3700	0.7080
नेतृत्व	0.7035	0.5650	0.9740
नेदरलिटी	0.0000	-0.6670	0.3330
नेना	0.5300	-0.4900	-0.2500
नेपेरो	-0.2920	-0.2640	-0.0780
नेफ़ेफ	-0.6320	0.4400	0.0560
नेफ़ॉर्मॉइड	0.1110	-0.0830	0.4810
नेबलिन्जर	0.0000	0.3330	-0.3890
नेबुर्गी	-0.3330	-1.0000	-0.4440
नेबुले	-0.1213	-0.3697	-0.2035
नेबुलेasia.	0.0343	-0.2740	0.0510
नेबुलेbrazil.	-0.6670	0.6300	0.3700
नेबुलेstar	-0.6670	0.6670	0.6190
नेबुलेने	-0.6460	-0.4160	-0.5360
नेबुलेनेस	0.6670	-0.0420	0.0480
नेबुलेपन	-0.6670	-1.0000	-0.6300
नेबुलेर	-0.3340	0.2500	0.0720
नेबुिलियाcolombia.	-1.0000	1.0000	-0.5560
नेबेड	-0.0260	-0.0820	-0.4120
नेब्रास्कान	0.1110	0.0480	0.3330
नेमीस	-0.4580	0.3760	0.2940
नेम्पास	-0.8330	0.5420	0.8150
नेम्बिएशन	-0.5420	-0.5000	-0.2590
नेर्दी	-0.4080	-0.4900	-0.4160
नेविगेट	0.4800	0.1100	0.3500
नेविगेटर	0.1660	0.1840	0.2460
नेविगेशन	0.3460	-0.1288	0.4440
नेस	-0.6670	-0.1250	-0.4290
नेस:	0.3020	-0.2123	0.1278
नेस्टियनusa.	-1.0000	0.6250	0.9630
नेस्टेटिकल	-0.3750	-0.5830	-0.9520
नेस्फीति	-0.7700	0.2440	-0.2300
नेहेडनेस	-1.0000	0.5000	0.5930
नैट	0.0000	0.0000	0.5560
नैटली	0.2438	-0.1678	0.0248
नैटलीबे	0.2220	0.5830	0.5930
नैटो	0.0000	0.4070	0.2920
नैतिक	0.4789	-0.0764	0.4114
नैतिकता	0.7500	-0.4255	0.5925
नैतिकवाद	0.5560	-0.2670	0.6670
नैनोमीटर	-0.2500	-0.2880	-0.1080
नॉजीकusa.	0.0000	-1.0000	0.0370
नॉटेनेबल	-0.4580	-0.8750	-0.6250
नॉटेनोस	0.1120	0.3120	0.1380
नॉन	-0.0950	-0.4815	-0.1300
नॉन-	-0.1464	0.0260	-0.0561
नॉनकबैंब	0.6670	-0.6670	-0.4070
नॉनकॉट	0.4170	-0.6670	-0.6670
नॉनक्लासusa.	-0.6670	-0.6670	-0.5830
नॉनटूलेबल	0.6670	-1.0000	0.0000
नॉनफाउंड	0.0950	-0.6670	-0.4170
नॉनफ्रेक्टिकशियल	0.0000	0.0000	-0.5830
नॉनबॉयरआयरआयर	0.9050	-0.8890	0.0830
नॉनरेइसिट	0.6670	-1.0000	-1.0000
नॉनरेईName	0.1250	0.0000	0.0000
नॉनवेन्यू	-0.6670	-0.6670	-0.2960
नॉपर	0.0000	0.6670	-0.1250
नॉपॉपॉप्स	-0.6670	-1.0000	0.0000
नॉफीयर	-0.2960	-1.0000	-0.3330
नॉब्ज़	-0.6670	-0.6670	-0.7140
नॉब्रेटिया	-0.4170	0.6670	0.7080
नॉब्स-	-0.6670	-0.6670	-0.6670
नॉब्सबेबल	-0.0560	-0.9260	-0.4580
नॉब्सर्व	-0.6670	-0.9520	-0.5240
नॉम्बन	0.0000	-0.4290	-0.0830
नॉम्बित	-0.3890	-0.3853	-0.3777
नॉम्बितता	0.6670	-0.7920	-0.4170
नॉम्बिया	0.2960	-0.5830	0.0000
नॉम्बियार	-0.0820	-0.2440	-0.0540
नॉम्बियाश	0.5830	-0.9050	-0.2920
नॉयो	-0.1660	-0.1400	-0.4660
नॉयोका	0.1880	-0.4060	-0.3520
नॉर्मरी	0.2780	0.0000	0.0000
नॉर्विनiran.	0.0000	0.0000	0.0560
नॉस्टिकर	-0.1060	-0.3460	-0.1960
नोआ	0.0660	0.0960	-0.2660
नोआक्यूट	0.6670	0.0000	0.0000
नोइसन	-0.2240	-0.2400	-0.2980
नोकनोद	0.0000	-0.4290	-0.1850
नोक्सिक	0.9260	-0.8330	0.1110
नोज़-	-0.4160	0.1160	-0.1340
नोज़नेस	-0.5000	0.8540	0.1490
नोज़ल	-0.1240	-0.3400	-0.4260
नोट	0.6670	-0.2920	0.6670
नोट:	-0.3180	-0.4580	-0.0740
नोटर	0.6670	-0.1670	0.4810
नोटॉइया	0.5240	-0.6670	0.1480
नोड	-0.2080	-0.3140	-0.2780
नोडॉयड-	0.0000	-0.6670	-0.0740
नोना	0.0000	-0.7780	-0.4290
नोनाग्रेसन	0.7140	-1.0000	-0.2380
नोनाग्रेसिव	0.7080	-0.9520	-0.5240
नोनो	-0.4340	-0.1400	-0.5340
नोनोअम	0.0000	0.4170	0.6670
नोपीएस	-0.6670	0.5000	-0.6670
नोबल	-0.0618	0.0115	0.1191
नोबलमीटर	0.1585	0.2645	0.0825
नोबी	-0.2595	0.0200	0.0870
नोमा	-0.2500	-0.1740	-0.1340
नोरर	-0.3330	0.6190	0.6670
नोरस	-0.0200	-0.2500	0.0540
नोरीको	-0.7140	-0.2860	-0.8950
नोविएटर	0.9170	0.6670	1.0000
नोवीसी	-0.1420	-0.3080	-0.6470
नोवेलाउरा	0.1890	-0.0340	0.5830
नोस्टम	-0.6670	0.0000	-0.1110
नोस्टलजिया	-0.1660	-0.3260	-0.3220
नोस्टिक	-0.0840	-0.2980	-0.6320
नौ	0.0000	0.0000	0.0000
नौ-	0.0000	0.6300	-0.1670
नौजवान	-0.4160	0.6660	0.3100
नौती	0.6670	-0.5930	0.0000
नौरू	1.0000	-0.1670	0.4440
नौसिखिएट	0.6670	0.6670	0.8750
नौसिखिएशन	0.2860	0.2960	0.5830
नौसिखिक	0.2842	-0.1158	0.5432
नौसिखिकाइज़	0.5560	0.6670	0.8150
नौसिखिकी	0.5420	-0.5710	0.5420
नौसिखिया	0.7200	-0.0440	0.3280
नौसिखॉइंटिक	0.0000	0.0000	0.2220
न्याय	0.0042	0.1700	0.4644
न्यायाधीश	0.0200	0.2080	0.7140
न्यायिक	-0.3006	0.3206	0.5736
न्यायी	-0.2570	-0.0670	0.7640
न्यास	0.0000	-0.6070	-0.0440
न्यू	-0.1154	0.0858	0.1126
न्यू-	0.3330	-0.9170	0.1670
न्यूक्लास	-0.4723	-0.1543	0.1040
न्यूक्लासbrazil.	-0.3460	-0.4000	-0.5160
न्यूक्लासन्सन	-0.2590	-0.2080	0.4580
न्यूक्लासविस्ट	-0.6250	-0.5930	0.6670
न्यूक्लासस	-0.7560	0.5320	-0.1640
न्यूक्लासाइड	0.0000	0.0000	0.0000
न्यूक्लासिएशन	0.0000	0.3330	0.7040
न्यूक्लासिक	-0.3960	0.3448	0.3103
न्यूक्लासिकusa.	0.3330	-0.6670	0.2590
न्यूक्लासिकता	-1.0000	0.5240	-0.3330
न्यूक्लासिकी	-0.0200	0.2640	0.4600
न्यूक्लासिस्ट	0.1825	0.4175	0.3875
न्यूक्लासिस्टिस्ट	0.5480	0.3150	0.8230
न्यूक्लासीय	0.0000	-0.6390	0.0025
न्यूक्लासेंटर	0.0000	0.6670	0.2225
न्यूक्लासेंशन	-0.6670	0.6670	0.8100
न्यूक्लासॉइड	-0.3335	-0.6855	-0.2130
न्यूक्लिंग	0.3055	-0.0830	0.0625
न्यूक्लिडरName	0.0600	-0.3080	-0.2040
न्यूक्लिनेनेन	0.0000	0.0000	0.4810
न्यूक्लीयName	-0.1650	-0.2675	-0.0435
न्यूक्लीयडेंशियल	0.0830	-0.6250	-0.8890
न्यूक्लीयन	-0.0166	0.0188	0.0947
न्यूक्लीयनhaiti.	-0.0560	-0.1754	-0.0910
न्यूक्लीयनusa.	0.3103	0.0037	0.0893
न्यूक्लीयनिक	-0.0506	-0.3044	-0.0413
न्यूक्लीयनिकusa.	-0.0620	-0.0700	-0.1500
न्यूक्लीयनिक्सusa.	0.1330	0.2960	0.3330
न्यूक्लीयनी	-0.7080	-0.5000	-0.7780
न्यूक्लीयनेबल	-0.3330	-0.6670	1.0000
न्यूक्लीयमेंट	0.0000	-0.5560	0.1500
न्यूक्लीयर	-0.1521	0.4267	0.3711
न्यूक्लीयरName	0.5190	0.6670	-0.5830
न्यूक्लीयरcolor	0.0340	0.3280	0.1560
न्यूक्लीयरhaiti.	-0.0965	0.2699	0.1444
न्यूक्लीयरपथ	-0.6670	-0.5000	-0.5830
न्यूक्लीयरबेड	-0.3330	-0.6250	-0.4810
न्यूक्लीयरबोइन	0.6670	0.0000	0.4440
न्यूक्लीयरमेंट	0.1670	0.0000	0.4290
न्यूक्लीयरम्पो	-0.2700	-0.1380	-0.2640
न्यूक्लीयराइज	-0.0275	0.0000	0.6460
न्यूक्लीयराइज़	-0.2080	0.0380	0.0000
न्यूक्लीयराइजेबल	-0.6300	-0.9520	-0.4440
न्यूक्लीयराइजेशन	-0.3780	-0.2031	-0.1204
न्यूक्लीयराइड	0.0000	0.0000	0.4760
न्यूक्लीयरिएशन	-1.0000	1.0000	0.9580
न्यूक्लीयरिक	0.2700	-0.2800	0.1160
न्यूक्लीयरिड	0.0420	-0.0950	0.0740
न्यूक्लीयरिडusa.	-0.2965	-0.5000	0.0670
न्यूक्लीयरित	0.0000	-0.7040	-0.3330
न्यूक्लीयरिदमिक	-0.6670	0.3335	0.8265
न्यूक्लीयरियम	0.0280	0.4327	0.2390
न्यूक्लीयरियरusa.	-0.3330	0.0000	0.0000
न्यूक्लीयरिस्ट	0.3750	-0.3065	0.7025
न्यूक्लीयरेंट	-0.5000	-0.1560	-0.5080
न्यूक्लीयरेंस	-0.6670	0.0420	0.5420
न्यूक्लीयरेंसusa.	0.0380	-0.0480	0.2690
न्यूक्लीयरेक्टिक	-0.5085	-0.9005	-0.2330
न्यूक्लीयरेक्टिस्ट	0.1020	0.1180	0.0560
न्यूक्लीयरेबल	-0.6670	-0.9050	-0.5190
न्यूक्लीयरॉट	-0.4580	0.0900	-0.3340
न्यूक्लीयल	-0.1655	-0.0173	0.0906
न्यूक्लीयलhaiti.	0.0480	-0.1900	0.5420
न्यूक्लीयलusa.	-0.6670	-0.7040	-0.5240
न्यूक्लीयलिक	-0.7330	-0.3330	-0.4440
न्यूक्लीयलिट	0.0400	-0.1380	0.7460
न्यूक्लीयलियम	0.0000	0.6670	0.3330
न्यूक्लीयलॉज़ी	0.3330	0.6670	0.6670
न्यूक्लीयशन	-0.2290	0.2870	-0.0585
न्यूक्लीयशनिकलusa.	-0.4290	0.6670	0.1670
न्यूक्लीयस	0.3960	0.3185	0.2075
न्यूक्लीयसhaiti.	0.0000	-0.9580	-0.4170
न्यूक्लॉइड	0.0000	-0.2300	0.2780
न्यूक्लोइन	0.0000	-0.6670	-0.1110
न्यूक्लोकेट	-0.4760	-0.5185	-0.2920
न्यूक्लोक्सिक	-0.6670	0.5560	0.0000
न्यूक्लोक्सिन	-1.0000	0.9170	-0.6670
न्यूक्लोग्राफर	0.4580	0.4070	0.5830
न्यूक्लोग्राफी	0.0000	-0.5930	0.3700
न्यूक्लोटर	-0.0790	0.6045	0.7540
न्यूक्लोरेट	-0.0925	0.2085	0.6900
न्यूक्लोरेटर	-0.6670	0.7080	0.9580
न्यूक्लोर्नnorway.	-0.3680	-0.0980	-0.1140
न्यूक्लोलॉग	0.3700	0.3330	0.2220
न्यूजीलैंडusa.	0.0000	-0.6670	0.2860
न्यूटर	-0.0780	-0.0023	0.0070
न्यूटररी	-0.4800	-0.0200	-0.3520
न्यूट्रल	0.0454	-0.3916	0.1618
न्यूट्रलवाद	0.0000	-0.6300	0.0000
न्यूट्रलवादी	0.0000	-0.5190	0.5830
न्यूट्रॉन	0.2706	0.0510	0.2768
न्यूतम	-0.3880	-0.3060	-0.2160
न्यूनतम	-0.0588	-0.2352	-0.1844
न्यूनतम-	-0.1640	0.1640	-0.2300
न्यूनतमनेस	-0.6670	0.6670	-0.3700
न्यूफाइफोरिक	0.4900	0.8080	0.1760
न्यूफ्फिनियम	0.6300	0.0000	0.0000
न्यूबेबधक	-0.0950	0.6670	0.3330
न्यूबॉइड	0.4000	0.6190	0.6670
न्यूमरेशन	-0.2856	-0.1892	-0.2059
न्यूमेटिक	-0.3260	0.0400	0.0000
न्यूरॉन	-0.0620	-0.1200	0.3580
न्यूरोग्राइड	-0.4440	0.0000	0.0000
न्यूरोफिक्सोइनोसिस	-0.8750	0.0000	-0.4440
न्यूस्टरमैन	0.0000	-0.5560	0.3330
पंक्ति	0.3467	0.1587	0.1120
पंक्ति-	-0.3785	0.3930	-0.3135
पंक्तिy	-0.4900	0.8000	0.0360
पंक्तिमेन	0.0000	0.6670	0.7080
पंक्तियाँ	-0.0963	0.0540	-0.4490
पंक्तियाँमेन	0.0420	0.6670	0.5830
पंक्तिल	0.0420	-0.6600	-0.0520
पंक्तििंग	-0.0840	-0.1140	-0.0660
पंख	0.1898	-0.1356	-0.2214
पंखा	0.0495	0.0761	-0.0868
पंखा-	0.5420	0.3200	-0.2880
पंखाक	0.6670	0.2670	0.2920
पंखाज	-0.4000	-1.0000	-0.7040
पंखाथ	0.5930	-0.6670	0.0000
पंखान्गोguatemala.	-0.0200	0.1820	-0.1420
पंखाबैक	0.6670	-0.5000	0.4810
पंखामान	0.1460	0.1560	0.1640
पंखासियाjapan.	0.7960	0.3880	-0.1280
पंखिशName	-0.2380	0.6670	-0.2000
पंखी	0.3330	-0.4170	-0.2920
पंखे	0.3847	0.4457	0.2933
पंखें	0.0670	-0.1130	-0.2650
पंच	-0.5420	0.5740	0.2160
पंचदा	-0.6240	-0.1880	-0.1740
पंचनिंग	-0.2380	-0.7920	-0.8330
पंचबोर्ड	0.0000	0.4580	-0.1480
पंचर	-0.4760	0.7620	0.7080
पंचरल	0.5710	0.6250	0.0000
पंचरित	-0.0830	-0.6670	-0.3810
पंचर्ड	0.1040	-0.2120	0.0900
पंचांग	-0.0400	-0.5760	-0.0540
पंचिंग	-0.5015	0.7815	-0.2730
पंची	0.0400	0.2360	0.4900
पंचेनेबल	0.7780	-0.6670	0.7920
पंच्ड	-0.6240	0.2680	-0.0960
पंजीकरण	0.2440	-0.2080	0.1480
पंजीकृत	0.0000	0.3330	0.6300
पंजीयन	0.7147	0.1313	0.4013
पंट	-0.2700	-0.0400	-0.2140
पंटी	-0.3800	-0.1440	-0.4000
पंथ	-0.3150	0.4447	0.3037
पंथवाद	-0.6670	0.6670	0.7080
पंथीय	0.6300	-0.3330	0.3750
पंद्रहवां	0.0000	0.0000	0.0000
पंप	0.0320	0.5820	0.2090
पंपरnickels.	0.0420	-0.6670	0.0000
पंप्सिन	0.0780	-0.6460	-0.2900
पक	0.4490	-0.0200	0.3540
पकड़	-0.1767	0.0080	-0.0700
पकड़ने	0.3120	0.2880	0.3460
पकड़नेवाला	-0.6670	0.6670	-0.5560
पकड़नेवाले	0.3060	-0.1740	0.0800
पकड़ा	-0.2032	0.5408	0.0992
पकड़े	0.0240	-0.3095	0.5375
पकड़ें	-0.3850	0.4660	0.1470
पकड़ो	0.0000	-0.7500	0.5190
पका	0.5380	-0.2450	0.1890
पकेकरेकरName	0.3330	0.6670	0.2380
पक्का	0.3290	0.4140	0.6690
पक्षपात	-0.3105	0.0133	0.1139
पक्षियों	0.3193	0.3333	-0.3313
पक्षी	0.4617	-0.0850	-0.0188
पक्षी-	0.4670	0.6670	-0.0480
पक्षीमान	-0.0200	0.1340	0.2080
पगड़ी	-0.0620	-0.2280	-0.1480
पग्र	-0.3540	0.2220	-0.0560
पग्रिया	0.4380	-0.5200	-0.4720
पचास	0.3490	-0.1320	0.1680
पचासवां	0.0000	-0.2500	0.0000
पच्ड	0.0000	-1.0000	0.6670
पछताता	-0.6670	-0.5930	-0.4170
पछतावा	-0.1357	0.0447	0.2683
पजल	-0.2965	-0.3625	-0.2460
पटर	0.0840	-0.3260	-0.2260
पटल	-0.0620	-0.3580	-0.1500
पटाख	0.2083	0.0617	-0.2547
पटागोलाstar	0.7040	0.5930	0.5190
पटाद	-0.4080	0.4260	-0.3340
पटावे	0.3330	-1.0000	-0.2590
पटेट	0.0100	0.0180	0.2140
पटेन	-0.5000	-0.1860	-0.4740
पट्टी	-0.0831	0.0662	0.2156
पट्टी-	-0.3645	-0.4455	-0.2730
पड़ोस	-0.2300	-0.0620	-0.2540
पड़ोसी	0.4525	-0.2652	-0.0283
पढ़ने	0.0449	-0.1939	-0.0970
पढ़ा	0.3475	-0.0480	0.2523
पढ़ें	0.0170	-0.2470	-0.1670
पढ़ेंapt	0.6670	0.6670	0.4580
पढें	0.1430	0.5710	-0.3700
पत-	0.3700	-0.6670	0.0830
पतझड़	0.5300	-0.5920	-0.1000
पतझड़ी	0.2220	-0.6670	0.0000
पतन	-0.6373	0.3320	-0.4820
पतनन	-0.7500	-0.6670	-0.9580
पतनशील	-0.4542	0.2370	-0.3265
पतनशीलता	-0.3587	-0.1631	-0.2083
पतला	-0.1380	-0.4500	-0.5210
पतलानेस	-0.7080	-0.3750	-0.6670
पतली	-0.3235	-0.0078	-0.2940
पतलीनेस	0.6670	-0.7920	-0.1900
पता	0.2126	-0.0846	0.1934
पता-	0.0000	0.0210	0.3705
पता-पुस्तिका	0.2920	0.4120	0.4060
पतार	0.0000	0.6250	0.5190
पति	0.1540	-0.2744	0.0069
पतित	-0.4685	-0.5000	-0.5255
पतिरी	0.4530	-0.0540	-0.1100
पत्ते	-0.2505	-0.8200	-0.4005
पत्थर	-0.2674	-0.1218	-0.0608
पत्थरworknoworway.	-0.3260	-0.0860	0.3100
पत्थरवर्कर	0.0950	0.6670	0.7080
पत्थरवाह	-0.6460	0.5920	-0.2500
पत्थरामासी	0.4070	-0.2000	0.5830
पत्थरों	0.0000	-0.8570	-0.4170
पत्नियाँ	0.3700	-0.5330	-0.4580
पत्नी	0.4813	0.0880	0.0568
पत्नीियम	0.6670	0.5000	0.7080
पत्र	0.2482	-0.1037	0.0860
पत्रकार	0.0840	-0.0960	0.4640
पत्रकारिता	0.2440	0.0000	0.3680
पत्रकारी	0.3920	-0.1020	-0.0100
पत्रकारीय	0.0000	0.6110	0.4290
पत्रमेन	0.3180	-0.1640	-0.0760
पत्रिका	-0.0990	-0.3390	-0.1795
पथ	-0.3153	0.0759	-0.0693
पथफाइंडर	0.6670	0.5930	0.8520
पथिओनीज़ी	-0.6110	0.3700	0.3330
पथित	0.0665	-0.6670	0.0555
पथिस्टिस्ट	-0.2920	0.1040	0.1700
पथोजिकल	-0.7040	0.6670	-0.5560
पद	0.1120	0.4045	0.2120
पद-	0.5920	0.6420	0.7940
पदक	0.9170	0.4760	0.7080
पदक्रम	0.1660	0.4440	0.8040
पदार्थ	-0.0281	-0.0292	-0.0007
पदार्थीकरण	0.5240	0.3330	0.6250
पदावनत	-0.7080	-0.6670	-0.6670
पनीर	0.4400	-0.2814	-0.1924
पनीरबर्गर	0.6040	0.0580	-0.3280
पन्dddks	0.4440	0.4290	-0.2220
पन्‍ने-	0.4800	-0.2740	0.4520
पप	0.0740	-0.9580	-0.6670
पपीज़	0.5000	0.5480	-0.5625
पपीली	0.6670	0.0480	0.0000
पब्लिकोमीटर	0.0950	0.5420	-0.0370
पब्लैच	-0.6670	0.0000	-0.2960
पब्लो	-0.2900	-0.2800	-0.3060
पर	0.0059	0.0666	0.0280
पर-	-0.5520	-0.1760	-0.1420
परंतुत	-0.3060	0.4500	-0.3280
परंतुन	-0.1160	-0.0340	-0.2400
परंतुलर	0.0420	-0.6670	-0.3750
परंपरा	0.5160	-0.1400	0.5000
परक्यूटर	-0.5830	0.6670	0.6250
परख	0.9260	-0.5190	0.4760
परत	0.3000	-0.2270	-0.0280
परदा	-0.2960	-0.4950	-0.4610
परदे	0.2300	-0.7540	-0.3160
परन	-0.2440	-0.2660	-0.2360
परन:	-0.2860	-0.6670	-0.0370
परपेनिक	-0.6110	-0.3330	-0.6670
परफ़ॉर्मेंस	-0.2062	-0.0200	0.0238
परफ़ॉर्मेंसिक	-0.3700	0.6670	0.4760
परफ़ॉर्मेट	-0.4630	0.2225	0.0625
परफोर्स	-0.2860	0.3780	-0.2920
परमगर्टGenericName	0.0000	-0.6670	0.7040
परमप्रपाती	0.1110	-0.5560	1.0000
परमाणु	-0.6597	0.7297	0.2260
परमिट	-0.1970	0.1470	0.0360
परमिट्ड	-0.6670	0.6250	-0.5000
परमिट्स	0.0000	-0.0950	0.4170
परमुटेबल	0.0000	-0.0480	0.5930
परमेश्‍वर	0.8000	-0.1080	0.3020
परलर	0.0000	0.5930	0.6670
परलेटर	0.0560	0.6250	0.1480
परवर	-0.2100	0.2670	0.0420
परवलय	0.0840	-0.1740	0.2400
परवाह	0.4452	0.1670	-0.1925
परवेव	-1.0000	0.6670	0.8150
परस्त्य	-0.3330	1.0000	-0.2220
परस्पर	-0.0525	0.2818	0.2528
परहेज़गार	0.6670	0.3330	0.3750
परहेज़गारी	0.7600	-0.4750	-0.2210
पराग	0.0070	-0.0940	-0.2550
परागक	-0.2590	0.2380	-0.5830
परागकण	-0.0880	-0.3013	-0.2443
परागकणक	0.0830	-0.8570	-0.3700
परागक्शनर	0.0000	0.6190	0.5240
परागण	0.5850	0.3220	0.3793
परागणियाworld.	-0.3540	0.3340	0.0000
परागित	0.2080	-0.0560	0.2500
पराजित	-0.0425	0.4125	0.2288
परामर्श	0.1670	-0.3330	-0.4580
परामर्शदाता	0.6730	0.0080	0.5395
परास्तेंट	-0.6250	0.7140	-0.5000
परिएटर	0.0000	0.6670	0.3810
परिक्रमण	0.1700	0.3350	0.1795
परिचय	0.2754	0.2338	0.3654
परिचर्चा	0.1460	-0.2120	0.2880
परिचित	0.6660	-0.3050	0.2690
परिणाम	0.1023	0.0438	0.1963
परिणामित	0.3400	-0.1180	0.2740
परिधन	-0.0820	-0.3340	-0.2000
परिधि	-0.0600	-0.1140	0.1100
परिधीय	-0.7620	-0.6670	-0.3330
परिधीयता	-0.2290	0.0210	-0.2430
परिपथल	-0.0840	-0.0980	0.1180
परिभाषा	0.1460	-0.2500	0.1580
परिभाषा-	0.0000	-0.4440	0.5000
परिमाण	0.0720	-0.0730	0.5530
परियोजना	-0.1920	0.1233	0.0835
परिवर्तक	0.1663	0.3787	0.4333
परिवर्तन	-0.2398	0.2752	0.2261
परिवर्तनीय	0.0000	0.6670	-0.3750
परिवर्तनीयता	0.3659	-0.2394	0.0406
परिवर्तनों	0.0000	-1.0000	-0.2220
परिवर्तित	-0.1425	0.2060	0.3375
परिवर्तितता	0.7330	-0.5830	0.3750
परिवर्धक	0.0000	0.6670	0.4170
परिवर्धन	-0.0400	0.0400	0.2500
परिवर्धित	-0.2577	0.2135	-0.0155
परिवहन	0.0900	0.0035	0.1367
परिवहनता	0.0000	0.0000	0.4170
परिवार	0.8388	-0.4110	0.1123
परिश्रम	0.4412	-0.0405	0.4808
परिश्रमक	0.0000	-0.6670	0.2080
परिश्रमी	0.4380	0.1660	0.5840
परिषद	0.7500	-0.4420	0.2700
परिषद्‌	0.0620	-0.2660	0.5860
परिष्करण	0.0038	-0.0362	0.2040
परिसंपत्ति	0.5940	0.5300	0.5760
परिसर	0.0000	-0.3880	-0.4300
परिस्थिति	0.0400	0.1300	0.1920
परी	0.7410	-0.2920	-0.3810
परीक्षण	-0.0321	0.1863	0.1754
परीक्षणकर्ता	0.4170	0.6250	0.5190
परीक्षणर	0.4160	0.4200	0.4000
परीक्षा	-0.3118	0.4628	0.2178
परीलैंडjapan.	0.9050	-0.6190	-0.1900
परेट	0.0010	-0.1350	0.0880
परेड	-0.0667	-0.0277	-0.3043
परेदस्ट	0.3750	0.6110	0.2860
परेदित	-0.1020	-0.4400	-0.4040
परेशान	-0.6706	0.4880	-0.3187
परेशानी	-0.7212	0.5986	-0.2704
परोसस	-0.4420	0.1380	-0.2280
पर्ची	-0.3680	0.4280	-0.3580
पर्टीद	-0.5800	-0.2860	-0.4540
पर्दा	0.0304	-0.3764	0.0080
पर्बेलिंग	-0.6670	0.4170	0.0420
पर्यटक	0.4900	-0.0400	-0.1400
पर्यटकीName	0.1460	0.6485	-0.1040
पर्याप्त	0.3718	-0.2928	0.1647
पर्याप्तनेस	0.5000	-0.3335	0.4285
पर्यावरण	0.5017	-0.2877	0.1750
पर्यावरणवाद	0.6670	-0.2860	0.4440
पर्यावरणवादी	0.6250	0.6670	0.5240
पर्व	0.7400	0.4120	0.4280
पर्वत	0.4087	-0.2563	0.2553
पर्वतीय	0.0772	-0.0844	0.0584
पर्स	0.0963	-0.3827	-0.4530
पर्स-	-0.3330	-0.6250	-0.3330
पर्सन	0.1220	0.3020	-0.2500
पर्सनली	-0.6670	-0.6670	-0.7040
पर्सपेक्टिव	0.3760	-0.0600	0.4080
पर्समन	0.3330	-0.9170	0.0000
पर्सिक	0.0000	-1.0000	0.9260
पर्सिया	1.0000	0.3330	-0.0740
पर्स्ड	-0.1240	-0.4240	-0.5720
पलंग	-0.1900	-0.5830	-0.0480
पलंग-	0.0747	-0.5697	-0.1567
पलंग-वि	-1.0000	0.0000	-0.7080
पलंगरी	-0.8890	-1.0000	-1.0000
पलंगिंग	-0.6670	0.3330	-0.7920
पलंगीबर	0.0560	-0.6670	-0.1670
पलट-	0.0620	-0.0900	-0.1880
पलटना	-0.3400	0.1140	-0.0580
पलटने	0.1745	0.1000	-0.0090
पलटा	-0.1630	0.6985	0.4200
पलटें	-0.4380	0.0580	-0.1300
पवन	0.0000	0.0000	0.0000
पवन-	0.5000	0.7280	0.2760
पवनचिंग	-0.2380	-0.2670	0.0000
पवनचिल	0.5460	-0.1760	-0.1760
पवननेस	-0.3330	-0.1670	-0.0740
पवनपिप	-0.4380	-0.2800	0.0000
पवनब्रोनusa.	0.0000	0.6250	-0.6250
पवन्जामर	0.4440	0.6250	0.4440
पवित्र	0.1844	0.0414	0.0447
पवित्रता	0.6057	-0.4939	0.2374
पवित्रस्थान	0.7260	-0.5480	0.1500
पवित्रा	0.7700	-0.2980	0.6495
पशु	-0.6512	0.7192	0.3314
पशु-	-1.0000	1.0000	-0.4440
पशुओं	0.0420	-0.3330	0.5000
पशुवाद	0.0000	-0.3700	-0.4580
पशुीकरण	-0.6110	0.6670	-0.6670
पश्चात	0.2340	0.0000	-0.2660
पश्चिम	0.1387	-0.1877	-0.0733
पश्चिमः	-1.0000	0.6670	0.7410
पश्चिमी	-0.0925	-0.1498	0.3574
पश्चिमीName	0.0740	0.6670	0.5420
पश्चिमीीकरण	-0.0830	0.6190	0.6190
पश्‍चाताप	-0.2279	-0.1201	-0.3327
पश्‍चातापहीन	-0.6670	-0.6670	0.6190
पश्‍चातापहीनपन	-1.0000	-0.6670	0.2380
पश्‍चातापी	0.5190	-0.6190	-0.7080
पश्‍चातापीता	-0.4760	-0.6670	-0.5560
पश्‍चिम	0.2220	0.6670	0.3750
पसंद	0.8030	-0.0320	0.0140
पसंदीदा	0.6633	-0.0513	0.2060
पसन्दीदा	-0.3920	0.3000	0.0000
पसपरेनिक	0.7780	0.4580	0.6670
पसलिंग	0.6300	0.5930	-0.0420
पसलीज	0.0000	-0.0740	-0.2670
पसलीट	0.0000	-0.7500	0.0000
पसीना	-0.1602	0.0721	-0.3041
पसीनाबैण्ड	0.0000	0.7080	0.0420
पहचान	0.0717	0.0612	0.2022
पहचान:	0.0400	-0.0560	0.2600
पहचानकर्ता	0.6670	0.1110	0.5830
पहचानने	0.5710	0.6670	0.5240
पहचाना	0.5710	0.0000	0.3330
पहनने	0.6670	0.0000	0.1430
पहने	0.2920	0.0400	-0.0780
पहनें	-0.3760	-0.2600	-0.4900
पहरा	0.3330	0.6670	0.6670
पहरेदार	0.0720	-0.0900	0.5350
पहल	0.7290	0.4670	0.6730
पहलू	0.1060	-0.1960	-0.0530
पहले	0.0175	-0.0583	0.0895
पहलौठे	0.5720	-0.0200	0.3900
पहाड़ी	0.0933	-0.0222	0.0488
पहाड़ों	0.1840	-0.1573	-0.0767
पहिया	0.3750	-0.0970	0.3800
पहिये	0.3340	-0.0580	-0.2280
पहियों	0.6670	0.6670	0.5830
पहिलौठे	0.3680	-0.1660	0.4280
पहुँच	0.4240	0.0741	0.2759
पहुँचकर्ता	0.4290	0.0830	-0.2080
पहुँचयोग्य	0.2240	-0.2340	0.2720
पहुँचयोग्यता	-0.6670	-1.0000	0.2000
पहुँचरी	-0.2380	-0.2860	-0.2080
पहुंच	-0.0730	0.3040	0.2470
पहुनाई	0.7300	-0.3340	0.4500
पहेली	-0.1980	0.4440	-0.0350
पहेलीर	0.0000	0.5830	-0.0480
पाँव	-0.0420	-0.1860	-0.5440
पाँसा	0.1079	0.4773	-0.0754
पांच	0.4093	-0.1700	0.1017
पांचर	-0.0840	-0.0620	0.0340
पांचवां	0.0000	0.0000	0.0000
पांडा	0.2920	-0.6120	-0.1880
पाइंटिंग	0.3880	-0.3720	0.2060
पाइकपे	0.2960	0.0000	0.0000
पाइप	0.0820	-0.3200	-0.3400
पाइपर	0.1380	-0.1160	-0.2040
पाइपेट	-0.0400	-0.1940	-0.1640
पाइप्ड	-0.3545	-0.0545	-0.4175
पाई	0.7600	-0.1960	-0.2640
पाईकेत	0.0000	-0.5930	0.0000
पाउ	-0.2500	-0.1200	-0.1480
पाउंड	-0.0485	0.3215	0.2410
पाउउ	-0.0200	0.3000	-0.1880
पाउघूasia.	0.0000	0.6670	0.4290
पाउडाperu.	0.1420	-0.4820	-0.1300
पाउण्डा	0.0000	-0.0830	0.0000
पाउसिटी	-0.6940	-0.0940	-0.6500
पाए	0.2860	0.0000	0.0000
पाएँ	0.4800	0.1880	0.3340
पागल	-0.4444	0.3931	-0.3661
पागलपन	-0.8960	0.8040	-0.4885
पागुर	0.2505	-0.2715	-0.1920
पाठ	0.1387	-0.3451	-0.1012
पाठ-	0.1527	-0.1812	-0.0803
पाठ्य	0.2440	-0.5300	0.0520
पाठ्यक्रम	0.4160	-0.3880	0.2400
पादरी	0.1550	-0.4152	0.2858
पानी	0.1691	-0.2632	-0.1288
पानी-	0.0000	-0.8330	0.0000
पाने	0.5200	-0.0685	0.3170
पाप	-0.4565	0.3065	-0.1056
पापमय	-1.0000	-0.2500	-0.3170
पापरहित	1.0000	-1.0000	-0.0480
पापरूपता	-0.6670	0.4290	-0.5000
पापस	-0.8890	0.3750	-0.4440
पापस्वीकार	-0.3570	0.1775	-0.0930
पापहीन	0.6670	0.6670	0.2380
पापी	-0.6200	0.4550	-0.2270
पापुलेट	-0.6670	0.6670	0.0740
पायथन	-0.5620	0.2360	0.2360
पायनियर	0.5920	0.2360	0.6040
पायलट	0.0690	-0.1115	-0.1390
पाया	-0.0560	0.0380	0.1640
पार	0.0490	0.1825	-0.0490
पारंपरिक	0.2737	-0.6023	0.4443
पारंपरिकवाद	0.2380	-0.6300	0.5930
पारंपरिकाइज़	0.6250	0.6670	0.5560
पारदर्शिता	0.5240	-0.6250	0.3330
पारदर्शी	0.2840	-0.2733	0.2250
पारफ्सन	-0.9260	-0.4170	-0.7500
पारमीन	-0.2660	-0.2300	-0.2860
पारर	-0.4235	-0.4095	-0.6425
पाररी	-1.0000	-0.4440	-1.0000
पाररेरी	-0.3330	0.6670	0.4810
पारसर	-0.6670	0.5710	-0.6300
पारा	-0.3540	-0.4600	-0.3520
पाराइच	0.0000	0.0000	0.2080
पारिग्रियाpoland.	0.0000	-0.6670	-0.0420
पारिडी	0.0000	-0.6670	0.5560
पारितोषिक	-0.5420	0.1100	-0.4920
पारिभाषिक	0.0835	-0.6670	0.1665
पारिभाषिकता	0.2220	-0.6670	0.6670
पारिभाषित	0.0287	-0.4140	-0.0507
पारिभाषितर	0.5000	0.6670	0.5240
पारिवियागर	-0.6670	0.6670	0.4810
पारुल	0.6670	0.6670	1.0000
पारूसी	-0.1340	-0.4080	-0.1510
पारेटो	0.4160	-0.2800	0.0720
पार्क	0.3318	-0.3190	-0.1140
पार्कलैंडjamaica.	0.6670	-0.6300	0.0000
पार्काusa.	-0.0620	-0.0380	-0.2100
पार्किन	-0.7920	0.1400	-0.2540
पार्ट	0.3260	-0.4440	-0.2800
पार्ट-	0.0830	-0.0850	-0.4585
पार्ट-क्लिपल	0.0000	0.0000	0.0000
पार्टी	0.7815	0.8400	0.0840
पार्टीकलर	0.6670	1.0000	-0.0480
पार्टीशन	0.2300	-0.0620	0.1340
पार्टीशनर	0.0000	0.6670	0.5420
पार्टीशनल	-0.3120	0.2360	-0.1800
पार्मर्म	-0.6670	0.6670	0.9580
पार्यवाद	0.6670	-0.6670	0.4810
पार्रीकुली	0.4380	-0.1880	0.4800
पार्सल	0.2110	-0.2310	-0.1710
पार्सले	-0.0110	-0.5030	-0.3620
पार्सिल	0.2500	-1.0000	-0.1250
पार्सेथ	1.0000	-1.0000	-0.6250
पाल	0.4524	0.1844	0.0750
पालतू	0.0839	-0.0435	-0.0485
पालतूज़ी	-0.8330	0.6670	-0.5830
पालतूेटर	0.6670	0.6110	0.7780
पालन	-0.1045	0.1940	-0.2225
पालने	0.1644	-0.1102	-0.3188
पालिशName	0.0000	0.0000	0.4440
पालिशिशName	0.0000	-0.3680	-0.2040
पाले	0.3540	-0.8955	0.0415
पालेकल	-0.1020	-0.0900	-0.2300
पालेना	0.6460	-0.0400	-0.1520
पावती	0.1700	-0.3560	-0.1850
पावर	0.3490	0.4250	0.8630
पावरट्रॉलिंग	0.0000	0.6670	0.9630
पावरपन	-0.6670	-0.9330	-1.0000
पावरपाइंट	0.0370	0.3810	0.5330
पावरब्रोकर	0.6190	0.6670	1.0000
पावरमेंट	1.0000	0.6670	1.0000
पावरर	0.6670	0.6300	0.7080
पावर्ड	0.5190	1.0000	0.9050
पाश्चात्य	0.3057	-0.0410	-0.3590
पास	0.0595	-0.1058	-0.0512
पास-	0.3340	-0.4225	0.0495
पासपोर्ट	0.3060	-0.0860	0.3640
पासवर्ड	-0.0220	-0.3130	-0.0620
पासवर्ड:	-0.1880	-0.0800	-0.0880
पासा	-0.2087	0.0507	0.0467
पास्यता	-0.5180	-0.7700	-0.5080
पिंग	0.0820	-0.0200	-0.2180
पिंटॉन	0.4760	1.0000	0.9520
पिअर	0.1560	-0.2620	-0.1240
पिक	-0.0220	0.0290	-0.1540
पिककरिक	0.0000	-0.6670	0.0000
पिकग्राफ	0.0000	-0.5190	0.2080
पिकटन	-0.2040	-0.0400	0.0000
पिकाकानाusa.	0.4280	0.0000	-0.1140
पिके	-0.1460	-0.1800	-0.0960
पिको	0.6540	-0.4400	-0.3600
पिक्चरिस्ट	0.5930	-0.0740	0.5930
पिक्शन	0.0555	0.0625	-0.1740
पिक्शनिंग	-0.2700	-0.3260	-0.1900
पिक्शनिक	0.5420	-0.6670	0.2500
पिक्शन्स	0.6670	0.6670	0.4070
पिक्स	0.0420	-0.2540	-0.2720
पिक्सी	0.1240	0.0740	-0.3500
पिक्सेल	0.0290	-0.1780	0.0050
पिगी	0.3460	-0.6440	-0.1700
पिग्मा	0.2300	0.4080	0.1220
पिग्लीName	0.3330	0.0000	-0.1670
पिग्लोस्किकusa.	-0.4170	0.0000	0.2860
पिग्वेष	0.1110	0.6250	0.5560
पिग्िगन्स	-0.8890	1.0000	0.8330
पिघलन	-0.1186	0.0302	-0.0764
पिघला	-0.2800	0.3120	-0.3040
पिछला	0.0759	-0.2671	-0.1209
पिछली-	-0.3760	-0.3140	-0.1960
पिजिया	0.2500	-0.0580	-0.0560
पिजॉयरियाusa.	0.4380	0.0400	-0.2720
पिज्ड	-0.3120	-0.1700	-0.3220
पिटर	-0.4440	0.8670	0.3890
पिडगिन	-0.0820	-0.1740	-0.3640
पिडार्ट	0.0000	-1.0000	0.0000
पिड्ड	0.1880	-0.1340	-0.3000
पित	-0.2700	-0.2600	-0.2780
पिता	0.6590	-0.1538	0.4808
पिताजी	0.5387	-0.2320	0.3660
पिताजीया	0.2600	-0.3880	-0.4000
पिताजील	-0.0140	-0.3920	0.1180
पितानेस	0.8330	-0.6670	0.5000
पितालैंडusa.	0.4580	-0.0620	0.5560
पितावाद	-0.6670	-0.6670	0.6670
पिताा	0.0000	0.0000	0.4760
पिताी	0.4440	-0.5930	0.4070
पिताीआरडी	-0.6670	-0.6670	-0.8100
पिताो	0.0200	-0.5200	-0.2720
पितेल	-0.5420	-0.3330	-0.7500
पिथ	-0.0840	-0.3000	0.1920
पिथियोग्राफी	0.0000	0.0000	0.5560
पिन	0.1704	-0.0911	-0.1404
पिन-	0.0000	-0.2960	-0.6250
पिनफोर	0.0000	-0.9440	-0.5240
पिनबास	-0.9050	0.5190	-0.7410
पिनबॉल	0.1640	0.2800	-0.1160
पिनर	-0.0830	0.6250	0.7040
पिनरिक	-0.3330	0.6670	-0.2920
पिनल	-0.2500	-0.4420	-0.3100
पिनश्शन	0.0000	-0.7080	-0.8520
पिनस्फीति	0.0000	-0.6670	-0.2500
पिनिंग	0.0000	0.6670	0.5000
पिनिअलाइड	-1.0000	0.9260	0.7040
पिनियन	-0.1120	-0.2780	-0.3080
पिनी	-0.4860	0.4580	0.1960
पिनूला	0.0000	-0.1430	-0.5420
पिनोसो	-0.0830	0.5710	-0.5830
पिन्ड	-0.0740	-0.5820	-0.0070
पिपर्नेल	0.0000	-0.2000	-0.0420
पिबॉस्बिक	-0.3810	-0.7220	0.0000
पिमपिय	-0.6670	-0.6670	-0.9580
पिम्प	-0.7080	0.4000	0.0720
पिम्पल	-0.5100	-0.2600	-0.4520
पिम्प्ड	-0.6670	0.0000	-0.2920
पियक्कड़	-0.5200	0.7460	-0.5000
पिया	-0.3660	-0.1140	0.0640
पियानो	0.5375	0.0095	-0.0620
पिर	0.6300	0.6670	-0.1670
पिरामिड	0.3530	-0.2250	0.2350
पिरूट	0.5710	1.0000	0.5560
पिरोतनी	0.6250	1.0000	0.6190
पिलग्रिम	0.0620	-0.1920	0.1380
पिल्ला	0.7780	0.2945	-0.5405
पिल्लानेस	-0.6670	-0.6670	-0.6670
पिल्लािश	0.6670	0.6670	-0.8100
पिशाच	-0.2465	0.4315	0.5110
पिशाचीकरण	-0.6670	0.6670	0.5240
पिशाचीय	0.4700	-0.0580	0.4980
पिस-कार्ड	0.6670	0.0000	0.2220
पिस्ताटोusa.	0.2860	-0.3280	-0.3900
पी.	-0.0840	-0.3600	-0.3520
पीiran.	-0.5620	0.5980	0.1500
पीअरडी	0.2880	0.1640	0.6660
पीअरी	0.0000	0.6670	0.6670
पीएडल	0.0000	-0.1740	-0.3980
पीएन	0.8330	0.6670	1.0000
पीएलसी	0.6670	-0.5420	-0.6670
पीएश	-0.7920	0.6250	-0.7080
पीकेक	-0.3060	-0.0380	-0.3020
पीच	0.4080	-0.0400	-0.4560
पीचनेस	1.0000	-0.6670	-0.2860
पीछा	0.0246	0.3546	0.0996
पीछे	-0.2884	0.0980	-0.1424
पीछे-	-0.3760	0.0500	-0.4440
पीछेहोये	-0.2040	0.1080	0.1240
पीटा	-0.8340	0.6920	-0.4700
पीठ	-0.4738	-0.6342	-0.6952
पीठपथें	0.6670	0.6670	0.5190
पीठीकरcolor	0.0000	0.1480	-0.1480
पीड़ित	-0.5500	0.3250	-0.3300
पीडीएफ़	-0.1380	-0.4000	-0.4000
पीतल	0.1345	-0.5070	0.2727
पीतली	0.1317	0.3623	0.0337
पीने	0.4160	-0.0410	-0.1620
पीप	0.1013	-0.2720	-0.1120
पीपिप	-0.0670	0.0000	0.6670
पीपोपोन	-0.3700	0.0000	0.0000
पीरेलोन	-0.1660	-0.4240	-0.2600
पीला	-0.0261	-0.1751	-0.1852
पीला-	0.0000	0.6670	0.5420
पीलापन	-0.3570	-0.5420	-0.2900
पीले	-0.7225	0.3335	-0.1855
पीसना	-0.6670	1.0000	-0.3750
पीसा	-0.0680	-0.2420	0.0640
पीसीज	0.0000	-0.0830	0.0000
पीस्ट	-0.2660	-0.2380	-0.3660
पुंजिंग	0.3330	0.6250	0.4580
पुआल	-0.0400	-0.4200	-0.6740
पुआलमैन	-0.3750	0.4440	-0.3890
पुकारा	-0.2500	0.3520	-0.1670
पुचक	-0.9580	0.9330	-0.7040
पुछल्ला	0.2000	-0.3560	-0.0900
पुटर	-0.2580	-0.2120	-0.2380
पुटिंग	0.6670	-0.6670	0.5190
पुड्ड	-0.4800	-0.0560	-0.2980
पुत्रािक	0.1880	0.0000	-0.0380
पुथॉटर	-0.5520	0.7600	0.3340
पुथ्रिड	-0.7080	0.2400	-0.2300
पुन:	0.3100	0.0960	0.1120
पुन:आरंभ	0.3754	0.2450	0.2660
पुनः	0.2104	0.4400	0.2596
पुनःप्राप्त	-0.0090	-0.0550	0.2370
पुनःविन्यास	0.0000	-0.0740	0.3810
पुनरारंभ	-0.0747	0.1213	0.1560
पुनरावर्ती	-0.1460	0.0380	0.2360
पुनरुत्थान	0.4160	0.4800	0.5180
पुनरुत्थित	0.7080	0.6670	0.5420
पुनर्जन्म	0.5670	0.4590	0.4560
पुनर्निदेश	-0.0620	-0.2800	0.2960
पुनर्निदेशित	0.0000	0.6670	0.4440
पुनर्प्राप्त	-0.3460	-0.9162	-0.5168
पुनर्प्रेषित	-0.2850	-0.1810	-0.3600
पुनर्वेषण	1.0000	1.0000	0.7410
पुनर्स्थक	0.5000	0.6670	0.5000
पुनर्स्थापन	0.2600	0.3615	0.2725
पुनर्स्थीकरण	0.6670	0.7920	0.4580
पुनर्स्थीकृत	0.6670	0.3750	0.5830
पुरखिन	0.0000	-0.6670	0.2920
पुरस्कार	0.8147	0.3925	0.4733
पुरातत्त्वीय	0.1110	-0.5930	0.2860
पुरातत्वविज्ञानी	0.1040	-0.0980	0.4120
पुरातन	-0.1770	-0.1330	-0.3425
पुराना	-0.2665	-0.5735	-0.4885
पुरुष	-0.3586	0.2406	0.0201
पुरुषगल	-0.4160	-0.1020	-0.2900
पुरुषलिन	0.4160	-0.1340	-0.2660
पुरुषिंग	-0.6670	0.6670	-0.4170
पुरुषीय	0.6670	0.6670	0.7080
पुरुषों	0.0000	-0.1730	0.4143
पुर्तगाल	0.1660	-0.2800	0.2460
पुर्तगालीName	0.3570	0.1040	0.1110
पुल	0.0650	-0.3130	-0.1190
पुलवर्क	0.6250	0.0000	0.5000
पुलिस	-0.2908	0.5608	0.2792
पुलिस-	0.1420	0.4080	0.1380
पुलिसए	-0.3330	0.6670	0.4170
पुलिसदार	-0.0820	-0.3100	-0.2200
पुलिसवाले	0.2085	0.5415	0.8565
पुलिसिंग	-0.3330	0.6300	0.0420
पुश	0.0185	0.5902	0.3607
पुश-	0.0000	0.2920	-0.2960
पुशकार	0.0000	0.6670	-0.4440
पुशबैक	-0.6300	0.6670	0.7410
पुशर	-0.3540	0.6560	0.1700
पुशी	-0.8400	0.8120	0.4820
पुश्‍त	-0.9630	0.8100	0.7620
पुष्टि	0.5042	-0.1160	0.3285
पुष्टिकर्ता	0.5260	0.3607	0.3810
पुष्टिन	-0.2800	0.1640	0.4380
पुष्टिरी	0.3120	0.0000	0.3660
पुस्तक	0.2622	-0.6003	0.0928
पुस्तक-	0.2495	-0.0770	0.1330
पुस्तक-चिह्नों	0.3460	0.1640	0.0000
पुस्तकचिह्न	0.0430	-0.2255	-0.0225
पुस्तकों	0.2290	-0.7185	-0.0700
पुस्तिका	0.0200	-0.4600	-0.2980
पू.	0.1570	-0.0146	-0.1540
पूँछ	0.6670	0.6670	0.4440
पूँछिंग	-0.1220	-0.3780	-0.1080
पूंजीवाद	-0.1040	0.3720	0.6960
पूछ	-0.2300	0.2940	0.0940
पूछताछ	-0.1112	0.4642	0.3036
पूछताछर	0.0670	0.6670	0.0950
पूछताछल	0.0000	0.6670	0.4580
पूछते	-0.1448	-0.0902	-0.3298
पूछा	0.0340	-0.0700	0.0360
पूछें	-0.0392	0.1754	-0.1490
पूजा	0.8330	-0.5560	0.7410
पूरा	0.3760	-0.0424	0.2458
पूरा-	-0.2005	-0.1635	0.2410
पूराबाक्स	0.0000	0.6670	-0.0370
पूरी	0.1099	0.0384	0.1982
पूरे	0.6260	0.2963	0.5333
पूर्ण	0.3454	0.1191	0.3769
पूर्ण-	0.2080	-0.6670	0.0000
पूर्णएमपीई	-0.4000	-0.6670	-0.2960
पूर्णतः	1.0000	-0.6670	0.8100
पूर्णता	0.2093	-0.0031	0.3304
पूर्णनेस	0.0000	-0.5930	-0.2960
पूर्णबैक	0.0000	0.1880	0.0380
पूर्णांक	0.1460	-0.3460	0.1900
पूर्णिग्रिश	-0.6670	-0.6250	-0.5830
पूर्ण्यता	0.0000	-0.5560	0.0000
पूर्व	0.0932	-0.0574	0.1613
पूर्व-	-0.0157	0.0510	0.2716
पूर्व-स्थल	-0.2700	0.5300	0.0880
पूर्वकोत	0.0000	0.0000	0.1900
पूर्वज	0.1840	-0.2240	0.1880
पूर्वजली	0.0420	-0.7500	0.0480
पूर्वजों	0.2800	-0.0380	0.5000
पूर्वधारणा	-0.7800	0.2260	-0.1860
पूर्वनिर्धारित	0.0347	-0.1783	0.3575
पूर्वनिर्धारितता	-0.0420	-0.5930	0.6670
पूर्वनिर्धारितपन	0.7500	-0.5830	0.8150
पूर्वनिर्धारितीकरण	0.2860	0.4170	0.4170
पूर्वपारिभाषिक	-0.7040	0.5830	-0.1900
पूर्वपारिभाषित	0.0669	-0.1899	0.2057
पूर्वरूप	0.0000	-0.4580	0.5560
पूर्ववर्ती	-0.1600	-0.3080	-0.3520
पूर्वशर्त	0.0000	0.0420	0.5420
पूर्वसंस्थापित	0.3750	-0.1480	0.3700
पूर्वसूचना	0.4810	-0.5710	0.9260
पूर्वानुमान	0.3980	-0.0950	0.3520
पूर्वानुमानक	0.2700	0.2220	0.6920
पूर्वावलोकन	0.1940	-0.3443	0.1623
पूर्वी	-0.0050	-0.0745	0.1030
पूर्वीकृत	0.0625	0.0835	0.6850
पूर्वोक्‍त	-0.2810	0.7025	0.4755
पूल	0.0210	-0.2570	0.0540
पूल-	0.3810	-0.1250	0.0000
पूली	-0.3330	-0.0830	0.0000
पूवा	0.6670	-0.2080	-0.0740
पृथक	-0.2733	0.0516	0.0061
पृथकता	0.6250	-0.8890	0.6250
पृथ्वी	0.1117	-0.4004	-0.1619
पृथ्वी-	0.2620	-0.1807	0.2827
पृष्ठ	0.2640	0.1357	-0.1583
पृष्ठउण्ड	0.0420	0.0000	-0.6670
पृष्ठभूमि	-0.2470	-0.4555	-0.2425
पृष्ठिंग	0.0840	-0.2040	-0.1540
पेंटर	-0.2860	0.6670	-0.3700
पेंटरName	0.0000	0.5930	0.0950
पेंटरब्रश	0.4280	-0.5480	-0.2940
पेंटिंग	0.6460	0.1575	0.1110
पेंडेंट	0.3520	-0.3580	-0.2300
पेंसिल-	0.0420	0.6670	-0.0740
पेकुकुना	-0.2240	-0.0200	-0.4620
पेजl	-0.1940	-0.0500	-0.3100
पेजर	0.0200	0.0520	0.1080
पेट	-0.3017	-0.0629	-0.2877
पेटन	0.1240	-0.2660	0.0000
पेटला	-0.1400	-0.4800	-0.3160
पेटारोस	-0.3330	0.5930	0.2500
पेटी	-0.0310	-0.5098	-0.1836
पेटीवुड	0.0000	-0.6670	-0.2080
पेटूट	-0.2240	0.0000	-0.2200
पेटेटन	-0.0200	-0.1920	-0.1500
पेटेरेटर	0.2080	-0.0800	-0.3960
पेटोमोमोआ	0.0000	0.0000	0.0000
पेड़	0.3060	-0.7260	0.0740
पेडोडोनiran.	0.4440	-1.0000	0.0000
पेनपाल	0.5190	-0.5420	-0.1480
पेनिंग	0.3330	-0.3330	0.1670
पेनिडेंट	-0.0830	-0.5930	-0.4170
पेनिन	0.0320	-0.2730	-0.1270
पेनीज	-0.9170	-0.7620	-0.9630
पेनेंटर	-0.3330	1.0000	0.8570
पेन्चॉट	0.3760	-0.0400	0.2180
पेन्वर	0.0000	0.3330	0.7080
पेन्स	-0.1172	-0.3618	-0.1827
पेन्सन	-0.0620	0.7185	0.6995
पेन्समीटर	0.0420	-0.5240	0.1430
पेन्सर	0.0370	-0.6300	-0.2960
पेन्सशिप	0.3540	-0.4320	0.0180
पेन्सिक	0.0000	0.3330	0.2590
पेन्सियम	0.3330	-0.3330	0.0000
पेन्सिल	0.1389	-0.1205	-0.0974
पेन्सिलता	0.0000	-0.4070	0.2220
पेन्सिलन	-0.0200	0.2720	0.5480
पेन्सिलल	0.0415	0.3335	0.1295
पेन्सिला	0.0200	-0.1340	-0.0680
पेन्सिलाइस	0.0840	-0.2400	-0.1480
पेन्सिलिक	-0.0953	-0.1543	-0.2777
पेन्सिलिया	-0.2080	-0.0960	-0.0560
पेन्सिलियाjapan.	0.0000	-0.0740	0.0000
पेन्सिलेट	-0.3460	-0.2540	-0.5505
पेन्सिलॉन	0.6670	1.0000	0.6670
पेन्सीय	-0.0420	-0.3330	-0.0830
पेन्सेस	0.1670	0.0000	0.1670
पेपरबैक	0.2660	-0.4620	-0.3720
पेपरोनीusa.	0.5920	-0.0560	-0.2840
पेबेल	0.0000	0.6670	0.1250
पेय	0.4238	0.0158	-0.1125
पेर	0.3540	-0.6810	-0.5180
पेलोपोन्स	-0.0780	0.2650	0.2370
पेश	0.1337	-0.0373	-0.0310
पेशमान	0.7080	1.0000	0.9170
पेशाब	-0.5585	0.2385	-0.1385
पेशी	-0.2820	-0.0200	0.2900
पेशीइक	-0.3330	1.0000	1.0000
पेशीक	0.0000	-0.5240	0.0000
पेशीक्यूट	-0.4380	0.9020	0.5280
पेशेवर	0.6850	0.1135	0.7765
पेशेवरवाद	0.5620	0.0820	0.8880
पेशेवराइज़ेशन	0.8000	0.6670	0.7780
पेस्टर	0.7330	0.5830	0.5560
पेस्टल	0.0000	-0.5240	-0.1480
पैंक्रियाज़	0.1080	0.1042	-0.0550
पैंट	0.3460	-0.3600	-0.3340
पैंट-	0.6670	0.0420	0.4760
पैंसठ	-0.1040	-0.2200	-0.0680
पैक	0.0830	-0.4240	-0.2510
पैकग	-0.1980	-0.1740	-0.2840
पैकच्ड	-0.6300	-0.6670	-0.4810
पैकनstar	-0.5710	0.7040	0.2380
पैकफ्ररी	0.4800	0.1600	-0.2050
पैकब्ड	-0.3700	-0.5420	-0.4170
पैकर	0.1450	-0.3535	-0.1295
पैकस्‌	0.9520	-0.3330	0.2920
पैकहोस	0.0000	0.6300	-0.5420
पैकिंग	-0.0940	-0.2440	-0.0830
पैकेज	0.0895	-0.2335	-0.1865
पैकेजक	-0.5000	0.5000	0.9630
पैकेजर	0.2220	0.6670	0.5190
पैकेजेस	0.3750	0.3125	0.4760
पैकेट	0.1640	-0.2300	-0.1860
पैकेबल	0.5985	-0.1740	-0.0690
पैकोग्राफर	-1.0000	0.6670	0.4290
पैक्ड	0.1355	-0.1640	-0.1250
पैग़म्बरिलानटन	0.0000	0.5930	-0.2780
पैग़म्बरी	0.0505	-0.5185	-0.3680
पैग़म्बरों	-0.3880	0.1640	-0.5280
पैच	-0.0800	-0.0180	-0.2314
पैचवर्क	0.0000	-0.4800	-0.3500
पैचोनी	-0.2220	-0.0830	-0.2920
पैजाई	0.1220	-0.1140	0.1120
पैटर्न	0.3323	0.2363	0.2180
पैटर्न:	0.3910	-0.1857	0.0167
पैटर्नर	0.0200	-0.3460	-0.3260
पैटेनम	0.1660	-0.0980	0.2800
पैड	0.2120	-0.5760	-0.2580
पैडल	0.0820	-0.5365	-0.3755
पैडलॉक	-0.0820	-0.4320	-0.0860
पैडिंग	0.1220	-0.2040	-0.1540
पैडेड	0.1867	0.1347	0.1043
पैदल	0.0177	0.3717	0.3177
पैदा	0.3335	0.4285	0.5420
पैदाइश	0.1520	-0.2730	0.0260
पैन	-0.0343	-0.2160	-0.2513
पैनग	-0.7080	0.1900	-0.0900
पैनांटिक	-0.2080	-0.7040	0.0740
पैनाई	0.2440	-0.4120	-0.3760
पैनिंग	0.0420	0.0180	-0.0180
पैनिंगल	-0.1180	-0.1380	-0.1720
पैनियनName	0.0580	-0.1540	0.6420
पैनियाName	-0.1600	-0.1460	0.2260
पैनिशमछली	-0.1480	0.3330	-0.1900
पैनिस्ट	0.0000	-0.4000	0.3330
पैनी	0.1994	-0.0196	-0.2391
पैनीक	0.6460	-0.3530	-0.2340
पैनीज	-0.6670	-0.3330	-0.4580
पैनीपीज	-0.7620	-0.4760	-0.6250
पैनीमा	0.1040	-0.0380	-0.2300
पैनून	0.0000	0.0000	-0.4440
पैनेटिक	0.6670	0.0000	0.2860
पैनेड	-0.3960	-0.0960	-0.6080
पैनेवेंट	-0.6670	-0.6670	-0.5710
पैनॉट	-0.0520	-0.3910	-0.0910
पैनॉन	-0.7120	-0.1800	0.2200
पैनोटोन	-0.6670	-0.0830	-0.2220
पैनोर	-0.3940	0.1880	0.3640
पैनोरामा	0.3855	-0.0980	0.1250
पैन्हैण्डर	-0.6670	0.6670	-0.7220
पैर	0.1407	-0.3717	-0.0700
पैर-	0.0400	-0.3960	-0.0700
पैररी	0.2000	0.6670	0.7040
पैरली	0.5560	-0.8570	0.2920
पैरसन	0.1660	-0.5000	0.2300
पैरा.	-0.0930	-0.1720	-0.2450
पैराइजेशन	0.5240	-0.2080	0.7040
पैरागलल	-0.2240	0.2400	0.0520
पैराग्नेमा	0.0000	-0.2020	0.1900
पैराटील	-0.0380	-0.3340	-0.0180
पैराटोलाण्ड	-0.0620	0.2220	-0.0340
पैराड	0.6670	-0.4170	0.0830
पैराडनर	0.5420	0.4070	0.5000
पैराफ्सिट	0.7140	-0.5000	0.0000
पैरामीटर	0.0000	0.0000	0.4580
पैरामीटर्स	0.0000	0.0000	0.5830
पैरामीटर्सः	0.0000	0.5830	0.2080
पैरामीनusa.	0.3960	-0.3580	-0.2360
पैरायोक्सीम	-0.6670	1.0000	-0.3700
पैरालेट	0.1420	0.1640	0.4720
पैरिट	0.4940	-0.1460	0.6980
पैरिटी	0.1640	-0.1880	-0.1860
पैरिडाइज़	0.7040	-0.5240	0.8520
पैरिडिस्ट	0.1900	0.0000	0.6670
पैरियन	-0.0310	0.4035	0.6855
पैरिया	0.3960	-0.2920	0.1640
पैरियाjapan.	0.6670	0.5420	0.6670
पैरी	0.2860	-0.3330	0.2920
पैरेंट	0.4478	-0.2015	0.2002
पैरेंटperu.	-0.6670	1.0000	0.6670
पैरेंटनेस	0.2660	-0.2700	0.6000
पैरेंटर	0.3330	-0.6670	-0.4580
पैरेंटली	0.0000	0.4760	0.8100
पैरेंटिटी	-0.2477	-0.3203	-0.1663
पैरेंटी	0.6670	0.6300	0.9050
पैरेनलुल	0.0800	-0.1300	0.3960
पैरेलल	-0.6670	-0.3330	-0.6300
पैरो	0.2000	-0.4120	-0.6220
पैरों	-0.3330	0.5830	-0.6300
पैर्ड	0.0000	0.0370	0.0000
पैलिपिला	0.0000	-0.6670	0.0000
पैसा	0.4864	-0.0216	0.3733
पैसा-	0.6000	0.0000	0.0480
पैसाब्ज़	-0.9580	0.6670	0.6300
पैसावर्थ	-0.0480	0.0000	-0.1670
पैसिव	-0.1970	0.2360	-0.1060
पैसिव(i)	1.0000	0.6670	0.8330
पैसे	0.0420	0.5560	0.8670
पॉप	-0.0108	0.2664	0.0023
पॉप-	0.1867	0.0647	-0.1540
पॉप-सूची	-0.2380	0.6670	0.6250
पॉपकर	-0.4070	0.7040	0.8330
पॉपकॉर्न	0.7500	-0.1180	-0.5380
पॉपक्रिपिप	-0.3060	0.0200	-0.2300
पॉपक्लासफ	0.5190	0.0000	0.0000
पॉपग्रेन	-0.0670	0.7040	-0.3330
पॉपप	0.1680	0.2720	0.4080
पॉपपर	-0.1600	0.0180	-0.1780
पॉपफिक्स	-0.1480	-0.4180	-0.3140
पॉपर	-0.6670	0.5000	-0.7920
पॉपलार	0.3330	-0.8890	-0.0830
पॉपहो	-0.3960	0.6480	0.0520
पॉपिंग	-0.1090	0.7500	0.0280
पॉपिकल	0.3340	-0.4000	-0.2720
पॉपी	-0.5220	0.2680	-0.2927
पॉपीड	0.0000	-0.3750	-0.4580
पॉर्मल	-0.3810	0.6670	0.2080
पॉलिसी	-0.1173	-0.0037	0.5830
पॉलिसी:	0.6670	0.6670	1.0000
पॉली	0.1840	0.1700	-0.0290
पॉलीगामीasia.	-0.5240	0.5930	0.5560
पॉलीगामीusa.	-0.3810	0.6250	0.5000
पॉलीगेनिस	0.0950	0.3330	0.3330
पॉलीगेमिस्टusa.	-0.6670	0.0830	0.5420
पॉलीग्राफ	-0.1460	-0.0180	0.2040
पॉलीग्राफिस्ट	-0.3330	0.6670	0.5420
पॉलीग्रोलोComment	0.9170	0.0740	0.5000
पॉलीचर	0.6670	0.0480	0.1900
पॉलीट	-0.1240	-0.1320	-0.1580
पॉलीटनल	0.0000	0.6670	0.3330
पॉलीटेरिनिक	0.6300	0.2960	0.6190
पॉलीडोदोparaguay.	0.1250	0.7500	0.0000
पॉलीथीलीन	0.0000	-0.9580	0.0420
पॉलीदेिक्स	-0.0420	0.0000	0.0000
पॉलीनारोनान्गोperu.	0.0000	-1.0000	0.0000
पॉलीनिरोथाइड	0.0000	0.0000	0.5420
पॉलीनीजिक	0.6670	-0.6670	0.3330
पॉलीनेfrance.	0.0000	-0.6190	0.0000
पॉलीनेइन	0.0475	-0.2035	0.1250
पॉलीनेथाइड	0.0000	0.0000	0.0000
पॉलीनेदर	0.0950	-0.2920	0.4440
पॉलीनेमिनिक	0.0830	0.0000	0.1850
पॉलीनेसियाName	0.0000	0.0000	0.1670
पॉलीनॉमित	0.6670	0.0000	0.0000
पॉलीप	-0.3750	-0.5830	-0.4170
पॉलीफनीusa.	0.7140	0.6190	0.2500
पॉलीफफ	-0.0420	-0.2500	-0.0560
पॉलीफ़	0.0000	0.1850	0.2380
पॉलीफ़ाइफ़िक	0.0000	0.0370	0.4170
पॉलीफ़िक	0.0000	0.0000	0.4170
पॉलीफ़िक्सी	0.0000	0.0000	0.0000
पॉलीफ़िक्सेबल	0.0000	0.0000	0.1250
पॉलीफ़ॉनी	0.6190	0.0370	0.3750
पॉलीफ़ॉमी	-0.0710	0.3630	0.2245
पॉलीफोन	0.0000	0.0000	0.0000
पॉलीबेरॉन	0.0000	-0.6670	0.0480
पॉलीमर	-0.1240	-0.3400	-0.2140
पॉलीमरusa.	0.0000	0.6670	0.2590
पॉलीमराइज़	0.1670	0.4810	0.5710
पॉलीमराइजेशन	0.0000	0.6670	0.0000
पॉलीमरिश	-0.4200	0.2800	-0.0520
पॉलीमरेन	0.0000	0.0000	0.3700
पॉलीमिनिक	-0.0835	0.2445	0.0655
पॉलीमिनिट	0.7085	0.0000	0.6040
पॉलीमीन	0.0830	0.0000	0.2380
पॉलीमीनusa.	0.0000	-0.0830	-0.1250
पॉलीमेरिक	0.0000	0.0000	0.1850
पॉलीयर	-0.0240	-0.4600	-0.2680
पॉलीरिशर	-0.3750	1.0000	0.6250
पॉलीला्ड	-0.6670	0.6670	-0.6190
पॉलीलिक्सिक	0.0000	-0.5830	0.0830
पॉलीविन	0.5330	0.0420	0.0000
पॉलीविनाइलusa.	0.0000	0.0000	0.0000
पॉलीव्विस	-0.1670	0.0000	-0.1670
पॉलीसेंट्रिक	0.0000	0.2960	0.3750
पॉली्जियम	0.0420	-0.6670	0.0000
पोंछना	-0.3335	0.2410	-0.0275
पोइनेथियाperu.	0.5330	-0.6670	0.0000
पोकर	-0.0177	0.0217	-0.3163
पोकरनियाcolombia.	0.5000	1.0000	0.0000
पोकेन	-0.2700	0.4260	-0.0500
पोगंफ़	-0.3460	-0.2400	0.0920
पोच	-0.4355	0.3235	-0.2970
पोचिशName	0.6670	0.5560	0.3700
पोटाइसी	0.0200	0.0920	0.2360
पोते	0.5560	-0.3340	0.0000
पोथियोज	-0.6440	0.3200	-0.0600
पोन	0.2830	-0.1710	-0.1790
पोनीस	0.6670	0.6670	-0.2920
पोप	-0.1010	0.3690	0.4838
पोपेन	0.1250	0.0000	0.5000
पोपेपीperu.	0.0000	0.0000	0.0000
पोर्कusa.	-0.2600	-0.1000	-0.3340
पोर्कर	0.0420	0.2040	0.0000
पोर्कीusa.	-0.5320	-0.0340	-0.3340
पोर्ट	0.1167	-0.4297	0.0073
पोर्ट-	-0.3330	-0.6670	-0.1110
पोर्टगाल	0.2380	0.0000	0.0950
पोर्टनेस	0.6670	0.0000	0.2860
पोर्टर	0.1730	-0.2610	0.0720
पोर्टल	0.0830	-0.3000	-0.0710
पोर्टली	-0.3330	-0.3330	0.2590
पोर्टा	-0.1250	0.6190	0.5560
पोर्टांग	-0.6670	0.7040	0.8150
पोर्टाला	0.6670	0.0000	-0.0370
पोर्टिकोbrazil.	0.0420	-0.1120	-0.2680
पोर्टी	0.0000	0.0000	0.1850
पोर्टेज	-0.0200	-0.0200	-0.1100
पोर्तुगाप	-0.5240	0.0000	-0.3330
पोर्तुगी	-0.1647	-0.3510	-0.2363
पोर्तुगीस	0.3890	-0.3330	-0.2220
पोर्तुस	0.0830	-0.4440	0.0480
पोर्तेक	-0.2440	0.0760	0.0720
पोर्तेव	0.0000	0.6670	0.7410
पोर्नोग्राफी	-0.3540	0.8420	-0.0380
पोलकर	0.0000	0.5560	0.2960
पोलचा	0.0000	0.0000	-0.4440
पोलरिस्ट	-0.4580	0.5680	0.0880
पोलस्टर	0.0000	-0.6670	0.7140
पोला	0.2080	-0.0980	-0.1480
पोलेंड	0.0000	-0.6670	-0.0480
पोलोबरीName	-0.0200	-0.4660	-0.3360
पोवरे	0.0340	-0.0460	-0.0340
पोशाक	0.4012	0.1068	-0.1363
पोशाक-	0.6670	0.0420	0.4580
पोशाकर	0.0750	-0.2550	0.0000
पोशाकिंग	0.6670	0.6670	0.4580
पोशाक्ड	0.6670	0.0480	0.1430
पोषण	0.7080	-0.1740	0.2550
पोषणकर्ता	0.6670	-0.2080	0.6250
पोस्ट	-0.0070	-0.2678	0.0710
पोस्ट-	-0.0033	-0.1378	0.1752
पोस्ट-ेज	0.1200	-0.0580	0.0540
पोस्टTANext	0.0415	0.1850	0.2685
पोस्टएर्टे	0.3330	1.0000	0.3700
पोस्टकेम्पिक	0.0000	0.2080	0.0000
पोस्टकोड	0.0000	0.0000	0.0000
पोस्टडोक्टरल	0.6670	-0.5930	0.6300
पोस्टनाल	-0.6300	-0.3700	-0.5000
पोस्टन्सेल्ड	0.0000	-0.6670	-0.2960
पोस्टपोटो	0.0420	0.0000	0.2220
पोस्टफिक्स	0.5570	-0.0473	0.1520
पोस्टफॉफनी	0.0830	0.6190	0.5190
पोस्टमर्मम	-0.4080	-0.0280	-0.1600
पोस्टमार्क	0.0000	-0.5000	0.0000
पोस्टमिमन	0.5240	-0.5930	0.4070
पोस्टमीजिस्ट	0.0000	0.5000	0.2960
पोस्टमीजिस्टवाद	0.5710	0.2590	0.4440
पोस्टमील-	0.0000	0.0000	0.0000
पोस्टमेरिडियनName	0.0420	-0.5710	0.0000
पोस्टमैन	0.2860	-0.0360	-0.0900
पोस्टर	0.0840	-0.4500	-0.2700
पोस्टर-बिटल	0.0000	0.0000	0.0000
पोस्टल	0.5300	-0.5100	-0.1780
पोस्टलाइड्स	0.5000	-0.2400	0.1920
पोस्टशेम	-0.5360	-0.1180	-0.1400
पोस्टहेराल	0.3750	-0.4440	0.0830
पोस्टिक्शन	0.5930	0.0420	0.2860
पोस्टिमिमी	0.0000	-0.8890	-0.0370
पोस्टिस्टेक्टिक	0.0000	-0.5930	0.5420
पोस्टुलर	0.5000	0.6670	0.3890
पोस्टुलेंस	0.0000	0.3330	-0.3330
पोहName	0.3120	-0.0180	0.5960
पौधे	0.3330	-0.9050	-0.4070
पौराणिक	0.3557	0.1880	0.3950
पौष्टिक	0.7497	-0.6167	0.2283
प्यादा	-0.2200	-0.3580	-0.6260
प्यादों	-0.2080	-0.1220	0.0380
प्यार	0.4303	-0.0640	-0.3013
प्यारा	0.2635	0.0027	-0.0755
प्यारापन	1.0000	-0.3330	-0.5000
प्यारी	0.5053	-0.0443	-0.1123
प्याला	-0.0200	-0.1920	-0.3560
प्यालेिंग	0.3120	-0.1380	-0.3820
प्यास	-0.1260	0.4790	-0.4218
प्यासा	-0.4380	0.3200	-0.3800
प्यासी	0.6190	0.0420	0.5420
प्यूर्टोnorway.	0.4800	-0.0180	0.0760
प्र.	0.0200	-0.2660	0.1960
प्रकट	0.1652	0.0670	0.1961
प्रकटन	0.1660	0.5000	0.3100
प्रकटनर	-0.6250	0.6670	0.5190
प्रकटो	0.2920	0.0380	0.3520
प्रकार	0.0000	0.0560	0.3330
प्रकार:	0.0620	0.1400	-0.0940
प्रकाश	0.2760	0.2281	0.3034
प्रकाशन	0.2570	0.0850	0.2600
प्रकाशना	-0.7140	0.2800	-0.5580
प्रकाशमानता	1.0000	0.0370	0.2920
प्रकाशशीलता	1.0000	-0.1430	0.1430
प्रकाशित	0.5733	0.1570	0.3097
प्रकृति	0.2855	-0.6495	0.1190
प्रक्रिया	-0.1626	0.1471	0.0834
प्रक्रियार	0.3700	-0.0800	0.3460
प्रक्षेपक	0.0157	-0.0863	0.2220
प्रक्षेपकता	-0.1110	0.7040	0.3810
प्रक्षेपण	-0.3330	-0.5000	0.2860
प्रक्षेपणक	0.0000	0.6670	0.3700
प्रक्षेपास्त्र	0.3280	0.6480	0.5480
प्रक्षेपित	-1.0000	1.0000	0.1110
प्रक्षेपी	0.7220	0.9630	0.7500
प्रगटर	0.5190	0.5830	0.6670
प्रगति	0.6438	0.3628	0.5713
प्रगतिता	0.6670	0.5420	0.6300
प्रगतिशील	0.5885	0.4185	0.6250
प्रगतिशीलता	0.9630	0.6670	0.7620
प्रचयन	-0.0320	-0.1600	0.0360
प्रचार	0.0906	0.3344	0.3286
प्रचारक	0.1566	-0.0724	0.2211
प्रचारकों	0.0000	0.2855	0.4630
प्रचुर	0.7780	0.6670	0.3330
प्रच्यूड	0.0060	-0.0400	-0.1500
प्रजनन	0.4670	0.2170	0.3230
प्रजा	0.1040	0.2660	0.5380
प्रजाति	0.1220	-0.3400	0.2900
प्रजावादी	0.5930	0.1850	0.4760
प्रडागो	0.4290	0.5930	0.6250
प्रति	0.0773	0.0942	0.1061
प्रति-	0.1297	0.0063	0.1057
प्रति-कार्ड	0.0000	-1.0000	0.0000
प्रति:	0.2500	-0.5830	-0.0370
प्रतिक	-0.4760	-1.0000	-0.5000
प्रतिकी	0.7920	0.5840	0.3460
प्रतिकीनेस	0.9580	1.0000	0.5560
प्रतिकूल	-0.7340	-0.1000	-0.5360
प्रतिकूलता	-0.6670	0.5830	-0.3890
प्रतिक्रिया	-0.0516	0.1432	0.0701
प्रतिच्छेदन	-0.0900	0.2243	0.2277
प्रतिज्ञा	0.4380	-0.0200	0.5280
प्रतिदिन	0.3930	-0.2610	-0.0410
प्रतिनिधि	0.2600	0.1858	0.4740
प्रतिनिधित्व	0.4464	-0.1802	0.4790
प्रतिनिधिीय	0.6670	0.6300	0.9170
प्रतिनियुक्‍त	-0.2275	-0.1313	-0.0025
प्रतिनियुक्‍ति	0.3680	-0.2875	0.2620
प्रतिपोड	-0.0840	0.0580	0.0200
प्रतिप्रोटी	-0.6670	0.5190	-0.2920
प्रतिफल	0.2043	0.3989	0.3941
प्रतिबंध	-0.5738	0.0872	0.2548
प्रतिबंधकर्ता	-0.1640	-0.1800	-0.3360
प्रतिबंधजो	-0.0620	-0.2000	-0.2600
प्रतिबंधित	-0.5527	-0.1886	-0.2327
प्रतिबंधितनेस	-0.6250	-0.8055	-0.5415
प्रतिबंध्ड्ड	0.1000	0.0200	-0.1140
प्रतिबन्ध	-0.1123	0.0979	0.0193
प्रतिबन्धित	-1.0000	0.6190	-0.6300
प्रतिबिम्बित	0.0243	-0.3619	-0.1167
प्रतिमी	-1.0000	0.6300	-0.4670
प्रतिमीफ्लिकता	0.4290	-0.6670	0.0420
प्रतिमीमर	-1.0000	0.6670	0.1670
प्रतियाँ	0.0000	0.6670	-0.2920
प्रतियों	-0.0930	0.2687	0.0480
प्रतियोगिता	0.0751	0.3819	0.3907
प्रतिरक्षा	0.2580	-0.0560	0.5600
प्रतिरूपक	-0.0296	-0.1582	0.0024
प्रतिरूपीय	-0.2860	-0.6670	0.4440
प्रतिरोध	-0.1460	0.3880	0.5920
प्रतिवराक	0.2080	-0.2500	0.2180
प्रतिशत	0.1127	-0.2834	-0.0151
प्रतिशतusa.	0.0553	0.2133	0.3577
प्रतिशतार्जाperu.	0.3890	0.6670	0.7410
प्रतिशोध	-0.6880	0.6240	-0.0180
प्रतिष्ठा	0.6400	0.1880	0.8140
प्रतिष्ठाक	-0.1840	0.2000	0.6660
प्रतिष्ठित	0.3774	0.0964	0.5839
प्रतिस्पर्धी	0.2240	0.9180	0.7220
प्रतिी	0.7040	0.9580	0.5710
प्रतीक	0.1370	-0.0159	0.4309
प्रतीक-	0.0740	-0.0740	0.2220
प्रतीक-नाम	0.3540	0.1340	-0.0160
प्रतीकग्राफर	0.4000	0.5420	0.2960
प्रतीकी	0.0000	-0.4760	0.3750
प्रतीकीय	0.1110	-0.6670	0.1480
प्रतीक्षा	-0.5710	-0.6670	-0.3330
प्रत्यक्ष	0.2034	0.1618	0.3947
प्रत्यक्षतः	0.0620	-0.1800	-0.1480
प्रत्यय	-0.0700	0.0865	0.1975
प्रत्याशा	0.3500	0.0760	0.3660
प्रत्याशित	0.2111	-0.1069	0.2027
प्रत्येक	0.1295	-0.0560	-0.0170
प्रथम	0.0713	0.0500	0.2083
प्रथागत	0.4000	-0.4940	0.1220
प्रदर्शक	0.1840	-0.2840	0.1160
प्रदर्शकशिप	0.5560	-0.5930	0.3700
प्रदर्शन	0.1993	0.2487	0.3313
प्रदर्शनक	0.1203	0.6423	0.4673
प्रदर्शनकर्ता	-0.1530	0.8335	0.7200
प्रदर्शनी	-0.5560	0.7080	0.6250
प्रदर्शित	0.4135	0.1180	0.2965
प्रदाता	0.5020	-0.0120	0.5000
प्रदान	0.5141	-0.1565	0.4312
प्रदूषण	-0.8380	0.3130	-0.1800
प्रधान	0.2855	-0.0154	0.6127
प्रधान-	0.0000	0.6670	0.8890
प्रधानUTFestivalVoiceName	0.2080	0.1280	0.7300
प्रधानतमता	0.0560	-0.9170	0.0950
प्रधानता	0.5930	-0.6670	0.9580
प्रपत्र	0.3180	0.0207	0.1477
प्रपत्र-	-0.2040	-0.5980	-0.6740
प्रपातिक	-0.5420	0.2160	-0.4940
प्रपाती	-0.2422	0.2262	-0.0889
प्रपातीक	-0.6670	0.6670	-1.0000
प्रपातीय	-0.6670	0.1900	0.4580
प्रबंधक	0.2905	0.0238	0.4208
प्रबंधन	0.3520	0.0210	0.5250
प्रबंधित	0.5000	-0.2780	0.3100
प्रबल	0.2980	0.1605	0.8085
प्रबलता	-0.2990	-0.4600	-0.0305
प्रभाव	0.1041	0.1879	0.0987
प्रभावता	0.6190	0.6670	-0.0830
प्रभावरहित	-0.2558	-0.7965	-0.1238
प्रभावशाली	0.7472	0.5765	0.8408
प्रभावशालीता	0.9050	0.0480	0.7080
प्रभावित	-0.1023	0.3563	-0.2927
प्रभावी	0.3314	0.1646	0.4777
प्रभावोपोतो	-1.0000	0.9630	1.0000
प्रभु	0.4035	-0.3395	0.6840
प्रमाण	0.0000	0.3703	0.1793
प्रमाणत्र	0.5560	0.0000	0.2590
प्रमाणपत्र	0.1340	0.1576	0.2101
प्रमाणित	0.0000	-0.2855	-0.0275
प्रमाणीकरण	-0.0038	0.2792	0.2655
प्रमुख	0.3520	0.2540	0.5580
प्रमोथियम	-0.6670	-0.6670	-0.2500
प्रमोदिकusa.	-0.2860	-0.0820	-0.0720
प्रमोदिस्टिक	0.2920	-0.6670	0.6300
प्रमोदिस्टिस्ट	0.0000	0.6670	0.6670
प्रमोशन	0.0366	-0.1354	0.2150
प्रमोशन-	0.0000	-0.8750	0.0000
प्रयास	0.2613	0.5340	0.4800
प्रयासरहित	0.6670	-0.7500	0.6670
प्रयासहीन	0.2520	-0.8200	-0.2960
प्रयोक्ता	0.2580	-0.3060	-0.1160
प्रयोग	0.3739	0.0647	0.3353
प्रयोगकर्ता	0.2335	0.1765	0.1935
प्रयोगशाला	-0.0344	0.0415	-0.0651
प्रलोभक	0.6460	0.6670	0.4350
प्रलोभन	-0.1565	0.7035	-0.1485
प्रलोभित	0.1148	0.5278	-0.1440
प्रवाह	0.1826	-0.0203	0.0157
प्रवाहक	-0.1880	0.0400	-0.0940
प्रवाहित	0.1091	0.3373	0.0676
प्रविष्ट	0.2315	0.2117	0.2756
प्रविष्टि	0.3435	0.1680	0.3985
प्रविष्टि-	0.1670	-0.5830	0.0000
प्रवृत्ति	0.3680	0.0000	0.3500
प्रवेश	-0.0615	-0.0088	0.0607
प्रवेश-	0.2760	-0.4200	-0.6000
प्रवेश-स्थल	-0.6670	-0.8750	-0.6190
प्रवेशयोग्य	0.0000	0.0000	0.3810
प्रशंसकिंग	0.2300	-0.3400	-0.5280
प्रशंसकी	0.5000	0.0000	0.1670
प्रशंसनीय	0.5720	0.1400	0.1100
प्रशंसा	0.8670	0.0010	0.5360
प्रशंसाjamaica.	0.6660	-0.2460	0.3440
प्रशंसायोग्य	0.9630	-0.6670	0.5240
प्रशांत/	0.4460	0.1557	0.1220
प्रशासक	0.3261	0.3094	0.7688
प्रशासकेटर	0.6300	0.2960	0.6670
प्रशासन	0.1670	-0.1810	0.3650
प्रशासनिक	0.0000	-0.6190	0.6190
प्रशिक्षक	0.3960	0.4380	0.6480
प्रशिक्षण	0.4280	0.5520	0.5760
प्रशिक्षित	0.5420	0.0760	0.2900
प्रश्न	0.0460	-0.1096	0.0792
प्रश्नक	0.2395	0.4315	0.4980
प्रश्नकर्ता	0.3750	0.1250	0.6390
प्रश्नता	-0.6670	0.2920	-0.2080
प्रश्नर	0.0830	0.6670	0.7620
प्रश्नीय	-0.1660	0.1380	0.2700
प्रश्नोत्तरी	0.0643	0.3975	0.2233
प्रश्नोत्तरीर	0.0000	0.6670	0.5420
प्रश्‍न	-0.3330	0.2220	-0.1480
प्रसंग	0.0837	-0.0736	-0.0289
प्रसंगकर्ता	-1.0000	0.9580	1.0000
प्रसंगीय	-0.6300	0.6670	1.0000
प्रसिद्ध	0.7156	0.2284	0.5984
प्रसोनिक	0.0000	0.3520	0.0900
प्रस्ताव	0.3376	0.3291	0.3164
प्रस्तुतीकरण	0.5345	0.5105	0.3755
प्रस्थिति	0.0186	0.1822	-0.0428
प्रस्थितिवाद	-0.6670	0.5830	-0.5930
प्रस्थितिानुभ्य	-0.5560	-0.7410	-0.5710
प्रांत	0.4280	-0.4900	-0.0580
प्रांतीय	-0.0210	0.0270	0.1150
प्रांतीयवाद	0.1900	0.2080	0.0000
प्राइम	0.4160	-0.4500	-0.1080
प्राइम-	0.6670	0.6670	0.6670
प्राइमर	0.2500	-0.2740	0.3760
प्राइम्ड	0.2700	-0.1960	0.5180
प्राकृतिक	0.5208	-0.3766	0.1960
प्राकृतिकवादी	0.6300	-0.0950	0.2220
प्राकृतिकीकरण	-0.0525	-0.0730	-0.0980
प्राक्कनमान	0.2500	-0.5930	0.5000
प्राक्केज	-0.3760	0.5000	0.2400
प्राचीन	-0.0200	-0.3308	0.0245
प्राचीनबेरी	0.0000	-0.8330	-0.1900
प्राचीनो	-0.6000	0.5710	-0.6250
प्राण	0.8900	-0.1905	0.3570
प्राणी	0.3380	0.2500	0.2400
प्राणों	-0.6660	0.2740	-0.2460
प्राथमिक	0.1804	-0.2248	0.1704
प्राथमिक-	0.3750	0.6670	-0.3330
प्राथमिकता	0.3322	0.0060	0.3411
प्राथमिकिंग	-0.0380	-0.1760	-0.2800
प्राथमिकीकरण	0.0740	0.6110	0.5420
प्राधिकार	-0.1063	-0.3290	0.4210
प्राधिकृत	0.3013	0.1427	0.5078
प्रानीName	0.6120	-0.0180	0.1460
प्रापरेटर	-0.6670	0.0000	0.5190
प्राप्त	0.3906	0.0696	0.3837
प्राप्तकर्ता	0.4375	0.1575	0.6050
प्राप्ति	-0.3600	-0.3340	-0.2380
प्राम्प्ट	0.5715	0.5295	0.6135
प्रायः	0.1270	0.0080	-0.0990
प्रायद्वीप	0.1020	-0.2320	0.2540
प्रायश्‍चित्त	-0.0320	0.2750	0.0940
प्रायोगिक	0.1170	0.1995	0.1695
प्रायोगिकता	0.4200	0.1820	0.1787
प्रायोगिकी	0.5420	0.5000	0.6670
प्रायोगिकीकरण	0.6250	0.6670	0.5710
प्रारंभ	0.0904	0.1167	0.0927
प्रारंभकर्ता	0.5830	0.6250	0.7620
प्रारंभिक	-0.1880	-0.0580	0.0520
प्रारंभिकवाद	-0.5830	0.0000	-1.0000
प्रारंभिकीकरण	-0.1620	0.0120	0.0560
प्रारूप	-0.0210	0.1417	-0.2230
प्रारूपित	-0.0840	-0.4620	-0.4660
प्रार्थना	0.4165	-0.4229	-0.0532
प्रिंटआउट	0.1880	0.3200	0.2740
प्रिंटनेस	0.6250	0.0000	0.4440
प्रिंटर	-0.0420	-0.3100	-0.0580
प्रिंटेड	-0.0670	-0.9580	-0.5190
प्रिय	0.5610	0.0341	0.0787
प्रियता	1.0000	-0.6670	-0.0670
प्री-	0.0599	-0.0187	0.1986
प्री-game	0.3810	0.5830	0.1250
प्री-poland.	0.0000	-0.4760	-0.1850
प्री-posable	0.0000	-0.2500	0.0000
प्री-posequkraine.	0.1760	-0.0620	0.0000
प्री-क्रम	0.2760	-0.1120	-0.2760
प्री-सिटी	1.0000	0.6670	0.6300
प्रीअंगल	0.2500	0.6670	-0.3750
प्रीअरस्टटेनnorway.	0.6250	-0.4170	-0.3330
प्रीएक्सईसी	-0.3025	0.3725	0.4365
प्रीएक्सपोजर	-0.6110	0.6670	-0.3330
प्रीएबल	0.0820	0.1100	-0.0180
प्रीएलएम	-0.0760	-0.1660	0.0320
प्रीकररी	0.0420	0.5560	0.4170
प्रीकॉम्पा	0.0000	-0.6670	-0.2590
प्रीजाइट	0.0000	0.0740	0.1480
प्रीटर्ट	0.3750	0.5930	0.5830
प्रीटसेल	0.0380	-0.3540	-0.2840
प्रीटाक्स	0.0420	-0.5190	0.0000
प्रीटीअर	1.0000	0.0000	-0.3330
प्रीटेनेंस	-0.4170	0.4290	-0.5190
प्रीट्रेस	0.3680	0.4040	0.7140
प्रीडिटर	0.0000	0.3330	0.5000
प्रीडिफिक्स	-0.3330	0.6670	0.4290
प्रीडीएस-	0.3120	0.2220	0.4320
प्रीनेइन	-0.3330	0.3330	-0.1250
प्रीनेम्पियाusa.	-0.7080	0.6670	-0.5830
प्रीप	0.3760	0.0180	0.1100
प्रीपिड	0.2080	-0.7780	0.0000
प्रीपी	0.0840	0.0400	-0.1160
प्रीपेन्सन	-0.6300	0.6670	-0.5190
प्रीप्रिंट	0.6670	0.4440	0.1110
प्रीप्रोग्राम	0.0670	0.6670	0.3330
प्रीप्रोग्राम्ड	0.0000	-0.6300	0.4170
प्रीप्लीफ़ॉयर	0.0000	0.6250	0.4440
प्रीप्शन	0.0950	-0.6670	0.1430
प्रीफलाइट	0.5930	0.6670	0.4580
प्रीफिक्स	0.1040	-0.0243	0.3949
प्रीफिक्सिंग	0.6250	-0.5560	0.5930
प्रीफिक्सेस	0.1770	0.0620	0.3567
प्रीफिक्स्ड	0.6670	-0.6670	0.4170
प्रीफिनिट	0.6670	-0.5710	0.4760
प्रीफिन्शन	1.0000	0.2780	1.0000
प्रीफेक	0.1430	-0.5930	0.6190
प्रीफेल	0.0000	0.6670	0.4290
प्रीफ्ट	0.3960	-0.0980	0.6180
प्रीफ्रेक्टेक्टर	0.0950	0.2780	0.3700
प्रीबिलर	0.0000	-0.0830	0.0000
प्रीबॉब्ससेंट	0.0000	-0.3330	-0.9580
प्रीब्रीटीName	0.0000	0.1480	-0.1430
प्रीब्रोला्ड	0.1110	-0.6190	0.3810
प्रीमियम	0.5720	0.1800	0.5380
प्रीम्पैनName	0.6250	0.6670	0.5710
प्रीयूपीएस	0.4760	0.6670	0.5710
प्रीविड	0.0740	-0.6670	0.8150
प्रीव्यू	0.0000	0.5560	0.0370
प्रीव्यून्स	-0.7040	0.5560	-0.3750
प्रीव्यूिटी	-0.5420	0.3330	-0.6670
प्रीसेट	0.0000	-0.5190	0.4810
प्रीस्टhaiti.	0.6560	-0.1620	0.1700
प्रीस्टिंगमेंट	0.5240	-0.1670	0.0000
प्रीस्टिटमेंट	0.0000	-0.6670	0.0420
प्रीस्टिन	0.0000	0.6670	-0.3330
प्रीस्टेंस	-0.6670	0.2380	-0.5240
प्रीस्ट्र्शन	0.0000	-0.6670	0.5190
प्रीहेली	0.9050	0.6670	0.0000
प्रीिक्स	0.0420	0.6670	0.0830
प्रेज़री	-0.3980	0.3200	-0.1720
प्रेम	0.7468	0.1320	0.1036
प्रेम-बिट	0.6670	0.6670	-0.0370
प्रेम-रबर्ड	1.0000	0.8330	-0.0480
प्रेमरहित	-0.8570	-0.9260	-0.6300
प्रेमिका	0.4240	0.5260	0.2080
प्रेमी	0.5067	0.3843	0.3567
प्रेमोर्न	-0.6670	0.3750	-0.6000
प्रेरणा	0.4124	0.4896	0.4370
प्रेरणाक	0.8120	0.2920	0.7160
प्रेरित	0.5759	0.1089	0.5585
प्रेरितिक	0.1840	-0.4000	0.4340
प्रेरितिकता	0.2860	-0.5930	0.3810
प्रेषक	0.0840	-0.1020	0.0180
प्रेषण	-0.0535	-0.0263	-0.2347
प्रेषित	0.0000	0.5930	0.2960
प्रेसबोर्ड	0.0000	-0.6670	-0.2860
प्रेसमैन	0.0000	0.5560	0.5710
प्रेसर	0.0000	0.6300	0.6670
प्रेसरूम	0.0000	0.6670	0.5830
प्रेसिडिडड	0.0000	-0.5000	0.2500
प्रैचक	-0.0955	0.5710	0.1270
प्रॉक्सी	0.0420	-0.1840	0.0400
प्रोकरेशनर	0.0420	-0.2920	-0.5930
प्रोकर्टर	0.0000	0.6670	0.7040
प्रोक्टर	0.1040	-0.0800	0.1740
प्रोक्शन	-0.1170	0.2340	0.2060
प्रोक्शनिस्ट	-0.5000	0.0950	0.0370
प्रोग	-0.1040	-0.1760	-0.2060
प्रोग्राम	0.3270	0.1070	0.4273
प्रोग्रामर	0.1240	-0.1480	0.5180
प्रोग्रामिंग	0.2000	-0.1300	0.4640
प्रोग्रामेटिक	0.0950	0.0000	0.4440
प्रोग्रेड	0.5935	0.2935	0.3960
प्रोग्रेडरी	-0.3340	0.2200	0.0000
प्रोग्रेसन	-0.4160	0.5100	0.2060
प्रोग्रेसनेशन	0.4480	-0.3660	0.1860
प्रोग्रेसिव	-0.0256	0.2557	0.2869
प्रोग्रेसिवेशन	0.0000	0.5345	0.5480
प्रोग्रेसोusa.	-0.1640	-0.1880	0.1380
प्रोज़ेन्टेटर	0.5620	-0.0400	0.5960
प्रोजाक	0.6670	0.6670	-0.4070
प्रोजेक्ट	0.1537	0.2525	0.3843
प्रोजेक्टर	0.2500	0.0000	0.3330
प्रोजेक्टिवली	0.0000	0.6250	0.5000
प्रोजेक्शन	0.4160	0.0000	0.4620
प्रोटर	0.0000	0.4580	0.4580
प्रोटी	0.0420	0.6300	0.5560
प्रोटीएल	-0.3760	0.0840	-0.2080
प्रोटीटर	-0.4290	0.6190	-0.5830
प्रोटीटीName	0.6240	0.4080	0.6480
प्रोटीटीटीट	-0.1920	0.0960	0.2000
प्रोटीन	0.5000	-0.3260	0.3080
प्रोटीप	0.2920	0.5200	0.6040
प्रोटीसीमेंट	0.6670	-0.3700	0.9170
प्रोटेक्चर	-0.0255	0.0000	0.2870
प्रोटेक्चर्स	0.0000	0.0000	0.2380
प्रोटेक्शन	-0.0750	0.2210	0.1030
प्रोटेक्शनरी	0.0000	-0.0060	0.0840
प्रोटेटलस	0.0000	0.1110	0.2500
प्रोटेनियन	-0.0840	-0.1700	-0.0180
प्रोटेस्टंट	0.3417	0.0510	0.0237
प्रोटेस्टंटन	0.6250	0.6670	0.5830
प्रोटेस्टंटमेंट	0.0220	-0.1340	0.3560
प्रोटेस्टंटल	-0.3540	0.0200	-0.1240
प्रोटेस्टंटल्शन	0.0000	-0.1000	0.2220
प्रोटेस्टंटशिप	0.0000	-0.6670	0.8890
प्रोटेस्टंटिक	0.0802	-0.0916	0.2872
प्रोटेस्टंटिटी	-0.0620	-0.1540	0.1960
प्रोटेस्टंटिस	0.4070	0.1670	-0.2220
प्रोटेस्टंटी	-0.5000	0.0980	0.3125
प्रोटेस्टंटेंट	0.0000	0.0000	-0.1330
प्रोटेस्टंटेटर	0.1250	0.6670	0.7920
प्रोटेस्टंटेबल	0.1960	-0.0557	0.4997
प्रोटेस्टंटेशन	-0.5880	0.2700	-0.1200
प्रोटेस्टंटो	0.5560	-0.2500	0.0000
प्रोटेस्टंटोटोन	0.6110	-0.6670	0.0000
प्रोटेस्टर्म	0.0540	-0.1200	-0.1920
प्रोटेस्टिटिस्टिस्ट	0.0620	0.1640	0.4440
प्रोटेस्टेंट	0.1020	0.2090	-0.1320
प्रोटेस्टैंट	-0.2995	-0.0895	-0.0195
प्रोटोकॉल	-0.6440	0.0000	0.5720
प्रोटोटोजोा	-0.3000	-0.0960	-0.1960
प्रोटोटोटो	0.2920	0.0000	-0.0640
प्रोटोटोनiran.	0.0000	0.3330	-0.6670
प्रोटोटोर	0.0000	0.0000	-0.1850
प्रोटोलाम	0.0000	-0.4810	-0.1250
प्रोटोलामिक	0.0000	-1.0000	-0.2960
प्रोडेंट	-0.3325	0.3125	0.1970
प्रोत्साहक	0.6460	0.1660	0.5100
प्रोत्साहकता	-0.5830	-0.6670	0.4440
प्रोत्साहन	0.8093	0.3213	0.4133
प्रोत्साहनर	1.0000	0.6670	0.5000
प्रोपरेटर	-0.6670	-0.6670	-0.7500
प्रोप्लेम	0.1387	-0.0713	0.1157
प्रोफ़ाइलर	0.0400	-0.1700	0.1180
प्रोफाइल	0.3780	-0.4140	0.0580
प्रोफिक्स	-0.1420	-0.1900	0.0000
प्रोफिक्सनेस	0.7040	0.6250	0.0000
प्रोफिक्सर	-0.5820	0.6460	-0.0180
प्रोफिक्सिटी	0.9580	-0.7500	0.6670
प्रोफिक्स्शन	-0.6670	0.6670	-0.6670
प्रोफेसर	0.3120	-0.2040	0.4420
प्रोफ्रेक्टरी	-1.0000	0.0000	0.7920
प्रोफ्रॉफ	-0.0420	-0.2040	0.0900
प्रोब	0.0000	-0.0160	-0.1540
प्रोबमेंटलमेंट	-0.4480	0.1960	0.0520
प्रोबायोटॉइड	0.6670	0.0000	0.2920
प्रोमो	0.2040	0.1020	0.2280
प्रोमोक्लीय	1.0000	0.6670	0.7080
प्रोलरलर	-0.2500	0.2160	0.0180
प्रोविडेंट	-0.2500	0.4760	0.0560
प्रोवोटोन	0.3330	0.0420	0.0000
प्रोवोलेटर	-0.6670	0.6670	0.9440
प्रोवोल्यूट	-0.0400	-0.0520	-0.0720
प्रौढ़	0.4585	-0.4865	0.3965
प्रौढ़ता	0.6540	-0.2000	0.6120
प्रौद्योगिकी	0.3600	-0.0960	0.6300
प्लकर	0.0743	0.0423	-0.3897
प्लकरName	-0.9580	0.4810	-0.6250
प्लग-इन	-0.1430	-0.6670	0.0000
प्लग-इनGenericName	0.0560	0.0000	0.0420
प्लग-इनन	-0.3330	0.0000	0.0000
प्लग-इन्ट	0.5830	0.5930	0.5000
प्लगइन	-0.3330	0.6670	0.4580
प्लगिन	0.0620	-0.2880	-0.0540
प्लटेनियन	0.4290	-0.6670	-0.1670
प्लपपपप	-0.6300	-0.9520	-0.7780
प्लब्ड	-0.3540	0.2840	-0.5180
प्लस	0.2500	-0.4700	-0.3640
प्ला-	0.3760	0.0820	0.0300
प्लाकर	0.1560	-0.0125	-0.0480
प्लाजमा	-0.3960	-0.6280	-0.3160
प्लाजमाName	0.3120	-0.4380	-0.3840
प्लाजा	0.3800	-0.3080	0.0580
प्लाज्माComment	0.3700	-0.3330	-0.3810
प्लाज्माName	-0.3700	-0.4760	-0.5190
प्लाट	-0.2139	0.3421	0.3129
प्लाटर	-0.2527	0.6530	0.7063
प्लाटलाइन	0.0830	0.6190	0.3330
प्लाड्ड	-0.3150	0.0830	-0.3800
प्लानर	0.5200	-0.0620	0.7360
प्लानिकन	0.1040	-0.3580	-0.2580
प्लासियोग्राफी	0.3330	0.0000	0.1670
प्लासिल	-0.0520	-0.2040	-0.2800
प्लास्टिक	0.0469	0.0490	-0.0251
प्लास्टिकीकरण	0.0000	-0.6670	0.0370
प्लिंग	-0.4000	0.6670	-0.0420
प्लिटर	0.9050	0.0000	0.9630
प्लिलल्लो	-0.0370	0.3810	0.0370
प्लिलेशन	-0.6670	1.0000	-0.6190
प्लीटरी	0.0200	-0.2000	-0.4820
प्लीटी	0.6320	0.6260	0.0920
प्लूटर	-0.5560	0.5930	0.5190
प्लूडिशName	-0.6670	-0.6300	-0.3750
प्ले	-0.5240	0.6670	0.3330
प्लेट	0.1660	-0.5100	-0.2680
प्लेटदार	0.6250	0.0000	0.0000
प्लेटफॉर्म	0.2040	-0.3200	0.4360
प्लेटलेट	0.0000	0.4170	0.0830
प्लेटिनम	0.0000	0.6670	0.4580
प्लेटिनममर	0.0000	0.7040	0.2860
प्लेटेट	-0.2920	-0.2200	-0.0340
प्लेट्ड	0.1240	-0.0840	-0.0860
प्लेबैक	0.3120	0.1180	0.2780
प्लैटल	0.0840	-0.0760	0.3680
प्लैटी	0.1220	0.0960	-0.4120
प्लैटीName	-0.6670	-0.7410	-0.6250
प्लैटीपस	0.0000	0.0000	0.0000
प्लैटेबल	0.5000	-0.5830	0.0000
प्लैटो	-0.6670	0.4760	-0.5000
प्लैटोट	-0.1840	-0.5380	-0.5440
प्लैटोटर	0.5710	0.3330	0.3330
प्लॉइड	0.3810	0.3330	0.3810
प्लॉपलर	-0.3680	-0.1400	-0.1900
प्लॉपोड	0.0000	0.0000	0.0000
प्लॉफेक्टिक	0.5420	-0.5830	0.2080
प्लॉबम	0.4810	-0.8890	0.0420
प्लॉबरिस्ट	-1.0000	0.6670	-0.6670
प्लॉबैंड	-0.3960	-0.0180	-0.1660
प्लॉल	-0.4900	0.1800	-0.0720
प्लॉस्क	-0.6880	0.2120	-0.4680
प्लॉस्फीति	0.0000	-0.4070	-0.4760
प्लोकर	0.3750	0.0000	0.1345
प्लोग्राफर	0.0000	-0.5830	0.6190
प्लोटर	0.0000	0.6375	0.1455
प्लोटोग्राफर	0.5840	-0.0900	0.4220
प्लोटोन	0.0000	0.0000	0.0740
प्लोटोनी	0.4075	0.2780	0.5345
प्लोटोनोकस	-0.7220	-0.1850	0.0420
प्लोबॉइड	-0.5710	0.6670	-0.2080
फ	-0.6670	1.0000	0.6190
फin	0.0560	0.0000	0.0000
फंक्शन	-0.0613	-0.4693	-0.2387
फंच	-0.1240	-0.1120	-0.2840
फंदा	-0.6400	0.4704	0.0613
फंदााइडल	0.0000	0.0000	0.0000
फंदाियम	0.0000	0.0000	0.0000
फच्यूट	-0.4580	0.6670	-0.5420
फट	-0.5680	0.5847	0.0810
फटा	0.2910	0.0670	0.1330
फनविनk	-0.6670	0.6670	-0.3330
फफ	-0.3120	-0.1160	-0.0360
फफिसनेस	-0.6670	-1.0000	-0.6670
फफुलेटेड	-0.3330	-0.3330	-0.5710
फफूँदी	-0.6670	-1.0000	-0.3750
फफ्ट	0.2800	0.0200	-0.0920
फर.	-0.1425	0.0665	-0.2815
फरगीटी	0.1840	0.7060	0.5780
फरडाविलusa.	-0.0200	-0.0580	-0.0560
फरबॉर्मरी	0.0000	-0.6300	0.0000
फरमीName	-0.3860	0.4120	0.0000
फरेबी	0.9170	-0.9170	-0.6670
फर्श	0.0384	-0.1315	-0.1023
फल	0.8137	0.1880	0.0028
फल-	0.4600	0.2360	0.2740
फलक	-0.1150	0.0415	0.2035
फलता	0.7300	0.0420	0.5580
फलताव	0.8960	0.0580	0.5440
फलना	0.6740	0.3820	0.7140
फलाफिएदर	0.2300	0.5880	0.4100
फली्ड	0.2300	-0.1800	0.2400
फलों	-1.0000	-0.8330	-0.8520
फवरॉवर	0.1420	-0.4160	-0.1960
फसह	0.6670	-0.4440	0.0000
फ़ंक्शन	0.0000	-0.4170	0.3750
फ़रमाया	-0.3330	-0.3700	-0.6670
फ़रमायाबूला	-0.4480	-0.3540	-0.1160
फ़लिटी	-0.7600	0.3780	-0.6280
फ़लिफिक्सेबल	0.0950	-0.3700	0.6670
फ़ाइल	-0.2783	0.1479	0.0163
फ़ाइल-	0.0000	-0.0950	0.3330
फ़ाइल-\\	-0.3000	-0.0360	-0.6220
फ़ाइलें	0.4160	0.0760	0.4000
फ़ायर	0.1819	0.4431	0.2883
फ़ायरगाफ	0.7080	-0.7080	0.8670
फ़ायरबर्ड	0.6670	1.0000	0.7040
फ़ायरल	-0.0075	0.0470	0.2970
फ़ायल	0.0840	-0.5500	-0.0180
फ़िंगिंगिंग	-0.2290	0.1500	-0.0710
फ़िक्स	-0.6980	0.7147	0.4110
फ़िक्सनेस	0.6670	-0.2780	0.2500
फ़िक्सर	-0.2700	0.0200	-0.2540
फ़िक्सिएटर	-0.4580	0.4280	0.0160
फ़िक्सेबल	0.7620	0.0000	0.5000
फ़िल्टर	0.0659	0.0364	0.1246
फ़िल्म	0.3050	-0.1613	0.0723
फ़िल्मगोर	0.5560	-0.5830	0.0000
फ़िल्मेबल	0.6670	-0.4440	0.0000
फ़िशमछली	-0.6670	-0.6670	-0.5000
फ़िशिशName	-0.6660	0.6920	0.1820
फ़ीकर	-0.2080	0.0560	-0.4500
फ़ीज	-1.0000	-0.6670	-0.9440
फ़ीड	0.3637	-0.0300	0.2853
फ़ीडबाक्स	0.0000	-0.2500	0.0000
फ़ीडबैक	0.2440	0.1140	0.2900
फ़ीडों	-0.2590	0.0000	-0.4440
फ़ीरी	-0.5620	0.5880	-0.4420
फ़ील्डर	0.1660	-0.2440	-0.1700
फ़ूटर	-0.5830	1.0000	0.9520
फ़ेकरर	0.3750	0.6190	0.4070
फ़ेचरर	-0.5560	0.6670	-0.3700
फ़ेलेज	-0.3760	0.1160	0.0580
फ़ेल्सॉयर	-0.7500	0.6670	0.4440
फ़ैक्टराइज़	0.0000	0.5560	0.2500
फ़ैक्टराइज़ेशन	0.2920	-0.3890	0.6190
फ़ैक्टराइजेशन	0.6670	0.2670	0.6670
फ़ैक्स-	-0.4580	-0.8100	-0.6670
फ़ैसला	0.7500	-0.0855	0.7895
फ़ॉन्ट	0.2952	-0.1815	0.0227
फ़ॉन्ट-	0.0000	0.0000	0.0950
फ़ॉन्टरबर्ड	1.0000	0.6670	-0.3330
फ़ॉब्रोइड	-0.6670	-0.6670	-0.5190
फ़ॉर्म	0.0240	-0.1665	0.0390
फ़ॉर्मम्प	-0.6670	0.5000	-0.5560
फ़ॉर्मिंग	0.6300	-0.4440	0.1670
फ़ॉर्मिक	0.4760	-0.0830	0.0000
फ़ॉर्मिक्स	-0.3330	-0.6670	-0.5190
फ़ॉर्मिटी	0.3700	-0.6670	0.3700
फ़ॉर्मेक्टर	0.3260	0.0400	0.1400
फ़ॉर्मेट-	-0.5190	0.9520	0.5420
फ़ोनमिक	0.0000	0.0000	0.4070
फ़ोनेटिक	0.1253	-0.2413	0.0507
फ़ोनेटिकName	0.0000	0.2920	0.4440
फ़ोल्डर	-0.3067	-0.2057	-0.3085
फ़्यूट	-0.2080	-0.4620	-0.0180
फ़्लॉपी	0.0980	-0.4000	-0.3340
फ़्लॉफ	0.3460	-0.4900	-0.4260
फ़्लोर	0.0000	0.0000	0.6300
फाइल	-0.1150	-0.0835	0.0685
फाइलनाम	0.0000	0.0000	0.0000
फाईल	0.2300	-0.0600	0.1320
फाउंटोFestivalVoiceName	0.2320	-0.3020	-0.2080
फाओ	-0.7000	-0.2260	-0.5800
फाकलैंडusa.	0.2915	0.2965	-0.1875
फागो	-0.0400	-0.1480	-0.2640
फाटक	0.0000	-0.8890	0.0000
फाड़करर	-0.6670	0.4580	-0.5830
फाड़ना	0.0210	-0.0235	0.6665
फाड़ी	-0.6660	-0.0540	-0.5680
फाड़ें	-0.1920	0.2400	-0.3460
फानियो	1.0000	0.6190	0.0000
फायदेमंद	0.8639	-0.1264	0.5999
फायर-बोर्ड	0.0000	0.0000	0.0420
फायरकर	0.1470	0.6850	0.4707
फायरगे	-0.9580	0.6670	-0.2590
फायरफ	0.0200	-0.2440	-0.3140
फायरफ्स	0.2440	-0.1800	-0.2740
फायरबम्ब	-1.0000	1.0000	0.7500
फायरबिल	0.0000	0.0000	0.0000
फायरमैन	-0.1720	0.6080	0.5220
फायरिंग	-0.4400	0.8042	0.4187
फायरिंग्स	-0.3260	0.7280	0.5300
फायरो	0.3340	-0.0980	-0.0360
फायर्ड	-0.1113	0.4940	0.4167
फायर्डName	0.0400	0.1600	-0.0720
फार्महैण्ड	0.2920	0.6670	-0.4440
फार्मेट	-0.5200	0.3830	0.0350
फालबैक	-0.6670	-0.6190	-0.6190
फासिस्टिस्ट	-0.6000	0.5100	0.0540
फिंगरप्रिंट	0.1660	-0.1920	0.1400
फिकिक	0.6110	0.0000	0.0000
फिकी	-0.6300	-0.2220	-0.4810
फिजी	0.0000	0.6000	0.0370
फिट	-0.1060	0.1072	-0.0065
फिटर	0.6670	0.6670	0.5830
फिटेबल	0.5560	0.0000	0.0480
फिनिशर	0.9050	0.8520	0.8890
फिनो	0.0620	0.0980	0.1100
फिर	0.1693	0.2481	0.2210
फिर-	0.6300	1.0000	0.5830
फिरदौस	0.7500	0.0800	0.5920
फिरवादusa.	-0.6670	1.0000	0.8330
फिरीName	0.2790	0.3130	-0.2560
फिरौनीName	-0.0200	0.0340	-0.2860
फिलरियर	-0.6670	0.6670	0.2860
फिलरोफाइज़	0.6250	-0.6670	0.5710
फिलरोसोर	0.6250	-0.6670	0.6670
फिलश	-0.6670	0.6670	0.8100
फिलसोपिक	0.3760	-0.4600	0.3100
फिलिलिल	0.5000	0.0000	-0.1480
फिल्टरिंग	0.0420	0.1900	-0.2220
फिल्टरों	-0.2820	-0.1565	0.2620
फिल्म	0.5800	0.2267	0.1843
फिल्मर	0.2920	0.6670	0.0000
फिल्मी	0.3260	-0.0200	0.2000
फिल्सिलियाusa.	0.1160	-0.3140	-0.2420
फिसनी	-0.5300	-0.2260	-0.5000
फिसलता	-0.3700	0.5930	-0.9520
फिसलन	-0.2200	0.4460	-0.2420
फिसलननेस	-0.3810	-0.2220	-0.2500
फिसलना	-0.6300	0.5560	-0.5000
फीका	-0.2920	-0.3340	-0.5100
फीतॉज	-0.0820	0.4160	-0.3020
फीली	0.3890	-0.4290	-0.5240
फील्ड-	0.6670	0.6670	0.3810
फील्डवर्कर	0.0000	0.6670	0.5560
फुट	0.2875	-0.0988	-0.0472
फुट-	0.1918	0.0978	-0.0498
फुट-बोर्ड	0.0000	-0.6670	0.0000
फुटनोट	0.0000	-0.6670	-0.0950
फुटपथ	0.3540	-0.3580	-0.0540
फुटबाल	-0.1460	-0.5370	-0.4795
फुटबॉल	0.4530	0.5970	0.2260
फुटबॉलर	0.6670	0.9630	0.7500
फुटमार्क	0.0000	0.6670	-0.1110
फुटमेन	0.0000	0.6670	-0.5190
फुटर	0.0000	-0.7500	-0.2080
फुटलूप	-0.2365	0.3730	-0.3865
फुटलॉकर	0.0000	-0.1660	-0.2140
फुटवे	0.0000	-0.2500	0.0000
फुटी	0.6670	0.5803	-0.1843
फुटीक	0.2380	-0.3750	0.0000
फुटेज	0.2500	-0.5300	-0.2720
फुटेड	-0.3810	0.6670	-0.5190
फुफ्सन	-0.1040	0.1340	0.1700
फुरून्स	-0.0370	-0.0480	0.0370
फुल-	-0.3330	-0.5420	-0.3700
फुलकली	0.0000	-0.6670	0.6250
फुलकी	-0.3330	0.5930	-0.9580
फुलकीनेस	-0.6670	0.2500	-0.6250
फुलचियाusa.	0.2660	-0.4500	-0.4720
फुलपास्य	-0.6670	0.8890	0.8100
फुलफ़ल	0.1200	-0.1960	-0.2980
फुलफ्लेक्ट	-0.5620	-0.0380	-0.2100
फुलफ्लोर	0.0000	-0.8670	0.0000
फुलस्केप	0.2860	-0.4070	0.6670
फुलस्क्रीन	0.2263	-0.0363	0.1570
फुलस्रोस	-0.6800	-0.0620	0.0920
फुलिशिशName	-0.3330	0.2000	0.0950
फुल्लोम्ब	0.0000	0.0180	0.1640
फुसफुसाना	-0.0200	-0.5500	-0.4700
फुहार	0.0420	-0.2940	-0.3620
फूजनिंग	-1.0000	0.7220	0.7500
फूजी	0.6250	0.0000	0.0000
फूट	-0.5180	0.1573	-0.2390
फूटकर	-0.2840	0.0900	-0.1400
फूटता	-0.6300	-0.6190	-0.6190
फूटते	-0.5105	0.3385	0.1580
फूटनपन	-0.6670	0.9630	0.3810
फूटना	-0.1980	-0.6125	0.4665
फूटी	-0.6255	0.1190	-0.5870
फूटें	-0.6240	0.6400	0.6360
फून	0.7080	0.0420	-0.0370
फूमेटिक	-0.1240	-0.1880	-0.1120
फूल	0.3116	-0.2529	-0.1695
फूल-	-0.3330	-0.8750	-0.1900
फूलकर	0.8150	0.6670	0.6190
फूलटटो	-0.5840	0.3260	-0.1380
फूलती	-0.6670	0.6670	0.5215
फूलदान	0.3045	-0.6085	-0.2850
फूलदार	0.0760	-0.2570	-0.1628
फूलना	-0.7700	0.5100	0.1600
फूलपन	0.1665	-0.4920	0.0355
फूलली	0.9180	0.4100	0.4160
फूल्ड	0.7330	-0.8890	-0.1900
फेंक	-0.1341	0.1833	0.1881
फेजीताstar	0.7410	0.6000	0.0000
फेट	0.4280	-0.2580	0.4520
फेडर	0.0000	0.5560	-0.0480
फेफड़ों	0.0620	-0.2960	0.1100
फेर	0.0787	0.0713	0.2510
फेरये	-0.3330	0.6250	0.3750
फेररी	0.3120	-0.1000	0.2060
फैंसी	0.7080	0.3460	0.0680
फैक्टराइज	0.1531	0.0480	0.3268
फैक्टरी	-0.0210	0.3335	0.5995
फैक्स	-0.1040	-0.1320	-0.1530
फैगॉफ	0.0420	-0.0360	-0.2740
फैच	-0.6670	1.0000	-0.4810
फैचिस्टर	0.6670	0.3890	0.3330
फैड	-0.1240	0.0380	-0.2320
फैलाने	-0.5055	0.6670	0.9790
फैलाया	0.0800	0.0630	0.1510
फैले	0.1950	-0.0770	-0.0023
फैशन	0.6240	0.4007	0.4728
फॉक्सविनकर	-0.7080	0.6670	0.3700
फॉपॉप	-0.3330	-0.6670	-0.6670
फॉफिमियाusa.	0.6300	0.7780	0.0000
फॉफीसेट	-0.2380	-0.5560	0.8890
फॉमपोम	0.6670	1.0000	0.6110
फॉर्ममाइड	0.0000	-0.6670	0.0370
फॉर्मर	0.5830	0.6670	0.8330
फॉर्मुलाइजेशन	0.0000	-0.6670	0.4810
फॉललूम	-0.2920	0.4400	-0.1360
फॉस्फीति	0.0000	0.2860	0.2960
फॉस्फीयर	0.2085	0.2855	0.0370
फॉस्फोर	0.0410	-0.3240	-0.2090
फॉस्फोरर	-0.1240	-0.0400	-0.1460
फॉस्फोरस	0.1887	0.1530	-0.0727
फॉस्फोरिक	-0.6670	0.7080	-0.6300
फॉस्फोरिकusa.	0.0000	0.1250	0.0000
फॉस्फोरिक्स	0.3060	-0.0380	0.1880
फोकल:	0.0000	0.0000	0.2080
फोकलाइजेशन	0.0000	0.3330	0.4070
फोकस	0.5235	-0.2640	0.4100
फोकसकर्ता	0.6190	0.6670	0.5830
फोटो	0.2054	0.1885	0.1858
फोटो%	0.3400	0.2917	0.3890
फोटो-	0.2553	0.4157	0.2457
फोटो-वुड	0.1220	0.0000	-0.2400
फोटोOGenericName	0.0000	-0.6670	0.6670
फोटोकर	0.0000	0.5930	0.1850
फोटोक्शन	0.0000	0.6670	0.5830
फोटोग्राफ	0.3128	-0.1165	0.1427
फोटोग्राफी	0.0000	-0.6115	0.1965
फोटोग्राम	0.0000	0.0000	0.0000
फोटोडिग्रेसन	-0.6670	1.0000	0.4440
फोटोडेंट	-0.5830	0.5830	-0.0830
फोटोनिक	0.1110	0.3330	0.3810
फोटोबॉबॉइड	0.6670	0.1110	0.0000
फोटोमिक	0.5600	0.0000	-0.0100
फोटोमिकल	0.0000	-0.6670	0.3750
फोटोमीटर	0.1110	0.0830	0.5190
फोटोमैप	0.6670	0.0000	0.4170
फोटोलीग्राफी	0.0000	-0.6670	0.4170
फोटोसेटिटी	-0.3890	0.4290	-0.1850
फोटोाइज	-0.5190	0.3330	0.2220
फोटोाइजेशन	-0.6250	0.6250	-0.1670
फोटोेबल	0.3330	0.0000	0.2080
फोड़े	-0.1660	0.3680	-0.1340
फोन	0.3750	0.1090	0.1813
फोनबुक	0.0000	-0.0950	0.0000
फोनर	0.1800	-0.3980	-0.2580
फोनी	-0.6670	0.6670	-0.6670
फोन्ड	0.0670	0.3330	0.0000
फोरफ़ॉफ्ट	0.0200	-0.4920	-0.2600
फोर्क	-0.0940	-0.2000	0.1005
फोलो	0.2500	0.1200	0.1040
फोलो-अप	0.0000	0.6670	0.0000
फ्यूंगर	0.3750	-1.0000	-0.4580
फ्यूंट	0.6110	0.6190	0.5710
फ्यूउ	-0.7040	0.6670	-0.8750
फ्यूक्लास	-0.4580	0.4120	-0.1780
फ्यूग	0.0317	0.0403	0.2540
फ्यूगworld.	0.0400	-0.5200	-0.5100
फ्यूगक	-0.7760	0.7340	-0.7720
फ्यूगर्ट	-0.6190	0.5190	0.5930
फ्यूगिशName	-0.9260	0.7410	0.8570
फ्यूचुटिंग	-0.6670	0.7040	-0.4070
फ्यूचुरल	0.4280	-0.4080	-0.1140
फ्यूचो	0.0480	0.3700	0.5000
फ्यूज	-0.2540	0.1300	0.1480
फ्यूज़	-0.3023	-0.1067	-0.0620
फ्यूज़न	-0.2240	0.1255	-0.0850
फ्यूज़्ड	-0.6740	0.3680	-0.2880
फ्यूटन	-0.1420	-0.2980	-0.3140
फ्यूटर	-0.3340	-0.3800	-0.2160
फ्यूड	0.7060	-0.1640	-0.1860
फ्यूफ	-0.3125	0.1635	0.0425
फ्यूम	-0.1778	0.4850	0.2863
फ्यूमुलली	0.6670	0.6670	0.5930
फ्यूमेशन	-0.3460	0.2540	0.2080
फ्यूम्बलर	-0.6670	0.6670	-0.8890
फ्यूयो	-0.1560	0.1140	-0.2500
फ्यूरर	-0.0370	0.6670	0.9020
फ्यूरील	0.0000	-0.5240	0.5560
फ्यूर्मर	-0.1840	-0.4220	-0.1740
फ्यूल	-0.0447	-0.0560	0.1080
फ्यूलमैन	-0.4160	0.1180	0.1340
फ्यूलाफिंग	0.5830	0.6670	0.5560
फ्यूश	-0.3403	0.0563	-0.3577
फ्यूस	-0.2280	0.0000	0.1340
फ्रन्ट्समेन	0.6250	0.6670	0.7080
फ्री	0.6670	0.0000	0.6670
फ्री-	0.2469	0.4630	0.1449
फ्री-बोर्ड	0.0000	-0.2960	0.0370
फ्रीकर	0.6670	0.9520	0.6670
फ्रीकरर	0.6670	0.7920	0.3890
फ्रीजर	-0.2080	-0.1880	-0.1860
फ्रीबे	0.6250	0.0000	-0.1480
फ्रीमास	0.0000	0.0000	0.5330
फ्रीमासी	0.0000	-0.6670	0.6670
फ्रीमैन	0.5710	-0.1670	0.5000
फ्रीस्की	0.4000	0.2640	0.0500
फ्रीस्टाइल	0.5300	0.3040	0.0400
फ्रीहैण्ड	0.4670	0.6190	0.4290
फ्रेंजाइज़	0.3260	-0.2000	0.1200
फ्रेंजिंग	-0.6670	0.9630	0.2000
फ्रेकर	0.0000	0.6670	0.3700
फ्रेगर्टी	0.3330	-0.6250	-0.1670
फ्रेचमेन	0.0000	0.0000	0.5190
फ्रेचमैन	0.1330	0.0000	0.1430
फ्रेचिक	0.6670	0.0420	0.5560
फ्रेज़िक	0.0000	0.1200	-0.1500
फ्रेतटा	0.6670	-0.6670	0.0000
फ्रेनिग	-0.3880	0.0960	-0.4380
फ्रेन्सो	0.0000	-0.1110	0.0000
फ्रेबे	0.4120	0.0860	-0.2720
फ्रेम	0.1199	0.1220	0.3061
फ्रेमवर्क	-0.0820	-0.3400	-0.2800
फ्रेम्स	-0.0403	-0.0523	0.0717
फ्रेसकीनेस	0.6670	0.9580	-0.2920
फ्लर्टर-	0.4810	-0.3330	-0.2590
फ्लश	-0.0920	0.4770	0.2555
फ्लशनेस	-0.3330	0.3330	-0.3330
फ्लिंग	0.0927	0.1750	-0.2087
फ्लिकनेस	-0.6670	-0.6670	-0.8570
फ्लिल	-0.6670	1.0000	-0.5420
फ्लिलिलर	0.1460	0.2440	0.2840
फ्लुओरोसेंट	0.2040	0.1900	0.0000
फ्लू	0.0159	0.1602	-0.1304
फ्लूmmमोx	-0.5560	0.6670	-0.4760
फ्लूई	0.4760	0.0480	0.0000
फ्लूकार	0.1900	0.0000	0.0480
फ्लूयास्करिक	0.0000	0.3330	0.2920
फ्लूयास्लेव	0.0830	0.3330	0.4170
फ्लूस	0.3335	0.4260	0.3335
फ्लूस्टर	-0.6670	1.0000	-0.6670
फ्लैग	-0.1673	0.3980	-0.1307
फ्लैगर	0.0480	0.6300	0.5190
फ्लैगवेल	0.0000	0.6670	0.2380
फ्लैगशिप	0.1840	0.1740	0.4060
फ्लैगिंग	-0.8150	0.7965	0.3125
फ्लैग्टेटन	0.0000	0.6670	0.2500
फ्लैनल	-0.0200	-0.5000	-0.3460
फ्लैश	0.0203	0.6002	0.2612
फ्लैश-	-0.6670	1.0000	0.7780
फ्लैशकार्ड	0.3330	0.5930	0.0000
फ्लैशबैक	-0.4700	-0.2000	-0.0300
फ्लैशबोर्ड	0.0000	0.5000	0.0000
फ्लैशिंग	0.2080	0.1480	-0.1240
फ्लॉफनेस	-0.6670	-0.7410	-0.9630
फ्लॉरल	0.6300	-0.2590	-0.2220
फ्लॉवर	0.2640	-0.3460	-0.2380
फ्लॉवर-लेस	-0.5710	-0.0420	-0.3330
फ्लोट	0.3760	-0.2120	-0.3120
फ्लोटर	-0.0400	-0.1340	-0.2600
फ्लोटल्शन	0.6670	-0.5240	-0.2920
फ्लोटिंगनेस	-0.9170	-1.0000	-0.6300
फ्लोटेबल	0.2860	-0.2920	-0.0370
फ्लोटेस	0.6300	-0.1430	0.0370
फ्लोर	-0.1960	0.6670	-0.0830
फ्लोवर	-1.0000	0.6670	0.6300
ब-	-0.0915	0.2423	-0.2378
बrrror.	-0.2540	0.0800	-0.4360
बंकName	-0.1240	-0.3360	-0.3220
बंकर	-0.2500	0.3460	0.5460
बंकित	0.2380	-0.6670	-0.1900
बंगा	-0.2850	0.3310	0.0800
बंगाल	0.1660	-0.0060	-0.1280
बंडल	0.0100	0.1765	0.1215
बंद	-0.1943	0.0839	-0.0718
बंद-	0.1400	0.0115	0.1665
बंदर	-0.1185	0.1155	-0.5085
बंदरगाह	0.1887	-0.0327	0.3193
बंदी	-0.5300	0.1160	-0.1780
बंदूक	-0.6613	0.7364	0.5313
बंदूकक	-0.5000	-0.0440	-0.5620
बंदूकप्ले	-0.7340	0.8120	0.2540
बंदूकमेन	-0.8540	0.8840	0.4540
बंदूकर	-0.5835	0.7280	0.8170
बंदूकरूम	0.0000	0.1900	0.2960
बंदूकर्स	-0.5330	0.8520	0.8750
बंदूकलॉक	-0.2920	0.6670	0.4070
बंदूकिंग	-0.6485	1.0000	0.9390
बंदूकी	-0.4380	0.7220	0.7460
बंदूकें	-0.2337	0.4390	0.6150
बंधक	-0.4427	0.3093	0.0567
बंरो	-0.0420	-0.2740	-0.2760
बकरियों	0.0000	-0.7500	0.0000
बकरी	0.1480	0.5930	-0.5000
बकवास	-0.4353	0.3475	-0.2457
बकवासर	-0.7395	0.2880	-0.3835
बकवासी	0.0000	0.0000	0.0000
बक्सा	0.0000	-0.6420	-0.3760
बक्से	-0.2500	0.7600	0.3080
बग	-0.4280	0.0000	-0.5080
बगब्री	-0.1220	-0.0180	-0.1180
बगर	-0.3760	0.2540	-0.0520
बगराती	-1.0000	0.6670	-0.7040
बगलर	0.0840	0.0800	-0.2140
बगावत	-0.5100	0.6860	0.4920
बगी	0.0000	0.0180	-0.3460
बगेल	-0.0420	0.1760	-0.2180
बगैर	-0.1510	-0.1667	-0.0387
बग्ड	0.0820	0.2930	0.2500
बग्ला	-0.5180	-0.1460	-0.2380
बच	0.1985	0.5515	0.2890
बचपन	0.7300	-0.1740	-0.3860
बचाव	0.0873	0.3019	0.2101
बच्चा	0.5025	-0.1248	0.0757
बच्चािश	0.4440	0.7140	-0.3750
बच्ची	0.6670	0.5930	-0.7920
बच्चे	0.1480	0.6670	-0.2560
बच्चों	-0.2737	0.0900	-0.2790
बछड़ा	0.0620	-0.2680	-0.3280
बछड़ों	0.0000	-0.4440	-0.4440
बज	0.3890	0.4445	0.1620
बजट	0.1150	-0.4375	0.5090
बजटर	0.1250	0.5420	0.5830
बजाएँ	0.2700	0.3866	-0.0434
बजाएँ-	0.3330	0.3330	-0.0830
बजाने	0.8750	0.9580	0.8750
बजाय	-0.2420	-0.4480	-0.1720
बजाया	0.5720	0.4922	0.1002
बटन	-0.1170	0.0126	-0.0828
बटनर	0.0000	0.5930	0.2500
बटुआ	0.3600	-0.1360	0.0000
बड़ा	0.2698	0.1699	0.3589
बड़ाईर	-0.6670	0.6670	0.7500
बड़ापन	-0.0205	0.3335	0.1805
बड़ाीज	0.0620	-0.0380	0.0000
बड़ाेट	-0.1660	0.1540	-0.1400
बड़ी	0.1058	-0.0250	-0.0159
बड़ी-	0.9580	-0.2500	0.4070
बड़ी-बड़ी	0.1670	-0.2960	0.2500
बड़ीमी	-0.3460	0.3920	-0.0360
बड़े	-0.3847	0.2173	0.3013
बड़े-बड़े	-1.0000	0.5930	0.8890
बडी	-0.3520	-0.1820	-0.0400
बढ़ई	0.0820	0.0090	0.0370
बढ़ता	0.0013	-0.0418	-0.2395
बढ़ती	0.2292	0.3930	0.5466
बढ़ते	0.1039	0.1938	0.2620
बढ़ाया	-0.2060	-0.0580	-0.0180
बढ़ावा	0.9170	0.6670	0.7500
बढ़िया	0.6405	0.0565	0.5437
बढ़ें	0.8280	0.2300	0.5100
बढाएँ	0.5840	0.1180	0.3720
बण्डलकुण्ड	0.1400	-0.3520	-0.2860
बताता	0.0000	0.6300	0.4170
बतूब	0.2500	-0.5200	-0.3640
बतूयोट	-0.1360	-0.0400	0.0180
बत्तख	-0.2920	-0.9170	-0.8570
बत्तखपर	0.1880	-0.3260	-0.5280
बत्तखपरली	0.0400	-0.1400	-0.2640
बत्तखपरा	0.0000	0.0370	0.0000
बत्तखबील	0.0000	-0.5190	0.0000
बत्तखिंग	-0.0540	-0.0740	-0.4430
बत्ती	-0.3260	-0.0380	-0.3820
बदकारी	-0.0602	0.6785	0.2255
बदचलनी	-0.8850	0.7060	-0.3385
बदट	-0.3330	-0.0420	0.0000
बदतर	-0.8293	0.4327	-0.4287
बदनाम	-0.8167	0.2578	-0.1539
बदबू	-0.8833	0.1307	-0.5867
बदमाश	-0.6027	0.4597	0.1077
बदल	0.1420	0.1380	-0.0780
बदलता	-0.4280	0.7560	-0.0180
बदलने	0.3235	0.1465	0.1740
बदला	-0.3813	0.3012	0.2512
बदलाव	-0.3750	0.1100	-0.2360
बदली	0.3457	-0.9287	-0.1553
बदले	0.0007	0.2563	0.3031
बदलें	-0.0856	0.3284	0.1854
बदसूरत	-0.6660	0.2600	-0.4920
बदसूरती	-1.0000	0.6670	0.7920
बद्बाच	-0.6670	-0.6190	-0.2920
बधाई	0.8540	0.4480	0.5680
बना	0.2920	0.2240	-0.2400
बनाई	-0.1150	-0.0985	0.3920
बनाए	0.1870	-0.2860	0.1190
बनाएँ	0.2706	-0.1179	0.1853
बनाने	0.3123	0.0064	0.3864
बनाम	-0.1460	-0.0560	-0.2200
बनाया	0.0802	-0.0618	0.1628
बनाव	0.1240	-0.0420	0.2720
बन्द	-0.2128	0.0258	0.0598
बन्दी	0.0620	-0.0380	0.1400
बन्द्टर	-0.6180	-0.2400	-0.0360
बन्द्ड-	0.6250	0.7410	0.2220
बन्धन	0.0963	-0.0187	-0.1270
बपतिस्मा	0.5035	-0.3403	0.1610
बपतिस्मार	0.0950	0.6190	0.5830
बफर	0.0400	-0.0520	-0.3000
बफरिंग	-0.0420	-0.0640	-0.2380
बफलर	-0.5420	0.6670	0.0000
बफलोbrazil.	-0.1220	0.1860	0.3640
बफ्लिंग	-0.3335	0.5000	-0.2035
बबल	0.1300	0.3243	-0.4233
बबल-	0.0000	0.9260	0.5930
बबलिंग	-0.1530	0.4775	-0.1195
बब्बा	0.0000	0.6670	-0.3330
बम	-0.6918	0.7854	0.3209
बमक	-0.6670	0.6670	0.5930
बमपिकंडी	-0.4670	0.6670	0.5830
बमवर्षक	-0.6273	0.8383	0.5023
बम्प	-0.1860	-0.0785	-0.1960
बम्पनी	-0.1670	0.6670	-0.1480
बम्पनेस	-0.5830	-0.5190	-0.4290
बम्पर	-0.2293	0.1274	-0.1413
बम्पर-	0.0000	0.5560	0.6000
बम्पल	-0.1657	-0.0520	-0.2545
बम्पली	-0.3880	0.3660	-0.1620
बम्पलीName	0.6670	0.3330	-0.1110
बम्पस	-0.5620	-0.2940	-0.7120
बम्पा	-0.2465	0.1435	-0.4215
बम्पाusa.	0.0000	0.0000	0.4070
बम्पियाusa.	-1.0000	0.6670	-0.7410
बम्पूला	0.9170	-0.6670	0.2500
बम्पेन	-0.6670	-0.2500	-0.8520
बम्पेबल	-0.7620	0.0000	-0.6110
बम्पो	-0.2080	-0.2600	-0.4000
बम्पोटोइसिस्ट	0.0740	0.5000	0.5420
बम्पोटोमी	-0.4440	0.6190	0.3700
बम्पोनीName	-0.2400	0.0380	-0.2640
बम्पोनीमेन	-0.2240	0.4160	0.0340
बम्पोफ़ियोपीcolombia.	0.9440	-0.5830	0.2380
बम्पोस्लेव	0.7140	-0.5420	0.5190
बम्प्ड	-0.5970	0.5647	-0.2777
बम्प्राName	-0.6040	0.4080	-0.3780
बम्प्राण्डusa.	-0.6670	0.7140	0.9630
बम्प्स	-0.5560	0.9580	0.7410
बम्बम्बिया	-0.0620	-0.0140	-0.3580
बयानर	0.0000	0.6300	0.5420
बयायक्सी	0.0000	0.0000	0.2860
बरदाश्‍त	-0.3330	-0.6250	-0.5830
बरफ	-0.2500	0.4520	-0.1660
बरफबारी	-0.2590	0.0000	-0.2860
बरबाद	0.0420	0.5240	0.5000
बरबादी	-0.6320	0.1640	-0.5820
बरसात	0.0434	-0.3855	-0.2429
बरसात-	-0.1040	0.0180	0.0880
बरसातweather	0.0060	-0.1455	-0.2655
बरसातर	0.0947	0.0277	0.2587
बरसाती	0.0830	0.3330	0.0000
बरसों	-0.1880	0.4800	-0.0680
बराबर	0.0345	-0.1225	-0.1202
बरी	0.1640	-0.1240	0.0200
बर्क	-0.3460	0.2300	-0.3140
बर्का	0.0000	-0.5420	-0.5190
बर्के	-0.0680	-0.1180	-0.0980
बर्गनusa.	0.0000	0.0000	-0.0370
बर्गर	0.0780	-0.0060	-0.2940
बर्जर	-0.0200	-0.0880	-0.0130
बर्ट	-0.2040	0.1880	0.0000
बर्टलनेस	0.6670	-0.6670	0.5000
बर्ड्ड	-0.3120	0.2080	-0.2160
बर्ताव	0.2593	-0.1373	0.2900
बर्न	-0.5520	0.5430	-0.0790
बर्नर	-0.2040	0.8160	0.4250
बर्नवुड	0.6250	-0.7040	0.0000
बर्निंग	0.0000	-0.6250	0.2920
बर्नीपी	0.6670	0.6250	-0.1110
बर्नेबल	0.4440	-1.0000	0.0740
बर्नेल	-0.6670	-0.3330	-0.4070
बर्न्ड	0.2593	-0.4053	-0.0470
बर्न्सन	-0.5000	-0.6670	-0.3750
बर्प	0.0285	0.4275	-0.0680
बर्प्स	-0.1420	-0.0760	-0.1780
बर्फ	0.1855	-0.0982	-0.0968
बर्फ-	0.0536	-0.2458	0.2160
बर्फक	-0.6670	0.0370	0.8330
बर्फकेप	0.2220	-1.0000	0.0950
बर्फबारीweather	0.0370	0.6670	-0.1670
बर्फ़	0.0000	-0.6670	0.0000
बर्फीला	0.1171	0.2243	-0.0286
बर्बाद	-0.8240	0.0050	-0.6230
बर्रिटो	0.3760	-0.4120	-0.6680
बर्री	0.4580	-0.0760	0.1420
बर्रो	-0.2000	-0.2880	-0.3640
बर्ल	-0.6670	0.7040	0.1110
बर्लवुड	0.0000	-0.6670	-0.3330
बर्लीक	-0.6150	0.3345	0.0225
बर्लीफ	0.0000	-0.2500	0.0000
बर्लीली	0.1240	0.3000	0.5000
बर्लीवुड	0.0370	-0.7010	-0.2590
बर्लेस	0.0000	-0.9050	-0.3890
बर्शेक	0.0000	0.0000	0.0950
बलवर	-0.6190	0.8750	0.9050
बलसान	0.3470	-0.4230	-0.0700
बलसानिक	0.1640	-0.4340	-0.1060
बलाडर	-0.1880	-0.1760	-0.3400
बलात्कार	-0.8130	0.6440	0.0720
बलात्कारी	-0.8760	0.8120	0.1420
बलिदान	-0.3502	0.2998	-0.2570
बलिया	-0.1660	-0.2800	-0.4280
बलिस्ट	-0.6670	1.0000	0.9580
बल्क	-0.3540	0.3240	-0.2380
बल्कर	0.0420	-0.3880	-0.3140
बल्गेज़	0.7920	0.2540	0.6400
बल्गेटल	-0.6670	1.0000	1.0000
बल्गेनी	0.1110	0.8330	-0.2590
बल्गेर	0.0000	0.9630	0.0000
बल्गेरिया	-0.0210	-0.0920	-0.1560
बल्गेरी	-0.6670	1.0000	0.9580
बल्गेसhaiti.	-0.8420	0.2040	-0.2600
बल्गेसियनName	-0.8670	0.6300	-0.5560
बल्ने	-0.3160	0.3720	-0.5640
बल्ब	-0.0764	-0.0099	-0.1262
बल्ला	-0.4560	-0.5300	0.0380
बल्लामैन	0.0000	0.0300	0.1040
बल्ले	-0.0640	-0.1360	-0.3530
बल्लेर	-1.0000	0.9440	0.4170
बल्सा	0.0980	0.4320	-0.0400
बल्स्टर	0.6250	-0.6670	0.1110
बल्स्टरusa.	-0.6240	0.7400	0.2760
बल्स्टरर	0.2080	0.6670	0.6000
बल्स्टरी	0.1840	-0.4600	-0.2280
बस	-0.0767	-0.1527	-0.1627
बसउण्ड	0.0200	-0.0940	-0.1180
बसट	0.0400	0.0000	-0.1600
बसमेन	0.0000	0.6670	0.0000
बसरी	-0.5920	0.3520	-0.3100
बसल	-0.3060	0.6280	-0.1100
बसली	0.5000	0.0000	0.1670
बसा	0.2090	-0.4080	0.0530
बस्टर	-0.0620	-0.0180	-0.0340
बस्ड	0.3330	0.6670	0.3810
बस्ती	0.3510	-0.2350	0.3160
बस्स	-0.0620	0.0000	-0.2180
बह	-0.2260	-0.1400	-0.0680
बहकाती	0.5930	0.6670	0.6670
बहकाया	-0.6670	0.1850	-0.7500
बहता	0.3557	-0.4003	0.0000
बहती	-0.6670	0.9170	0.5830
बहन	0.8320	-0.3520	0.1240
बहस	-0.5236	0.5958	0.4112
बहसर	0.1850	0.6670	0.8330
बहादुर	0.8686	0.5628	0.8040
बहादुरपन	0.9580	0.0740	0.7500
बहाना	-0.5655	-0.0260	-0.3280
बहाने	-0.1640	-0.1460	-0.2700
बहाल	0.4604	-0.0136	0.3916
बहाव	-0.2585	-0.4903	-0.4710
बहावर	-0.1020	0.0240	-0.2180
बहाववुड	-0.3580	-0.4340	-0.1220
बहिर्वेशन	0.9580	-0.6670	0.3330
बहिर्वेषित	0.0000	0.6110	0.7500
बहु	0.3664	0.0828	0.5208
बहु-	0.2665	-0.0048	0.3622
बहु-पीढ़ी	0.4070	-0.6670	0.0000
बहु-स्तर	0.0000	0.0000	0.0000
बहुकार्य	0.5560	1.0000	0.5190
बहुत	0.1710	0.1874	0.2282
बहुत-सा	0.6605	0.1120	0.5145
बहुत-से	0.2080	-0.1660	-0.1520
बहुत-सेडो	-0.1600	0.3760	-0.2900
बहुतायत	0.2903	0.1150	0.3437
बहुपंक्ति	0.0557	-0.3750	0.2380
बहुपंक्तिName	0.4580	0.2860	0.4170
बहुपंक्तिय	0.0560	0.5330	0.5930
बहुपारदर्शिता	-0.2920	-0.6670	-0.2960
बहुभुज	-0.0780	-0.0010	0.0850
बहुमुखी	0.2683	0.1701	0.2176
बहुमुखीता	0.5715	0.0950	0.3135
बहुमुखीनिक	0.5930	0.0000	0.0000
बहुमुखीीकरण	-0.8680	0.3540	-0.3400
बहुमूल्यता	0.8335	-0.3800	0.5090
बहुमोल	0.0415	0.7915	0.4170
बहुरंग	0.4150	0.1878	0.1944
बहुल	0.0000	0.4580	0.4070
बहुवचन	0.3635	0.1325	0.3235
बहुवचनता	0.3660	-0.0540	0.1740
बहुविष्ट	-0.3330	0.1250	-0.7500
बहुवोल्यूट	0.1670	-0.2860	0.3700
बहुशिड	0.6670	0.0000	0.0000
बहुसिस्टम	0.1430	0.0000	0.6250
बाँध	-0.5000	0.1060	-0.2120
बांग	-0.5520	-0.1220	-0.2740
बांग्लादेशीName	0.1110	-0.3750	-0.2960
बांझ	-0.6395	-0.6270	-0.5170
बांझपन	-0.7500	-1.0000	-0.6670
बांधे	0.0480	-0.4455	-0.2800
बाइंड	-0.2040	-0.0760	-0.1040
बाइंडर	-0.1240	-0.5000	-0.3840
बाइंडिंग	-0.1240	-0.1500	0.2800
बाइकण्ड	-0.5840	0.3700	-0.1480
बाइज़ेन्टिक	0.3330	-0.9050	-0.5420
बाइज़ेन्टी	0.0916	0.0154	0.2007
बाइज़ेन्टीक	-0.3700	-0.3750	-0.5930
बाइज़ेन्टीट्‌स	0.6190	-0.5560	0.6250
बाइज़ेन्टीड	0.0310	-0.4875	-0.0360
बाइज़ेन्टीफ़िक	-0.6250	0.9520	0.7920
बाइज़ेन्टीली	0.0560	-0.5930	0.0560
बाइज़ेन्टीशियल	0.0000	0.0000	0.0000
बाइज़ेन्टेशन	0.4440	0.5710	0.2960
बाइज़ेल्यूशन	0.0000	-0.1110	0.4290
बाइट	-0.0200	-0.2400	-0.1860
बाइटल	0.0420	0.4670	0.4440
बाइपोड	0.0000	0.0420	0.3700
बाइबल	0.0200	-0.2540	0.3460
बाइबलीय	0.2300	-0.4555	0.2595
बाइसेंट्रिक	0.0820	-0.1540	0.0140
बाईं	-0.0830	0.0000	0.0000
बाउंडिंग	0.0370	0.6670	-0.6250
बाउंडी	-0.6320	0.6460	0.0160
बाउंस	-0.0200	0.3060	0.3100
बाउम	0.0000	0.0830	-0.8750
बाकानेर	-0.6670	1.0000	0.8570
बाकी	-0.0020	0.2913	0.3453
बाक्स	-0.0200	0.6200	0.6040
बाक्सकार	-0.1600	-0.0620	-0.1580
बाखकेर्न	0.0000	0.0000	0.0000
बाग़	0.5600	-0.4585	-0.2097
बाग़ी	-0.8150	0.6670	-0.2220
बागे	0.1880	-0.5680	-0.4040
बाघ	-0.0420	0.5300	0.3280
बाघा	0.1720	-0.3440	-0.2000
बाघाasia.	-0.6670	1.0000	0.2590
बाज	0.1660	0.0600	0.2620
बाजर	-0.3330	0.6670	-0.4810
बाज़ू-	0.1920	0.0277	-0.1553
बाज़्हेला	-0.3960	0.6480	0.2680
बाजार	0.3956	0.1016	0.3338
बाजारर	0.3545	0.6485	0.5720
बाजाराइज़ेशन	0.6670	0.6670	0.6670
बाजारेबल	0.4920	0.0900	0.3280
बाजू	-0.9520	-0.5240	-0.7500
बाजू-	0.0830	0.2627	0.1343
बाजू-पट्टी	-0.0840	0.1880	0.3160
बाजू-बैंड	0.0000	0.0000	0.0000
बाड़	0.0413	-0.1393	-0.1040
बाड़ें	-0.3330	0.5930	0.1110
बाढ़	-0.4165	0.4770	0.1188
बाढ़-	-0.0370	0.0050	0.0305
बाढ़वाल	0.0370	-0.4760	0.6670
बात	0.1147	-0.4545	-0.1767
बात-चीत	-0.1473	0.0707	-0.1667
बातचीत	0.1786	0.1441	0.2180
बातचीतर	0.3335	0.4375	0.1910
बातचीतशीलता	0.0000	0.5560	-0.4580
बातमाबोबोbrazil.	0.0000	0.0000	-0.0830
बातमामाग्रेग	0.0000	0.0000	-0.2670
बातहीन	-0.0560	-0.8570	-0.5420
बातिलियनName	0.9050	-0.3330	0.7410
बाती	-0.3330	0.8520	-0.0480
बातों	0.5000	-0.2540	-0.3520
बाथरूम	0.1220	-0.4340	-0.3100
बाद	0.0496	0.0201	0.0573
बादल	0.3667	-0.2123	-0.1453
बादल-	-0.5420	-0.3330	-0.5560
बादलीय	0.9520	-0.8890	0.0830
बादलों	0.6670	-0.6670	0.0000
बादशाह	0.3716	-0.0754	0.5570
बादशाहा	0.0320	-0.2760	-0.3600
बादाम	0.3960	-0.6340	-0.3720
बादाम्स	0.6300	-0.6250	0.0000
बाधा	-0.6134	-0.0929	-0.2391
बाधाओं	0.4760	1.0000	0.5830
बाधित	-0.4790	0.3525	-0.2505
बाध्य	-0.2454	0.0786	0.1972
बाध्यकारी	0.1880	-0.1660	-0.2060
बाध्यता	-0.5560	0.1920	0.4360
बाप-दादा	0.3800	-0.1760	0.2540
बाबिलेटिक	0.0000	-0.1670	0.0830
बाबिलोन	0.0000	0.0000	0.0000
बाबिलोनीName	0.0000	-0.2400	0.0180
बाम्पलाइल	0.0000	-1.0000	0.0000
बाम्ब	-0.6670	0.4290	-0.5560
बाम्बितनेस	0.7500	0.7780	0.3330
बायाँ	-0.1929	0.0287	-0.3277
बायाँ-	0.0525	-0.3165	-0.3840
बायाँ:	0.1425	0.3180	0.4430
बायाँिश	-0.0950	0.0000	0.2780
बायीं	-0.6670	0.6190	0.5000
बायोग्राफर	0.4160	-0.1460	0.2340
बायोग्राफी	0.0000	-0.1670	0.1670
बायोटली	0.6670	0.5930	0.7410
बायोटाइप्स	0.1900	-0.6670	0.1110
बायोनिकी	0.1420	0.1400	0.5760
बायोप्स	0.6670	0.4170	0.2590
बायोप्सी	-0.3540	0.3140	-0.0380
बायोप्स्स	0.0830	0.0830	0.5560
बायोफ़ल	0.6670	0.3700	0.3700
बायोमार्कर	0.0420	0.4170	0.2960
बायोमिमेटाइड	-0.7080	0.6670	0.6670
बायोमिमेटिक	0.6250	0.2220	0.4440
बायोमिमेटिक्स	0.3212	0.0807	0.3781
बायोमिमेटिक्सusa.	0.7220	0.3330	0.0000
बायोमिमेटिक्सिस्ट	0.6670	0.3700	0.7080
बायोमीनियनName	0.0000	0.2960	0.6190
बार	-0.1992	0.1630	-0.0614
बार-	-0.1714	0.2364	0.2646
बार-बार	-0.3540	0.0293	-0.2420
बार-बारडाstar	-0.3340	0.4260	0.0200
बारंबार	-0.1330	-0.0053	0.0702
बारंबार-	-0.7920	-0.0830	-0.5710
बारंबारता	0.1628	-0.6935	0.1615
बारकंच	-0.2440	0.0000	-0.0900
बारकीट	0.0420	-0.0560	-0.1200
बारकोड	0.0000	-0.2920	0.2220
बारगर	-0.0420	-0.1480	-0.1400
बारनोन्ड्रिया	0.0000	0.0000	0.5330
बारफ	-0.3200	-0.0180	-0.2120
बारबाराइजेशन	-0.8570	0.6670	0.4170
बारबेक्यू	0.5840	0.2860	-0.0880
बारमन	0.1880	0.2200	-0.2000
बाररूम	0.3720	0.2380	-0.0600
बारस्टरusa.	-0.0620	0.1400	0.5840
बारह	0.0073	-0.2733	0.0070
बारहवीं	-0.2180	0.6627	-0.0817
बारिश	0.0000	0.7410	0.0000
बारिस्टा	0.2590	0.6300	0.1480
बारी	-0.0328	0.1250	0.0884
बारी-	-0.0530	0.0802	-0.0827
बारीName	-0.3330	0.6670	0.7410
बारीक	0.0000	-0.3460	-0.0720
बारीकी	0.0620	-0.2360	-0.1460
बारॉन	0.0000	0.0210	-0.1850
बारॉना	-0.3330	-0.8890	-0.1670
बारोग्रिकल	0.0000	0.0000	0.2220
बार्कर	-0.0710	0.1705	0.1420
बार्करेfrance.	-0.7300	0.5760	0.0000
बार्कर्ड	-0.5420	0.3040	-0.3620
बार्गेमान	0.0000	0.6670	0.2220
बार्ड	-0.0600	-0.1800	-0.1220
बार्तोोल	0.0000	-0.2380	0.0000
बार्बरा	0.1940	-0.1180	-0.2360
बार्बेल	0.1110	0.6670	0.4290
बार्ब्ड	-0.6460	0.1880	-0.0900
बार्ब्ड-	-0.5930	-0.4170	0.7780
बार्मन	-0.6670	-0.9520	-0.5560
बाल	-0.1415	0.2179	0.0021
बाल-	-0.4083	0.2837	-0.1007
बाल-net	-0.0420	-0.5830	-0.6190
बालकपन	-0.4580	0.4810	-0.1900
बालकी	0.3360	0.0780	-0.2180
बालनेस	0.0000	0.0000	0.0000
बालबाल	-0.2600	-0.3960	-0.3700
बालबोर्ड	0.0000	0.0000	0.4580
बाललाइन	-0.1640	-0.6920	-0.5400
बालशश	-0.0920	-0.5680	-0.4740
बालहीन	-0.6740	0.0820	-0.3260
बालाक्ला	-0.1670	0.0830	0.1430
बालाड	0.0100	-0.0180	-0.0305
बालिंग	0.6460	0.2825	-0.5420
बालिक	-0.1425	-0.0505	-0.4885
बालिकाइड	-0.8330	0.7120	-0.1140
बालिप	0.1900	-0.6190	-0.1110
बालियाँ	-0.0880	0.0340	0.0303
बालू-	0.0000	-0.6670	-0.0740
बालू्खगर	-0.6670	0.5240	0.6670
बालों	-0.0830	-0.2960	-0.2080
बाल्ट	-0.1225	-0.4185	-0.4095
बाल्यता	-0.6110	-0.5710	-0.0740
बाल्ला	0.3330	-0.5000	0.0670
बाल्लिप्टर	0.4160	0.0180	-0.1860
बावजूद	-0.5310	-0.3240	-0.3630
बास्क	0.0000	0.6190	0.0830
बास्कName	0.0000	-0.0540	-0.0540
बास्कcolor	0.2926	0.0212	0.0379
बास्कईName	0.4600	0.2780	-0.2940
बास्कर	-0.1240	-0.2040	-0.2240
बास्कानiran.	0.7220	-0.6670	0.5830
बास्किशName	-0.6670	-0.5710	-0.8330
बास्केट	0.1520	-0.2254	-0.0930
बास्केटusa.	0.2830	0.2920	-0.0380
बास्केटियाusa.	0.6670	-0.4580	0.1250
बास्क्ड	0.0000	0.0000	0.4290
बास्क्स	-0.1200	-0.1600	-0.3100
बाहर	-0.0688	0.2724	0.1677
बाहरिश	-0.2180	0.4030	0.0730
बाहरिशिशName	0.0000	0.6670	0.0830
बाहरी	-0.0912	0.0865	0.0231
बाहरी-	0.0000	-0.5000	0.1250
बाहरीName	0.0000	0.0000	0.1430
बाहरीक्शनेटर	-0.6110	0.5930	1.0000
बाहरीता	0.0000	-0.6670	-0.0480
बाहरीमैन	0.7140	0.6670	0.5930
बाहरीलैंडjamaica.	0.0000	-0.1430	-0.0420
बाहरीलैंडर	-0.0420	0.0950	0.4070
बाहरीवाद	0.0000	0.0000	0.1900
बाहरीाइज़	0.0000	0.5930	0.6190
बाहरीाइज़ेशन	-0.0415	0.4760	0.2985
बाहरीिटी	0.0000	0.0000	0.0740
बिंग	0.2353	0.0110	0.0007
बिंदु	-0.4916	-0.4014	-0.3676
बिंदुएँ	-0.0840	0.3540	-0.2700
बिंदुी	-0.4380	0.0200	-0.4920
बिक्री	0.2570	0.3614	0.4040
बिक्री-	0.0000	0.6670	-0.1480
बिक्री-क्लास	0.1640	-0.0200	0.2100
बिखरे	-0.8060	0.6120	-0.3820
बिगड़	-0.7500	0.2500	-0.6000
बिगड़ते	-0.5843	0.6590	0.4643
बिगड़ना	-0.5912	-0.3156	-0.4314
बिगाड़ा	-0.6670	0.8100	-0.3750
बिच्छू	-0.6040	0.4900	0.2000
बिछौना	0.2050	-0.8625	-0.1680
बिछौने	0.0555	-0.9050	-0.0740
बिजली	0.1037	0.2364	0.5054
बिजली-	0.1865	0.2127	0.2332
बिट	-0.0420	-0.1900	-0.2670
बिटटी	-0.0620	-0.4580	-0.4860
बिटफिक्स	0.1040	0.1180	-0.2680
बिटफ्लिक	0.6670	0.3330	0.3330
बिटबॉब	0.6670	-0.9170	0.0000
बिटमैप	-0.2915	-0.3335	-0.2500
बिटमैपर	-0.5190	1.0000	0.5930
बिटर	-0.4800	0.1960	0.0000
बिटरेट	0.4280	-0.3260	0.0960
बिटवाइड	0.1670	0.0000	0.0000
बिट्स	0.0200	-0.2240	-0.2360
बिन	-0.5383	-0.4198	-0.2782
बिनपढ़ा	-0.6670	-0.7085	-0.7975
बिना	-0.1989	-0.3275	-0.2408
बिना-	-0.4007	-0.3775	-0.1898
बिनासूची	-0.2700	-0.4700	-0.5640
बिन्दु	0.0698	0.0053	0.0970
बिन्दुएँ	0.2443	-0.1560	0.0190
बिन्दुओं	0.3440	0.2145	0.2605
बिन्दुपथ	-0.3103	0.4676	0.2723
बियर	0.2490	0.3870	0.0727
बिलकुल	-0.3224	-0.5622	-0.3582
बिलर	-0.6670	-0.6670	0.0950
बिलर्ड्स	0.2860	0.1180	-0.2260
बिलाई	-0.0200	-0.2060	-0.2500
बिलिया	-0.4080	0.3800	0.0720
बिलिशिशName	0.6670	0.5190	-0.5420
बिलिसर्ड	0.4380	0.2320	0.0860
बिलेट	-0.0420	0.1660	0.0000
बिल्कुल	-0.3323	0.1220	-0.2640
बिल्केंग	0.3330	-0.7040	-0.1250
बिल्ट	0.1880	-0.3660	-0.0380
बिल्ड	0.4328	-0.0230	0.3597
बिल्डर	0.4330	0.6670	0.7360
बिल्डिंग	0.1020	-0.1940	0.2200
बिल्ली	-0.0645	0.3103	0.0703
बिल्ली-	-0.1467	-0.4430	-0.2340
बिल्लीमछली	-0.0840	-0.3260	-0.4080
बिल्लीाइजेशन	0.6670	0.6300	0.5420
बिशप	0.1890	-0.3580	0.6140
बिसhaiti.	0.2080	-0.1840	0.1920
बिसात	0.1840	-0.4900	-0.2300
बिस्तर	-0.0923	-0.2351	-0.2657
बिस्ते	0.4280	-0.5300	-0.2500
बिस्बिक	0.0000	-1.0000	0.0000
बिस्बियोमेनियाcolombia.	0.6670	0.0000	0.4440
बिस्बियोमेनियाparaguay.	-0.0950	0.5000	0.4760
बिस्बेबल	-0.6670	0.6110	-0.6670
बिस्ब्स	-0.4580	0.3920	-0.4260
बिस्ला	0.3440	0.0580	0.0180
बिस्लावा	0.6670	-0.7500	0.0000
बिस्वर	-0.6670	0.7080	0.5330
बी-	0.2395	0.1405	0.1015
बी.	-0.3187	0.2725	-0.0141
बींग	-0.2380	0.5000	-0.2590
बीआईगाडॉयName	0.2080	0.4200	0.6560
बीआईटीटीक	0.0000	-0.3330	-0.0830
बीआउट	-0.5840	0.6160	0.3580
बीआरबी	-0.1420	-0.1480	-0.2580
बीएलएमपीName	0.2000	-0.1800	0.0640
बीएल्ज	-0.1660	0.4440	0.5780
बीकर	-0.0800	0.3890	0.2480
बीक्यूट	0.0000	-0.4580	0.0000
बीगल	-0.0180	0.0360	-0.2300
बीगलल	-0.3095	-0.3335	-0.1250
बीच	-0.0137	0.0681	0.0939
बीज	0.0880	-0.0052	-0.1863
बीजी	-0.2863	0.0917	-0.0297
बीजीक	-0.0335	-0.2305	-0.1370
बीजीन	0.1840	-0.1540	0.1420
बीजीय	0.1406	-0.2522	-0.0581
बीजीयनेस	-0.6670	-0.3700	-0.4810
बीजोtopic	0.0000	0.0000	0.0560
बीजोनstar	-0.2590	0.5710	0.9630
बीजोबा	-0.0480	0.0000	-0.6670
बीटा	0.4200	-0.2600	-0.1220
बीटीडबल्यू	-0.3880	-0.2420	-0.1700
बीता	-0.2002	-0.4648	-0.3638
बीन्स	0.1670	-0.4170	0.0000
बीप	-0.1700	0.3350	-0.0870
बीपनेस	0.6670	0.5190	0.5830
बीपर	-0.1240	0.4400	-0.1180
बीपीपी	0.0840	0.1000	-0.0560
बीफ़	0.1220	-0.1500	-0.2780
बीबीबीName	-0.6670	-0.6670	-0.6670
बीमा	0.4280	-0.3840	0.6500
बीमा:	0.0420	-0.3920	0.0540
बीमार	-0.6690	-0.0751	-0.5177
बीमारता	-1.0000	-0.4440	-0.9170
बीमारी	-0.7360	0.4205	-0.4600
बीम्बिया	0.2800	0.7120	0.3900
बीस	0.0400	-0.4160	-0.4280
बीस्ट्रिप्टिक	0.1660	-0.0620	-0.3400
बीिमिक	-0.8160	0.1400	-0.2540
बीिलिल	1.0000	0.0000	0.0000
बीिलिली	1.0000	-1.0000	0.9440
बुआआयरियरusa.	0.0830	0.6670	0.9580
बुक-	0.3612	-0.2782	0.1635
बुककीपिंग	0.0400	-0.5720	0.1840
बुकबेज	0.0000	-0.6670	0.4070
बुकरूम	0.4580	-0.6300	0.0740
बुकरे	0.5560	-0.6190	0.3810
बुकल्टर	0.1660	-0.3660	-0.0880
बुकशेडीरी	0.2080	-0.5930	0.3330
बुकहेल्फ	0.3330	-0.8520	-0.1670
बुकहेव	-0.6670	0.8100	-0.5560
बुकिश	0.2080	-0.5280	-0.1400
बुकी	-0.3120	0.2660	0.2360
बुखार	-0.6280	0.8696	-0.1534
बुझा	0.4290	0.2380	0.3700
बुझाई	0.0950	0.6670	0.3750
बुझानेवाला	0.5405	-0.2640	0.1910
बुढ़ापे	-0.5720	-0.4900	-0.4320
बुद्धि	0.7740	-0.2800	0.7865
बुद्धिमान	0.3590	-0.0178	0.4510
बुद्धिमानName	-0.6190	0.6670	0.5930
बुद्धिमानंचक	0.2380	0.6670	0.5560
बुद्धिमानता	0.6670	-0.7500	0.4070
बुद्धिमानी	1.0000	-0.5240	0.6190
बुध	-0.0226	0.0896	-0.3058
बुधName	-0.3280	-0.1770	-0.3200
बुधर	0.2860	0.6300	0.3890
बुधरी	-0.3330	0.6670	-0.3330
बुनियादी	0.2340	-0.1380	0.6140
बुरा	-0.7107	0.0024	-0.1991
बुराई	-0.6288	0.2844	-0.0922
बुरी	-0.7090	-0.1617	-0.6953
बुरे	-0.8403	-0.3400	-0.4733
बुर्ज़ुग	0.1364	0.0832	0.2980
बुलन्द	1.0000	1.0000	0.6000
बुलबुले	0.3293	0.0377	-0.1973
बुलबुले-	0.6670	0.3330	-0.2590
बुलबुले्ड	-0.6110	0.6670	-0.6300
बुलाया	0.0000	0.6670	0.4580
बुलियन	0.9170	-0.6670	0.9260
बुलियनटर	-0.3330	0.6670	-0.5000
बूट	-0.1240	0.3000	0.2500
बूट-	-0.6530	0.0993	-0.6253
बूटाइल	-0.2860	0.0380	-0.0680
बूटिंग	-0.7500	0.6670	0.3330
बूटी	0.0000	-0.5930	0.0000
बूटीकर	-0.9170	0.5710	-1.0000
बूटेन	0.0000	0.0000	-0.4580
बूट्ट्राप	0.6670	0.5830	0.5240
बूट्स	0.2040	-0.4900	-0.3000
बूढ़ान	-0.4320	-0.5740	-0.1500
बूढ़ी	-0.2740	-0.2740	-0.3160
बूरी	0.0620	-0.0180	0.1880
बृद	0.0000	0.5930	0.1900
बॅक्सीName	-0.3330	-0.3330	-0.6110
बे	-0.2353	0.1177	-0.1340
बेईमान	-0.8610	0.5910	0.0415
बेईमानी	-0.8006	0.3824	-0.3300
बेऔलाद	-0.3800	-0.2000	-0.2080
बेकरर	0.6670	0.5560	-0.2670
बेकरी	0.6040	0.0000	-0.2400
बेकर्सफ़ील्ड	0.0000	0.0000	0.0000
बेकार	-0.4185	-0.1035	-0.3115
बेकारईता	-0.6670	-0.6300	-0.5830
बेकारपन	0.0000	-0.1040	0.2405
बेकीName	-0.6110	0.6670	-0.6670
बेकेट	-0.6670	-0.6250	-0.8330
बेगॉफ	-0.0840	0.3100	-0.0560
बेघर	-0.9160	-0.1000	-0.6240
बेच	-0.0335	0.0675	-0.0685
बेचने	0.6670	0.0000	0.4810
बेचनेवाला	-0.1220	0.0200	0.2220
बेचें	-0.2040	-0.0200	-0.0700
बेजोड़	0.7538	-0.0376	0.7406
बेझिझक	0.5560	-0.5190	0.5830
बेट	0.1250	-0.2860	0.0000
बेटर्ड	0.0830	-0.4440	0.0000
बेटल	0.4285	-0.2105	-0.1100
बेटलेक्टेड	0.0000	-0.4440	-0.3330
बेटल्ड	-0.3200	0.2595	-0.3925
बेटा	0.5840	-0.2700	0.0560
बेटी	0.8160	-0.1700	-0.0900
बेटी-लेस	-0.6250	-0.6670	-0.1670
बेटे-	0.0000	-0.2880	-0.1580
बेडरूम	0.4880	-0.4080	-0.0180
बेड़े	0.3267	0.4673	0.3907
बेतरतीब	-0.0667	0.3167	-0.1263
बेतरतीबता	-0.1640	-0.1020	-0.1340
बेतरतीबीकरण	0.0000	0.0670	0.0000
बेथेल	0.3760	-0.0940	0.4080
बेनाम	-0.3680	-0.6220	-0.4320
बेनीकी	-0.6300	-0.4170	-0.3330
बेनेट	0.4360	-0.4120	-0.1920
बेनेट-	0.6250	0.6670	0.6670
बेनेडिटीसोनperu.	-0.3330	0.5000	0.2380
बेनेसिन	0.0000	0.2960	0.0000
बेब	-0.3460	-0.1960	-0.2080
बेबस	-0.6670	-0.9580	-1.0000
बेबसनेस	-0.7410	-0.9580	-1.0000
बेबी	0.6740	-0.2700	-0.0900
बेबी-	0.1980	0.4205	0.2500
बेबीिश	-0.6670	0.5830	-0.7500
बेबॉप	-0.0360	-0.0200	-0.2840
बेबॉलो	0.3330	-0.0830	0.3330
बेब्स	0.0000	0.0000	0.0000
बेब्स-	0.1000	0.1400	-0.0900
बेमेल	-0.5000	0.0160	-0.4160
बेम्बम्बित	0.3330	-0.3330	-0.2080
बेरहम	0.5600	0.6400	0.5160
बेरीइड	0.6670	0.5830	0.8570
बेरीनेस	-0.1665	-0.0950	-0.4405
बेरोज़गार	-0.8120	-0.0380	-0.5400
बेरोज़गारी	-0.8120	-0.2000	-0.4060
बेल-	0.5930	-0.8330	0.1430
बेलकीनेस	-0.6670	-0.6670	-0.6250
बेलचमेन	0.0000	0.0000	0.0000
बेलन	-0.0820	-0.3520	-0.1060
बेलनी	0.6240	-0.1740	-0.3700
बेलनेस	-0.8335	-0.5305	-0.5950
बेलशमेंट	-0.8150	-0.5190	-0.7780
बेलाइज	0.1680	-0.3020	-0.2360
बेलायल	0.0820	-0.3260	-0.3960
बेलारूसियनName	0.1670	0.0830	0.2500
बेलिName	-0.3330	-0.3330	-0.8330
बेलिलिन	0.0480	0.0000	-0.5830
बेलिली	-0.6670	1.0000	-0.5930
बेलीName	-0.4685	0.1120	-0.4555
बेलीक	0.4900	-0.0200	-0.1180
बेलीज	-0.2440	-0.4240	-0.5280
बेलीनेस	0.8890	-0.3330	-0.0420
बेलीप	-0.6040	0.8300	-0.0180
बेले	0.3880	-0.0400	0.0000
बेलेक्टनेस	-0.5560	-0.6250	-0.2920
बेलेक्ट्ड	-0.5480	-0.1760	-0.4120
बेलेप	-0.5200	0.4800	0.3620
बेलो	-0.3700	-0.3120	-0.4340
बेलोनीName	-0.6190	-0.0370	-0.6670
बेल्जियम	-0.3582	0.0000	-0.1202
बेल्जियमusa.	0.0000	0.4445	0.5000
बेल्जियाईName	0.0830	-0.3700	0.0420
बेल्जीपन	-0.3810	0.0000	-0.1110
बेल्ट	0.0410	-0.1780	-0.0550
बेल्टर	0.2080	1.0000	0.5420
बेल्टलेस	0.0000	-0.6670	-0.0830
बेल्टवे	0.0830	-0.1480	0.2960
बेल्ड्ड	-0.2080	0.5180	-0.1040
बेवकूफ	-0.6106	-0.0461	-0.7318
बेवकूफ़ी	-0.2077	0.1490	0.1497
बेवकूफी	-0.3810	0.5830	-0.6300
बेवजह	-0.6670	-0.1460	-0.4510
बेशक	0.2382	-0.3102	0.5468
बेस-	-0.6670	-0.5830	-0.4810
बेस-लेस	-0.4160	-0.2360	-0.2500
बेसकाम्प	0.3330	0.2590	0.2920
बेसनेस	-1.0000	-0.5930	-0.6670
बेसबोर्ड	-0.2080	-0.6040	-0.1900
बेसमेंट	-0.2240	0.0000	-0.4640
बेसमैन	0.2080	-0.1020	-0.0760
बेसलाइन	-0.0340	-0.2660	0.0180
बेसलाइनर	0.0000	0.4170	0.6000
बेसली	-0.9580	-0.6670	-0.6670
बेसिनी	0.6670	-0.6670	-0.2080
बेसिल	0.0680	-0.4520	-0.3820
बेसिलिस	-0.6670	0.6670	0.9630
बेसिस्टर	0.2960	0.6670	0.4170
बेसून	0.0000	-0.1340	-0.3800
बेसूनName	0.0000	-0.5240	0.0420
बेस्टेड	-0.1110	-0.9440	-0.6670
बेस्टेन	0.7080	0.5200	0.6560
बेहतर	0.7470	0.0487	0.5283
बेहद	-0.6250	0.9630	0.9050
बेहस्त	0.7500	-0.6670	0.8150
बेहोश	-0.6320	-0.1500	-0.7200
बेहोशपन	-0.6460	-0.1200	-0.7580
बैंक	0.1718	-0.1555	0.1650
बैंक-	0.4760	-0.6670	-0.2220
बैंकर	0.1720	0.1760	0.5840
बैंकिंग	0.0200	-0.3460	0.0000
बैंकेबल	0.7220	0.0420	0.7500
बैंगनी	0.0689	-0.0354	-0.0497
बैंगनी-फोन	0.5420	0.4760	0.0740
बैंगनीcolor	-0.1940	0.0035	-0.0182
बैंगनीः	0.0165	0.2220	-0.0185
बैंगनीःcolor	-0.1020	0.1252	-0.1216
बैंगनीपन	-0.0437	0.0163	-0.0243
बैक	-0.0621	-0.0357	0.0387
बैक-	-0.2012	0.0688	-0.0004
बैक-शी	-0.0480	0.6670	0.5930
बैकv	0.1040	-0.1380	-0.1080
बैकंग	-0.6670	0.6670	-0.6670
बैकअप	0.2352	-0.0704	-0.0108
बैकऑफ	-0.6987	0.2960	-0.2167
बैककर	0.0000	0.5240	0.6250
बैकगेमॉन	0.1600	-0.1800	-0.2200
बैकचर	-0.9580	0.8750	-0.1110
बैकटी	-0.6670	0.6670	0.4810
बैकट्रेरी	0.5560	0.1110	-0.2220
बैकट्रैकर	-0.3700	0.6670	-0.3330
बैकड्रॉप	-0.3600	-0.3820	-0.1120
बैकबैक	-0.2699	0.0537	-0.0554
बैकबोर्ड	-0.0400	-0.4820	-0.1280
बैकमैपिंग	0.6300	0.6670	0.6250
बैकलैंड्स	-0.2960	-0.6000	-0.2860
बैकलॉग	-0.1500	-0.2100	-0.3000
बैकवुड	0.0820	-0.3000	-0.0360
बैकवुडमैन	0.0000	0.6670	0.4810
बैकसेट	-0.6670	0.5560	-0.6110
बैकस्पेस	0.0000	0.5560	0.1670
बैकस्लैश	-0.1900	-0.0380	-0.1380
बैकहैण्ड	-0.1460	-0.1020	-0.2200
बैकहैण्डर	-0.6670	0.6670	0.3750
बैकिपर	-0.3330	-0.6670	-0.3750
बैकेंड	0.0000	-0.6670	0.0000
बैकेनच	-0.2920	-0.5560	-0.5240
बैकेन्ड	0.4440	0.6670	-0.4760
बैग	-0.2995	-0.3585	-0.2675
बैगदार	0.1900	0.0000	-0.0830
बैगमेन	0.0120	0.0000	-0.2120
बैगूट	0.5830	-0.3700	0.0000
बैच	0.1200	-0.2860	-0.2860
बैटरी	-0.0200	0.2585	0.2570
बैठ	0.1190	-0.1820	-0.1170
बैठ-	0.2500	-0.6670	0.1850
बैठक	0.3120	0.1060	0.0200
बैठने	-0.0395	-0.1830	-0.1310
बैठर	0.3330	0.3330	0.0000
बैठा	0.4080	-0.1640	0.1240
बैठिये	0.1220	-0.4530	-0.2640
बैठे	0.1220	-0.7080	-0.2940
बैठो	-0.1220	0.1280	-0.2540
बैठोटर	0.3120	-0.1420	-0.1920
बैर	-0.6660	0.3680	-0.1600
बैरल	-0.1420	-0.4040	-0.0520
बैल	-0.1366	0.2398	0.2497
बैल-	-0.2430	0.4320	0.2813
बैलआई	0.7500	0.0830	0.5830
बैलक	0.3330	-0.1480	0.0000
बैलकलीstar	-0.1460	-0.0380	-0.2040
बैलकार	0.0000	-0.6300	-0.1670
बैलकुट	-0.0120	0.3000	0.0600
बैलकुट्ड	0.6670	1.0000	0.9580
बैलग्रिफ़	0.0000	0.6300	0.8890
बैलदोज	-0.6670	0.8330	0.9630
बैलदोर	-0.0820	0.0980	0.2860
बैलपिक	-0.1040	0.5880	0.3280
बैलमेन	0.0000	0.6670	0.6670
बैलर	-0.1965	0.5993	0.0228
बैलिक	0.5000	0.8335	-0.0475
बैलिडी	-0.5240	0.6670	0.0830
बैलिश	0.5890	0.5373	0.6230
बैलुर	0.1250	0.6670	0.6250
बैले	0.1950	-0.6035	-0.4245
बैलेंट	-0.4585	0.3615	0.2175
बैलेइन	0.1040	-0.2740	-0.2140
बैलेक	0.1880	-0.2180	-0.0900
बैलेकल	-0.2040	0.1120	-0.0400
बैलेट	0.1430	-0.6670	0.0000
बैलेटर	0.0200	0.0760	-0.1580
बैलेटिंग	-0.0940	-0.1700	-0.5780
बैलेटोन	0.1840	0.0580	0.0000
बैलेद	-0.6280	0.4460	-0.0900
बैलेल	0.0370	0.0000	0.0740
बैलेव	0.2140	0.8360	0.2160
बैलेश	0.0000	-0.0740	-0.0830
बैलेस्ट	-0.0400	0.0980	0.0000
बैलोसाperu.	-0.1040	0.2600	0.1920
बैल्ड	-0.6250	0.6670	-0.0370
बैल्फांच	0.2960	-0.5560	0.0000
बैल्यालीनasia.	0.0000	1.0000	0.6670
बैश	-0.2300	0.0920	-0.0740
बैशक	-0.6670	0.6300	0.5420
बैशर	-0.6250	0.6190	-0.6670
बैशल	0.0000	0.0000	0.3330
बैशलिंग	-0.2080	-0.1640	-0.5180
बैश्ड	-0.7780	0.8100	-0.8520
बॉंगिस्टusa.	0.0000	-0.0830	0.0000
बॉक्सिंग	-0.1460	0.7080	0.2900
बॉक्स्ड	0.0000	-0.0950	0.0000
बॉट	-0.7240	0.1545	-0.5135
बॉट-	0.0000	0.2220	0.2920
बॉटनी	0.6250	-0.4440	0.0000
बॉटर	0.2700	-0.4040	-0.5100
बॉटरिस्ट	0.3020	-0.5200	-0.0880
बॉटल-	-0.5555	1.0000	-0.0205
बॉटल्शन	-0.4160	0.1500	-0.2280
बॉटाइज़	0.6670	0.5930	0.1670
बॉटिंग	-0.2700	-0.3340	-0.2600
बॉटी	-0.7330	-0.2860	-0.6300
बॉट्स	0.1460	-0.1740	-0.5280
बॉट्सहोडी	-0.6670	-0.6670	-0.7500
बॉन	-0.1040	-0.2100	-0.2760
बॉनगोperu.	0.1480	0.9580	0.0000
बॉननी	0.0060	-0.1340	-0.2260
बॉनस	0.7140	0.2400	0.3640
बॉनिएरा	0.1200	-0.2040	-0.1960
बॉनिकाasia.	0.6940	-0.5300	0.0200
बॉनियो	0.9170	0.6670	0.6110
बॉनॉन	0.7300	0.1020	-0.1080
बॉनॉयर	0.6190	0.1330	0.0000
बॉन्जाusa.	0.7500	-0.1800	0.3660
बॉप	-0.1420	-0.0200	-0.1480
बॉपपर	-0.2040	0.0600	-0.2300
बॉफ	0.2220	-0.1110	0.0000
बॉब	0.3880	0.2000	-0.2160
बॉबर	0.0000	0.3330	-0.1250
बॉबैट	0.1240	-0.0200	0.0580
बॉब्लॉबल	-0.2960	0.5420	-0.2590
बॉरे	-0.1420	-0.3140	-0.2400
बॉर्जिया	-0.2860	-0.1660	0.5340
बॉर्जियाperu.	0.2080	-0.3200	0.0000
बॉर्जेसstar	0.0000	-0.7920	0.0830
बॉर्नियाpoland.	0.4170	0.3330	0.3750
बॉल	-0.2300	0.7600	0.1220
बॉसनेस	-0.6670	0.6670	0.8570
बॉसी	-0.5200	0.6480	0.5000
बॉस्कन	0.0000	0.0000	-0.5240
बॉस्क्यूली	-0.9100	0.3010	-0.4360
बॉस्बील	-0.6670	0.6670	-0.1480
बो-	0.0000	-0.0950	0.5710
बो-नेट	-0.1880	0.0180	-0.0540
बोई	0.3340	-0.1400	-0.1080
बोउक्स	0.1240	0.4380	0.0940
बोउत	-0.1670	0.6250	0.7620
बोउशनेस	-1.0000	0.6670	-0.7080
बोज़ॉज	-0.6670	0.5830	-0.6300
बोज़ॉद	-0.6670	0.7220	-0.4580
बोजो	-0.2240	-0.2720	-0.4040
बोझ	-0.2660	0.1660	0.3940
बोझिल	-0.1420	0.0380	0.1300
बोडोडोमर	0.5420	-0.5190	-0.2960
बोडोन	0.3330	-0.3330	-0.1430
बोतल	-0.1235	-0.3550	-0.3180
बोतल-	0.0420	0.5560	0.0000
बोतलदार	0.0000	-0.4760	0.0000
बोतलब्रुश	0.2380	0.0000	-0.2920
बोतलर	0.0000	0.5420	-0.0420
बोन	-0.7515	0.2955	-0.3345
बोने	0.2345	-0.4303	0.0500
बोबॉन	0.2040	-0.0200	0.0340
बोया	0.3330	-0.5830	0.0740
बोयोचेName	0.4760	-1.0000	0.0000
बोर	-0.2300	-0.3260	-0.4720
बोरबगगर	-0.6670	0.6670	0.5420
बोरिंग	-0.6670	1.0000	0.5830
बोरी	-0.7330	0.6670	0.5560
बोरीर	-0.5000	1.0000	0.7040
बोरॉन	-0.0590	-0.1200	-0.1520
बोरॉनाperu.	-0.2960	0.6190	0.5190
बोरॉनी	-0.5830	-0.3330	-0.1900
बोर्ड	-0.0653	-0.1459	-0.0354
बोर्डपर	0.2860	-0.0380	0.0980
बोर्डर	0.2080	-0.1200	-0.0500
बोर्डरूम	0.1100	0.1320	0.3220
बोर्डिंग	-0.1150	-0.4315	-0.0955
बोल	0.3487	0.1487	0.1600
बोलता	0.3600	0.0720	-0.1160
बोलने	-0.0830	-0.9630	-0.8330
बोलिक	0.0200	0.0800	0.2760
बोलिकता	0.0000	-0.6670	0.3330
बोलियाईName	0.6670	0.6250	0.8520
बोलीली	0.0000	0.0000	0.2080
बोले	0.1665	0.1335	-0.1800
बोले-	-0.3330	-1.0000	-0.4580
बोलें	0.5300	-0.0560	0.0000
बोलेटाईट	0.6670	1.0000	0.9260
बोलेल	-0.6670	0.4440	-0.6250
बोलैंडusa.	-0.3665	-0.6075	-0.5810
बोलैंडनेस	-0.3330	-0.7040	-0.5830
बोलॉगनाusa.	-0.2860	0.0000	-0.2080
बोल्ट	0.0000	-0.8150	-0.2960
बोल्टल	0.0000	-0.5930	0.1250
बोल्टलैंडusa.	-0.6670	-0.4580	-0.4810
बोल्टी	0.0000	0.0000	0.3680
बोवरेत	-0.1660	0.0000	-0.1780
बोवावर	0.6670	-0.1110	0.1430
बोह	-0.4900	0.1380	0.0840
बोहीश	-1.0000	0.6670	-0.3330
बोहून	-0.3120	0.3020	-0.4200
बोहूनिशName	-0.7140	0.6670	-0.8750
बोहूनी	-0.6670	0.7040	-0.6670
बोहेचेन	0.3810	0.6670	-0.0740
बोहेहेचेन	0.2440	0.0000	-0.1860
बोिशिशName	-0.8330	0.5930	-0.5190
बौछार	-0.2745	-0.2985	-0.2480
बौछार-	-0.6670	1.0000	0.1480
बौद्ध	-0.2418	-0.0332	0.4574
बौद्धिक	0.5720	0.1542	0.6920
बौद्धिकता	0.8000	0.0950	0.8750
बौद्धिकवाद	1.0000	0.0420	0.9170
बौद्धिकीकरण	0.6670	0.6670	0.7410
ब्ब्लाइड	0.0000	0.6250	-0.5830
ब्ब्लियाल	0.0000	-0.5710	-0.3750
ब्ब्लॉइडर	0.5420	0.9580	0.6250
ब्याज	-0.2634	-0.2540	-0.2566
ब्याह	0.0940	0.3335	0.0875
ब्याही	-0.2080	-0.1280	-0.3260
ब्यूटेन	-0.1350	-0.0500	-0.2450
ब्यूटेनिक	-0.2200	0.0300	-0.1060
ब्यूनी	0.6670	0.6670	-0.6670
ब्यूब	0.6670	-0.9050	0.6670
ब्यूब्बी	-0.6670	0.2500	0.4810
ब्योर	-0.8100	-0.3330	-0.5420
ब्रबाचमेंट	-0.7140	1.0000	-0.6670
ब्रलैंडjamaica.	-0.2700	-0.3840	-0.2180
ब्रह्मांडीय	0.2308	-0.0902	0.2705
ब्रांगलोbelize.	0.1240	-0.2960	-0.1880
ब्रांडी	0.2000	0.1800	-0.0260
ब्राउज़	0.2700	0.5000	0.1840
ब्राउज़र	0.2060	0.1160	0.1940
ब्राउजिंग	0.3330	0.3330	0.0000
ब्रागाworld.	-0.2350	-0.4410	-0.3860
ब्रागाटनworld.	-0.2080	0.6670	1.0000
ब्रागाडोusa.	-0.1670	-0.5560	-0.8520
ब्रागादworld.	-0.6670	-0.2920	-0.1110
ब्रागानियाasia.	0.6250	0.7620	0.4290
ब्रागाबोराasia.	-0.2320	0.0620	-0.7120
ब्रागाबोवाद	-0.4440	0.6300	-0.6250
ब्रागामेन	-0.5710	-0.5000	-0.6670
ब्रागाम्पिन	-0.6670	0.6250	-0.8330
ब्रागालैंडsweden.	0.6670	-0.1670	0.0000
ब्रागास	0.6670	0.4760	0.0000
ब्राज़ानpanama.	0.3340	-0.0360	0.1600
ब्रान	0.3760	-0.1340	-0.0340
ब्राबाब	0.1220	-0.0900	-0.2600
ब्राबायाjapan.	0.5200	-0.1180	0.1120
ब्राबास	-0.2800	0.6280	0.1040
ब्राबियाईName	0.0000	0.0480	0.0000
ब्राबॉइडusa.	0.6250	-0.0950	0.1670
ब्राबॉबॉ	0.0000	-0.5830	0.0420
ब्राहमस्टरusa.	0.0400	-0.2120	-0.3020
ब्रिज	0.4030	0.1343	0.5260
ब्रिसन	0.1460	-0.1340	0.1140
ब्रिसिसनेस	0.6670	-0.2920	-0.2080
ब्रिस्टी	0.4810	0.6670	0.0480
ब्रीकील	0.5000	0.2860	0.0000
ब्रीग्रोcolombia.	0.3330	-0.2500	-0.5190
ब्रीज	0.3658	0.2903	0.0288
ब्रीजमेंट	-0.5560	0.5560	-0.5420
ब्रीजमैन	-1.0000	0.8750	0.0830
ब्रीजर	-0.7620	0.6670	0.4070
ब्रीजिस्ट	-0.1900	0.5560	0.4760
ब्रीडलोusa.	-0.7140	0.7080	-0.5830
ब्रीन	-0.3340	-0.0380	-0.2780
ब्रीनी	0.5940	0.1585	0.0900
ब्रीफ़केस	0.0840	-0.4630	-0.1160
ब्रीयरusa.	-0.0060	-0.1040	-0.1860
ब्रीर	-0.0140	-0.2500	-0.1860
ब्रीरो	0.6670	0.6670	0.1250
ब्रीशका	0.1900	-0.5830	0.0000
ब्रीशाइजेशन	-0.6670	-0.6670	0.5930
ब्रुश	-0.0200	-0.4700	-0.6280
ब्रेक	-0.1665	0.1400	0.0960
ब्रेकआउट	-0.4080	0.0660	-0.3100
ब्रेकपाइंट	0.0000	0.5560	0.4760
ब्रेकर	-0.3540	0.0540	0.0400
ब्रेकिंग	-0.2098	0.4020	0.2138
ब्रेकिंग्स	-0.0620	0.1760	-0.1220
ब्रेकेज	-0.6670	-0.1900	-0.5560
ब्रेकेट	0.0000	0.6670	0.2590
ब्रेकेटर	0.0480	0.5000	0.2960
ब्रेकेबल	-0.6120	0.3340	-0.1840
ब्रेक्ड-	-0.6670	0.7040	-0.4170
ब्रॉकीusa.	-0.6670	0.2920	-0.5420
ब्रॉफ़िक	0.0000	-0.0420	0.2920
ब्रॉर्नोस	0.3330	-0.5560	0.4290
ब्रोब	-0.1900	-0.7080	-0.2220
ब्रोशर	0.1040	-0.5480	-0.2180
ब्रोसटन	0.2860	-0.2400	0.1600
ब्लचियाँ	-0.2700	-0.0860	-0.3340
ब्लब्बर	-0.3548	-0.1168	-0.4508
ब्लश	0.1250	-0.1070	-0.2590
ब्लशनेस	-0.3750	-0.6670	-0.6670
ब्लशिंग	0.0200	0.5780	-0.4240
ब्लशित	0.3330	0.4440	-0.6250
ब्लाइडर	0.1850	0.7410	-0.0830
ब्लाइडली	-0.0480	-0.0370	-0.2220
ब्लाब्ड	-0.3330	-0.6670	-0.5560
ब्लिंक	0.1040	-0.3680	-0.3520
ब्लिंकर	-0.3330	0.5930	0.0000
ब्लिक	0.0757	0.0720	0.3487
ब्लितिंग	-0.6670	0.3700	-0.5830
ब्लिलल	-0.2240	-0.2740	-0.0720
ब्लिलीName	-0.8520	0.6670	-0.5190
ब्लिलेल	-0.1640	-0.1540	-0.1480
ब्लिसलर	-0.5000	1.0000	0.5930
ब्लू	-0.4131	-0.0092	-0.2311
ब्लू-	0.6670	-0.7500	0.0000
ब्लूJALJEKt	0.0000	0.6250	0.5560
ब्लूग्रल	0.6670	0.5830	0.4760
ब्लूग्रास	0.1460	-0.1180	-0.2100
ब्लूग्रिंग	0.4800	-0.1960	0.0900
ब्लूज़	-0.6110	0.6670	0.1670
ब्लूज़ेडName	0.2440	-0.1800	-0.0180
ब्लूटूथ	0.0000	0.0830	0.1900
ब्लूबरा	0.7080	-0.3810	0.0000
ब्लूबरी	0.3120	-0.6300	-0.2700
ब्लूबुक	0.1670	-0.6670	0.2220
ब्लूम	0.0000	-1.0000	-0.5190
ब्लूमनेस	0.3330	-0.3750	-0.1670
ब्लूमाName	0.2700	0.0400	-0.3800
ब्लूमैन	0.1900	0.6300	0.4580
ब्लूरबर्ड	0.1460	-0.3000	-0.1000
ब्लूलॉक	-0.6670	0.6670	0.1110
ब्लेंड	0.1200	-0.1640	0.2740
ब्लेंड-	-0.2040	0.0380	-0.2260
ब्लेंडर	0.1220	0.1800	0.0180
ब्लेंडिंग	0.0000	0.3810	0.3810
ब्लैंटिअन	-0.6670	0.6670	0.7920
ब्लैंटी	-1.0000	0.6670	0.7500
ब्लैगर	-0.2020	0.0740	-0.1460
ब्लैच	-0.1430	0.1920	0.2500
ब्लैचनेस	-0.6110	0.6670	0.6250
ब्लैचलर	-0.2960	0.2960	-0.4810
ब्लैड	0.1420	-0.1380	-0.3310
ब्लैडिशName	0.1330	-0.6670	0.0000
ब्लैण्ड	0.9330	-0.3330	-0.1850
ब्लैण्डनेस	-0.2710	-0.3335	-0.0720
ब्लैण्डबाक्स	-0.4580	1.0000	0.3700
ब्लैण्डर	-0.1865	0.4895	-0.1084
ब्लैण्डल	-0.6045	0.6740	-0.3065
ब्लैण्डे	0.6670	-0.0370	0.1430
ब्लैण्ड्स	-0.1220	-0.2200	-0.1440
ब्लैथ-	-0.1330	-0.7080	-0.3330
ब्लैन्टिस्ट	0.6670	0.6300	0.6300
ब्लैन्टेट	-0.0200	-0.4280	-0.4000
ब्लैबनेस	-0.7140	-0.6670	0.7080
ब्लैबिश	-0.6670	-0.5000	0.5000
ब्लैब्स	-0.7040	-0.5560	0.7500
ब्लैम्पर	-0.4763	0.6670	0.2767
ब्लैम्पिंग	0.2240	0.0600	-0.3520
ब्लैयर	-0.1850	-0.0480	-0.2220
ब्लैरो	0.4580	0.0200	-0.0400
ब्लॉइड	0.0393	-0.0267	0.2177
ब्लॉइडनेस	0.1280	-0.2223	-0.1110
ब्लॉइडल	0.0830	-0.4810	0.0000
ब्लॉइन	-0.1420	-0.0560	-0.2940
ब्लॉक	-0.3588	-0.1585	0.0528
ब्लॉक-	-0.2400	0.0380	0.0200
ब्लॉकबस्टर	0.4600	0.3520	0.7660
ब्लॉकर	-0.3750	0.6670	0.8150
ब्लॉकिश	-0.6670	-0.5190	-0.4170
ब्लॉकेज	-0.5000	0.2160	-0.1120
ब्लॉक्स	0.0000	-0.5000	0.0000
ब्लॉग	0.1945	0.2235	0.2175
ब्लॉज़	0.1800	0.0860	-0.2000
ब्लॉटा	0.3700	0.6670	0.5560
ब्लॉड	0.1800	-0.0200	-0.0200
ब्लॉद	0.3960	0.0900	-0.1760
ब्लॉनिक	0.0950	-0.8750	0.4070
ब्लॉनी	0.1240	-0.2160	-0.2400
ब्लॉप	0.1240	0.0580	-0.2880
ब्लॉफ	-0.1550	-0.4200	-0.4980
ब्लॉफनेस	-0.6670	-0.4440	-0.7780
ब्लॉफ़	-0.1640	-0.4280	-0.2460
ब्लॉब	-0.3148	-0.1558	-0.4886
ब्लॉबक	0.6670	0.7080	0.2500
ब्लॉबरेट	-0.3540	0.2800	-0.1560
ब्लॉबिंग	-0.7140	0.6670	0.5930
ब्लॉबिक	0.1670	0.3335	0.4190
ब्लॉबिकी	-0.6670	-0.3885	0.0625
ब्लॉबेबल	0.7080	-0.3330	-0.2500
ब्लॉब्ससेंटusa.	-0.5420	-1.0000	-0.5830
ब्लॉय	-0.6670	-0.6670	-0.6670
ब्लॉयर	0.0140	-0.5415	-0.1295
ब्लॉयरल	0.1040	-0.0200	-0.0600
ब्लॉयरिटी	-0.6670	-0.2590	-0.4440
ब्लॉर	-0.7080	0.6670	-0.7140
ब्लॉरर	-0.6670	0.5930	-0.6670
ब्लॉरस	-0.6670	0.6670	0.3330
ब्लॉरी	-0.3670	0.3920	-0.2605
ब्लॉर्नर	-0.5560	0.5000	-0.2960
ब्लॉलर	-0.2860	1.0000	0.3700
ब्लॉलेस	0.0000	0.0000	-0.2380
ब्लॉल्स	-0.6670	-0.8750	-0.6670
ब्लॉवर	0.3960	-0.1880	-0.4100
ब्लॉश	-0.5840	0.0380	0.1960
ब्लोइन	-0.1020	-0.4900	-0.2940
ब्लोके	-0.1000	-0.0420	0.0900
ब्लोर	0.5420	0.0000	0.4810
ब्ल्यून	-0.1520	-0.3880	-0.4640
ब्वेरोसाperu.	0.0000	-0.4810	0.7780
भंखिया	0.0840	-0.2740	0.1640
भंघ	-0.3920	-0.0300	-0.3580
भंघाई	0.5420	0.6300	0.1900
भंघिश	0.5930	0.6250	0.4580
भंघिशName	-0.6670	-0.6670	-0.7410
भंघुंग	0.6670	0.0000	0.7780
भंडार	0.1808	-0.2194	0.1840
भंडारण	0.3960	-0.1880	0.1280
भंडारित	-0.0341	-0.2195	0.0617
भंडारी	0.0000	-0.5830	0.2220
भंडार्ड	-0.3700	-0.6670	-0.5930
भंवर	-0.1321	0.0883	-0.0182
भंवरकी	0.4160	-0.2540	0.1280
भंवरना	-0.5240	0.0300	-0.1460
भंवरा	-0.3540	0.2460	0.2180
भंवराणी	0.5560	-1.0000	0.2590
भंवरिंग	-0.3330	-0.7780	-0.6300
भंवरित	-0.6880	0.4280	-0.4620
भक्ति	0.8750	-0.7920	0.9170
भक्‍ति	0.3243	0.0945	0.2700
भक्‍तिहीन	-0.1478	-0.2637	-0.0807
भजन	0.3500	-0.4880	0.1500
भजनकार	0.2860	0.0370	0.3700
भजनबुक	0.6300	-0.9630	0.1250
भजनहार	0.0555	0.5955	0.4570
भजनीय	0.5560	-0.9050	-0.2220
भटक	-0.5873	0.2367	-0.2867
भटकता	-0.2119	0.2045	-0.3313
भटकतानेस	-0.6670	-0.6670	-0.5420
भटकते	0.6670	0.6670	0.4170
भटकन	-0.3319	-0.1348	-0.1686
भटकना	0.0000	0.6670	-0.5240
भटका	0.6190	0.5930	0.7080
भटकें	-0.4270	0.0770	-0.4340
भट्टी	-0.1420	0.0580	0.0000
भड़क	-0.6670	1.0000	-0.4580
भतीजे	0.4380	-0.3260	-0.1760
भय	-0.7375	0.2367	-0.5022
भयंकर	-0.7059	0.6358	0.0037
भयंकरता	-0.6714	-0.1068	-0.2753
भयंकरीक	-1.0000	1.0000	0.7140
भयानक	-0.5350	0.6478	0.1651
भरने	-0.3540	-0.1760	-0.3200
भरनेवाला	0.0620	-0.3060	0.0580
भरपूर	-0.7153	-0.6163	-0.7040
भरा	-0.1018	0.2068	0.0660
भरी	-0.5280	-0.2083	-0.0993
भरें	0.0934	0.0718	-0.0340
भरेंवो	-0.4290	1.0000	0.8890
भरोसा	0.7335	-0.3389	0.4115
भरोसा-	0.9330	-0.6670	0.6670
भरोसे	1.0000	-0.5420	0.5690
भरोसेमंद	0.8204	-0.4321	0.5017
भलाई	0.9380	-0.3580	0.4300
भली-भाँति	0.1237	0.2263	0.4680
भविष्य	0.0507	-0.1947	-0.0537
भविष्यवाणियों	0.0000	-0.5000	0.5000
भविष्यवाणी	0.1472	0.3247	0.4570
भविष्यवाणीर	-0.2570	0.2705	0.0095
भविष्यसूचक	0.3337	0.3907	0.5860
भव्य	0.6480	-0.0260	0.2500
भव्यता	0.6665	0.3545	0.8495
भस्म	-0.1460	0.2400	0.0180
भाई	0.5564	-0.2280	0.2028
भाई-	-0.5310	-0.4110	-0.6430
भाईच	-0.1240	-0.1220	0.3500
भाईचारे	0.9067	-0.3700	0.2793
भाईचेट	0.6670	0.0000	0.0000
भाईमाइन	0.0000	-0.5000	0.0000
भाईवां	0.0000	-0.5100	-0.6640
भाईिलर	0.0830	0.6670	0.2960
भाग	-0.0361	0.1935	-0.0759
भागने	0.0560	0.5560	-0.4070
भागर	0.1775	0.4165	0.5345
भागिए	-0.3920	-0.0200	-0.3160
भागी	0.5100	0.3120	0.2580
भागें	0.3750	0.3330	0.0480
भाग्य	0.3749	-0.0080	0.2584
भाग्यवाद	0.9170	0.0000	-0.1670
भाग्यवादी	-0.6670	-0.5560	-0.7080
भाग्यशाली	0.7787	0.3073	0.4000
भाग्यहीन	-0.5435	-0.2920	-0.4315
भाग्यी	-0.6300	0.5000	-0.4070
भाज्य	-0.3540	-0.0760	-0.1780
भाप	0.0271	0.0135	-0.0752
भाप-	-0.6670	0.9580	1.0000
भार	-0.5415	0.1085	-0.0975
भारत	0.1260	-0.3260	-0.3680
भारदार	-0.5240	0.6670	0.4810
भारी	-0.2189	0.1138	-0.0423
भारी-	-0.2502	-0.0094	-0.0390
भारी-सेट	-0.3810	-0.6670	0.5420
भारीपन	0.3335	-0.5260	-0.0480
भाला	-0.1050	0.0820	-0.0350
भालामछली	0.3890	0.7500	0.2960
भालामिनिट	0.5830	-0.2960	0.0000
भालामेन	0.0000	0.6670	0.5560
भालू	-0.2760	0.3026	0.0607
भालूनेस	0.5190	-0.6250	-0.3330
भालूपन	-0.6670	-0.6670	-0.2860
भाव-चिह्न	0.1670	0.3145	0.0935
भावना	0.5310	-0.0462	-0.0282
भावनाओं	0.5420	0.0960	-0.3620
भावनात्मक	-0.1665	0.5740	-0.2615
भावनात्मकता	-0.3330	0.6670	-0.0480
भावनारहित	-0.6250	-1.0000	-0.1670
भावात्मक	0.0080	0.5475	-0.2030
भावात्मकता	0.0420	0.5930	-0.4440
भावी	0.2920	0.1800	0.2940
भावुकता	0.5830	0.6670	-0.5420
भाषण	-0.1783	-0.2923	0.0187
भाषण-	0.0480	0.6670	0.6670
भाषा	0.2932	-0.0354	0.3940
भिखारी	-1.0000	-0.6250	-0.9260
भिन्न	-0.0760	0.0721	0.0640
भिन्नता	0.0733	0.0864	0.1374
भिन्नताएँ	-0.5840	-0.0360	-0.2780
भिन्नताओं	0.4065	-0.1000	0.1225
भी	0.0000	-0.0127	-0.0847
भीख	-0.4160	0.0690	-0.4700
भीड़	-0.1193	0.4444	0.3151
भीतर	0.0860	-0.1787	0.0585
भीतरी	-0.2179	0.0647	-0.0906
भीतरीता	0.0000	-1.0000	-0.5710
भुगतान	0.0549	0.0118	0.2136
भुगतानफोन	-0.0620	-0.2800	-0.2600
भुजाएंstar	0.3330	-1.0000	0.0000
भुजाओं	-0.6670	0.7410	-0.3960
भुजाओंकण्ड	0.0000	0.0740	-0.5420
भू	0.1113	0.1207	0.2983
भू-	0.4377	0.1553	-0.0120
भूकंप	-0.0885	0.2898	0.5925
भूकंपी	0.0670	0.5240	0.2960
भूकंपीय	-0.3540	0.8500	0.1560
भूकंपोग्राफ	0.0000	0.6670	0.0000
भूकंपोग्राफर	0.0000	0.6670	0.5190
भूकंपोग्राम	0.0000	0.5560	0.2590
भूकेंद्र	0.0000	0.6670	0.8150
भूकेंद्री	0.0000	0.1275	0.8540
भूख	-0.6105	0.1573	-0.3456
भूखा	-0.8340	0.3800	-0.4920
भूगोल	0.4380	-0.7000	0.1060
भूटान	0.1087	-0.2923	-0.0100
भूत	-0.1487	0.0350	0.2615
भूनारियम	0.2700	-0.5000	-0.0840
भूनास्टिक	0.0000	0.0000	0.2500
भूमध्य	0.0667	-0.2847	0.1347
भूमि	0.3330	-0.6670	0.9630
भूमि-	-0.3335	-0.5835	-0.2780
भूमि-प्रपात	0.0420	-0.1320	-0.1860
भूमिका	0.4570	0.0533	0.3143
भूमिमासेस	0.0000	-0.5420	-0.1670
भूमिशेक	0.5420	-0.0740	0.7040
भूरा	-0.0420	-0.6190	0.0000
भूराः	0.1020	-0.6160	-0.5620
भूराःcolor	-0.2038	-0.1209	-0.3611
भूल	-0.3392	-0.0196	-0.4066
भूविज्ञान	0.1350	-0.6790	0.2265
भूविज्ञानिक	0.0000	-0.5830	0.1900
भूसे	-0.3340	-0.3460	-0.6240
भेंट	0.4292	-0.1382	0.0860
भेंटक	-0.4170	0.7080	0.7920
भेज	0.1360	0.4520	0.4080
भेजना	0.5930	0.6670	0.2920
भेजने	0.3750	0.6250	0.5930
भेजा	-0.7600	0.5640	0.1220
भेजी	0.0000	0.3330	0.0000
भेजे	0.5560	-0.5420	0.9170
भेजें	0.3260	-0.0400	0.0740
भेड़	-0.0540	0.0330	-0.1367
भेड़-	-0.0366	-0.4322	-0.4396
भेड़िया	-0.1040	0.4240	0.2600
भेड़ियापन	-0.6250	0.6670	1.0000
भेड़ियािश	-0.5000	0.6670	0.8275
भेड़ियों	-0.3330	0.7080	0.7040
भेड़ों	-0.2327	-0.1147	-0.2433
भेद	-0.8520	-0.5710	0.6250
भेदक	-0.1670	0.6670	0.6670
भेदभाव	-0.7560	0.1500	-0.4820
भॉय	-0.2960	-0.6670	-0.8890
भोग	0.4760	0.6670	0.1330
भोजन	0.1864	-0.1409	-0.0309
भोजन-	0.5905	-0.1665	0.1020
भोजन-क्रम	-0.2700	0.2160	0.0160
भोजनक	0.3335	0.2915	0.6010
भोजनर	0.2860	-0.3960	0.0760
भोजनी	0.5430	-0.0350	-0.0635
भौगोलिक	0.0990	-0.5132	0.2060
भौतिक	-0.0633	-0.2875	0.1683
भौतिकवादी	-0.2465	-0.3275	0.2555
भ्रम	0.1580	0.3253	-0.0087
भ्रमण	0.0480	0.6250	0.5710
भ्रमणर	0.4080	0.4020	0.1080
भ्रष्ट	-0.9867	0.3030	-0.1867
भ्रष्टता	-0.8335	-0.6485	-0.2260
भ्रष्टाचार	-0.8000	0.4965	-0.1730
भ्रूण	0.3918	0.2900	0.2598
भ्वाएस	-0.0840	-0.0940	-0.1880
मंगल	0.0000	0.1457	0.2435
मंच	-0.1195	0.1050	-0.0630
मंत्र	-0.1790	0.3697	0.3037
मंत्री	0.2712	-0.1514	0.4690
मंदिर	0.4140	-0.4760	0.2340
मई	0.2755	0.2545	0.2450
मकई	-0.0725	-0.4705	-0.2080
मकके	0.3330	-0.1480	0.0000
मककेस	0.4580	-0.3080	-0.2900
मकको-	0.0000	-0.8150	-0.1110
मकड़ी	-0.2425	0.0927	-0.0090
मका	0.0620	-0.5000	-0.3720
मकाउस्क	0.0000	-0.7920	0.0000
मकान	-0.3160	-0.1665	0.6915
मकी	-0.1040	-0.2600	-0.5580
मकॉवर	0.6670	-0.9050	-0.0830
मक्काबौती	0.0000	0.0000	0.0000
मक्खन	0.1753	-0.3983	-0.3176
मक्खनबाल	0.1670	-0.7780	-0.2080
मक्खियों	-0.3330	0.9580	0.0000
मक्खी	0.1670	-0.0825	-0.0580
मक्खी-	-0.0830	0.1905	0.0595
मक्खीउण्ड	0.0820	0.2940	0.1460
मगर	-0.1840	-0.1740	0.0520
मगरमच्छ	-0.5725	-0.1255	-0.2050
मच्छर	-0.4140	-0.2550	-0.6020
मछली	-0.1278	0.0454	-0.1440
मछली-	-0.6670	0.0950	-0.4070
मछली-net	0.1250	0.0000	0.0000
मछलीती	0.0000	0.5560	-0.1110
मछलीनी	0.0000	-0.0830	0.0000
मछलीपिण्डusa.	0.0000	0.0000	0.0480
मछलीबर्गर	0.3330	0.2960	0.0000
मछलीब्रोटोन	-0.0420	-0.0370	0.0000
मछलीरी	0.1480	0.0060	0.0380
मछलीली	0.6670	0.8330	0.3700
मछलीीकेasia.	0.3330	-0.6670	0.0000
मजदूर	1.0000	0.5240	0.2500
मजदूरी	0.5520	-0.1200	0.2400
मजबूत	0.2544	0.4074	0.6190
मजबूत-	0.9580	0.1110	0.8570
मजबूतमैन	0.5710	0.8330	1.0000
मजबूर	-0.3340	0.3080	-0.3060
मज़दूर	0.1220	0.0200	0.3960
मज़बूत	0.5785	0.6575	0.7445
मज़बूती	0.4072	-0.0804	0.4064
मज़ाक़	0.8990	-0.2860	0.1110
मज़ाकिया	0.9340	0.4360	0.1810
मजाक	0.5862	0.4478	-0.0530
मजेंटा	0.2700	-0.4500	-0.1700
मजेदार	0.6966	0.3778	0.0944
मजेदारName	-0.1273	-0.0397	-0.1940
मजेदारcolor	-0.2240	-0.3260	-0.6540
मजेदारनेस	0.7755	0.4765	0.0000
मजेदारमैन	0.6670	0.6670	0.5420
मजेदाराइड	-0.2380	0.4440	0.5930
मटर्टर	0.7040	0.4170	0.2920
मठ	0.1740	-0.6000	0.3200
मणि	0.7740	-0.4460	0.2485
मतभेद	-0.7920	0.2360	-0.5280
मतलब	0.0295	-0.4000	0.2000
मतलबी	-0.2240	-0.1600	-0.1920
मतिक	0.3880	0.1380	0.4100
मतिरी	-0.0067	-0.2793	-0.0727
मद	0.1360	-0.3290	-0.1010
मदद	0.2338	0.0615	-0.0814
मददmsg	-0.8260	-0.0400	-0.5000
मददलाइन	0.6670	0.5560	-0.3330
मधु	0.3020	-0.2407	-0.1090
मधुक	0.8670	-0.6670	-0.2380
मधुमक्खियों	0.1450	0.0370	-0.2130
मधुमक्खी	0.6670	0.6300	0.4070
मधुर	0.8120	-0.0520	0.0560
मध्य	0.0631	-0.1206	0.0222
मध्य-	-0.0060	-0.1000	-0.0444
मध्य-क्लास	0.5330	-0.0950	0.0000
मध्य-पश्चिम	0.0000	-0.0740	0.2080
मध्यम	-0.3960	-0.2360	-0.0800
मध्यलैंडusa.	0.0420	-0.1960	-0.0880
मध्यवर्ग	0.0000	-0.1480	0.6300
मध्यवाद	0.0000	0.3700	1.0000
मध्यस्थ	0.4045	-0.3025	0.2705
मन	-0.0247	-0.2981	-0.0735
मनन	0.1090	-0.6230	-0.1016
मननयोग्य	0.0000	-0.6670	0.3330
मनपसंद	0.4128	0.0794	0.2191
मनपसंदलेट	0.2080	-0.5180	-0.3020
मनमाना	-0.4380	0.4040	0.3720
मनमैप	0.6190	0.6300	0.4810
मनसेट	0.3140	-0.1320	0.3340
मनहीन	-0.6495	-0.3890	-0.7430
मना	-0.6712	0.0807	0.1682
मनाया	0.7500	0.3800	0.5260
मनाही	-0.3150	-0.2694	0.1014
मनीष	0.8780	-0.3800	0.3460
मनीषी	-0.6670	0.6670	0.1480
मनुष्य	0.1356	0.0027	0.2787
मनोभावचिह्न	0.0000	0.3330	0.1480
मनोरंजन	0.6028	0.1264	0.0694
मनोरोगी	-1.0000	0.7500	0.8570
मनोवृत्ति	0.4230	0.1860	0.5950
मनोवैज्ञानिक	-0.1460	-0.0510	0.2120
मन्द	0.2320	0.1188	0.1283
मन्दता	-0.6670	-0.6670	-0.4810
मन्दा	-0.1975	0.2940	0.2280
मन्दी	-0.6670	-0.6670	-0.7080
मन्नत	0.1200	0.0200	0.3280
मन्‍ना	0.3960	-0.4120	0.0880
मर	-0.7712	-0.1232	-0.4725
मरम्मत	0.4583	0.0707	0.2537
मरम्मतक	0.1640	-0.1480	0.4140
मरम्मतर	0.4290	0.6670	0.5240
मरम्मतिंग	0.4760	1.0000	0.0000
मरलैंडjapan.	0.4170	-0.5000	0.2080
मरा	-0.6670	-0.6670	-0.5000
मरानीName	0.6670	0.3330	0.6190
मरियम	0.1584	-0.2374	-0.0344
मरियमपर	-0.4580	0.0900	-0.3840
मरी	-0.7950	0.2560	-0.3620
मरीआ	0.4170	0.6670	0.5240
मरीज	-0.6020	0.4510	-0.3890
मरीजिया	-0.2455	0.3205	0.3330
मरीन	-0.1380	-0.0860	-0.2660
मरेल	-0.0200	-0.3460	-0.1040
मर्क्यूट	-0.3330	-0.5930	0.6670
मर्क्यूटेनमेंट	-0.6670	-1.0000	-0.2590
मर्क्यूर	-0.6670	-0.5190	0.5710
मर्क्यूरी	-0.2440	-0.1480	-0.1000
मर्क्यूल	-0.4490	-0.0010	-0.2980
मर्क्यूशन	-0.0310	0.0030	0.3820
मर्क्यूस	0.0000	-0.5560	0.0000
मर्गन	-0.6880	0.1660	-0.5560
मर्फिनल	-0.0200	-0.0880	-0.1100
मर्बोस	0.2080	-0.5330	0.6190
मर्मोसेट	0.3330	-0.0420	-0.3750
मर्यादा	-0.0813	-0.1115	0.0865
मर्लाइन्स	-0.1880	0.5380	-0.1780
मर्सम	-0.1840	-0.0580	-0.3880
मर्सेन	-0.3330	-0.6670	0.6190
मल	-0.7490	-0.0068	-0.5042
मलकाज	-0.6670	0.8520	-0.6190
मलकाय	-0.4670	1.0000	-0.5830
मलकी	-0.3260	-0.3760	-0.0500
मलगरिक	-0.6670	0.0000	0.3330
मलगाघनी	-0.7960	0.8790	-0.1150
मलगाघानियाafrica.	-0.8160	0.7600	-0.1300
मलच	-0.3260	0.1600	0.0520
मलजीName	1.0000	-0.0740	0.0000
मलनामोनीName	0.5190	0.0000	0.4170
मलबा	-0.7300	-0.2080	-0.3460
मलमिश	0.0000	-0.7410	-0.2500
मलय	-0.0400	-0.2800	0.2700
मलामत	0.4475	-0.3100	0.3425
मलिडियनName	0.0200	-0.3520	0.1160
मलेरिया	-0.8335	0.4030	-0.5850
मल्टीकास्ट	-0.0123	0.0247	0.2597
मल्टीप्लेक्सर	0.0000	0.7220	0.6670
मल्टीप्लेयर	0.4760	0.7620	0.5000
मल्टीवेवर	0.0000	0.5190	0.6670
मल्टीसेंट्रिक	0.0000	0.6670	0.3750
मशाल	0.2530	0.3300	0.0865
मशालवुड	0.0000	-0.0830	0.0370
मशीन	0.1180	0.0000	0.6333
मशीनgnukraine.	-0.5420	1.0000	0.9260
मसख़रापन	-0.6208	0.5296	0.0860
मसीह	-0.8360	0.6740	0.0880
मसीहा	0.5620	0.2680	0.6000
मसूड़ों	-0.0571	-0.0672	-0.1969
मसौदा	0.1456	0.2876	0.0142
मसौदामान	0.1430	0.5830	0.5930
मस्तिष्क	-0.0530	0.0210	0.1595
मस्तिष्कवर्क	0.6670	0.6670	0.7140
मस्तिष्कवर्कर	0.5000	0.5830	0.6300
मस्तिष्कवाव	0.6670	0.7410	0.4070
मस्तिष्कीयता	0.7080	0.0000	0.5830
मस्ती	0.1240	0.1040	-0.2123
मस्तीदारstar	0.6670	0.1480	0.3330
महँगी	0.1565	0.1025	0.0855
महँगेपन	-0.3330	0.0000	0.3330
महत्त्व	0.6400	-0.0800	0.2880
महत्व	0.4430	-0.2900	0.2720
महत्वपूर्ण	0.5004	0.1114	0.5969
महत्वपूर्णता	0.6670	-0.5190	0.8150
महत्वाकांक्षा	0.0200	0.6080	0.3220
महल	0.3050	-0.2840	0.0720
महलेName	-0.3330	0.6670	0.2860
महसूस	0.2380	0.0286	0.0402
महसूसर	0.0000	0.4070	-0.2960
महाकायल	0.0000	0.3330	0.1850
महाजाल	0.0000	0.6670	0.6250
महाद्वीप	0.1020	-0.2540	0.6660
महाद्वीपीय	0.0100	-0.1500	0.5170
महान	0.7927	0.2193	0.3027
महानता	0.9950	-0.0935	0.8510
महामारी	-0.7385	0.6158	0.1470
महाविकास	0.1900	0.3810	0.5710
महासागरीय	0.2223	-0.1730	0.4057
महासागरीयName	0.0000	-0.4760	0.6300
महिमा	0.4372	0.0854	0.3944
महिला	0.3008	0.1230	-0.0641
महिला-	0.1840	0.1180	0.0760
महिलाftance.	0.3750	-0.3330	-0.0420
महिलाउत	-0.6670	0.6670	-0.4440
महिलाओं	0.4447	-0.0280	-0.2573
महिलारबर्ड	0.6670	-0.4580	-0.2860
महिलाशिप	0.1220	-0.0400	0.6440
मह्त्वपूर्ण	0.6460	0.2040	0.9550
मह्त्वपूर्णता	-0.1200	-0.4280	-0.4000
माँ	0.7935	-0.2497	0.2860
माँग	-0.0730	-0.1050	0.4158
माँमा	0.6660	-0.1760	0.0540
माँलैंडjamaica.	0.3540	-0.2500	0.4620
माँस	-0.3750	-1.0000	-0.9440
मां	0.2020	-0.0950	0.1130
मांएँ	-0.6670	-0.9170	-0.6250
मांग	-0.1715	0.3618	0.2022
मांगनीName	0.0000	0.0000	0.0370
मांटेट	0.3330	-0.8330	-0.2080
मांटेरी	0.0490	-0.0615	0.0380
मांटेलीन	0.0000	0.2590	0.0000
मांदे	0.3330	0.6670	0.5420
मांप	-0.6670	-0.6670	-0.8890
मांफिंग	-0.8580	0.6460	-0.2540
मांबोusa.	-0.1420	0.0120	-0.3280
मांस	0.0313	0.1750	0.1413
मांसक	0.2505	-0.1630	0.2045
मांसबाल	0.2240	-0.4420	-0.3140
माइक्रो	0.5710	0.5000	0.9580
माइक्रो-	0.0000	0.5930	0.4580
माइक्रोकोड	0.0000	0.4170	0.6110
माइक्रोक्शनर	0.5930	0.5710	0.6250
माइक्रोग्राफ	0.0370	-0.2500	0.0830
माइक्रोग्राफी	0.6190	0.2860	0.3330
माइक्रोग्राम	-0.0347	0.2700	0.1257
माइक्रोग्राम्सन	0.0000	0.3700	-0.6190
माइक्रोटोन	0.0000	0.0000	0.0000
माइक्रोपिपेट	0.0000	0.5000	0.2860
माइक्रोप्रोटोग्राफ	0.1110	-0.8750	0.0000
माइक्रोप्रोबे	0.0000	0.5930	0.5560
माइक्रोप्रोसेसर	0.6670	0.4810	0.9050
माइक्रोफ़ॉर्म	-0.4900	-0.1000	-0.3200
माइक्रोफ़ॉर्मर	0.0000	0.6670	0.5000
माइक्रोफ़ॉर्मल	0.0480	0.0000	0.0740
माइक्रोफ़ॉर्मिक	0.0000	0.0000	0.0740
माइक्रोफ़ॉर्मिक्स	0.0000	0.2500	0.5420
माइक्रोफ़ॉर्मूला	0.1670	-1.0000	0.0000
माइक्रोफ़ॉर्मेंस	0.0000	-0.6670	0.0000
माइक्रोफ़ॉर्मेंसी	0.6670	0.6670	0.9520
माइक्रोफ़ॉर्मेचे	0.0000	-0.6670	0.0000
माइक्रोफ़ॉर्मेज	-0.3705	0.8240	0.4445
माइक्रोफ़ॉर्मेट	0.0017	-0.1027	0.0527
माइक्रोफ़ॉर्मेटworld.	0.1110	0.3330	0.2500
माइक्रोफ़ॉर्मेटिक	0.0000	-0.6670	0.0000
माइक्रोफ़ॉर्मेटिस	0.6670	0.5560	0.5420
माइक्रोफ़ॉर्मेट्स	0.0000	-0.3220	-0.0900
माइक्रोफ़ॉर्मेम्बर	0.3330	-0.0560	0.0370
माइक्रोफ़ॉर्म्स	0.0000	0.0000	0.0400
माइक्रोफोन	0.1020	-0.1380	-0.0760
माइक्रोबाल	0.0000	0.4580	0.1900
माइक्रोबिन्स	0.0000	0.0000	0.0480
माइक्रोमीटर	0.1460	-0.2840	-0.2120
माइक्रोमैनरकार	-0.2780	0.6190	0.9260
माइक्रोवाट	0.0560	0.0000	-0.1110
माइक्रोवाव	0.0840	-0.0060	-0.1140
माइक्रोवेबल	0.0420	0.0000	-0.1850
माइक्रोवेषण	0.0000	-0.8150	-0.1670
माइक्रोसेंकेंडunit-format	-0.1239	0.0440	0.0235
माइक्रोसेंकेंडusa.	-0.1220	-0.0800	-0.1753
माइक्रोस्कोप	0.1252	-0.0316	0.1455
माइक्रोस्टिक्स	0.0000	-0.5710	0.5000
माइग्रेन	-0.7300	0.5660	-0.3640
माइम	0.0177	-0.3370	0.1320
माइमoग्राफ	0.0830	0.5830	0.4440
माईन	0.0000	-0.2960	-0.1060
माउन्ट	0.3335	0.0835	-0.1520
माउस	0.0952	-0.0304	-0.0994
माउसName	-0.5240	-0.3330	-0.8570
माउसट्राप	-0.6400	0.2860	-0.3400
माउसबोर्ड	0.0000	0.0000	0.3330
माकरोटोन	0.7040	-0.8750	0.0000
माकु	0.1660	-0.2880	-0.2160
माचिजी	0.0200	-0.1740	-0.1500
माचिलिंग	0.6670	1.0000	0.7040
माचिस	0.1476	0.3969	0.0959
माजोनी	0.4580	0.0000	0.2220
माटेनिक	0.6190	-0.5830	0.4440
मातृ-	0.0000	0.4810	0.2670
मात्रा	0.0990	-0.1075	0.1236
मात्राएँ	0.2503	0.3740	0.3513
माथे	-0.0600	-0.3840	0.1120
मादा	0.3738	-0.1140	-0.2118
मादाबास	-0.6670	0.2860	-0.8330
मादाम	0.0000	-1.0000	0.0000
मादााइजर	-0.4380	0.6000	-0.0580
मान	0.1648	-0.1730	0.0546
मानक	0.4286	-0.2128	0.5088
मानक-	0.6670	0.7140	0.0000
मानकाइज़	0.3680	-0.2940	0.4580
मानकाइज़ेशन	0.6670	-0.2500	0.7500
मानकीकृत	0.2200	-0.3520	0.2140
मानगा	0.6300	0.6250	0.0000
मानचित्र	0.1220	-0.5420	-0.0740
मानडाल्ड	0.2500	-0.2040	-0.0180
मानयोना	0.4170	0.0000	0.0000
मानव	0.6095	-0.2293	0.3379
मानव-	1.0000	0.5190	0.5560
मानववाद	1.0000	-0.6670	0.3700
मानवाइज़	0.6670	-0.0480	0.5830
मानवाइज़ेशन	0.8100	0.5830	0.4580
मानवाइड	0.0420	-0.0760	-0.0180
मानवीय	-0.9465	0.2123	0.1867
मानवीयता	-0.1280	-0.1350	0.0820
मानसिक	-0.0430	0.3072	0.3197
मानसिक-	-0.6070	0.6670	-0.0625
मानसिकग्राफ	0.0000	0.6670	0.4170
मानसिकता	-0.2580	0.0494	0.1890
मानसिकताता	-0.0420	0.6670	0.5830
मानसिकतावादी	0.0420	0.2500	0.8890
मानसिकपथो	-0.9580	0.6250	-0.8150
मानसिक्रामा	0.6670	0.7140	-0.2000
माना	0.5692	-0.1734	0.1824
माप	0.0488	-0.1086	0.0740
मापक	-0.2605	0.3905	0.6645
मापदण्ड	-0.0210	-0.1520	0.3250
मापन	0.2200	0.2745	-0.1430
मापनी	0.0000	0.5560	0.4810
मापनीComment	-0.7500	0.6670	-0.1480
माफ	0.3118	-0.1406	0.0876
माफर	0.1665	-0.0185	0.2500
माफी	-0.0953	-0.3230	-0.2788
मामूली	-0.3230	-0.3170	-0.4420
मायकली	0.6240	0.1740	0.2300
मायको	-0.7220	-0.3330	-0.3890
मायलजिया	-0.6670	-0.5710	-0.6250
मायूस	-0.7500	0.8080	-0.1620
मार	-0.4952	0.6538	0.1998
मारक	-0.6600	0.8000	0.3540
मारकक	0.2040	-0.4320	0.0160
मारककर	0.4510	0.6260	-0.0430
मारक्सिटी	-0.1670	0.6300	0.8100
मारक्सिस्ट	-0.6670	0.6250	0.4810
मारगटाताName	0.5000	-0.1240	-0.1600
मारगालीusa.	-0.1660	-0.2540	-0.2500
मारबल	-0.4950	0.5340	0.2165
मारबलcolor	0.0420	0.0000	0.0000
मारबलज़िपन	0.3680	-0.2400	-0.4840
मारबलर	-0.7780	0.9580	0.9580
मारबली	-1.0000	0.6670	0.5930
मारबलोperu.	-1.0000	1.0000	0.9630
मारमोट	0.0480	-0.6670	-0.0830
मारस	0.0000	0.0000	0.0000
मारसकीनो	0.6670	-0.2960	0.0000
मारसोरा	0.3140	-0.2240	-0.1300
मारा	-0.6635	0.2605	0.0625
मारिफ़िक	0.4200	0.1180	0.2180
मारिमिमी	0.6250	0.3330	0.0830
मारिसरिएरhaiti.	0.0000	0.6670	0.5240
मारिसिडी	-0.6670	-0.1250	-0.1480
मारिसिसस्याusa.	-0.7400	0.3480	-0.3400
मारिसिसी	0.6560	0.0000	0.0380
मारिसी	0.2920	-0.0200	0.4260
मारी	-0.7340	0.9440	0.4280
मारीक	-0.6670	1.0000	-0.2960
मारीकोर्न-	0.5000	-0.6670	0.3330
मारुयू	-0.5000	-0.0580	-0.3160
मारे	-0.8700	0.1153	-0.6240
मारो	-0.0875	0.4855	0.3180
मारोटोनी	0.0420	0.0420	0.0000
मारोटोरिया	0.0000	0.1250	0.2080
मारोड	0.2860	0.7080	0.7040
मार्कअप	0.0410	0.2855	0.2145
मार्कर	0.0000	0.0475	0.2510
मार्कशिप	0.1460	0.0620	0.3280
मार्का	0.3330	0.6670	0.0000
मार्क्यूइन	-0.2500	0.0000	-0.2760
मार्ग	0.0833	-0.4440	-0.0353
मार्गदर्शक-	-0.6670	-0.6670	-0.9630
मार्गदर्शन	0.4863	0.2163	0.0473
मार्गवर	0.6670	-0.4070	0.4070
मार्गी	0.0370	0.6670	0.0000
मार्गी-	-0.0820	0.2720	-0.1280
मार्गेName	-0.3235	0.2615	-0.4880
मार्गेरिया	-0.1755	0.4400	0.4540
मार्गेव	-0.6670	0.6670	-0.5000
मार्च	0.1227	-0.2360	-0.0360
मार्चर	0.0000	0.6670	0.3810
मार्जग्राम	-0.3060	0.0400	-0.0700
मार्जर	0.5620	0.6780	0.7360
मार्जोराम	0.3330	-1.0000	-0.2220
मार्ज्जज़ाjapan.	-0.6670	0.4580	-0.5830
मार्टियनName	0.0000	0.0000	0.0370
मार्टेट	-0.1020	-0.4080	-0.3100
मार्ट्स	-0.0840	-0.3340	-0.3080
मार्बर्गर	0.5240	0.4170	0.0000
मार्बल	-0.3035	-0.6840	-0.6460
मार्बलता	0.6670	0.6670	0.0000
मार्बलर	1.0000	0.6670	0.2500
मार्बली	0.0200	-0.3580	-0.5000
मार्बलेतेbrazil.	-0.5240	0.8150	0.7500
मार्बा	0.4760	0.6670	0.0420
मार्शल	-0.0063	0.4357	0.6423
मार्सल	0.3335	0.0210	-0.1765
माल	0.1640	0.2173	-0.0933
मालटोग्राफर	0.5830	0.0000	0.6300
मालमाज	-1.0000	0.6670	-0.5190
मालिक	0.2214	-0.0424	0.5498
माली	0.3460	-0.3080	-0.2780
माल्गेइनीName	-0.7140	0.4400	-0.4040
माल्टीName	0.4285	0.0955	0.2035
माल्टीज	-0.1105	-0.1273	0.0375
माल्टीजक	0.0000	0.6670	0.5830
माल्वीबेName	0.6540	0.0000	0.0680
मासिक	0.0652	0.0541	0.1105
मासिक-	-0.3120	0.1540	-0.3340
मासूटर	-0.6720	0.5680	-0.2940
मास्क	-0.1840	-0.1193	-0.0740
मास्कर	-0.3330	0.6670	0.3810
मास्क्ड	-0.2500	0.0980	0.0360
मास्क्स	0.0200	-0.0560	-0.5180
मास्टर	0.6598	0.3540	0.8003
मास्टरली	0.9580	0.1670	0.6250
मास्टरवर्क	1.0000	-0.5930	0.9050
मास्टरशिप	0.9580	0.6300	1.0000
माह	0.1880	-0.2450	-0.0890
मि.	-0.0666	-0.0919	-0.0956
मिंटोमरperu.	-0.5930	0.4760	0.9520
मिकेण्टी	-0.6670	1.0000	-0.7410
मिक्सर	-0.1080	-0.1200	-0.0400
मिगरेर्ट	0.0000	0.5830	-0.0740
मिघुई	-1.0000	0.4760	0.6670
मिच	0.0820	-0.4460	-0.1320
मिचक	-0.0200	-0.0680	-0.2520
मिटा	-0.6460	0.7140	0.4720
मिटाएँ	-0.2803	0.0449	-0.0238
मिटाकर	-0.2928	0.3358	0.3865
मिटाना	-0.4428	0.0312	-0.3046
मिटाने	-0.3201	0.2274	-0.0401
मिटाया	-0.3099	-0.0351	0.0334
मिटिस्टिस्टिस्ट	0.0000	0.2120	0.3120
मिट्टी	-0.2090	-0.5558	-0.4274
मिठाई	0.4840	-0.1183	-0.1687
मिडकम्पर	0.0000	0.4170	0.2590
मित्र	0.5077	-0.0573	0.2213
मित्रlevel	0.2440	-0.4460	0.0120
मित्रता	0.0000	-0.6250	-0.1855
मित्रवत्‌	0.9050	-0.2500	0.4670
मित्रीय	0.4348	-0.4164	0.2352
मित्रीयता	0.0420	0.0420	0.2590
मिथ्या!	0.4440	0.7080	0.6300
मिथ्यापन	1.0000	0.6670	0.8570
मिथ्यापवाद	-0.8160	0.4930	0.1625
मिनट	0.3745	0.1155	0.0473
मिनटनेस	-0.3330	-0.9580	-0.5560
मिनटेथियाasia.	-0.3540	-0.4860	-0.3680
मिनीवन	0.1840	-0.2880	-0.0960
मिनेशियाusa.	-0.4080	-0.3400	-0.3840
मिनेसियाc.	-0.6670	-0.6190	-0.9170
मिनेसोटाusa.	-0.7960	0.2935	-0.5990
मिमीनाasia.	-0.3330	0.6190	1.0000
मिमोनाworld.	0.6250	-0.8330	-0.2920
मिम्पेनusa.	-0.5420	-0.0200	-0.0080
मियाद	-0.0685	0.2560	0.2384
मियान	-0.2440	-0.0400	0.2840
मियानusa.	0.0420	-0.6300	0.5560
मिरियम	-0.3260	-0.1460	-0.2540
मिरिल	-0.1460	-0.4580	-0.4220
मिर्मम	-0.6670	-0.8570	-0.4170
मिल	-0.1000	0.1460	-0.0640
मिलनसार	-0.0420	-0.0960	0.0340
मिलनसारता	0.7620	-0.2380	0.1850
मिलल	0.3340	0.0580	0.5000
मिला	0.2093	0.0837	-0.0787
मिलाएँ	0.0000	-0.1900	0.1670
मिलाएं	0.5200	-0.0400	0.4660
मिलान	0.3562	0.3107	-0.0115
मिलान्स	0.7780	0.6670	0.4440
मिलाया	0.2440	-0.2600	0.0000
मिलिती	1.0000	0.6670	0.7500
मिली-	-0.0855	0.0090	0.3090
मिलीमीटर	-0.1420	-0.5660	-0.3960
मिलीमीटर्स	-0.1460	-0.6460	-0.2800
मिलीमीना	0.0000	0.5190	0.4170
मिलीलीटर	0.0000	0.0000	0.0000
मिलीसागरिस्ट	0.5560	0.5000	0.4810
मिलीसेंकेंड	0.0420	0.3330	0.0000
मिलेनियम	0.1460	-0.2040	0.5200
मिल्की	-0.3330	0.6190	0.6670
मिल्क्यूरी	0.6740	0.0000	0.3440
मिशन	0.5300	0.2660	0.7400
मिशनरी	0.4580	-0.1920	0.1920
मिश्र	-0.3755	-0.0090	0.2595
मिश्रण	0.0809	-0.1784	-0.1125
मिश्रित	-0.2557	0.2350	-0.3220
मिश्रितता	0.5620	-0.1220	0.3680
मिस	0.1460	-0.0200	-0.1840
मिसाइल	-0.6900	0.8325	0.5940
मिसिकोटी	0.2860	-0.5000	0.0000
मिसी	0.0420	-0.0400	-0.3340
मिसीप	-0.6670	0.5560	-0.7780
मिस्टर	0.6670	-0.6670	0.5420
मिस्र	-0.3760	0.2700	-0.1200
मी	-0.2400	-0.4280	-0.2700
मी.	0.0493	-0.1873	-0.2267
मीकर्कात	0.0370	0.6250	0.5710
मीगलिकName	0.0000	-0.6670	0.7620
मीटर	-0.3220	-0.1893	-0.2193
मीठा	0.6665	-0.3570	0.0370
मीडिया	0.1256	-0.3760	0.0032
मीडिया-	-0.0280	-0.1560	0.1130
मीथेन	0.0367	-0.2483	0.0303
मीथेना	0.0000	-0.5000	0.0000
मीथेनॉल	-0.4160	0.0000	0.1400
मीनार	0.2120	-0.2400	0.2880
मीरेट	-0.6240	0.7040	-0.0520
मील	0.1597	-0.3057	0.0860
मीली	-0.6670	-0.3330	-0.1430
मुँह	0.2833	-0.3233	-0.2180
मुँहीName	-0.5000	0.6670	0.2590
मुंह	1.0000	0.6670	0.4440
मुंहीName	0.0000	0.6670	0.2960
मुकद्दमे	-0.5620	0.5880	0.2220
मुक्त	0.7060	0.0830	0.5062
मुक्तता	0.6670	0.0420	0.1480
मुक्तनेस	0.7140	0.3330	0.6250
मुक्‍त	0.5830	0.0860	0.3260
मुक्‍तिवादी	0.9630	0.7140	0.9170
मुख-	0.1880	0.4295	0.3460
मुख-बुक	0.4760	0.6670	0.6190
मुखरा	0.3625	0.0065	-0.0055
मुखियापन	0.6670	0.0000	1.0000
मुख्ब्ड	0.5000	-0.5000	0.1670
मुख्य	0.2484	0.0372	0.3977
मुख्य-	0.2340	0.6017	0.7223
मुख्य-क्लास	1.0000	-0.3810	0.8750
मुख्यफ्रेम	0.0620	-0.0200	0.1140
मुख्यमा	0.2660	-0.1880	-0.1460
मुख्यशेटेट	0.0000	0.5240	0.2960
मुख्यालय	0.2300	-0.4580	0.0500
मुझे	0.0000	0.1665	0.1190
मुट्ठी	-0.1770	0.1880	-0.0685
मुण्डल	0.0000	-0.1480	0.1250
मुद्रा	-0.1777	0.0661	0.1755
मुफ्त	0.6610	0.6230	0.6450
मुफ्तनेस	1.0000	-0.5420	0.9630
मुर्गा	-0.1879	0.3049	0.0305
मुर्गाasia.	-0.1000	0.0000	-0.2360
मुर्गाएल	0.5420	-0.6670	-0.0740
मुर्गी	-0.2845	-0.1040	-0.5522
मुर्गीपोक्स	-0.6540	0.1240	-0.2860
मुर्गे	-0.2095	0.2708	0.2193
मुर्गेक	0.0000	-0.6670	-0.1850
मुर्गेल	0.1900	0.7040	0.6190
मुर्झा	-0.8330	-0.9050	-0.7500
मुलाकात	0.3091	0.1471	0.0663
मुश्किल	-0.1040	-0.6340	-0.4640
मुश्‍किल	-0.7220	0.7410	-0.5710
मुश्‍किलों	-0.4366	-0.0033	-0.3976
मुसीबतों	-0.8745	0.7640	-0.2890
मुस्कुराइए	0.7600	0.1153	0.0160
मुस्कुराएँ	-0.0795	0.2135	-0.0050
मुस्कुराता	0.1578	0.0648	-0.0002
मुस्कुराते	0.6213	0.2037	-0.3538
मुस्कुरातेगो	0.0800	-0.0960	0.0200
मुस्कुराना	-0.0200	-0.2660	-0.1380
मुस्कुरानेवाला	0.6670	0.5930	0.1250
मुहर	0.0663	-0.4677	0.2622
मुहरीName	-0.3330	-0.6670	0.4580
मुहरें	-0.4800	0.3080	0.0200
मुहरेंदार	0.3000	0.3435	0.2385
मूँगफली	0.1880	-0.5040	-0.4300
मूंगा	0.1427	0.0200	-0.0891
मूंगाName	-0.9585	0.3335	-0.7705
मूंगाcolor	1.0000	0.0000	0.5710
मूड	-0.0237	-0.0503	-0.1587
मूडी	-0.5100	0.6220	0.1900
मूत्र	-0.2500	-0.2780	-0.6620
मूर्ख	-0.4797	0.1528	-0.4738
मूर्खता	-0.6947	0.0448	-0.6222
मूर्खतापूर्ण	-0.6720	0.2707	-0.3823
मूर्खतापूर्णता	-0.7710	-0.6045	-0.4045
मूर्खपन	-0.6670	0.7780	-0.4170
मूर्ति	0.4623	0.3570	0.4833
मूर्ति-	0.3690	0.1315	0.1805
मूर्तिपूजक	-0.6670	-0.4440	-0.5330
मूर्तिपूजा	-0.2700	0.1420	0.2500
मूर्तिीकरण	0.6670	0.6670	0.5560
मूल	0.1349	-0.2618	0.0179
मूलतः	0.5000	-0.2540	0.6040
मूलतत्त्ववाद	-0.2332	0.1949	0.4485
मूलतत्त्ववादी	-0.0820	-0.2200	0.1475
मूलभूत	-0.0820	-0.2360	0.0760
मूलभूतता	0.4760	-0.5000	0.4810
मूलिटी	0.7960	0.0000	0.6480
मूल्य	0.2102	-0.2165	0.2192
मूल्य-	-0.7040	-1.0000	-0.8100
मूल्यता	0.0000	0.6190	0.1850
मूल्यर	0.7080	-0.0420	0.5710
मूल्यवान	0.7980	0.0940	0.5960
मूल्यांकन	0.2829	-0.0673	0.2370
मूल्यित	-0.6000	-0.6110	-0.8750
मूल्यीयता	0.7290	-0.5745	0.6045
मूवी	0.2990	-0.4980	-0.3500
मूसलाधार	-0.3335	0.8960	0.4815
मृत	-0.5290	-0.0508	-0.2444
मृतपन	-0.8100	-1.0000	-0.9330
मृतलाइन	-0.5720	0.2300	-0.0800
मृतलॉक	-0.6600	-0.1640	-0.3540
मृत्यु	-0.8083	-0.2175	-0.3960
मृत्युरहित	1.0000	-0.8570	0.7040
मृत्युित	-0.8980	0.3040	-0.3780
मे.	0.3167	0.0426	0.1638
मे.के.	-0.1850	0.0000	-0.5000
में	0.0198	-0.1976	-0.0006
मेंट	-0.1780	-0.0180	0.2360
मेंटेनर	0.5830	0.6110	0.5930
मेंडली	-0.6670	-0.3330	-0.5420
मेक	-0.6670	0.1480	-0.5420
मेक-	0.0000	0.2500	0.9050
मेकफाइल	0.2000	-0.2300	-0.1320
मेकर	0.0693	0.3892	0.6112
मेकरबैक	0.5300	0.2460	-0.0960
मेकराperu.	0.1500	-0.1000	-0.4620
मेकरोनीusa.	0.6320	-0.1800	-0.2360
मेकेन	0.6670	-0.6670	-0.8670
मेक्रो	0.1894	-0.4099	0.4401
मेक्रो-	0.0000	-0.4580	0.0950
मेक्रोueomice	0.0000	0.0000	0.5930
मेक्रोफिक्स	0.0000	-0.6670	0.3810
मेक्रोस्ट्रक्चर	0.6670	-0.4440	0.5190
मेक्रो्स	0.6670	-0.5930	0.5560
मेक्रो्सिक	0.5930	-0.1480	0.5830
मेक्स	0.1020	-0.1580	-0.0540
मेक्सर	0.3330	0.2500	-0.2920
मेक्सल	0.3120	-0.1700	-0.1840
मेक्सोइन	0.6250	0.0000	0.2920
मेगन	0.0000	0.0000	0.0000
मेगा	0.4480	0.0760	0.4460
मेगा-बिट	0.0000	0.0000	0.4440
मेगाstar	1.0000	0.7040	1.0000
मेगागानियाpoland.	-0.9165	0.8335	1.0000
मेगागायोस	0.0000	0.6670	0.6670
मेगाच	0.9520	0.0420	0.8150
मेगाज	0.0000	0.6670	0.2595
मेगाटोperu.	0.6670	0.4760	0.6670
मेगात्ज	0.0000	0.2220	0.0370
मेगापिक्सेल्स	0.5000	0.0000	0.2920
मेगाम्बाasia.	-0.8890	1.0000	1.0000
मेग्न	0.1040	0.0940	-0.0580
मेग्नेनिक	-0.6380	-0.3880	-0.4460
मेचॉयरusa.	0.2300	-0.3160	-0.2880
मेज़ीो	0.0000	0.0000	0.0950
मेट	-0.1640	-0.2460	-0.3200
मेटा	0.1770	0.2083	0.3413
मेटा-	-0.1670	0.6670	0.1040
मेटाकार	0.0000	0.0000	0.0000
मेटाक्लासusa.	0.0000	0.0000	0.0370
मेटाक्लिट	0.1330	0.5930	0.1110
मेटाक्लोकसperu.	0.0000	0.0000	-0.1480
मेटाग्रेडाइज	0.0000	-0.5830	0.5930
मेटाडाटा	0.5930	0.0000	0.5830
मेटाफ़ॉर्मेंस	0.0000	0.5930	0.4440
मेटाफ्रेक्टिक	0.2385	0.3150	0.4730
मेटास्टारिस	-0.6460	0.2920	-0.0960
मेटास्फीयर	0.1600	0.3675	0.2795
मेटास्लेव	0.0000	0.1900	0.3330
मेटाेटिक	-1.0000	-0.6670	-0.5190
मेटा्‌ल	0.0480	-0.5710	0.1430
मेटोटो	0.0000	-0.6670	0.4580
मेडडड	0.3340	-0.3260	-0.1180
मेडले	-0.0260	-0.2960	-0.2000
मेडल्ड	0.6670	0.6190	0.2500
मेडोज़ाusa.	0.0000	-0.8330	0.1480
मेड्रिड	0.2780	0.6670	0.9630
मेढ़ा	-0.1880	-0.0960	-0.2240
मेतियो	0.1240	-0.5100	-0.1960
मेन	0.0730	-0.1760	-0.0180
मेनडा	-0.1220	0.1540	0.1120
मेनिक	-0.5042	0.5865	0.1615
मेनियाworld.	-0.4200	0.3660	-0.2360
मेनीकाName	-0.7340	0.8490	-0.1380
मेनुओ	0.1670	0.0000	0.0000
मेनेनेन	-0.1460	-0.3960	-0.4100
मेन्डरल	-0.3800	-0.0200	-0.0380
मेन्दक	0.6670	0.6670	0.3330
मेन्यू	0.2660	-0.3340	-0.2300
मेन्यूहेट	0.2860	-0.0700	-0.1400
मेन्राकusa.	0.0000	-0.1900	0.0000
मेम	0.9630	-0.9260	0.1900
मेमना	-0.1040	-0.3920	-0.2720
मेमनाचोली	-0.6240	-0.4800	-0.5260
मेममा	0.2000	-0.2840	-0.1020
मेममान	0.0200	0.0460	0.7580
मेमीName	0.0200	0.0940	-0.0180
मेमोबिलियाName	0.5600	-0.1760	-0.0180
मेमोर	0.5330	0.4810	0.3330
मेमोरी	0.6255	-0.1220	0.2190
मेमोरीाइज़ेशन	0.6250	0.5930	0.5560
मेम्ने	0.2920	-0.4320	-0.3580
मेयर	-0.0620	-0.0380	0.6360
मेयरल	0.6670	0.6670	0.9520
मेर-	0.2000	-0.7220	-0.1850
मेरमान	0.2860	0.2080	0.1850
मेरा	0.3820	-0.0090	0.1150
मेरी	-0.3120	0.2000	0.0180
मेरीली	-0.4170	-0.6300	-0.4810
मेरे	-0.6670	0.6670	-0.3330
मेरे-ओ-	-0.2220	0.0000	0.0420
मेरेंगंग	0.3760	0.0380	-0.1160
मेरेप्स्बिन	0.0000	0.0000	0.0000
मेरेमेरेटेड	0.0400	0.1040	-0.1580
मेरेर	-0.1840	0.1880	0.2880
मेरोमाstar	-0.2440	0.6600	-0.1080
मेरोरूल	0.0000	0.0000	0.0000
मेर्नून	0.6670	-0.5830	0.0000
मेल	-0.0540	-0.1906	-0.0889
मेल-	0.1973	-0.0550	0.0043
मेलकर	-0.6300	0.4810	-0.3330
मेलकी	-0.3330	0.3330	-0.5000
मेलबाक्स	0.0730	-0.5905	-0.0960
मेलर	0.3960	0.4285	0.4770
मेलामाusa.	-0.8750	0.5710	-0.2080
मेलीरी	-0.1020	-0.1160	-0.4440
मेले	0.5090	0.0943	-0.1110
मेलेचर	0.6670	0.5930	0.7620
मेलेनर	0.3400	-0.3340	-0.3400
मेलेन्टिकल	0.6300	1.0000	0.7920
मेलेस्केकperu.	0.3330	0.6110	0.3890
मेलोन	-0.0780	-0.5380	-0.4580
मेलोमर	0.6670	0.6300	-0.0830
मेलोरामिक	-0.5300	0.3840	-0.2640
मेल्जेन	-0.0420	-0.1460	-0.1920
मेल्जैनियाjapan.	-0.7040	-1.0000	-0.3810
मेल्बिन	0.0400	0.0420	-0.1860
मेल्मेंट	0.6670	-0.6250	0.4580
मेल्यता	0.9630	0.0000	0.8750
मेष	-0.0210	0.1235	0.0405
मेषिशName	-0.4580	0.2220	-0.3330
मेसोनिक	0.1850	-0.2930	0.5110
मेसोलामाusa.	-0.8750	-0.6670	-0.9520
मेस्किक	0.2540	-0.7640	0.1600
मेस्फीति	0.0000	-0.7780	0.1110
मेहनत	-0.2355	0.4413	0.1629
मेहनती	0.5535	0.3705	0.6660
मेहमान	0.4130	-0.3168	0.0070
मेहमान-	0.7040	0.0950	0.2860
मेहमानबुक	0.2920	-0.5710	0.0000
मेहरबान	0.0400	0.3020	-0.1580
मैं	0.0000	0.0000	0.0000
मैकेट	0.5000	-0.3260	-0.3260
मैक्लिनल्शन	-1.0000	-0.2220	-0.8520
मैग	-0.5620	0.4620	0.3580
मैगर्ट	-0.7410	0.6670	0.7410
मैगॉटर	-0.6670	0.6670	-0.2220
मैग्नीडाstar	0.0000	0.0000	0.4810
मैग्नीशाइज़	0.5560	0.4760	0.7140
मैग्नेट	0.1420	-0.3640	0.1060
मैग्नेशनाइज़ेशन	0.0000	0.4170	0.4760
मैचिस्ट	-0.0200	0.1960	0.4420
मैजिकनेस	-0.6190	0.9580	-0.7140
मैजिकर	-0.4170	0.6670	0.8150
मैजिकरी	-0.4170	0.3750	0.7080
मैट्रिक्स	0.1020	-0.2440	0.3460
मैडम	0.1840	-0.1920	0.2060
मैड्लिन	-0.3260	-0.1660	-0.2640
मैदा	0.1015	-0.5775	-0.2610
मैदान	0.1165	-0.3123	-0.0285
मैदान-	-0.1113	-0.1990	-0.0753
मैदान-चकcolor	0.6670	0.3330	0.0000
मैदानमेन	0.0000	0.3330	-0.0740
मैदानी	0.2500	0.0620	-0.0540
मैदानीName	0.7140	-0.9050	-0.3330
मैदानेरोमर	-0.0400	0.0620	-0.2900
मैनगो	0.5300	-0.3460	-0.4200
मैनगोफ़ुयूusa.	0.1240	0.0000	-0.1720
मैनच	-0.7100	0.8500	0.3140
मैननर	0.2920	-0.2840	0.4760
मैनरटोन	0.0480	-0.4760	0.0950
मैनरॉन	0.0000	0.0400	-0.1920
मैप	-0.5220	0.8210	0.3500
मैमीग्राफी	-0.3330	-0.4440	-0.0420
मैमोग्राम	-0.2920	0.5930	0.0000
मैमोना	0.6040	0.2020	-0.2640
मैमोनाइडस्‌	-0.5740	0.4400	0.1630
मैल	-1.0000	0.5710	-0.7780
मैसन	0.0820	-0.1160	0.1600
मॉटियोत	0.5420	0.2700	0.7720
मॉडम	0.1460	-0.2900	0.0000
मॉडल	0.2140	-0.2240	0.4460
मॉडलर	0.0000	0.0200	0.4600
मॉडलिंग	0.3680	-0.1920	-0.0200
मॉड्यूल	0.1640	-0.2240	0.1420
मॉड्यूलसीमेंट	0.7620	0.0000	0.6670
मॉनीटर	-0.0200	-0.4040	0.0760
मो	-0.3540	0.5300	0.2420
मो-	-0.1880	-0.3820	-0.3100
मोंजर	-0.6670	-0.3330	-0.6250
मोंट	-0.5200	0.3260	-0.4720
मोंटन	-0.2860	0.4700	-0.2960
मोंटल	-0.0740	0.0000	0.3750
मोएसएस	-0.5300	-0.4600	-0.5100
मोएसी	-0.1040	-0.2690	-0.3840
मोक	-0.4820	0.1940	-0.1780
मोकासिन	0.0000	-0.0740	-0.3700
मोकी	-0.0820	-0.1600	-0.3460
मोगोद	-0.6460	-0.2720	-0.3660
मोचा	0.0000	-0.2080	-0.3780
मोचिइName	0.4580	-0.2940	-0.4240
मोची	-0.3940	-0.1113	-0.3917
मोज	-0.1240	0.0400	-0.2240
मोज़नेस	-0.9630	-1.0000	-0.6110
मोज़ार्ना	0.3060	-0.4700	-0.3200
मोज़ेंड	-0.8340	-0.0240	-0.6660
मोजो	0.6670	0.6670	0.7040
मोजोलेंटusa.	0.0000	-0.1480	0.3810
मोटर	0.2917	0.4537	0.2937
मोटर-	0.5205	0.8335	0.5240
मोटरकार	0.3880	0.1300	0.3640
मोटरकीसूची	0.5830	1.0000	0.5420
मोटरकेइक	0.2180	0.5530	0.4500
मोटरकेकरName	0.0000	0.6250	0.4810
मोटरकेचर	0.2080	-0.2540	-0.2340
मोटरकेवा	0.4160	0.4600	0.1860
मोटरमेन	0.0560	0.6300	0.6300
मोटरीकृत	0.5000	0.6670	0.6250
मोटर्टर	0.1240	0.3260	0.1560
मोटा	-0.3364	-0.3228	-0.1483
मोटाई	-0.4480	0.2035	-0.2605
मोटापन	-0.6670	-0.6670	-0.3750
मोटार	0.2017	-0.1767	-0.0630
मोटार-पार	-0.1900	-0.6670	0.0000
मोटारटन	-0.4280	-0.6280	-0.5180
मोटारर	1.0000	0.6670	0.0000
मोटाराडोperu.	0.1240	-0.0960	-0.3160
मोटारापाल	-0.1020	-0.3460	-0.1600
मोटारामाusa.	-0.6940	0.3840	-0.1200
मोटारारेट	0.0000	0.0000	0.0000
मोटारे	-0.0253	0.2010	0.0853
मोटारेत	0.0000	-0.5300	-0.4420
मोटारेद	0.0000	0.0000	0.0000
मोटारेरिवोperu.	0.0420	0.6670	0.6670
मोटारेर्नियाstar	-0.5560	0.8100	0.7080
मोटारेर्नियासbrazil.	-0.5520	0.2260	0.3020
मोटारेल	0.2260	-0.1620	0.0013
मोटासेट	-0.0830	-0.5710	0.4810
मोटिफ	0.3760	-0.0380	0.0540
मोटी	-0.1540	-0.2650	-0.2520
मोटी-	-0.6670	-0.6300	-0.9260
मोटे	-0.2500	-0.2240	-0.4800
मोटेट	-0.0380	-0.2220	-0.2600
मोटोकेस	0.6250	0.9440	0.7780
मोड	0.0207	-0.1020	0.1060
मोडर	0.0380	-0.2920	0.6040
मोडल	0.1840	-0.4720	-0.0780
मोडली	-0.0400	-0.2040	-0.1760
मोड़	-0.0706	0.2420	-0.0878
मोड़ी	-0.3330	0.5000	-0.2500
मोडिकम	-0.5320	-0.1660	-0.3460
मोडीडी	-0.2240	0.1600	-0.0740
मोड्यूल	0.1240	-0.2460	0.3720
मोती	0.6770	-0.3310	0.1453
मोतीीName	0.2700	-0.3260	-0.2540
मोनिक	0.0000	0.0000	0.0000
मोनेटली	0.0000	0.0000	0.3330
मोनो	-0.1240	-0.2900	-0.4000
मोनोक्रोम	-0.3760	-0.4160	-0.3220
मोफिंग	-0.9580	-0.9520	-0.6190
मोबाइल	0.2300	0.1380	-0.0380
मोमबज	0.6670	-0.6670	-0.2220
मोमबण्डर	0.1330	-0.5000	-0.3330
मोमबत्ती	0.3997	-0.4167	0.0357
मोमबधा	0.2040	-0.5580	-0.3120
मोमाकी	0.0830	0.0000	0.3700
मोमोमा	0.0100	0.3905	0.3445
मोर	0.5720	-0.1020	-0.0840
मोरर्स	0.2920	-0.2080	-0.1850
मोरारो	0.6460	-0.2860	0.6980
मोरॉन	-0.7340	0.1740	-0.6340
मोर्ट	-0.3340	0.3100	0.0080
मोर्पेट	-0.0420	0.6670	-0.3330
मोर्ब	0.1600	-0.4500	-0.4040
मोर्स	0.0840	-0.4340	-0.3800
मोर्सन	0.0000	0.0000	0.0000
मोल	0.2795	-0.0735	0.2325
मोलवर	-0.1660	-0.1120	0.3660
मोलोन	-0.7780	0.7960	-0.0900
मोस	-0.2260	-0.3040	-0.2500
मोह	0.5830	-0.0740	0.0000
मोहरा	0.0480	0.6300	-0.1480
मोहित	0.6240	0.4280	0.5760
मोॉट	-0.3120	0.0000	0.2300
मौका	0.6660	0.1020	0.0500
मौखिक	-0.0247	0.1720	0.1097
मौखिकता	0.0940	0.2775	0.0225
मौखिकवाद	0.0950	0.5930	0.3330
मौखिकीकरण	0.0950	0.5830	0.3330
मौज	0.1415	0.3075	0.1329
मौज़ूदा	0.0487	0.2413	0.4260
मौजूद	0.3230	-0.0580	0.4600
मौजूदनेस	0.5200	0.0840	0.5260
मौजूदा	0.4270	-0.3440	0.3620
मौत	-0.2437	0.5210	0.3437
मौन	-0.3143	-0.6187	-0.5372
मौलिक	-0.6670	-0.5190	-0.6190
मौलिकता	0.0370	-0.5710	0.1430
मौसम	0.0457	-0.5051	0.0312
मौसम:	0.1172	0.1208	-0.1600
मौसममैन	0.3200	-0.1740	0.2860
म्युनिक	0.3340	-0.0840	-0.0160
म्यूग	-0.6040	0.1040	0.1740
म्यूजpaguay.	0.6670	0.6670	0.9520
म्यूट	-0.1460	-0.2960	-0.1420
म्यूटर	-0.5970	0.0447	-0.1203
म्यूटलॉन	1.0000	0.7410	1.0000
म्यूटी	-0.5710	-0.3890	-0.6300
म्यूटीट	0.5190	0.0000	0.3330
म्यूटीनी	-0.0820	-0.2600	-0.2000
म्यूटॉट	-0.4260	0.2360	-0.1400
म्यूनिक	0.4760	0.5830	0.6190
म्यूपेट	0.3330	-0.3330	-0.9440
म्यूफ	-0.3540	0.0320	-0.2340
म्यूम	0.1020	0.0580	-0.2040
म्यूमर	0.4900	0.1240	0.3120
म्यूल	0.0000	-0.0480	-0.2500
यंत्र	0.6670	0.6250	0.3750
यत्न	0.7780	1.0000	0.7140
यथार्थ	0.4000	0.0400	0.5660
यदि	-0.0410	0.0200	0.0100
यरदन	0.0420	0.7060	0.3260
यह	0.3440	-0.0210	0.3530
यहाँ	-0.0497	-0.1909	-0.0157
यहाँ-	0.0000	0.0420	0.0000
यहां	0.4657	-0.4595	0.2528
यहूदा	-0.5000	-0.1800	-0.5480
यहोवा	-0.3330	0.6670	0.9170
या	0.0610	-0.3010	0.0880
याgnon	0.0000	0.0000	0.0420
यांगिससानiran.	-0.1400	0.1200	-0.0580
यांत्रिकी	0.1460	0.1660	0.3280
याक	-0.0620	-0.1560	-0.1560
याका	0.0560	0.6670	0.8750
याकी	-0.3080	0.8920	0.0360
यागनोusa.	0.1920	-0.3460	-0.5000
याजक	0.1660	-0.3920	0.3310
याजकवर्ग	0.2440	-0.3920	0.2980
याजकीय	0.1250	-0.6670	-0.5190
याजकों	0.0620	-0.2200	0.3820
याजूज	0.5420	0.8330	0.7500
यातना	-0.7945	0.6275	-0.1015
यातनाएँ	0.4700	0.0000	0.4440
यात्रा	0.3239	0.2083	0.1040
यात्रा-	-0.2270	-0.0100	-0.1720
यात्रामेन	0.5300	0.1920	0.4820
यात्रार	0.2497	0.4967	0.2797
यात्राली	-0.0480	0.6670	-0.1850
यात्राीनी	0.6300	0.6670	0.5830
यात्रा्तेक्टी	0.0000	-0.0400	0.0780
यात्री	0.5540	-0.0160	0.1810
याद	0.2699	-0.2736	-0.0616
यादगार	0.6250	-0.4760	0.4760
यानाName	0.2080	0.1500	-0.3460
यानाईName	0.3000	0.2200	-0.3400
यानाडाasia.	0.2500	0.3540	-0.3480
यानि	-0.7780	-0.6670	-0.6670
यानी	0.3340	0.1620	-0.3000
याप	0.0200	-0.0840	-0.2600
याब	-0.0740	-0.2600	-0.1120
याम	0.0000	-0.5880	-0.6960
याममर	-0.6670	0.8330	-0.5420
यार	-0.5623	0.1903	-0.2417
यार्रोव	0.0000	-1.0000	0.0740
याली	0.0000	0.3330	0.0000
यासी	-0.5200	0.0200	-0.2240
यास्टमान	0.1110	0.6670	0.0480
यिकी	0.6460	0.0580	-0.0200
यिबाबा	0.5620	0.6540	0.2300
यिशिश	-1.0000	0.6670	-0.8750
यी	0.7560	-0.1600	-0.4500
यील्ड	0.4380	0.1560	0.2360
यील्डर	0.0000	-0.6670	-0.8670
यील्डेबल	0.4070	-0.5190	-0.6670
यु.	-0.1145	0.1395	0.1430
युकेलर	0.7040	0.6670	0.6670
युक्ति	0.1505	0.2712	0.0600
युक्तियाँ	-0.1340	0.0402	-0.1817
युक्‍तियाँ	0.6670	0.6300	1.0000
युग	0.7140	0.6670	0.8330
युगीय	0.2860	0.0000	-0.2920
युद्ध	-0.5215	0.6141	0.2637
युद्ध-	-0.3836	0.2790	0.2386
युद्धक	-0.2020	0.2600	0.2800
युद्धथाई	-0.3330	0.6670	0.2500
युद्धर	0.6250	0.9580	0.7040
युद्धरो	-0.3330	1.0000	0.8100
युद्धलॉक	-0.3760	0.1160	0.3140
युद्धहोसेName	0.6250	0.6670	0.8150
युद्धिक	-0.5000	-0.0560	-0.2590
युद्धोसेंट	-1.0000	1.0000	1.0000
युनाडाName	0.4860	-0.3140	-0.1220
युनिकोड	0.0830	0.0925	0.3645
युवा	0.7600	0.2810	0.2690
यू.	0.0286	0.1481	0.1557
यूकरीName	0.0420	-0.0380	-0.1960
यूकेकर	-0.3330	0.0000	-0.1110
यूकेण्ट	0.3335	-0.0835	0.1560
यूकेप्स	-0.5000	0.4620	-0.2500
यूकेप्सर	0.0820	0.0380	-0.3400
यूक्लास	0.6670	0.0000	0.0000
यूक्लिडेंटल	0.0000	0.0000	0.5930
यूटिलिटीज़	-0.7215	-0.1835	-0.4840
यूटीटर	-0.7140	0.7080	0.4810
यूटीसी	0.6670	0.5830	0.5190
यूटेन्सिल	0.1460	-0.4420	-0.2340
यूटोमोजिकलusa.	0.0000	-0.6670	0.2500
यूडल	-0.3330	0.6300	-0.5190
यूथर	0.0000	0.0000	0.2920
यूना-	-0.0620	0.1560	-0.1200
यूनान	0.1875	-0.3695	0.6470
यूनानीवाद	-1.0000	0.6670	0.7040
यूनिडायरेक्शनल	0.0000	-0.6670	0.6300
यूनीपी	-0.1640	-0.0180	-0.0380
यूपीप	0.0940	-0.0630	-0.2870
यूपीमिस्ट	0.1250	0.6190	0.6190
यूफ्यूमिन	-0.1660	0.0200	-0.2540
यूरिसेइस	-0.6670	0.6670	0.3810
यूरूरूरूर	0.0620	0.0380	-0.1920
यूरेआत	0.1330	0.6670	0.5930
यूरेसीम	-0.7700	0.3800	0.0720
यूरो	0.3600	-0.1180	0.0420
यूरोजिकल	-0.2960	0.0000	0.2380
यूर्न	-0.6120	0.0400	-0.4100
यूलर	0.6670	0.0370	0.4580
यूलाथर	-0.0560	0.5560	0.0000
यूवोलाstar	0.0000	-0.2500	0.0000
यूसीआरसीComment	0.5520	0.0080	0.4360
यूसीसीआईसी	0.6300	0.2920	0.0000
यूहन्‍ना	-0.3000	0.5415	-0.2565
ये	0.4585	-0.3335	0.2500
योइक	-0.5000	1.0000	-0.4810
योक	0.0000	-0.1670	0.0000
योको	0.1220	-0.2940	-0.4460
योक्ड	-0.5300	-0.0600	-0.7120
योग	0.3231	-0.1247	0.0653
योगदान	0.6120	-0.3000	0.5900
योगनाम	0.0560	-0.5710	0.1330
योगाइज़	0.0000	0.6670	0.7080
योगात्मक	0.3890	0.3125	0.2290
योगात्मकता	0.6670	-0.2780	0.5560
योगाव	-0.0660	0.1920	-0.4620
योगी	0.4125	0.0970	0.1615
योगो	-0.0400	-0.2120	0.1280
योग्य	0.3374	-0.0096	0.2472
योग्यताएँ	0.5633	0.1807	0.5960
योजना	0.0831	0.1725	0.4776
योज़ेफ	0.3330	-0.5420	-0.2860
योडल	0.0200	-0.0920	-0.2220
योडलर	0.3330	0.7040	0.0560
योद्धा	-0.0840	0.7260	0.8300
योफ	-0.0840	0.3880	0.2360
योरे	0.0200	-0.1960	-0.0740
यौन	0.0000	0.9580	0.0000
र	0.0000	0.6670	0.5190
रंग	0.0705	-0.0663	0.0123
रंग-	0.0388	0.0232	-0.0556
रंग-पट्टिका	0.0648	0.1577	0.0715
रंग-बाल	0.2300	0.4900	0.0740
रंग:	0.1722	-0.1119	-0.0134
रंगना	0.0600	-0.2400	-0.3880
रंगपट्टिका	0.1660	0.0000	0.5400
रंगबाक्सComment	0.5930	0.1110	0.0000
रंगरूट	0.1040	-0.3140	0.2500
रंगरूद	-0.2440	-0.1080	-0.2960
रंगवादी	0.6190	0.6250	0.1430
रंगीन	0.2818	0.0368	-0.0610
रंगीनपन	0.7220	0.1430	0.1250
रंगेंट	0.0000	-0.5190	0.4170
रंगों	0.0187	-0.1557	-0.0973
रंजक	-0.1054	0.0154	-0.2010
रंजकनेस	-0.7040	-0.2960	-0.7920
रंजक्शन	-0.6670	0.6670	-1.0000
रंजीनी	-0.6670	0.6670	-0.9170
रंजीनेस	0.1330	-0.7780	-0.1250
रंजीरी	0.0420	-0.5560	0.0000
रक्षक	0.1530	-0.0110	0.5380
रक्षामेन	0.0000	0.6670	0.8150
रक्‍त	-0.6423	0.5366	0.1639
रक्‍तगत	-1.0000	1.0000	0.8890
रक्‍तगम	-1.0000	0.6670	0.1850
रक्‍तपात	-0.9040	0.8840	0.0500
रक्‍तपिंजक	-1.0000	1.0000	0.9520
रक्‍तपिचक	-0.3330	-0.7080	-0.3700
रक्‍तहीन	-0.5768	0.3902	-0.4163
रक्‍तहीनता	-0.7080	-0.6670	-0.8570
रक्‍तहीनपन	-1.0000	1.0000	1.0000
रक्‍ताधान	-0.4410	0.4473	-0.1457
रखता	0.2127	-0.0885	0.4840
रखा	-0.0380	-0.1600	-0.2060
रखी	-0.0307	-0.4267	0.1747
रखे	0.0693	0.0270	0.0725
रखें	0.1273	-0.3593	0.1313
रजिस्टर	-0.0200	-0.1760	0.3080
रजिस्ट्रार	0.2450	0.0850	-0.0620
रजिस्ट्रार:	-0.6670	0.6670	0.2860
रजिस्ट्री	0.1460	-0.3600	0.1660
रजोजो	-0.3330	0.6670	0.2500
रजोर	-0.5000	0.6670	0.2220
रडर	-0.1220	-0.0620	0.0180
रणनीति	0.3662	0.4047	0.6557
रणनीतिName	0.7220	0.6670	0.8520
रणनीतिक	0.6670	0.6300	0.7710
रत्न	0.2915	-0.6760	-0.0940
रथ	0.3680	0.1000	-0.0180
रथर	0.0830	0.6670	0.8570
रद्द	-0.3160	0.0624	-0.0316
रद्दी	-0.5140	0.0060	-0.3439
रद्दीकरण	-0.3330	0.0000	-0.6250
रन	-0.0450	-0.1270	-0.1490
रन-	0.0200	-0.2900	-0.2640
रनऑफ	-0.1330	0.6670	-0.1850
रननी	0.0800	-0.1220	-0.3500
रनर	0.4170	0.6670	0.8330
रनवे	0.0000	-0.2380	-0.0370
रन्स	-0.1240	-0.4000	-0.3920
रपट	0.0620	0.1000	0.2080
रफ	0.1098	0.0356	0.1594
रफिमंट	0.0000	-0.3330	0.2920
रफिशिशName	0.6670	0.5560	0.2220
रबर	-0.0857	-0.0830	-0.2399
रबरदार	-0.6190	0.6670	-0.3540
रब्बी	-0.0820	-0.2760	0.4460
रवि	0.0420	0.7500	0.6670
रविशंकर	0.1660	0.1340	-0.1660
रस	0.0103	-0.4500	-0.2040
रसायन	0.0220	0.1743	0.4110
रसायनिक	0.1543	-0.2038	0.3000
रसियन	0.3020	-0.2290	0.0000
रसीद	0.0840	-0.5400	-0.1700
रसोई	0.4000	-0.5320	-0.2040
रसोई-	0.3330	-0.1110	0.0000
रसोईेट	0.1250	-0.5830	-0.3330
रस्कॉकर	0.0000	0.6110	0.6110
रस्म	-0.0590	0.0467	0.1433
रस्मी	0.0740	0.6670	0.1670
रस्मों	0.0000	-0.5420	0.4760
रस्सियों	-0.0840	-0.3920	-0.1960
रस्सी	-0.2990	-0.0300	-0.3097
रहते	0.1150	-0.5295	-0.0835
रहने	0.1758	-0.5638	0.0142
रहमान	-0.0475	-0.4005	0.6528
रहस्य	0.2003	-0.0607	0.0360
रहस्यमयता	0.2380	-0.4760	0.1430
रहस्यवाद	0.1880	0.1960	-0.1540
रहित	-0.6670	-0.6670	-0.8750
रहें	0.2080	-0.4500	0.0320
रह्वीडी	-0.0620	0.5760	-0.0200
राइसिन	0.1880	-0.5300	-0.5080
राई	0.0000	-0.3080	-0.4500
राउ	0.0000	0.1110	0.9630
राउंड	0.1907	-0.2088	0.0302
राउंड-	0.5560	0.0830	0.3330
राउंडर	-0.0420	0.5710	0.2080
राउज	-0.4290	0.9170	-0.2590
राउड	0.7220	1.0000	0.4810
राउण्ड	-0.1852	0.2233	0.2485
राउण्डटोन	0.0620	0.1020	-0.1840
राउण्डर	0.4290	0.6670	0.5000
राउण्डल	0.0000	0.0000	0.4810
राउण्डी	-0.2745	0.4900	0.2660
राउण्डोमीटर	0.0555	0.0025	0.4255
राउबल	-0.3680	0.4800	0.0760
राउर्टर	0.6670	0.6670	0.5000
राक्षस	-0.7340	0.8700	0.1920
राक्षसी	-0.6670	0.6670	0.2670
राख	-0.3460	-0.4420	-0.7160
राचनी	-0.6670	0.6670	0.1480
राचशनेस	0.5710	0.6670	0.4760
राजकल	0.0960	0.0570	0.7570
राजकीय	0.5920	-0.1400	0.5180
राजकीयवाद	0.6250	-0.4440	0.8150
राजकुमार-	0.6670	-0.6670	0.9260
राजकुमारी	0.7700	0.1140	0.2400
राजकोल	0.6670	-0.5930	0.9630
राजदण्ड	0.2600	-0.4000	0.3400
राजदूत	0.7040	-0.6670	0.6670
राजद्रोह	-0.9060	0.6115	0.3300
राजद्रोही	-0.9520	0.6670	0.3750
राजधानी	0.3149	0.0736	0.6490
राजनिक	0.4440	-0.0480	0.8330
राजनीति	-0.2943	0.2616	0.3979
राजनीतिज्ञ	-0.3540	0.1020	0.7260
राजनेता	0.4890	-0.3435	0.6250
राजनैतिक	-0.1530	0.2300	0.5085
राजमार्ग	-0.1935	0.4790	0.2375
राजवंश	0.4500	0.1760	0.8720
राजस्व	0.7460	0.0200	0.7080
राज़	-1.0000	1.0000	0.8000
राज़ाजॉजैज	0.6250	0.7410	0.5560
राज़ी	-0.0200	0.3140	0.3920
राजा	0.6078	-0.1763	0.8210
राजा-	-0.2860	0.2520	0.2840
राजात्व	0.5930	-0.4440	0.9260
राजानेस	1.0000	-0.5830	1.0000
राजामछली	0.4630	-0.0185	0.4375
राजिम्बाasia.	-0.6670	1.0000	0.5190
राज्य	0.3777	-0.1735	0.6905
राज्यपाल	0.0000	0.3660	0.8680
रात	-0.0298	-0.1796	-0.2030
रात-	0.0000	-0.6670	0.0000
रातक्लास	0.0000	-0.0780	-0.3040
रातों-रात	0.0370	-0.9520	-0.5000
रात्रि	0.1478	-0.1590	-0.1112
रात्रि-	0.5000	0.8150	0.0000
रात्रिप	0.5000	-0.6080	-0.4640
रात्रिमाName	-1.0000	0.9630	-0.5420
रात्रिशी	-0.5420	0.6670	-0.4440
रात्रिहाक	0.0000	0.6300	0.5000
रादोन	-0.3540	-0.1640	-0.2500
रानी	0.8510	-0.0580	0.8360
राप	-0.5710	0.4290	0.2500
राफेन	0.0820	-0.1300	-0.3600
राफेश	0.0000	-0.3330	0.3750
रामालाasia.	0.0000	0.0000	0.0000
रायन	0.1040	-0.3680	-0.2840
रायव	-0.1240	-0.3580	-0.3460
रायागोन्गोguatemala.	0.6670	0.4580	0.6190
राल	0.6670	0.9050	0.0000
रावेड	0.0000	-0.9580	-0.2670
राव्पर	0.9580	1.0000	0.1900
राव्बररी	0.4700	-0.3280	-0.4180
राष्ट्रपति	0.4455	-0.1775	0.9860
राष्ट्रीय	0.0017	0.2660	0.6048
राष्ट्रीयीकरण	-0.0480	0.6190	0.9050
राष्ट्रों	-0.6670	-0.6670	-0.4170
रासंबर	0.6040	-0.4440	-0.3340
रासायनिक	-0.1630	0.3515	0.0820
रास्ते	0.1430	0.5192	0.2038
राहत	0.6880	-0.4440	-0.0380
रि-	0.0620	-0.0920	-0.3280
रिंगबरी	0.2600	0.2440	0.4640
रिंगर	0.1460	0.2080	-0.3060
रिंगिंग	0.4480	0.1960	0.3860
रिएक्टर	-0.1240	0.5880	0.5440
रिकर्सिव	-0.0820	0.1800	0.1220
रिकार्ड	0.2605	-0.0235	0.1460
रिक्त	0.0683	-0.3620	-0.0018
रिक्ति	-0.6110	-1.0000	-0.7920
रिक्तियाँ	-0.6670	-1.0000	-0.5710
रिक्सेयर	0.6670	0.6670	0.4440
रिगल्‌	0.0000	0.7140	0.2080
रिज़ाइजेशन	0.6670	0.7780	0.6250
रिज़ाना	-0.4580	0.1340	-0.5300
रिज़ॉज़ी	-0.6670	-1.0000	-0.5560
रिटर्न	0.3620	-0.1750	-0.0650
रिटर्नर	0.0000	0.5930	0.3330
रिटायरमेंट	-0.5000	-0.3520	-0.4900
रिटायर्ड	0.0645	-0.4415	-0.4805
रिटाशेल	0.3330	-0.5930	-0.6300
रिट्रिशन	-0.6670	0.6670	0.0950
रिप	-0.3603	0.1903	0.0220
रिपब्लिकनusa.	-0.2040	0.1020	0.3280
रिपर	0.0570	0.2617	0.5023
रिपरेशन	-0.2860	0.2480	0.1600
रिपाइड	-0.4535	0.4060	0.2860
रिपिंग	-0.1739	0.5157	0.1665
रिपिंगर	0.6110	0.6670	-0.4170
रिपिक्स	0.7920	-0.6670	0.9050
रिपेबल	-0.1880	-0.0980	-0.2040
रिपोर्ट	0.0005	0.0473	0.1520
रिप्ड	-0.4718	0.8040	0.1820
रिप्डी	0.1040	-0.1840	-0.1760
रिप्पर	-0.7810	0.0775	-0.2120
रिप्परर	-1.0000	0.6670	0.8890
रिप्स	-0.4603	0.5423	0.0437
रिबूट	0.3460	0.1540	0.0380
रिबूटमेंट	-0.7440	-0.1400	-0.5960
रिबूटेशन	0.5930	0.2960	0.6670
रिमिन	-1.0000	-0.5830	-0.6110
रिमोट	-0.0420	-0.4380	-0.1180
रिमोटपन	-0.3540	0.0200	-0.3220
रियल्म	0.4160	0.0180	0.7560
रिलिपोर्ट	0.4760	0.6190	0.6190
रिलीज़ी	0.6670	-0.5930	0.2500
रिलीनेस	-0.4305	0.0000	0.5555
रिलीफ	-0.2622	0.2594	-0.1256
रिलीफ़िक	0.6670	-0.5240	0.4440
रिलीमेंट	-0.7000	-0.2840	-0.4150
रिलीलिंग	0.0000	0.6670	0.5000
रिलीशन	0.2915	-0.4245	-0.0755
रिलीशनर	-0.1200	-0.5100	-0.1160
रिलीशनेबल	0.6670	-0.6670	0.0420
रिवराइजेशन	-1.0000	0.9520	0.9630
रिवाइजनेस	1.0000	0.6670	0.2380
रिवाज़	-0.2500	0.0400	0.0160
रिवोन्साइज़ेशन	-0.6670	-0.5420	-0.8570
रिश्ताित	-0.7940	0.0820	-0.6980
रिश्‍तेदारों	0.0000	-0.5930	0.5930
रिश्‍वत	-0.4233	0.4623	0.0543
रिसर्चन्स	0.9200	0.5100	0.4380
रिसाइजिंग	0.3460	0.0600	0.0560
रिसाइजेशन	-0.3960	0.0180	-0.2360
रिसाइज्ड	-0.5420	0.5060	-0.2460
रिसाव	-0.5724	0.4926	-0.2730
रिसेप्शनिस्ट	0.3540	-0.1400	-0.2300
रिसॉल्यूशन	0.5130	0.1000	0.4900
रिसोर्स	-0.6670	-1.0000	-0.4580
रिस्काइजेशन	0.0000	0.6670	0.2000
रिस्केसर	0.0400	-0.0400	-0.1760
रिस्टल्शन	-0.4300	0.3000	-0.0860
रिस्टाइजेशन	0.0420	0.5930	0.0560
रिस्टिटरी	0.1740	-0.0780	0.5660
रिस्टिनाइज़ेशन	-0.7040	0.6670	-0.6190
रिस्यूम	-0.5800	0.6320	-0.4380
रिस्यूमन्स	-0.6670	0.6670	0.4760
रिस्यूमर	-0.7080	0.5300	-0.1540
रिस्यूमल	-0.4440	0.6670	0.4580
री	0.1110	0.0000	0.0000
री-	0.1301	0.3280	0.2582
री-posciography	-0.6670	0.5710	-0.5830
री-reud	-0.1900	0.3330	0.2670
री-क्रम	0.0950	0.6670	0.4440
री-लेट	0.4070	-0.6670	0.0000
री-लोड	0.0230	0.2460	0.1274
री-लोडर	-0.3985	0.5625	-0.2225
री-लोडिश	0.3120	0.2660	0.0820
री-वेल	0.4000	0.6670	0.5710
रीअर	0.1240	-0.3120	0.0000
रीआईआईडील	-0.3890	-0.6670	-0.1670
रीकम्पो	-0.6670	-0.0950	0.8150
रीकर	0.2925	-0.1665	0.2235
रीकरर	0.0323	0.1961	0.3134
रीकरेबल	-0.4695	-0.0610	-0.4790
रीकरॉयर	0.2660	0.1880	0.3340
रीकर्शन	0.2500	0.4280	0.2540
रीकर्स	-0.6670	0.5190	0.0420
रीकेट्स-	0.1110	0.6670	0.3810
रीकेप	0.2040	0.1560	0.3340
रीकेपाइज	0.5420	0.5000	0.5710
रीकेपाइजेशन	0.5930	0.0830	0.7080
रीकेपुलेटर	0.0000	0.5930	0.4070
रीकोट	0.6670	0.6300	0.2220
रीकोड	0.0740	0.5930	0.2590
रीकोश	0.1670	0.6670	0.5560
रीक्टर	-0.0840	-0.1880	0.7240
रीक्लासीय	0.7040	0.2670	0.5560
रीक्लासेबल	0.7040	0.0000	0.4070
रीक्लिस्टेटर	0.6670	0.7330	0.9170
रीक्लीक	0.0620	0.3920	0.6360
रीक्लोबल	0.5240	-0.8890	0.4070
रीक्विम	-0.0500	-0.2360	-0.1480
रीक्शन	0.2085	0.3155	0.2405
रीगाटाasia.	0.4800	-0.0580	-0.1300
रीग्रेच	-0.6670	0.6670	0.2220
रीग्रेज	0.3330	1.0000	0.5560
रीग्रेज़	0.3330	0.0000	0.0370
रीग्रेड	0.1227	0.0307	0.0474
रीग्रेस	0.2310	0.5815	0.0832
रीग्रेसन	0.1258	0.1868	0.0284
रीग्रेसनusa.	0.2920	0.0200	-0.2660
रीग्रेसनमेंट	-0.5400	0.3000	-0.2320
रीग्रेसिव	-0.1898	0.0432	-0.1390
रीच	-1.0000	0.9050	-0.9520
रीच-	0.0000	0.7140	-0.2590
रीचिंगेन	-0.4160	0.2400	-0.1480
रीचैंटी	-1.0000	-0.9260	-0.6300
रीच्ड	0.4670	-1.0000	0.3330
रीजन	0.3335	0.5205	0.3260
रीजनिक्शन	0.0000	0.6670	0.1900
रीज्यूेक्टी	-0.1330	0.5240	0.4440
रीटोनॉल	0.6670	0.0000	0.0420
रीट्रिक	0.0835	0.2225	0.2315
रीडआउट	0.1800	-0.5000	0.0360
रीडर	0.5520	-0.5520	0.2040
रीडरशिप	0.3960	-0.3880	-0.1560
रीडर्स	-0.0800	-0.0400	-0.4080
रीढ़	-0.5845	-0.4835	-0.6790
रीति	-0.0500	0.3050	0.1440
रीनमेंटमेंट	-0.4800	0.1560	-0.3280
रीनल	-0.4000	-0.0400	-0.1700
रीनाना	-0.0200	-0.4900	-0.3160
रीनिदीमेंट	-0.6120	0.7300	0.1960
रीनोयर	0.6250	-0.6670	0.3750
रीप	0.0400	0.0200	0.2800
रीपेंट	0.2440	-0.2360	-0.3840
रीपेट	-0.3330	0.6670	-0.2380
रीपोपोज़	-0.6670	0.6110	0.4170
रीप्रिंट	0.0200	-0.1020	0.0540
रीप्रिकेन	-0.9335	0.0000	-0.5375
रीप्रिक्शन	-0.6110	-0.5420	0.5710
रीप्रेटेड	-0.6670	0.6670	0.9630
रीप्रेशननेस	0.6670	-0.6250	0.5190
रीप्रैण्ड	0.2080	-0.1020	0.0000
रीप्रोग्राम	0.0380	-0.1920	0.1140
रीप्रोप्रेशन	-0.8890	-0.2590	-0.4070
रीप्लिकिटी	-0.6670	0.6670	0.6250
रीप्लिकेशन	-0.3160	0.2360	0.0200
रीप्ले	-0.0280	0.0270	0.3195
रीप्लेक्टर	0.5420	0.5830	0.3330
रीप्लेटर	0.0000	-0.3280	0.3360
रीफल	0.1840	-0.1100	0.0000
रीफ़ोकस	0.3125	0.5210	0.3125
रीफाउण्ड	0.0000	-0.5190	-0.1670
रीफिंग	0.0420	0.0380	0.0180
रीफिक्स	-1.0000	0.9050	0.1430
रीफिशName	0.6250	0.5830	0.3810
रीफिशमेंट	0.6670	0.5830	0.3330
रीफ्ट	-0.6320	-0.1220	-0.6920
रीफ्ररेशनरेशन	0.0000	0.5190	0.4760
रीफ्रेक्ट	0.3805	0.3585	0.3825
रीफ्रेक्टनेस	-0.1665	0.2915	0.0000
रीफ्रेक्टमेंट	0.0480	0.6250	0.5830
रीफ्रेक्टर	0.3316	0.1477	0.4222
रीफ्रेक्टरफेस	0.6670	0.6250	0.4580
रीफ्रेक्टरीाइजेशन	-0.6670	0.6670	1.0000
रीफ्रेक्टरेबल	0.6670	-0.0830	0.3330
रीफ्रेक्टरेशन	-0.9630	0.2220	-0.7780
रीफ्रेक्टिंग	0.4170	0.5930	0.3700
रीफ्रेक्टिक	-0.0610	0.0770	-0.0260
रीफ्रेक्टिकल	-0.3760	0.3800	0.0800
रीफ्रेक्टिकेशन	-0.7080	-0.3330	-0.7080
रीफ्रेक्टिशमेंट	0.6670	0.5710	0.5560
रीफ्रेक्टी	-0.0024	0.5288	0.2944
रीफ्रेक्टेक्टरी	0.0400	-0.2860	0.1760
रीफ्रेक्टेक्ट्ड	1.0000	-0.6670	0.5930
रीफ्रेक्टेबल	0.3335	-0.2965	0.1110
रीफ्रेक्टेशन	0.2350	-0.1820	0.0740
रीफ्रेक्टोफ	0.5930	-0.5710	0.0000
रीफ्रेक्टोरेट	0.2700	-0.2860	-0.0860
रीफ्रेक्टोरेशन	0.0000	-0.4440	0.2500
रीफ्रेक्ट्ड	-0.4447	-0.2223	-0.3607
रीफ्रेक्ट्सिट	0.0830	0.6250	0.5420
रीफ्रेम	0.5830	0.5830	0.5190
रीबाउंडर	0.6670	0.7500	0.4440
रीबिन्ड	0.0000	0.4760	0.0370
रीबिशName	0.3890	0.6670	0.3750
रीबॉब	0.0620	-0.1000	0.1860
रीबॉर	0.3600	-0.1640	0.0540
रीब्सिट	0.3060	0.2200	0.1340
रीब्सीय	0.6190	-0.6670	0.2380
रीमीिक्स	0.2660	0.1400	0.0680
रीमैपिंग	0.6670	0.6670	0.0480
रीयलेक्टर	-0.1420	-0.0580	0.1640
रीरूरूट	0.0800	0.1960	0.1960
रीरो	0.1250	0.6670	0.2960
रीलिंकर	-0.6250	-0.3750	-0.4440
रीविंग	1.0000	0.6300	0.6670
रीविस	0.0000	0.5560	0.5830
रीविसिव	0.2960	0.5240	0.6670
रीविसिवाइज़ेशन	0.6670	0.6250	0.4760
रीवुड	0.2080	-1.0000	-0.0740
रीवेंस	0.4480	-0.0380	0.3460
रीवेबल	0.5000	-0.0360	0.1040
रीवोके	-0.4980	0.3920	0.4740
रीवोचेबल	0.0000	-0.1110	-0.1670
रीवोसीमेंट्स	0.3330	-0.5190	0.0000
रीव्वेव	0.6670	0.6670	0.3330
रीसान्स	-0.3340	0.0580	-0.2800
रीसामेंटलमेंट	0.5060	0.6450	0.5900
रीसास्टिक्स	0.6670	0.7780	0.9580
रीसिवनेस	-0.6670	-1.0000	-0.8100
रीसीन्स	0.5930	0.6670	0.2080
रीसेंटेड	0.0620	-0.1040	0.0560
रीसेट	0.2270	0.3997	0.3743
रीसेट-	0.6670	-0.3330	0.5000
रीसेलर	0.0000	0.6110	0.5560
रीसोसोरिस	0.5930	0.4760	0.5930
रीस्केप	0.6670	0.6300	0.3750
रीस्टमेंटमेंटमेंट	0.1020	-0.0400	-0.1700
रीस्टान्स	0.0820	-0.1480	0.2580
रीस्टिस	0.8890	0.6670	0.4810
रीस्टेंट	0.0840	0.2660	0.3260
रीस्टोperu.	0.6250	0.6670	0.6250
रीस्टोरेशन	-0.7140	0.3340	-0.1140
रीस्ट्सरेशन्स	0.0740	0.9050	0.9580
रीस्थेक्ट	0.0420	-0.0960	0.3100
रुंटर	0.5420	0.0000	0.0000
रुक	-0.1080	-0.5870	-0.3205
रुका	-0.1201	0.1893	0.0885
रुजू	-0.5785	-0.4315	-0.6610
रुटर्मर	0.3330	0.1670	-0.2860
रुपये	-0.1263	0.1600	-0.0233
रूकें	-0.0866	-0.1780	0.0867
रूट	-0.3350	-0.3697	-0.4250
रूटर	0.5000	0.6670	-0.2500
रूटीर	0.2900	-0.0380	0.2100
रूप	0.0693	-0.0025	-0.0798
रूप-	-0.3820	-0.5695	-0.5125
रूपरेखा	-0.0200	-0.6540	-0.1500
रूपांतरण	0.2611	0.1854	0.2766
रूपांतरणकर्ता	0.1640	0.1640	0.4460
रूपांतरणता	0.6670	-0.6670	0.5190
रूपित	-0.1145	0.0155	0.0035
रूपेबल	0.6670	-0.5000	0.2000
रूबी-	-0.3330	-0.8750	0.0000
रूमानिकी	0.0420	0.0000	0.8890
रूमाल	-0.2500	-0.3180	-0.3350
रूमी	0.1253	-0.4263	0.0515
रूमीName	0.0000	0.6670	0.0000
रूलर	-0.1200	-0.2000	0.2620
रूलर्स	-0.3330	0.6670	0.0370
रूवा	-0.2080	0.4120	-0.0940
रूहीदार	-0.6670	-0.6110	-0.5930
रे	-0.0420	0.0900	-0.1170
रेंगनेवाले	-0.4160	0.2260	-0.4360
रेंडर	0.0820	-0.2100	-0.1040
रेंडरर	0.0000	0.5190	0.4170
रेंडरिंग	0.0620	-0.1320	0.3340
रेकर	0.6670	-0.9630	-0.6300
रेकेट	0.1460	0.3340	0.5280
रेकॉर्ड	0.3785	0.3705	-0.0260
रेक्लीय	-0.2915	0.2380	-0.3750
रेखांकित	-0.0400	-0.1760	0.0180
रेखीय	0.5000	-0.4170	0.0000
रेगिस्तान	-0.5603	-0.1905	-0.3947
रेगुलर	0.2080	0.4440	0.3750
रेगुलरिटी	-0.3335	-0.2500	-0.2710
रेगुलर्स	0.0000	0.6670	0.4810
रेग्युलर	0.0000	-0.8890	0.0000
रेजा	-0.6670	-0.3810	-0.9580
रेजिन	0.0000	0.0000	0.1850
रेट	-0.4950	-0.0400	0.1913
रेडिकल	0.0000	0.5840	0.6220
रेडिकलली	0.1040	0.4620	0.4300
रेडिकलाइज़	-0.6670	0.7500	0.6670
रेडिकलाइज़ेशन	-0.6670	0.6670	0.9170
रेडिकलाइड	0.0000	0.0000	0.0420
रेडिकलिक	-0.6670	0.0830	0.2220
रेडियन	0.0000	0.0000	0.0000
रेडियो	-0.0091	0.2047	0.1270
रेडियो-	-0.0783	0.3907	0.4320
रेडियोकारेन	0.0830	0.0000	0.1430
रेडियोकास्ट	0.0420	0.6670	0.4580
रेडियोकेडेलिक	0.0000	0.3890	0.5190
रेडियोग्राफ	0.1220	-0.0200	-0.0180
रेडियोग्राफर	0.5000	0.5830	0.5000
रेडियोग्राफी	-0.0620	0.2280	0.0860
रेडियोग्राम	0.0420	-0.0830	0.0000
रेडियोग्रो	0.0000	0.2380	0.2220
रेडियोटसेलग्राफ	0.0000	0.6670	0.4580
रेडियोटीजेली	0.0000	0.6670	0.2860
रेडियोपरेटर	0.6250	0.6670	0.4810
रेडियोफोन	0.0000	0.0000	0.3330
रेडियोबक	0.0000	0.1900	0.0000
रेडियोबिक	0.0000	0.0000	0.0000
रेडियोबेक्टर	0.0480	-0.3330	0.5240
रेडियोबॉइड	0.0000	0.6670	0.5420
रेडियोबॉब	0.0000	0.6670	0.4070
रेडियोमीटर	0.0000	0.0000	0.0830
रेडियोमेन	0.0000	0.6300	0.2590
रेडियोर	0.2920	0.6670	0.7040
रेडियोरिसोparaguay.	0.0000	-0.1110	0.7140
रेडियोलेफ़ॉफ़नीparaguay.	0.0560	0.6670	0.5420
रेडियोलॉग	-0.0820	-0.0800	0.1480
रेडियोलॉगर	-0.0200	-0.1540	0.2680
रेडियोस्फीति	0.0000	0.6670	0.2220
रेत	0.0108	-0.0162	-0.0516
रेत-	-0.0830	-0.2597	0.1945
रेतप	0.6670	0.2590	-0.6300
रेतपिर	0.1250	-0.9170	-0.1480
रेनड्रॉप	0.3330	-0.8330	-0.6250
रेपायथन	0.1250	0.6670	-0.5830
रेफररी	0.0560	-0.6670	0.1850
रेफररोक	0.0000	0.6670	0.5420
रेफरर्टर	0.0200	0.0820	-0.1340
रेफरल	-0.0620	-0.2400	-0.2640
रेफरिली	0.3330	-0.6670	0.2000
रेबेटी	0.5240	-0.6670	-0.6000
रेरॉनी	0.4170	-0.4070	-0.0420
रेलवे	0.2040	0.2070	0.1230
रेलवेर	0.0000	0.6670	0.6250
रेली	0.0840	-0.3260	-0.0880
रेले	0.4840	0.1020	-0.2080
रेलेकार	0.0000	-0.5830	0.0000
रेव	-0.0200	0.2740	-0.1600
रेवाट	0.0480	-0.6670	0.0370
रेवोल	-0.5710	0.6300	-0.6670
रेशम	0.5578	-0.4077	-0.2115
रेशमी	0.8750	-0.5710	-0.2380
रेसिपि	0.3960	-0.4580	-0.1700
रेसिपी	-0.4445	0.9075	0.6935
रेसिपेज	0.3330	-0.6670	0.0000
रेसीप-	0.2560	-0.0340	-0.2860
रेसॉप	0.0000	0.0000	-0.0370
रेस्ट	0.2029	-0.0746	-0.0774
रेस्टट	0.6670	0.6670	0.5710
रेस्टनेस	-0.6670	-0.9520	-0.5930
रेस्टमेंट	0.0000	-0.5830	0.3700
रेस्टाइड्स	0.3330	-0.5190	0.2080
रेस्टिट	-0.3120	-0.3080	-0.2500
रेस्टेंसेंस	0.5000	0.2740	0.4790
रेस्ट्ड	0.6670	-1.0000	-0.5240
रेस्ट्स	0.4380	0.1600	0.1580
रेस्बोस	0.0000	0.6250	0.4810
रेहर	0.5560	0.5830	0.2960
रेहरर	-0.1850	0.6000	0.4070
रैंक	-0.2190	0.1510	0.5195
रैप	0.0292	0.1468	-0.0384
रैपर	0.0061	0.4144	0.1137
रैपर्स	-0.4400	0.1300	0.1820
रैपली	0.6300	0.6670	0.2080
रैप्ड	0.2920	0.6670	-0.1850
रॉ	-0.5650	-0.2910	-0.3310
रॉr	-0.0860	0.2700	-0.1880
रॉक	0.2620	-0.7640	0.5330
रॉकबैंड	0.6670	1.0000	0.5710
रॉकर	0.2300	0.4080	0.2500
रॉकार	0.1040	-0.1020	0.0000
रॉकेट	0.0000	0.0000	0.2220
रॉटलर	0.2080	0.4440	0.1430
रॉड	-0.4680	0.3240	0.1920
रॉप	-0.4380	-0.0400	-0.2740
रॉबैक	0.0000	0.1900	0.3330
रॉब्लूद	-0.3810	0.0740	0.6670
रॉाउ	0.0000	0.0000	0.0480
रो	-0.5450	0.5060	-0.1540
रोंगटे	-0.3120	0.5820	0.1180
रोई	-0.8640	0.2300	-0.7680
रोक	-0.4450	0.1032	0.0180
रोकने	-0.3235	0.2215	0.2800
रोकनेवाला	-0.1670	-0.6670	0.7500
रोका	-0.1703	0.1673	0.2393
रोकें	-0.3401	0.1408	-0.1172
रोग	-0.2567	0.0068	0.0774
रोगकर्ता	-0.6670	0.4170	0.4580
रोगजनकता	-1.0000	0.5930	-0.5830
रोगाणु	-0.7300	0.0200	-0.2400
रोगाणुएँ	0.0620	-0.1420	-0.0800
रोगियों	-0.6670	0.6670	0.5420
रोगोकुण्ड	0.5920	0.4620	-0.0180
रोगोच	0.7140	-0.6670	-0.5560
रोग्रिशName	0.0830	0.6670	0.4170
रोच	-0.7080	0.1960	-0.4820
रोज़ी	-0.2080	-0.1920	0.0800
रोटी	0.3132	-0.3393	-0.0031
रोटी-	0.0000	-0.6670	0.0000
रोटी-बोर्ड	0.0000	0.0000	0.0000
रोटीबल	0.3330	-0.0370	-0.1670
रोटीर	-0.5300	-0.2080	-0.4920
रोटीलाइन	-0.6670	-0.5560	-0.9170
रोटीस्टिक्स	0.4810	-0.6300	-0.1250
रोटोन	0.0000	0.0000	0.0420
रोते	-0.7304	-0.0598	-0.8070
रोनार्न-	0.3330	-0.6300	0.0000
रोने	-0.3670	-0.3730	-0.2450
रोबोट	0.0330	-0.0630	0.3060
रोबोटाइज़	-0.0830	0.6670	0.3810
रोबोटिक	-0.1660	0.2040	0.3140
रोम	0.0973	-0.0807	-0.0327
रोमलियम	-0.3330	0.5420	-0.1850
रोमांच	0.8720	0.5840	0.8420
रोमांचक	0.9170	0.6753	0.5803
रोमांचर	-0.0200	0.5920	0.2900
रोमांटिक	0.7415	0.3645	0.3125
रोमांटिकाइज़	0.6190	0.6670	0.2590
रोमानियनवाद	0.7080	0.0420	0.1860
रोमेन	0.2300	-0.0500	0.2780
रोमोफ़ोरेट	0.6250	0.6670	0.5190
रोम्प	0.2200	0.2800	-0.1660
रोरेट	-0.3480	0.3800	-0.1560
रोल	-0.2500	0.6670	-0.3810
रोलआउट	-0.4820	0.0220	-0.2340
रोलर	0.0420	-0.2120	-0.3100
रोलरकोस्टर	0.6040	0.8200	0.3020
रोलरेनdom.	0.6300	1.0000	0.0370
रोलर्स	-0.0200	-0.2700	-0.3280
रोष	-0.6000	0.5180	0.0680
रोस्टर	0.0620	-0.3880	-0.2380
रौंदते	-0.9170	0.8670	-0.9170
रौंदें	-0.5300	0.5280	0.1240
रौशन	0.8360	-0.2160	0.5660
र्डसेट	0.2960	-0.5000	-0.1430
लंगड़ा	-0.6653	-0.5970	-0.6887
लंगड़ाता	-0.6670	-0.7080	-0.8750
लंगड़ापन	0.0000	-0.9815	-0.4445
लंबवत	0.4380	-0.0800	-0.0700
लंबवतता	0.6670	-0.4760	0.2960
लंबा	-0.0373	-0.0971	0.0058
लंबा-	0.0420	-0.4355	0.0820
लंबा-टर्म	0.1960	0.0160	-0.1400
लंबाई	0.0530	-0.3133	-0.0537
लंबाहोहोहो.	0.7500	1.0000	0.2590
लंबित	-0.1660	0.1300	0.0980
लंबी	0.0709	0.1906	0.2027
लंबी-	0.0000	0.0000	0.1480
लंबीहैण्ड	0.0000	0.6670	-0.2220
लकड़ी	-0.0006	-0.3312	-0.0393
लकड़ी-	0.5930	0.3330	0.0000
लकड़ीक	0.0273	-0.2837	-0.1557
लकड़ीकर	0.6670	0.5000	0.3750
लकड़ीका	0.2660	-0.2920	0.0840
लकड़ीटर	0.0000	0.6670	0.4580
लकड़ीदार	0.3335	-0.0480	-0.0055
लकड़ीपर	0.0000	0.9520	0.5710
लकीर	-0.0253	-0.0477	-0.0805
लक्षण	-0.0114	-0.3116	-0.1084
लक्षणिक	-0.6670	0.5190	-0.9260
लक्ष्य	0.1717	0.1207	0.4109
लक्ष्यकीपिंग	0.6670	0.7140	0.6190
लक्ष्यहीन	-0.6670	-1.0000	-0.4760
लगन	0.8670	1.0000	0.6670
लगभग	0.0550	-0.1106	0.0043
लगाए	-0.1560	0.2145	0.3220
लगातार	0.3202	0.0558	0.2853
लगाम	-0.1460	-0.2660	-0.2280
लघु	0.0480	-0.1330	-0.1670
लघुछवियाँ	0.0480	-0.2315	-0.1325
लघुरूप	1.0000	-0.5830	0.2220
लघुरूपता	0.0950	0.0000	0.0000
लछू	0.0000	-0.9580	-0.0830
लटकावर	-0.6240	0.1300	-0.4660
लट्ठा	0.1110	-0.5830	0.0370
लड़	-0.4160	0.7700	0.5660
लड़का	0.1880	-0.1540	0.0395
लड़काकोट	-0.7760	0.3800	0.0100
लड़कापन	0.4170	0.0000	-0.5190
लड़कािश	0.5315	0.2285	-0.1770
लड़कियों	0.3330	0.6300	-0.3700
लड़की	0.3776	-0.0100	-0.1888
लड़की-	0.2860	-0.2860	-0.0950
लड़कीिश	0.3435	0.1435	-0.5600
लड़कों	0.3330	0.5930	-0.0830
लड़खड़ाती	0.0000	1.0000	0.4000
लड़ते	-0.6670	0.9520	0.9170
लड़ाई	-0.3327	0.7049	0.5033
लड़ी	0.1460	-0.6495	-0.2700
लत	-0.5978	0.5275	-0.2125
लतपन	-0.6670	0.6670	-0.7780
लथियाँ	-0.7080	-0.3330	-0.6670
लपेट	0.2920	-0.0660	0.3160
लपेटे	-0.4440	0.0000	-0.2500
लपेटें	0.1880	-0.1180	-0.4500
लपेटें-बिट	-0.5940	-0.2400	0.1320
लपेटें-बिट्टेटन	-0.7080	-0.8750	-0.9580
लहर	0.3365	-0.3425	-0.0725
लहर-	0.0950	0.3330	0.0000
लहरें	0.1451	0.0514	-0.0258
लहरों	0.0000	0.0000	0.0000
लहसुन	-0.1700	-0.1770	-0.2230
ला	-0.0420	-0.2740	-0.0180
लांगल	-0.4580	0.0200	0.3040
लांच	-0.0367	0.0897	-0.0133
लांचनेस	-0.6190	-0.6190	-0.5190
लांचर	0.5105	0.7450	0.4930
लांची	-0.6670	-0.6670	-0.5420
लांटेनेशन	0.0000	0.0000	0.0000
लाइटस्विच	0.0000	0.5420	0.5560
लाइन	0.2700	-0.1460	0.2760
लाइन-	0.0000	-0.4070	0.2860
लाइनट	-0.2440	-0.0400	-0.0160
लाइनबैकर	-0.0200	0.3200	0.0860
लाइनर	-0.0620	-0.2080	-0.2000
लाइब्रेरी	0.5520	-0.7560	0.0980
लाइब्रेरीज़	-0.1040	-0.7340	-0.4920
लाइसेंस	0.2928	-0.4034	0.4760
लाउण्ड	0.1460	0.3120	0.0180
लाओन	-0.2080	-0.2700	-0.3660
लाक्षणिक	0.0610	-0.1650	0.2820
लाक्षणिकता	0.3700	-0.6670	0.1850
लागत	-0.0788	-0.3565	-0.2627
लागर	-0.3330	0.4810	0.3810
लागू	0.0334	-0.2644	0.1402
लाचारी	-1.0000	-0.3330	-0.8150
लाटानाparaguay.	0.4380	-0.1180	-0.2080
लाटेट	0.2300	-0.3600	-0.3780
लाठी	0.4900	-0.4520	0.2540
लानत	-0.7673	0.0443	-0.2910
लानतेबल	-1.0000	0.6300	0.7080
लाना	0.2700	-0.0800	-0.0760
लाने	0.0185	0.3125	-0.0950
लानोलिन	0.0950	-0.4760	0.0000
लापरवाह	-0.6374	0.3096	-0.5484
लापरवाहता	-0.4160	0.5260	-0.2400
लापरवाहपन	0.3540	-0.8955	-0.0555
लापरवाही	-0.5100	-0.0360	-0.3400
लाभ	0.8558	-0.0517	0.5902
लामरोusa.	0.0420	-0.0400	0.0340
लामा	0.1200	-0.3600	-0.2000
लाम्बिया	-0.4400	0.0780	0.2300
लायक	0.4415	-0.2725	0.6360
लाया	0.1040	-0.0160	-0.1720
लार	-0.2860	0.0985	-0.4305
लाररी	0.0000	-0.4670	0.0000
लारेटा	0.3330	0.5560	-0.0420
लाल	-0.0356	-0.0707	-0.0626
लाल-	-0.2777	0.6437	0.6390
लालक	-1.0000	0.0000	-0.5240
लालच	-0.3172	0.5942	0.1958
लालचयोग्य	0.9520	-0.4170	0.6250
लालची	-0.7085	0.4935	0.0870
लालटेननिक	0.0000	0.0000	0.3700
लालटेनेंसिक	0.3330	0.6670	0.0000
लालटोरेट	0.2040	-0.1120	-0.0200
लालडर	0.0000	0.0420	0.0000
लालफर्ट	0.6110	0.6670	0.4670
लालमछली	0.0000	0.0000	0.0000
लालयाक्टर	0.0000	0.5830	0.5190
लालरिक	0.3330	-0.0740	0.1250
लालवुड	0.1840	-0.3000	-0.1140
लालसा	-0.0477	0.2046	-0.0666
लालसा-	-0.6670	-0.9260	-0.8000
लालसार	0.7040	0.6670	0.5830
लालसाली	0.6670	0.5830	-0.3330
लिंक	0.1517	-0.4023	-0.0140
लिंक-	0.5000	0.0000	1.0000
लिंकगो	-0.1040	-0.2720	-0.1060
लिंकल	0.0200	-0.2440	-0.1960
लिंकित	0.2860	-0.4760	0.0000
लिंकीName	0.2500	-0.3240	-0.2900
लिंक्ड	-0.2240	-0.6540	-0.5720
लिंग	-0.4720	0.6300	-0.1540
लिखकर	-0.2303	0.4535	0.0236
लिखने	0.3816	0.0482	0.0946
लिखा	-0.1785	0.0285	-0.0665
लिखी	0.1053	-0.0593	-0.0627
लिखें	0.1433	-0.2520	-0.0587
लिचॉर्मॉइड	-0.3330	0.0000	0.0000
लिच्ड	-0.2080	-0.1760	-0.1500
लिच्यून	0.0480	0.5830	0.3700
लिता	-0.3120	-0.1420	-0.2860
लिपटे	0.0830	-0.6250	-0.3700
लिपिड	0.3810	-0.2000	-0.0830
लिफाफा	0.2080	-0.4500	-0.2460
लिफाफे	0.0508	-0.4113	-0.2563
लिफाफेकार	0.7500	0.7080	0.5420
लिफाफेल	0.6670	-0.6300	0.3330
लिफासा	-0.1240	-0.1600	-0.0180
लिफ्ट	0.1240	0.2080	0.3520
लिफ्टर	0.3165	0.5005	0.4215
लिबआईएसआईडी	0.0830	0.6670	0.9580
लिबआईएसडी	0.6670	-0.2380	-0.0420
लिबआईटीटो	0.2240	-0.3440	-0.1880
लिबआईडो	0.5400	0.2040	0.1420
लिबआईपीआई	-0.2080	0.0560	0.1120
लिबआरआईआरसी	0.2500	-0.7300	0.0180
लिबआरसी	0.7080	0.0000	0.3330
लिबर	1.0000	0.7080	1.0000
लिबिलेल	-0.7440	0.3880	-0.1940
लिब्रोला	0.4580	0.7080	0.2920
लिमिट	0.1660	0.0860	0.2800
लिमिट्ड	-0.6670	0.8890	-0.9630
लिम्बर्गी	-0.0200	-0.3460	0.1360
लियून	-0.2040	0.0200	-0.2200
लियोस्टिक्स	0.3060	-0.1420	-0.3880
लिवेड	-0.6670	-0.6670	-0.6670
लिहाज़	1.0000	-0.6670	0.0370
ली	0.5840	0.0580	0.6540
लीआ	0.4165	0.1480	-0.1420
लीआयरमेंट	-0.0200	-0.1800	0.0200
लीओ	-0.6670	0.5560	-0.3700
लीगली	-0.5710	-0.6670	0.4580
लीग्रेस	-0.3960	0.1380	0.2240
लीज्ड	-0.0180	-0.2535	-0.1495
लीटर	0.0930	-0.1113	0.1273
लीड	-0.3540	0.3140	-0.0900
लीडऑफ	0.6670	1.0000	0.5710
लीड्ड	-0.1220	0.2500	0.1900
लीनियर	-0.1114	-0.1983	-0.0734
लीनियराइज़ेशन	0.0000	0.5000	0.5190
लीपन	-0.6670	-0.9170	-0.5190
लीमा	0.0600	-0.4320	-0.2180
लीमाasia.	-0.4280	0.0720	0.0500
लीमोमाusa.	-0.5840	0.2900	-0.3400
लीये	0.0200	-0.4620	-0.4080
लीयोल	-0.1840	-0.0060	-0.0180
लीली	0.0200	-0.5000	-0.1140
लीस्टर	0.1220	-0.4900	-0.3220
लुकम्पी	-0.6240	-0.4160	-0.7320
लुकीName	-0.3700	-0.1250	-0.1110
लुकेटी	0.0000	0.0180	-0.3460
लुचपन	-0.4795	0.9010	0.1875
लुप्त	-0.2270	-0.0557	0.1650
लूट	-0.7190	0.5802	-0.0738
लूथर	0.0200	0.0000	0.2160
लूप	0.0320	-0.3140	-0.3660
लूप!	-0.1880	0.5100	-0.0180
लूपy	-0.1240	0.0400	-0.6100
ले	0.0489	0.0253	-0.0442
ले-	-0.0577	0.0433	-0.0270
लें	-0.0407	0.4057	0.1527
लेंगे	0.4380	-0.2540	0.5360
लेंस	-0.1600	-0.5100	-0.0560
लेकर	0.2240	-0.3040	0.0180
लेकिन	-0.1250	-0.1020	-0.0500
लेकिनलर	0.0790	-0.5300	-0.1240
लेख	0.1880	-0.4400	-0.0380
लेखक	0.3161	-0.3134	0.3502
लेखन	-0.2290	0.1215	0.3460
लेखा	0.1640	0.1420	0.4520
लेज़	0.6670	-0.9630	-0.6670
लेट	0.0015	-0.0860	-0.1760
लेटर	-0.0070	0.2915	0.6760
लेटर्ड	0.0200	-0.1420	-0.2180
लेटेक्स	-0.0420	-0.1740	-0.3500
लेटेन्से	0.0000	-0.6670	-0.4170
लेटेस्टयर	0.0000	0.0000	0.3330
लेटो	-0.5000	0.2460	-0.4640
लेटोटो	0.0840	-0.0600	-0.3520
लेट्ड	-0.0620	0.0000	0.3060
लेडल	0.1860	-0.1020	-0.4240
लेथियम	-0.1660	-0.3400	-0.1400
लेथिस्ट	0.1220	-0.3080	-0.0540
लेथॉइड	0.0380	-0.2440	0.0500
लेन	0.6385	0.0000	0.6040
लेन्स	-0.5200	0.2460	-0.2780
लेन्सेय	0.2860	-0.0670	0.6110
लेपिक	0.3120	0.0070	0.1025
लेबल	-0.1231	0.1235	0.1562
लेबलित	0.0200	-0.3600	-0.5560
लेम	-0.3340	-0.2420	-0.3540
लेमी	-0.3600	-0.3060	-0.1460
लेमेन्ट	0.1460	0.2103	0.4123
लेम्पल-	0.0000	-0.6670	0.0000
लेरिकी	-0.7620	-0.6250	-0.8670
लेरी	-0.3260	0.2800	-0.1800
लेर्मर	0.0000	0.6670	-0.9170
लेविस्ट	-1.0000	0.6670	0.1850
लेवेवेवेवे	0.1240	0.1540	0.1380
लेस	-0.3879	-0.6114	-0.5400
लेस-	-0.7080	-0.6670	-0.2080
लेसब	0.6670	0.0950	0.0830
लेसर	0.1110	0.2460	0.0473
लेसराइजेशन	0.4170	0.6670	0.7920
लेसरी	0.0000	-0.6670	-0.0370
लेस्फीति	-0.6670	1.0000	0.3330
लैंगिक	0.0965	-0.1042	-0.0078
लैंडjamaica.	0.1480	0.1020	-0.1400
लैंफिंग	-0.0620	-0.3020	-0.2460
लैच	-0.2100	-0.4740	-0.4240
लैचकी	-0.3330	-0.0370	-0.1850
लैपटॉप	0.4480	-0.4600	0.0380
लैम्पलाइज़ेशन	0.6670	0.4170	0.4580
लैम्पलेस	-0.6670	-0.6670	-0.7410
लैम्पेनusa.	-0.4560	0.6420	-0.0920
लॉक	-0.4560	0.1020	0.0690
लॉकर	-0.1220	-0.4000	-0.2140
लॉक्ड	-0.4400	-0.2180	-0.2660
लॉक्‌ल	0.3810	0.0560	0.0830
लॉग	0.0910	-0.4415	-0.1525
लॉग-	-0.1040	0.7710	0.5320
लॉगjam	-0.6670	0.4760	-0.6670
लॉगआउट	0.4720	-0.2160	-0.2640
लॉगबुक	0.0000	-0.5930	0.1900
लॉगबैक	0.0000	-0.2880	-0.2540
लॉगमेंट	0.0000	0.0000	0.5000
लॉगमेंट्स	0.2660	0.0000	0.4600
लॉगर	-0.1675	0.3945	0.0702
लॉगरातीName	0.3330	0.0000	0.0000
लॉगरिद्म	0.0400	-0.1220	0.1020
लॉगरिद्मिक	-0.0207	-0.3097	0.2820
लॉगिंग	0.0000	0.6670	0.2920
लॉगेटिकल	0.1110	0.6670	0.6300
लॉगेसियनName	0.0830	0.5190	0.4440
लॉग्ड	0.6670	0.7410	0.8330
लॉटरी	0.5420	0.4620	-0.0180
लॉल	-0.0200	-0.5800	-0.3560
लोअरकेस	0.0000	0.0000	-0.0830
लोकतंत्र	0.3600	0.0000	0.6800
लोकतांत्रिक	0.7185	0.2970	0.6645
लोकप्रिय	0.6632	0.3408	0.3850
लोकप्रियीकरण	0.5930	0.3330	0.6670
लोकेल	-0.1020	-0.2260	-0.2960
लोकोटाperu.	0.5930	-0.5560	0.1110
लोग	0.2670	-0.1670	-0.0680
लोगो	-0.1800	-0.2627	-0.1300
लोड	-0.1433	0.0275	-0.0562
लोडेड	-0.6670	-0.6190	-0.4580
लोथड़े	-0.4700	-0.1580	-0.3960
लोबान	0.6670	-1.0000	0.2080
लोबाम्बा	-0.2500	0.4040	-0.3780
लोभ	-0.7500	0.6670	-0.2860
लोभरहित	0.7620	-1.0000	-0.2960
लोभी	-0.6670	0.6670	-0.6190
लोमड़ी	0.3330	0.6190	0.6670
लोर-	-0.6670	-0.5000	-0.5240
लोवाजो	0.0000	-0.5830	-0.1480
लोहा	0.1444	0.2475	0.3412
लोहा-	-0.0260	-0.1750	0.4466
लोहालाला	0.1220	0.2960	0.3580
लोहू-	0.5710	-0.5830	0.4580
लोहे	-0.3215	0.2592	0.7335
लोहे-	0.4760	-0.6250	0.9260
लौंडी	-0.1880	-0.3520	-0.4000
लौकिकवाद	-0.2660	-0.1200	0.1180
लौट	0.2300	0.0400	-0.3220
लौटकर	-0.1480	0.6670	0.3750
लौटाता	0.3175	-0.3825	0.2785
लौटी	0.0000	0.6670	-0.1900
ल्यूएक्लियम	0.0000	0.0480	0.2590
ल्यूबो	0.3600	0.1040	-0.1060
व.)	-0.4047	-0.9507	-0.3813
वंश	0.2480	-0.1720	0.1850
वंशावली	0.2990	-0.2500	0.2840
वकील	0.0967	0.1363	0.5810
वक्र	0.0220	-0.2180	-0.3560
वक्र-	-0.3330	0.6250	0.4760
वक्रीय	0.0625	-0.1930	0.1145
वचन	0.4380	0.2600	0.3160
वजन	-0.1000	-0.2400	0.1540
वजनर	0.6250	1.0000	0.7500
वजन्स	0.1400	-0.1220	-0.2140
वज़ीज़ी	-0.4305	0.3335	-0.1665
वज़ीज़ीज़ी	0.0000	0.6670	-0.2500
वनस्पति	0.3598	-0.3482	-0.1542
वफ़ादारी	0.5300	0.1600	0.4180
वफादारी	0.8330	-0.0460	0.2480
वयस्क	-0.4375	0.1562	0.0915
वयस्कपन	0.5830	-0.5190	0.5710
वरा	-0.0200	-0.3340	-0.1860
वरिकला	-0.6320	0.1860	-0.3720
वरीय	0.5920	-0.5260	-0.1000
वरीयता	0.6020	-0.1486	0.4200
वरीयताएँ	0.6670	0.4580	-0.1250
वर्क	0.5000	0.6250	0.2080
वर्कग्रुप	0.5240	0.6670	0.4760
वर्कबैग	0.0000	0.6670	-0.0480
वर्कशीट	0.0000	0.6670	0.0830
वर्कुलर	0.4070	0.6670	0.4580
वर्कॉयरusa.	-0.3330	0.6670	0.0000
वर्ग	0.1000	-0.1072	0.2831
वर्ग-color	-0.5240	-0.5190	-0.3330
वर्गमीटर	0.3330	0.6670	0.2960
वर्गमेन	0.6670	-0.0740	0.5930
वर्गाकार	-0.3335	-0.8335	-0.3335
वर्गीकरण:	-0.1630	-0.3460	-0.2360
वर्गीकृत	-0.0446	-0.1014	-0.1009
वर्डनेस	-0.6110	-0.6670	-0.5710
वर्ण	0.0140	-0.1680	-0.1660
वर्ण-	-0.7040	-0.6670	-0.8330
वर्णक्रम	0.6045	-0.0545	0.6205
वर्णन	0.1010	0.0372	0.1325
वर्णन:	0.4380	0.5160	0.5000
वर्णनकर्ता	-0.5710	0.6670	0.7620
वर्णनात्मक	-0.6670	0.6670	-0.2220
वर्णनात्मकता	0.6670	-0.6670	0.3750
वर्णन्तम	0.0950	-0.5240	0.2920
वर्णमाला	0.2096	-0.0036	0.2668
वर्णाइज़ेशन	0.5000	0.6670	0.3750
वर्णानुक्रम	0.0000	-0.6670	0.0480
वर्णित	0.0000	-0.6250	-0.2220
वर्ण्ड	0.0000	0.0000	0.0000
वर्तनी	0.0033	-0.0595	-0.0185
वर्तनी-	1.0000	0.7080	0.7920
वर्तनीजांच	0.6670	0.6670	0.5420
वर्तनीनाम	1.0000	0.6670	1.0000
वर्तनीसर	0.2920	0.5560	0.4580
वर्तमान	0.0200	0.1483	0.2393
वर्मिक	0.8570	0.3700	0.0000
वर्मोटिकम	0.0420	0.6670	0.5240
वर्ष	0.0084	-0.3770	-0.0944
वर्ष(E)	0.0000	0.6670	0.4760
वर्षगांठ	0.7600	0.5400	0.4460
वर्षबुक	0.1240	-0.5380	0.0180
वर्षा-	1.0000	-0.5000	-0.2220
वर्षें	0.0000	1.0000	-0.5560
वल-	-0.0420	0.6190	-0.8150
वलय	0.0210	-0.4645	-0.1390
वल्ड-	-0.1040	0.3580	0.3660
ववीनेट	-0.3060	0.1600	0.0720
वसंत	0.3303	0.0116	0.1117
वसंत-	0.6250	-0.6670	-0.2080
वसंतु	0.6670	0.7140	0.2590
वसंतुड	0.6670	0.3810	0.6190
वसंतुढी	-0.8340	0.6740	0.1420
वसंतुन्दन	-0.5720	0.0200	-0.3880
वसंतुषी	0.3960	0.2160	-0.0760
वसन्तानियाईName	-0.3330	-0.0560	0.5710
वसन्तुष्ट	0.5420	0.6480	0.5640
वसा	-0.6040	-0.2940	-0.5260
वसासो	-0.4280	-0.2120	-0.3280
वसा्टन	-0.2500	0.0980	-0.2740
वसा्टनर	-0.3330	0.7500	0.5420
वस्तु	-0.0045	-0.0844	0.0129
वस्तुओं	-0.0820	0.0540	0.0360
वस्तुवाद	0.0000	-0.6300	0.9520
वह	0.0741	0.1024	0.1614
वहाँ	0.0000	-0.1780	-0.1227
वहां	0.4180	0.2400	-0.0400
वहींक	-0.5200	0.4560	0.1200
वहेज़	-0.5420	-0.0760	-0.0780
वांछित	0.4773	0.2117	0.2690
वाईक	-0.6670	0.7780	-0.4580
वाईच	0.6460	0.3400	0.3200
वाईचकशिप	0.5000	0.7140	0.6670
वाईचिंग	0.2480	0.2700	0.2180
वाईची	-0.7160	0.6120	-0.5260
वाईन	-0.0420	-0.2700	-0.2140
वाईनकेस	0.0000	0.6670	0.7040
वाईपप	1.0000	0.9580	-0.0560
वाईपीप	0.2220	1.0000	-0.3810
वाईमैपिंग	-0.6670	1.0000	-0.4290
वाक्य	0.3957	-0.3763	0.3630
वाक्यांश	0.0427	-0.2052	0.1052
वाक्यांश:	0.2780	0.5830	0.5190
वागाम	0.6880	0.7260	0.3520
वागामिकusa.	1.0000	1.0000	0.4170
वाचा	0.0867	-0.1160	0.3773
वाचाल	-0.2830	0.1465	0.1350
वाचालनेस	-0.3750	0.5190	0.0000
वातावरण	0.3840	-0.4515	0.1795
वात्ज	0.5380	-0.1800	-0.3700
वादा	0.6840	-0.2710	0.2225
वान	-0.2960	0.3460	-0.0810
वानusa.	0.1220	-0.4400	-0.5380
वानर	-0.0323	0.0543	-0.2750
वाप	-0.2500	0.8150	-0.4170
वापस	-0.4280	0.1234	0.0162
वापसी	-0.1672	-0.1888	-0.1669
वाफ	-0.0620	-0.5200	-0.0560
वाय-	-0.3330	-0.0950	-0.4440
वायरअर	-0.6250	0.6670	-0.4440
वायरफ्रेम	0.0200	0.4600	-0.0800
वायरल	0.4580	-0.4440	-0.3340
वायरलेस	0.4130	0.1660	0.2775
वायरस	-0.0265	0.1418	0.1994
वायु	0.4030	0.5060	0.4063
वायु-	-0.2015	0.5623	0.0585
वायुफ्रेम	0.0830	0.0000	0.5000
वायुमण्डल	0.0620	-0.1600	0.1880
वायुमण्डलीय	0.0000	-0.5420	0.0000
वायुवरॉयर	0.5830	-0.6670	0.5190
वायोमा	-0.0400	-0.2800	0.0180
वायोल	-0.2800	0.0000	-0.1720
वायोल-	-0.6670	0.7500	1.0000
वायोला	0.3260	0.3460	0.2800
वायोलालैंडusa.	0.6880	-0.0580	0.1320
वायोवा	0.3087	0.5180	0.1973
वायोवाName	0.6670	0.6670	0.1430
वायोविस	-0.2960	0.6670	-0.0420
वार	-0.6660	0.7640	0.1900
वारिस	0.5735	0.0595	0.4415
वारिस-	0.0000	-0.7145	0.1900
वार्जर	-0.7330	0.0000	-0.2380
वार्तालाप	0.4690	-0.0590	0.2050
वार्तालापकर्ता	-0.5930	0.6670	0.9580
वार्तालापशील	-0.3330	0.6670	0.4440
वार्मर	-0.1320	0.2695	0.4050
वार्मल	-0.0840	-0.2500	0.3580
वार्मा	0.0000	-0.4440	0.3700
वार्मियाpoland.	0.3300	-0.4360	0.3700
वार्मेसिस	0.0000	-0.7410	0.1480
वार्मोperu.	0.6190	0.6300	0.0000
वार्म्गा	-0.3540	-0.2880	-0.4100
वार्षिकाइज़	0.0000	-0.0560	0.5930
वालर	-0.8100	0.5420	-0.8520
वाला	0.0000	0.6670	-0.0740
वाल्ड	-0.6240	0.2000	-0.0940
वाल्डर	-0.4440	0.6670	-0.3330
वाल्डल	0.0000	-0.5190	0.2960
वावासिटी	0.9520	1.0000	0.4760
वाव्हर	0.8120	-0.2120	-0.0380
वास	0.2660	-0.3140	0.1060
वासा	-0.0200	0.5100	0.1120
वासाम्बाasia.	0.6460	0.0200	0.5200
वासायोलिलेन	-1.0000	0.8570	-0.6250
वासाव्वीव	-0.2040	0.1020	-0.1380
वासासिटी	-0.8960	0.0000	-0.5660
वासुलल	0.0000	-0.7080	0.2500
वास्तव	0.2220	-0.1905	0.3445
वास्तविक	0.5035	0.0492	0.4761
वास्तविक-	0.5000	0.6300	0.5000
वास्तविकता	0.1615	-0.4323	0.2857
वास्तविकनेस:	0.6670	0.0000	0.2920
वास्तविकवाद	-0.0173	-0.0193	0.4807
वास्तविकवादी	-0.0950	-0.6115	0.4820
वास्तविकस्थान	0.0670	0.6670	0.6670
वास्तविकाइज़	0.0000	0.2590	0.2920
वास्तविकिटी	0.5000	-0.0720	0.2000
वास्तविकीकरण	1.0000	0.5190	0.7220
वाह	0.1227	-0.0380	-0.0867
वाहन	0.2820	0.1300	0.0000
वाहर	0.3330	-0.6300	0.3330
वि	-0.0420	-0.4170	0.0000
विंडो	-0.1188	-0.0718	-0.1665
विंडोphaiti.	0.0000	-0.6670	0.0000
विकरीनेस	0.1250	0.0000	-0.0560
विकल्प	0.1340	-0.2460	-0.1680
विकसित	0.3074	0.2054	0.2832
विकार	-0.7185	0.7535	-0.6155
विकास	0.2342	0.2453	0.3230
विकासली	0.6670	-0.5000	0.1670
विकासवाद	0.5190	0.5000	0.5240
विकासवादी	0.5190	0.6670	0.6110
विकासशील	0.6660	0.1740	0.4280
विकिरण	-0.6660	0.4820	0.0720
विकुकुका	-0.1660	-0.5000	-0.4720
विकृत	-0.4217	0.1977	-0.2208
विकृतता	-0.4534	0.0816	-0.0118
विकृतियाँ	-0.1300	-0.1804	-0.1463
विकृती	-0.6670	0.0480	-0.2080
विकृतीक	0.6250	0.7040	0.9260
विकृतीकरण	-0.2722	0.4298	-0.5165
विकेट	-0.1480	0.0620	-0.0180
विक्रेता	-0.0133	0.3621	0.3384
विक्रेता-	0.1670	0.6670	-0.2590
विक्रेतापन	0.4760	0.6670	0.7920
विक्षोभ	-0.3160	0.1950	0.1560
विक्षोभता	-0.7080	0.6670	0.1250
विगलल	0.3400	-0.4160	-0.1760
विगोपन	0.2505	0.2230	0.5165
विग्टटट	0.4340	-0.4340	-0.2360
विग्नोनीusa.	-0.3750	-0.3330	0.2590
विग्रेड	0.0000	-0.5560	0.4580
विचक	0.2860	-0.3780	-0.1640
विचलन	-0.7900	0.0260	-0.3280
विचार	0.2489	0.0003	0.3325
विचारक	0.5395	0.2195	0.7640
विचारयोग्य	0.3330	0.0000	0.2860
विचारवादीता	0.3700	0.0420	0.4810
विचारशील	0.5620	-0.2400	0.2660
विचारसूची-	0.9630	-0.6670	0.3330
विचारहीन	-0.5000	-0.1350	-0.1620
विचारहीनता	-0.7040	0.5930	-0.5560
विजयी	0.7680	0.7720	0.8920
विजयीि	1.0000	1.0000	1.0000
विज़ेट	0.0420	0.0000	0.0000
विजीजीज	0.2040	-0.5100	-0.1820
विजुअल	0.0409	-0.1226	0.2001
विजुअलusa.	0.2700	-0.3120	-0.0700
विजुअलली	-0.6670	0.6670	-0.7920
विजुअलाइज़ेशन	-0.6670	-0.6670	-0.6670
विजुअलिक	-1.0000	0.8520	0.3750
विजुअलिटी	0.0000	-0.1715	0.2220
विजुअले	0.9330	0.9170	0.6300
विजुअलेबल	0.0370	0.0000	-0.0740
विजुअलेशन	-0.5420	0.2540	0.1080
विजुट	-0.7080	0.2120	-0.7220
विजुलीusa.	0.3330	-0.3330	-0.1850
विजेटों	-0.1670	-0.5710	-0.5710
विजेता	0.3961	0.5785	0.6568
विजेतािया	0.7920	0.6220	0.6740
विज्ञान	0.5880	-0.0710	0.7410
विज्ञापन	0.3376	0.3448	0.3704
विज्ञापनों	0.2920	0.4380	0.7500
विटामिन	0.6540	-0.3400	0.1200
विटेट	-0.3340	-0.0180	0.0180
विटेनेंस	0.6670	0.5560	0.7500
विडगेट	0.3330	0.0020	0.0920
विडगेटर	0.3330	0.5190	-0.2220
विडगेटल	0.0000	-0.5830	0.3330
विडज	-0.1255	0.5495	-0.2475
विडरी	0.0830	-0.6670	0.0000
विडलर	-0.5560	0.2920	0.6250
विडव	-0.3335	-0.5555	-0.5140
विडविएटर	-0.6670	0.6670	-0.6300
विडवेटर	0.7140	0.6300	0.7780
विडवेशन	-0.6670	0.6670	-0.6670
विडाइड	1.0000	0.0000	0.0000
वितरण	0.3440	0.0180	0.5530
वितरित	0.1710	0.4295	0.4800
वित्तीय	0.1667	-0.0440	0.5263
विदेश	0.3540	0.1920	0.1220
विदेशी	-0.1402	0.2594	0.0840
विदेशीपन	0.0000	0.0000	-0.1480
विदेशेटर	-0.7780	0.6300	0.5930
विद्यार्थी	0.3960	-0.0500	-0.2040
विद्यार्थीपन	0.6670	-0.3750	-0.3700
विद्रोह	-0.7960	0.3800	-0.4000
विद्वत्ता	-0.0570	0.2080	0.3103
विद्वान	0.4440	-0.1130	0.4400
विधर्मी	0.2085	-0.1510	0.0975
विधवा	-0.5857	-0.2963	-0.4780
विधि	0.3730	-0.0517	0.3995
विधि:	0.3335	-0.6670	0.0420
विधिः	0.2700	-0.3140	-0.3920
विधिवाद	0.0000	0.2960	-0.1670
विधिवादी	0.6670	-0.1900	0.7780
विधिाइज़	0.5830	-0.6670	0.5560
विनआईडी	-0.2080	0.3000	-0.2460
विनकर	-0.6250	0.5930	-0.6250
विनम्रता	0.0000	-0.2205	0.1945
विनष्ट	-0.7925	0.2550	-0.5325
विनाशकता	-1.0000	0.7500	0.3330
विनाशकारी	-0.8307	0.7780	0.6467
विनिमय	0.2400	0.4025	0.1370
विनियमित	-0.5293	0.2223	0.2487
विनियमी	0.0000	0.6670	0.5560
विनेटीकरण	0.6670	0.6670	0.8520
विनो	-0.1880	0.0700	-0.3020
विन्यास	0.1572	-0.0624	-0.0095
विन्सर	-0.2440	0.0940	-0.2040
विपणर	0.6670	0.6670	0.7140
विपत्ति	-0.7255	0.5953	-0.2335
विपरीत	-0.3496	0.2013	0.0809
विपरीतता	0.0000	0.0000	0.0000
विफलता	-0.6040	-0.0980	-0.5000
विबाचक	-0.6670	1.0000	0.2590
विभाग	0.4160	-0.2840	0.2840
विभागिक	0.0000	0.1480	0.0830
विभागीकरण	0.0000	-0.5830	0.6250
विभागीय	-0.1317	-0.0520	0.2323
विभाजक	-0.4664	0.5356	0.3252
विभाजन	-0.1268	0.1143	0.3215
विभाजित	-0.4443	0.0820	-0.4433
विभिन्न	-0.4950	0.2845	-0.4320
विभिष्य	-0.5620	0.1340	-0.4460
विमान	0.3540	0.2900	0.4320
विमानमेन	0.0000	0.6430	0.0830
विमिमिक	-0.3330	0.9580	0.7330
वियूजाjapan.	-0.6110	0.6300	-0.3700
विरंजितीकरण	0.0740	1.0000	0.1480
विरामचिह्न	-0.3120	-0.4620	-0.5160
विरासत	0.7420	0.0770	0.6130
विरूट	-0.2080	-0.1540	-0.6300
विरूद्ध	0.0000	0.5420	0.4810
विरूद्धल	-0.3890	0.0740	0.0000
विरूद्धार्थी	0.0000	-0.3335	0.3145
विरूपित	-1.0000	-0.6670	-0.8570
विरूम	0.5000	1.0000	0.6190
विरोध	-0.4267	0.4232	0.3052
विरोध-	-0.0490	0.6670	0.7085
विरोधक	-0.3330	0.6670	0.6110
विरोधकर्ता	-0.2669	0.5897	0.5847
विरोधात्मक	-0.5713	0.0007	0.0333
विरोधात्मकता	-0.2240	-0.0580	0.2940
विरोधाभास	-0.4290	0.5137	-0.0225
विरोधाभासी	-0.3330	0.6670	0.0420
विरोधाभासीता	-0.1020	-0.2920	0.0010
विरोधी	-0.2452	0.1555	0.2381
विर्जन	-0.3330	0.3700	0.2780
विर्जिन	0.2440	-0.1340	-0.0760
विर्जिनल	0.3460	0.1540	-0.0720
विर्जिनली	0.3330	-1.0000	-0.3330
विलंब	-0.4010	-0.2170	-0.1940
विलंबन	-0.6670	-0.2500	-0.7500
विलम्ब	0.2600	0.2860	0.3340
विलम्बित	-0.3330	0.7920	-0.3330
विला	0.3960	-0.4200	-0.3100
विलापगीत	-0.6670	-0.6250	-0.8150
विलोपन	0.6670	0.6670	0.6670
विल्लाइन्स	-0.1420	0.2300	0.3740
विल्लिप्टस	-0.6670	0.7040	-0.0950
विल्लिप्टिक	0.3580	-0.5400	-0.0610
विल्हेनेसusa.	-0.8750	0.6670	0.9580
विवरण	-0.0824	-0.2123	0.0699
विवरणात्मक	0.0830	-0.4440	0.2380
विवरणीयता	1.0000	-0.6670	0.2220
विवश	-0.6000	0.6940	0.2500
विवशयोग्य	-0.0370	0.4580	-0.0370
विवाद	-0.5624	0.6794	0.2554
विवादपूर्ण	-0.3330	0.3750	0.3890
विवाह	0.0740	-0.6670	0.0830
विविध	0.1721	0.1642	0.1566
विविधता	0.6150	0.3150	0.3545
विविधाकार	0.2860	-0.4760	0.4070
विवेक	0.4933	-0.5092	0.5172
विवेकहीन	-1.0000	0.6190	0.6670
विवेकी	0.4906	-0.5358	0.4228
विशाल	0.3690	0.1594	0.4785
विशालकाय	0.1269	0.3743	0.3109
विशालता	0.4593	-0.1660	0.6127
विशालनेस	0.6670	-0.6670	0.5930
विशालपन	0.6670	-0.6250	0.9170
विशिष्ट	0.3468	-0.2521	0.1617
विशिष्टता	0.5397	-0.3600	0.6723
विशेष	0.0937	-0.1526	0.1690
विशेषज्ञ	-0.0225	0.0096	0.3237
विशेषता	0.2821	-0.2091	0.2718
विशेषताएँ	0.2190	-0.0880	0.1110
विशेषवाद	-0.2920	-0.6670	0.4760
विशेषाधिकार	0.5370	0.2500	0.6420
विशेषीकरण	0.0950	-0.4170	0.4580
विश्राम	0.3215	-0.3880	-0.3025
विश्लेषण	0.3950	-0.0456	0.4085
विश्लेषणात्मक	0.0000	0.6670	0.0830
विश्व	0.6670	-0.4170	0.3330
विश्वसनीय	0.7500	-0.2410	0.9375
विश्वास	0.2470	-0.0340	0.1977
विश्वासघात	-0.9325	0.5458	-0.2820
विश्‍लेषण	0.2080	-0.1700	0.5100
विश्‍व	0.4355	-0.0262	0.5291
विश्‍वकोश	0.3580	-0.3600	0.2900
विश्‍वमंडलीय	0.6670	0.0000	0.4580
विश्‍ववाद	1.0000	-0.5930	0.6250
विश्‍वविद्यालय	0.4700	0.1480	0.4820
विश्‍वसनीय	0.1390	0.3300	0.5595
विश्‍वसनीयता	0.8540	-0.2640	0.6790
विश्‍वस्त	0.5300	-0.3520	0.4460
विश्‍वास	0.4183	-0.1267	0.4288
विश्‍वासघात	-0.8368	0.1570	-0.3805
विश्‍वासघाती	-0.7200	0.2800	0.0180
विश्‍वासयोग्य	0.2587	-0.2843	0.0430
विश्‍वासी	0.4500	-0.1100	0.1280
विषम	-0.1567	-0.1087	-0.2060
विषम-	-0.3680	-0.2800	-0.2860
विषमता	-0.3545	0.0570	-0.2600
विषय	0.1106	-0.1397	0.0360
विषय-	0.3760	0.1920	0.4560
विषयवाद	-0.2220	-0.6670	-0.5830
विस-	0.0000	0.0000	0.0000
विसंतृप्त	-0.4202	-0.2394	-0.3760
विसम्मेलन	-0.0400	-0.1660	0.0360
विसर्जन	-0.6670	-0.6670	-0.5000
विस्कक	0.3100	0.2540	0.5340
विस्किकल	-0.2820	0.0180	-0.2420
विस्तार	0.2879	-0.0863	0.1909
विस्तारक	0.6250	0.6670	0.5000
विस्तारबैंड	0.6670	0.1430	0.5420
विस्ताररी	0.6300	0.6670	0.9580
विस्तारित	0.0319	0.0964	0.0366
विस्तारितनेस	0.2380	-0.6250	0.1670
विस्तृत	0.2891	-0.0985	0.2832
विस्तृतता	0.2500	-0.7595	0.3335
विस्तृतनेस	0.6670	-0.6670	0.6250
विस्फोट	-0.4065	0.5836	0.3631
विस्फोटक	-0.5250	0.9300	0.3550
विस्फोटकता	-0.4440	1.0000	0.9580
विस्मयकारी	1.0000	0.8520	0.5420
विस्मयकारीता	0.8340	0.2940	0.8540
वी-	-0.2720	0.2268	-0.0515
वी.	-0.4033	0.4121	-0.0664
वीआईटी	-0.5200	0.0600	-0.2220
वीआईडीName	-0.1460	-0.1100	-0.1120
वीएसपीव	0.2080	0.7500	0.7580
वीकड	-0.1660	-0.0760	0.1660
वीज़ा	0.4350	-0.2720	0.1420
वीडियो	0.5233	0.4543	0.1827
वीडियो-	-0.5000	0.0380	-0.4820
वीडियोdisc	0.0740	-0.5930	0.0000
वीडियोgame	0.5330	0.9050	0.2500
वीडियोग्राफर	0.0740	0.6670	0.5930
वीडियोटीप	0.3300	-0.3140	-0.2320
वीणा	-0.0658	0.0827	-0.0003
वीणाएं	0.6250	0.4170	0.5000
वीणायाँ	0.0820	-0.0200	-0.1240
वीना	0.0000	-0.3700	-0.3100
वीराने	-0.3440	-0.0200	-0.1010
वीरामा	-0.4580	0.6040	0.0900
वीलवा	-0.2500	0.0000	0.0000
वीव	0.2080	-0.4700	-0.6560
वीव्ड	0.2045	0.2735	0.0045
वीस्वाName	0.0340	-0.0760	-0.1160
वीस्वीक	0.0000	-0.6670	0.0000
वुड	-0.1705	-0.0882	-0.1732
वुड-	0.6670	-0.7500	0.5240
वुडटेटेट	0.3540	-0.1340	0.0360
वुडप्रिंट	0.4810	-0.5710	0.0000
वुडमान	0.1670	0.6670	0.5000
वुडलैंडjamaica.	0.5520	-0.3880	-0.0400
वुडलैंडर	0.5830	-0.6670	0.0000
वुडलैंड्स	0.3120	-0.3200	-0.0540
वुडवर	0.3330	0.6250	0.5830
वुडवर्कर	0.3700	0.6670	0.6670
वुडहैड	0.2220	-0.2780	0.0950
वुड्ड	0.1020	-0.2540	-0.3760
वुड्बिन	-0.2960	-0.8750	-0.3700
वुल-	0.0830	0.5830	0.9520
वुलर	-0.4375	-0.1750	-0.6705
वुलवर	-0.3330	-0.5560	-0.6670
वुल्फ	0.2335	-0.6045	-0.2405
वुल्फहमैन	0.0000	0.6670	0.5560
वुल्फहाउंड	0.0317	0.2561	0.0786
वुल्फहिक	0.1220	-0.1000	0.3160
वुल्फहिकी	0.4000	0.0370	0.2380
वुल्फहित	0.0000	0.3330	0.1850
वुल्फहिम	-0.4760	0.5560	0.4760
वुल्फ्बॉइड	-0.5830	0.0000	0.0000
वुल्फ्लिलिया	0.0000	0.3200	0.4520
वुल्फ्वाइजेशन	-0.0830	0.5560	0.0740
वृत्त	-0.0046	0.0317	-0.0051
वृत्ताकार	-0.0056	0.2948	0.3958
वृत्तित	0.5560	-0.6670	0.0000
वृत्तीकरण	0.0000	0.5830	0.2380
वृत्तीय	0.1724	-0.0013	0.1823
वृत्तीयता	0.0000	-0.4760	0.0000
वृद्ध	-0.5315	-0.4890	-0.5020
वृद्धि	0.1623	0.2961	0.2303
वृद्धिटी	0.6250	-0.3830	0.7140
वे	0.1102	0.0542	-0.0092
वेंट-	0.3860	0.2800	0.5600
वेंटिंग	-0.3330	0.6670	-0.1670
वेंटिक	0.0000	0.0000	0.0000
वेक्स	-0.3230	0.0790	-0.0830
वेगाउ	-0.5200	0.7640	0.3340
वेट	0.0620	-0.2000	0.2880
वेटले	-0.2200	0.2640	-0.2600
वेडली	0.0580	-0.0800	-0.3280
वेतन	0.5720	-0.0400	0.3040
वेदी	0.5950	-0.4250	0.1980
वेन	-0.1240	-0.1380	-0.2400
वेनिंग	-0.2500	-0.3340	-0.4000
वेनी	-0.1880	-0.0980	-0.4320
वेनेच	-0.0620	0.0380	-0.2960
वेफ्ल	0.4160	-0.2120	-0.3460
वेब	0.1554	0.1126	0.2744
वेब-	0.0160	0.3970	0.1307
वेबकास्ट	0.3330	0.6300	0.2670
वेबकैम	0.1330	0.2500	0.0000
वेबमानागर	0.6670	0.5560	0.7140
वेबसर्वर	0.0950	0.6670	0.5930
वेबसाइट	0.2300	-0.1160	0.0520
वेबस्टोकर	0.6670	0.6670	0.5000
वेब्लाग	0.0420	0.5830	0.2380
वेब्लॉटोन	-0.0120	0.0620	-0.1480
वेमकुल	-1.0000	-0.5710	-0.9050
वेमाइन	0.6670	-0.5190	0.0000
वेमिंग	-0.5720	0.5100	0.1320
वेर	-0.4445	0.6485	-0.0835
वेरश	-0.3880	-0.0200	-0.0920
वेराक्स	0.0000	0.0000	0.0000
वेरादियाईName	0.3330	0.6670	0.3750
वेरामिन	0.6250	0.0000	0.0000
वेरासिटी	-0.3330	0.7080	0.5560
वेराहोकperu.	0.3890	-0.6670	-0.1430
वेरिएटर	0.6670	-0.4760	0.0480
वेरिएशन	-0.1380	-0.2280	-0.1240
वेरिफिक	-0.7140	0.5930	-0.5830
वेरिफी	0.2080	-0.2400	0.3520
वेरे	0.1240	0.2600	-0.4340
वेरोबोस	-1.0000	-0.6670	-0.3330
वेल	0.0585	-0.3270	-0.1670
वेल-	0.3330	0.3330	0.4810
वेल-गेल	-0.1840	-0.3660	-0.3260
वेलचार	0.6670	1.0000	0.6250
वेलट्स	0.0000	0.1480	0.6670
वेलम	-0.4400	0.5840	0.2160
वेला	-0.1660	-0.2080	-0.2380
वेलिडेशन	0.2920	-0.2963	0.1670
वेलिपर	-0.2920	0.2460	-0.0860
वेलीName	0.0000	-0.1430	0.0000
वेलॉट	0.0000	0.3330	0.2860
वेलोल्फ	-0.5300	0.6220	0.1820
वेल्यूए	0.0000	0.6670	0.8520
वेल्यूड	-0.4900	0.3720	0.2400
वेल्यूव्ड	-0.3580	-0.0760	-0.5760
वेव	0.2688	0.0916	-0.0656
वेवको	-0.4580	0.1480	-0.3400
वेवज	-1.0000	0.6670	-0.0370
वेवनेस	0.3330	-0.2500	0.0370
वेवय	-1.0000	0.6670	0.0830
वेवर	-0.0240	0.0000	-0.6040
वेवरी	0.5830	-0.8570	0.6250
वेविंग	0.0000	-0.3750	-0.4170
वेविएटर	-0.2080	0.2600	-0.2540
वेविएशन	-0.4480	0.1180	-0.3780
वेविट	0.8570	-1.0000	0.9260
वेविश	-0.7500	0.6670	-0.8520
वेविस	-0.3157	0.3780	0.3527
वेवी	0.0400	-0.4320	-0.3100
वेवेबल	0.6670	0.6250	0.5190
वेव्क	-0.6250	1.0000	0.6300
वेव्हाकरperu.	-0.1220	-0.2600	-0.1220
वेव्होर	0.2200	0.0460	-0.2500
वेश	-0.4800	0.0200	-0.0560
वेश्या	-0.2188	0.3410	-0.1668
वेश्‍या	-0.6920	0.4743	-0.3383
वेश्‍यावृत्ति	-0.7500	0.6860	-0.0500
वेस्टर	0.0000	0.5560	0.0000
वैकल्पिक	0.0184	-0.0226	0.0182
वैकल्पिकनेस	0.3330	0.0740	0.5240
वैक्सीन	0.0000	0.0400	0.1100
वैज्ञानिक	0.2352	-0.0722	0.4936
वैध	0.5209	-0.2632	0.5724
वैधता	0.1980	-0.1740	0.0870
वैधनेस	0.6670	-0.2590	0.5420
वैनीला	0.4120	-0.5680	-0.4320
वैबियनName	0.5930	-0.6670	0.3330
वैमानिकता	-0.6670	0.9260	0.4170
वैमानिकनेस	0.0205	-0.2595	-0.5510
वैमानिकिकी	-0.6670	-0.6670	-0.5830
वैमानिकी	-0.0834	-0.0076	0.0163
वैमानिकीकरण	0.5710	-0.5240	0.5930
वैमानिकेशन	-0.6670	-0.5560	-0.7780
वैरेट	0.0000	0.0000	0.7080
वैवाहिक	-0.0323	-0.2623	-0.0425
वैवाहिकता	-0.7620	-0.5835	0.1665
वैश्विक	0.0740	-0.0110	0.4090
वैश्विकवाद	0.0420	0.5830	0.7080
वैश्विकीकरण	0.1330	0.6670	0.6670
वैसा	0.0620	-0.4480	0.2000
वैसी-	0.2220	0.1670	0.5560
वैसे	0.3020	-0.5660	-0.3760
वॉरेनाविक	0.0000	0.1900	0.4070
वॉरोग्राफी	0.0000	0.0000	0.0560
वॉर्ब्बैट	-0.6670	0.4580	-0.7920
वॉलपेपर	0.0574	-0.3542	-0.2746
वोकला	0.0200	0.2640	-0.0180
वोट	0.1090	0.3633	0.4493
वोटर	0.2240	0.0760	0.5080
वोयेर	-0.0420	0.2300	-0.0680
वोलक्स	-0.1840	0.3820	0.2040
वोलो	0.0620	0.1560	-0.3780
वोल्लो	0.3750	0.0000	0.0740
वोव	0.0000	0.6670	0.2220
वोवा	0.6800	0.1340	0.2880
व्यक्ति	0.3532	-0.2070	0.0809
व्यक्तिकुंग	0.5240	-0.6670	0.0000
व्यक्तिगत	0.2138	0.0027	0.2216
व्यक्तिगतता	-0.0210	-0.4927	0.5457
व्यक्तिचित्र	-0.1830	-0.3240	-0.1990
व्यक्तिचित्रित	-0.6670	-0.6190	-0.0480
व्यक्तिता	0.2240	-0.0620	0.0540
व्यक्तित्व	0.4820	-0.0400	0.4860
व्यक्तिपन	0.8750	-0.6177	0.2273
व्यक्तिल	0.0000	-0.4700	-0.0580
व्यक्तिलाइजेशन	-0.7780	-0.6300	-0.6250
व्यक्तिवाद	0.6300	0.0830	0.7040
व्यक्तिशाइजर	0.6190	0.0000	0.6190
व्यक्तिस-कस	-0.3540	-0.3400	-0.0940
व्यक्तिीक	0.4120	-0.3840	-0.4320
व्यक्तिीयर	0.6670	0.3330	0.8750
व्यक्तिेज	0.3060	-0.3520	0.3960
व्यक्‍तिगत	0.4440	0.2220	0.7080
व्यक्‍तिगतीकरण	0.5330	0.4440	0.6670
व्यक्‍तित्व	0.6875	0.0685	0.5120
व्यभिचार	-0.5150	0.8730	-0.0330
व्यभिचारिणी	-0.7080	0.5420	-0.4580
व्यभिचारी	-0.8333	0.6687	-0.0777
व्यर्थ	-0.3831	-0.5377	-0.5358
व्यर्थता	-0.0161	-0.3143	0.0118
व्यर्थपन	-0.5525	-0.1340	-0.3915
व्यवसाय	0.2828	0.1938	0.4141
व्यवसाय-	0.6115	0.7085	0.6875
व्यवसायी	0.3613	0.1623	0.5143
व्यवस्था	0.2109	-0.0444	0.4902
व्यवस्थाएँ	0.1520	-0.2640	-0.1340
व्यवस्थायाँ	-0.6670	-0.6670	-0.6300
व्यवहार	0.2284	-0.0802	0.2029
व्यवहार-	0.4080	-0.4160	0.0740
व्यवहारक	0.0000	0.2670	0.5330
व्यवहारहीन	-0.7080	-0.3330	-0.6190
व्यवहारिक	0.2900	-0.0400	0.3460
व्यस्त	-0.4387	0.3117	-0.2583
व्याकरण	0.1200	-0.4260	0.2140
व्याकरण-	-0.7410	-0.1250	-0.6670
व्याकरणName	0.3330	-0.5830	0.5710
व्याख्या	0.1378	0.0839	0.3209
व्याख्यान	0.3020	-0.0190	0.1990
व्याख्यार	0.4000	0.5930	0.5830
व्यापक	0.0909	0.1459	0.6150
व्यापकता	0.3212	-0.6150	0.1137
व्यापार	0.2325	0.3845	0.5485
व्यापारियों	0.3810	0.6670	0.7040
व्यापारी	0.3280	0.0100	0.4220
व्यापारीमेन	0.0000	0.5930	0.5830
व्यायाम	0.5233	0.4513	0.2527
व्यावसायिक	-0.1924	0.5834	0.3772
व्यावसायिकीकरण	-0.4170	0.6670	0.6670
व्यावहारिक	-0.1235	-0.4435	-0.2070
व्यावहारिकता	0.6670	-0.6670	0.6110
व्युत्क्रम	0.0927	0.2117	0.3542
व्यूपोर्ट	0.0000	0.0000	0.0000
व्यूमल	-0.0200	-0.5180	-0.1200
व्लोसेट	0.0000	-0.9440	0.0000
व्हील	-0.2600	-0.5150	-0.2550
व्हीलमेन	-0.0420	0.6670	0.6000
व्हीलवर्क	0.0000	0.6300	0.3890
व्हीली	0.7040	1.0000	0.1110
व्हेल	0.2070	0.1895	0.0645
व्हेलबॉन	0.5930	-1.0000	0.0830
व्हेलर	-0.1110	0.6250	0.7080
शंक	0.0950	0.0000	-0.1850
शंकक	-0.6740	-0.2920	-0.5640
शंकु	0.0302	-0.3840	-0.0509
शंख	0.2140	0.3750	0.0740
शंखनेस	-0.6670	0.6670	-0.5420
शंप	-0.6740	-0.1400	-0.6560
शंबरर	0.0000	-1.0000	-0.5000
शक	0.0575	-0.3660	0.1265
शक्ति	0.7290	0.7020	0.6520
शक्तिदार	0.5560	0.7140	0.8150
शक्तिशाली	0.5573	0.6340	0.8400
शक्ल-	-0.6670	-1.0000	-0.6670
शक्‍ति	0.6935	0.5885	0.7555
शक्‍तिशाली	-0.0740	-0.0625	0.0325
शखिली	0.6670	0.6670	0.0000
शटनी	1.0000	1.0000	-0.0370
शटली	-0.6875	-0.5810	-0.7920
शटवर	-0.4580	0.5710	0.9050
शतरंज	0.1903	-0.0663	0.2760
शतरंजमेन	0.3330	0.0000	0.2590
शत्रु	-0.7620	0.6670	0.8750
शदेला	0.6880	-0.0200	0.6940
शपथ	-0.0140	0.2690	0.3412
शब्द	0.1608	-0.0110	0.0218
शब्द%	0.7140	0.9630	0.8520
शब्द-	-0.4375	0.0140	-0.2055
शब्द-ेज	0.0000	0.0000	0.0420
शब्दकोश	0.2700	-0.2597	0.2734
शब्दबुक	0.5000	-0.5000	0.1480
शब्दावली	-0.0331	-0.1309	0.2738
शब्दिंग	0.3060	0.0000	0.1760
शब्दी	0.2860	-0.0440	0.1720
शरण	0.0470	-0.4320	-0.0740
शरणार्थी	-0.2420	0.2140	-0.3460
शराब	0.0162	0.1840	-0.0496
शरीर	0.1242	-0.0398	0.1614
शरीरी	0.0000	0.0360	-0.1880
शर्ट	0.3960	-0.6280	0.0000
शर्ट-	0.0000	0.5190	0.0000
शर्टएल	0.0000	-0.4070	-0.1250
शर्टशेव	0.2860	0.0000	0.0000
शर्ट्ड	0.3330	-0.7080	0.0000
शर्त	-0.0405	0.2448	0.2423
शर्तएँ	0.0420	-0.3140	0.1120
शर्तबद्ध	-0.0200	-0.1660	0.2320
शर्तबन्द	-0.6670	0.1110	-0.4170
शर्तयुक्त	-0.2080	-0.1620	0.2340
शर्तर	0.5620	-0.2800	0.0760
शर्तल	0.0000	0.5930	0.2920
शर्तों	-0.0200	-0.2760	0.2900
शर्म	-0.7873	-0.2126	-0.7297
शर्मदारनेस	-0.8570	-0.6670	-0.8330
शर्मनाक	-1.0000	0.6190	-0.7620
शर्मिंदा	-0.6720	0.3573	-0.4307
शर्मीले	-0.5560	-1.0000	-0.9260
शर्मीलेपन	-0.3340	-0.2840	-0.6940
शल	0.3090	-0.3675	-0.2655
शलकी	0.1460	0.0580	0.2300
शलकोकperu.	0.0000	0.7780	-0.4070
शलती	-0.3460	-0.2640	-0.6160
शलिल	-0.3760	0.4420	0.2800
शलिलनेस	-0.6670	1.0000	-0.5830
शलिशनेस	0.0000	-0.1900	-0.1670
शव	-0.8120	0.3140	-0.5360
शवदाहकार	-0.6670	0.2960	0.2380
शवी	0.5860	-0.3400	-0.2740
शश	-0.3330	-1.0000	0.6670
शस्टनेस	0.1250	-0.1665	0.3660
शस्टीवा	-0.6670	-0.6670	-0.6670
शस्त्र	-0.2700	0.4820	0.5040
शहद	0.8400	-0.1380	0.0200
शहर	0.3820	-0.1500	0.2026
शहरकेप	0.3330	-0.6670	0.1670
शहरी	0.2864	0.2948	0.3038
शहरीता	0.6465	-0.1845	0.4030
शहरीवाद	0.6250	0.6670	0.5190
शहरीीकरण	0.5710	0.4000	0.8330
शहीद	-0.3960	0.4530	-0.0490
शाँख	0.3330	0.4170	-0.5190
शांकक	-0.3330	0.0000	-0.1850
शांग-	-0.5720	-0.5100	-0.2500
शांत	0.4633	-0.9455	-0.1795
शांति	0.5653	-0.7478	-0.1007
शांतिकीपिंग	1.0000	-0.6110	0.6670
शांतिदार	0.3330	-1.0000	0.4440
शांतिपूर्ण	0.7340	-0.8920	0.1490
शांतिपूर्णता	1.0000	-1.0000	-0.4170
शांतिवादी	0.6670	-0.9630	-0.4070
शाकलीक	0.0200	-0.4800	0.0620
शाखा	0.0387	-0.5497	-0.1853
शाखा-	-0.1670	-1.0000	-0.2920
शाडिसिन	-0.8340	0.4080	-0.5930
शादी	0.4548	0.2017	0.1922
शानदार	0.7338	0.3709	0.6421
शानिश	-0.0370	0.9520	0.9170
शानो	1.0000	-0.3890	0.4170
शानोलापन	-0.6670	-0.5420	-0.8330
शान्केन	-0.1090	0.0538	-0.3348
शान्बापन	-0.5420	0.6300	0.6670
शान्बेयर	-0.4440	1.0000	0.8570
शान्व	0.7700	0.5920	0.6780
शान्वनेस	0.1665	-0.1850	0.3705
शान्विड	-0.0420	0.7620	0.4290
शाप	-1.0000	0.5930	0.8100
शापित	-0.8547	0.3699	-0.2237
शापितता	-1.0000	-0.3700	-0.8100
शाफ़र	0.0000	0.6670	-0.3700
शाफ़ाइल	0.6670	0.1850	-0.0480
शाफ्ट	0.0980	-0.4500	-0.0560
शाब्दिक	0.1410	-0.2940	0.2470
शाम	-0.0840	-0.6300	-0.3640
शामसेलन	-0.0200	0.1600	-0.3100
शामांडर	-0.1800	-0.2760	-0.3820
शामान	-0.0200	0.0620	0.2080
शामिल	0.1733	0.0029	0.1493
शामेरर	-0.6020	0.3800	0.0380
शामेवियरusa.	0.5710	-0.5930	0.0370
शायद	0.0960	-0.1820	-0.1898
शायदपोली	0.6670	0.6670	0.0000
शारीरिक	0.1629	0.4646	0.2557
शारीरिकता	0.1800	0.6393	0.2883
शार्क	-0.2400	0.3265	0.2000
शावरक	-0.1460	-0.0200	-0.1260
शावरिक	-0.5300	-0.0760	-0.2640
शावरिटी	0.4200	0.1880	0.3400
शावरीनेस	0.4580	-1.0000	0.8890
शावरेंस	0.1480	-1.0000	0.6190
शावर्सिटी	-0.7140	-0.6670	-0.4580
शाशेहर	0.3700	-0.6670	0.0740
शासकीय	0.6670	-0.5930	0.4580
शासन	-0.0713	0.2000	0.5093
शास्त्री	0.0410	0.0605	0.1390
शास्त्रीय	0.2265	-0.3020	0.1610
शास्त्रीयवाद	0.6670	-0.6300	0.5830
शास्त्रीयवादी	0.6670	0.1670	0.5830
शाहिशName	-0.1040	-0.2940	-0.2780
शाही	0.2967	-0.3587	0.5277
शिंग	0.2290	-0.2100	-0.2075
शिंगंग	-0.0420	-0.1640	-0.0180
शिंगल	-0.6670	0.6670	-0.6300
शिंगसा	0.0000	0.0000	0.0000
शिकायत	-0.7650	0.2410	-0.3550
शिकायतर	-0.6670	0.6670	-0.5830
शिकायतेंट	-0.6190	0.6190	-0.3700
शिकार	-0.4848	0.3081	-0.2178
शिकारमेन	0.2920	0.7140	0.7040
शिकारी	-0.4412	0.3382	0.2655
शिक्षक	0.5692	-0.3106	0.6760
शिक्षण	0.3020	-0.0870	0.2960
शिक्षणकर्ता	0.6670	0.3330	0.5710
शिक्षणशीलता	0.6670	0.4290	0.6670
शिक्षणीय	0.7460	-0.0180	0.5560
शिक्षा	0.5032	-0.2955	0.4718
शिक्षाप्रद	0.5830	0.5560	0.5560
शिक्षित	0.6320	-0.4060	0.2500
शिखर	0.1250	-0.0370	0.1950
शिखरी	-0.6670	-0.2500	-0.5190
शिखर्ड	0.3540	0.4080	0.7140
शिगा	0.0840	-0.3460	-0.2040
शिगोworld.	0.2440	0.1200	-0.1400
शिग्न	0.1020	-0.1200	-0.1540
शिट्ड	-0.6670	1.0000	-0.0830
शिफमान	-0.8750	0.0000	-0.3330
शिफ्ट	-0.2683	0.4137	-0.1495
शिमत्ती	-0.5620	0.2440	-0.0880
शिममीName	-0.0440	-0.0480	-0.0760
शिमॉन	0.5560	-0.5830	0.0000
शिमॉनीName	0.1040	0.2840	0.3580
शिमॉम	-0.3330	0.9260	0.6300
शिविर	0.5555	0.6170	0.0940
शिविरीName	0.3600	-0.0200	0.0940
शिशिल	-0.2380	-0.2860	0.0000
शिशु	0.4811	0.0372	-0.3094
शिशु-	0.1367	0.1880	-0.5627
शिशुपन	-0.2223	-0.2593	-0.9213
शिष्टाचार	0.7430	-0.4290	-0.0520
शिष्य	0.5300	-0.2300	-0.0760
शीघ्र	0.1670	0.2710	-0.0215
शीट	-0.1220	-0.6520	-0.3960
शीट-	0.0740	-0.6300	0.0000
शीबेनasia.	0.1430	0.6670	1.0000
शीर्ष	0.2320	-0.0517	0.3179
शीर्ष-	0.1537	-0.1115	0.2348
शीर्ष-स्तर	-0.0715	0.2855	-0.2410
शीर्षक	0.2308	-0.0706	0.3906
शीर्षसोल	0.4810	-0.4440	-0.2590
शीर्षाल	0.2500	0.6670	0.0420
शीर्षिंग	0.6190	0.0000	0.6670
शीर्षिका	0.1200	-0.2040	0.4800
शीर्षिकािक	0.0000	0.0000	0.0000
शीर्षी	0.0000	0.0000	0.3750
शीवी	-0.2920	-0.0760	-0.3760
शीशीशीasia.	-0.6670	0.5560	-0.7140
शीस्टनेस	-0.6670	-0.6670	-0.7500
शुक्र	0.2185	-0.1417	-0.0123
शुक्रर	0.5408	0.1304	0.1992
शुक्रलॉट	0.8160	-0.1440	0.0500
शुतुरमुटेट	0.3330	-0.6670	-0.6300
शुतुरमुर्ग	0.1120	-0.3480	-0.4380
शुतुरमुर्गी	-0.1370	-0.3750	-0.1250
शुद्ध	0.5744	-0.4840	0.2468
शुद्धता	0.8450	-0.6967	0.2803
शुद्धता:	0.6250	-1.0000	0.6300
शुद्धीकरण	0.6940	-0.0960	0.5480
शुभ	0.2980	-0.0157	0.1400
शुभ-	0.2682	-0.1442	0.2548
शुरू	0.3890	0.7040	0.1900
शुरूआत	0.0560	-0.5240	0.5190
शूट	-0.3350	0.2430	-0.1060
शूटर	-0.2575	0.6475	0.4645
शूटिंग	-0.4480	0.8620	0.2040
शून्य	-0.3955	-0.9630	-0.5020
शूरवीर	1.0000	0.0000	0.9580
शेर	0.6320	-0.3140	-0.4800
शेरर	-0.4280	0.2940	-0.2240
शेरिएटर	0.0000	-0.9050	-0.3330
शेरिश	-0.2860	1.0000	0.9170
शेल	0.0073	-0.2837	0.2377
शेलकिंग	-0.9630	0.6670	0.1250
शेलर	-0.8520	0.7920	-0.9580
शेष	0.0630	-0.3318	-0.0390
शेषवर	0.1680	-0.0400	-0.2940
शैक्षणिक	-0.6110	0.5420	-0.6670
शैक्षिक	0.7110	-0.1300	0.4815
शैतान	-0.4225	0.3355	-0.0045
शैतानमछली	-0.5000	0.6670	0.1900
शैतानिश	-0.8540	0.7300	-0.0200
शैतानिशनेस	-1.0000	0.8150	0.8330
शैतानिशली	-0.6670	0.6670	0.7500
शैतानी	-0.8920	0.7807	0.7497
शैफ्लिंग	-0.1400	-0.1700	-0.2640
शैम्प	0.7080	0.5080	0.7920
शैम्पेनusa.	0.5200	0.2000	-0.0920
शैम्प्स	1.0000	0.6670	0.9580
शैलमछली	0.1880	-0.1760	-0.2140
शैली	0.2820	-0.2320	0.1210
शैवीडी	-0.8150	0.7620	-0.2860
शैवीडीनेस	-0.6670	-0.1850	-0.3330
शॉट	-0.7120	0.5000	0.1380
शॉर्टकट	0.1880	-0.3840	-0.1480
शो	0.2337	0.5793	0.3067
शोक	-0.8091	-0.1833	-0.5373
शोकाकुल	-0.7710	-0.4199	-0.6104
शोकित	-0.7920	-0.0420	-0.5580
शोटोथ	0.0000	0.0000	0.1670
शोधन	-0.4900	0.4100	-0.1740
शोपराडोasia.	-0.4800	0.4900	-0.2780
शोबरी	0.4440	-0.3330	0.0000
शोबीName	0.3220	0.4260	0.1960
शोमशिप	0.6670	0.6670	0.7220
शोमेन	0.6250	0.6670	0.8330
शोर	-0.1057	0.1650	-0.0352
शोर-	0.5710	-0.9330	0.0000
शोरूम	0.4800	-0.1180	0.0720
शोषण	-0.6880	0.8400	0.4360
शोहोसेName	0.0000	-0.4000	0.0420
शौक	0.5802	0.5118	-0.1310
शौचालय	-0.0795	-0.2117	-0.2293
शौचालयी	0.0273	-0.2813	0.0147
श्ताला	0.3810	0.6670	0.0000
श्रद्धा	0.5668	-0.0210	0.3196
श्रद्धापूर्वक	0.7220	-0.6670	-0.6300
श्रवण	0.6190	0.0480	0.1480
श्रव्य	0.3460	-0.2600	0.0340
श्री.	-0.6670	0.4440	-0.6250
श्रृँखला	-0.1220	0.0185	0.3805
श्रृंखला	-0.6670	0.6670	-0.5000
श्रेणियां	-0.2500	-0.7085	0.0375
श्रेणी	0.1635	-0.0744	0.1653
श्रेय	0.5620	-0.2200	0.3820
श्रोता	0.3335	0.1605	-0.3470
श्वेत-	0.0359	-0.1836	0.1029
श्‍मारी	-0.6670	0.6190	-0.5330
श्‍वास	-0.4525	0.7220	-0.5695
श्‍वेत	-0.2083	0.4807	-0.0273
श्‍वेतपन	-0.0925	0.0205	0.1190
षट्तूनिक	0.0000	0.0000	0.0000
षट्‌ज़	0.3960	0.1840	0.2000
षट्‌स	0.0701	0.5181	0.0309
षद्रिक	-0.4380	-0.0560	-0.1060
षरू	0.6670	-0.6670	-0.2670
संकट	-0.6115	0.3485	-0.2870
संकटों	-0.2920	-0.0200	-0.5380
संकल्प	0.1460	-0.4700	0.2640
संकल्पीयता	0.6250	-0.6670	0.4760
संकेत	0.0728	0.0301	0.1242
संकेतक	-0.1071	0.1572	0.1676
संकेतरलैंडukraine.	0.0600	0.0400	-0.0860
संकेन	0.4810	0.4810	-0.6670
संक्रमण	0.0266	0.2332	0.0704
संक्रामक	-0.0127	0.5760	0.0568
संक्रामकता	-0.7080	0.6670	0.2590
संक्रामकपन	-0.3330	0.7040	0.2960
संक्षिप्त	0.2197	-0.0916	0.1409
संख्या	0.0622	-0.3400	-0.0010
संख्याएँ	-0.1040	-0.0254	-0.0979
संगठन	0.2132	-0.0234	0.2844
संगठनकर्ता	0.4800	-0.0620	0.3380
संगठनात्मक	0.0415	-0.0555	0.6505
संगठित	0.6320	-0.3260	0.4920
संगणक	-0.1514	0.3992	0.3910
संगणकेबल	0.5190	0.0000	0.4070
संगत	0.7840	-0.2260	0.2760
संगतता	0.5300	-0.0500	0.5600
संगति	0.7330	-0.1330	0.5700
संगी	0.2450	-0.2020	0.0700
संगीत	0.5761	0.0972	0.2602
संगीतकार	0.6320	0.0180	0.2360
संगीतकारशिप	1.0000	0.6670	0.7040
संगीतमय	0.6670	0.6300	0.0000
संगीतमयीनाjamaica.	0.0000	0.5420	-0.0830
संगीतमयोusa.	0.2260	0.5180	0.3580
संगीतमयोमर	0.7500	0.6670	-0.1670
संगीतसिटी	0.9630	0.5190	0.6000
संगो	0.0000	-0.3080	-0.2200
संग्रह	-0.0041	0.0906	0.1420
संग्रहक	0.0000	0.4810	0.6670
संग्रहहीन	-0.3330	-0.9580	-0.4170
संग्रहालय	0.5840	-0.5880	-0.0380
संग्रहित	0.2920	-0.5240	0.5420
संघ	0.1735	0.0548	0.4748
संघटक	0.5840	-0.2540	-0.0980
संघन	0.0038	0.5003	0.5215
संघर्ष	-0.2888	0.5762	0.1037
संघर्षर	-0.1665	0.6875	0.1130
संघर्षरहित	0.8330	-0.6250	0.7410
संघित	0.6040	0.3100	0.5620
संघीय	0.0578	0.1790	0.3430
संघीयName	-0.3330	-0.3330	-0.2500
संघीयता	0.3748	-0.2218	0.1048
संघीयवाद	0.3335	-0.4190	0.5160
संघीयीकरण	0.3670	0.6485	0.5000
संचार	0.4957	0.1157	0.2410
संचालन	-0.0400	0.0980	0.5960
संचालनर	0.5930	0.6670	0.8750
संज्ञा	0.0620	-0.5400	-0.0460
संत	0.6240	-0.5200	0.3860
संत-	1.0000	-1.0000	0.3700
संतति	0.2370	-0.1224	0.0386
संतली	0.7300	-0.4280	0.1820
संतुलन	0.6250	0.1855	0.5375
संतुलित	0.2310	-0.4965	-0.0220
संतुष्ट	0.6918	-0.0378	0.2348
संतुष्टि	0.7753	0.2573	0.4693
संतृप्ति	-0.4900	0.1640	0.1660
संतोष	0.7500	0.2200	0.5640
संतोषजनक	0.8490	0.1750	0.5160
संदर्भ	0.0396	-0.2864	0.0470
संदिग्ध	-0.6527	0.3187	-0.2403
संदिग्धता	-0.6670	0.6670	-0.6250
संदेश	-0.0475	0.3175	0.2872
संदेश-बोर्ड	0.0000	0.6670	0.0740
संदेशों	0.2427	-0.3840	0.2367
संदेह	-0.5092	-0.2206	-0.4009
संदेही	-0.3330	-0.3810	0.3750
संदेहीयता	-0.5190	-0.8890	-0.5000
संधि	0.2920	-0.2360	0.3340
संधिशोथ	-0.7800	0.0360	-0.3100
संध्याकाल	0.2440	-0.3180	0.2660
संपत्ति	0.3340	0.2260	0.5300
संपर्क	0.0312	0.0022	0.0293
संपादक	0.5440	-0.1380	0.3460
संपादकशिप	0.6670	-0.3810	0.6670
संपादन	0.1338	-0.0953	0.0995
संपादित	-0.3802	0.2990	0.0648
संपीडन	0.0950	-0.3120	0.0210
संपीडित	-0.3540	-0.2080	-0.2240
संपूर्ण	0.0517	-0.0940	0.3000
संपूर्ण-	0.2510	0.2210	0.2060
संपूर्णता	-0.3015	-0.0185	0.0650
संपूर्णनेस	0.8125	-0.6875	0.5210
संप्रस्थक	0.0200	-0.0180	0.0540
संबंध	0.3463	-0.0439	0.1389
संबंधता	0.4235	-0.0263	0.3455
संबंधित	0.3422	0.0770	0.2015
संबंधितनेस	0.7220	-0.5830	-0.0370
संभव	-0.0560	-0.0058	-0.3450
संभवतः	-0.1040	-0.2000	0.0000
संभावना	0.6650	0.0270	0.1873
संभावित	-0.0657	-0.0853	-0.1667
संभावितता	0.0555	-0.5510	-0.0635
संमा	0.8160	-0.6860	-0.5100
संयुक्त	0.0560	0.0560	0.4580
संयुक्तनेस	0.4440	-0.5710	0.0560
संयुक्‍त	0.1860	-0.2007	0.3578
संयुक्‍तता	0.2160	0.2360	0.2780
संयोग	-0.0545	0.1165	-0.2530
संयोगी	0.0000	-0.5830	0.6670
संयोजन	0.2013	0.0123	0.3267
संरंजन	-0.2080	-0.3875	0.5010
संरंजल	0.4440	-0.5930	0.6670
संरंजलाल	0.2660	-0.1640	0.6540
संरक्षक	0.3024	0.1556	0.4185
संरक्षकेज	0.1660	-0.0200	0.1660
संरक्षण	0.5005	-0.2400	0.4640
संरक्षणिस्ट	-0.5930	0.6670	0.6670
संरक्षा	0.3285	-0.2118	0.1388
संरक्षित	0.6230	0.0550	0.4550
संरचना	0.1634	-0.0706	-0.0012
संरचनाएँ	-0.6670	0.5710	-0.6670
संरचित	0.4760	-0.1900	0.5560
संरविभाषित	0.5000	-0.0950	0.7330
संरेखण	0.2860	-0.1760	0.3660
संरेखित	0.4475	0.1975	0.3650
संलग्न	0.0345	0.2172	0.0833
संलग्नक	0.1400	-0.3140	0.0000
संवाद	0.1982	0.1446	0.2484
संवाददाता	0.2710	0.1543	0.5303
संवादयोग्य	0.4790	0.2640	0.2845
संवादात्मक	-0.6250	-0.5190	0.5830
संवादी	-0.3540	-0.0980	-0.3760
संविधानवाद	0.6670	-0.5930	0.6670
संवेदनशील	0.1837	-0.2600	-0.5243
संवेदनशीलता	0.5000	-0.1660	-0.2100
संवेदनशीलनेस	-0.0830	0.3810	-0.5240
संशोधन	-0.1660	-0.0820	0.4200
संशोधन:	-0.4765	0.6250	0.6275
संशोधनरी	0.5830	0.3810	0.4440
संसद	0.1460	0.0800	0.7160
संसदusa.	-0.0200	0.1080	0.5100
संसदी	0.6300	0.6110	0.7410
संसाधन	0.1516	0.0024	0.3910
संसार	0.2440	-0.2120	0.5000
संसार-	0.6300	0.4810	0.2080
संस्करण	0.3197	-0.0627	0.0263
संस्कार	0.6250	-0.3530	0.5540
संस्कृति	-0.0080	-0.4250	0.0730
संस्थाएँ	-0.3575	0.3825	0.4190
संस्थान	0.2080	-0.0400	0.6140
संस्थानीकरण	-0.4440	-0.6670	0.4070
संस्थानीय	0.0000	-0.6670	0.4760
संस्थापन	0.3120	-0.0620	0.5180
संस्थापित	-0.0053	0.2812	0.3015
सऊदी	-0.6670	0.0000	-0.1430
सऊदीक्यूम	0.0000	-0.1020	0.0900
सकते	0.1840	-0.5760	-0.4480
सकर	-0.3330	-0.3700	-0.3330
सकरे	-0.2920	0.1855	-0.2470
सकरेरी	-0.5200	0.1340	-0.2800
सकारात्मक	0.8800	0.0000	0.6160
सकेत	-0.4800	-0.2640	-0.2880
सकेतपन	-0.6190	-0.6670	-0.0950
सकोर	-0.1070	-0.3005	-0.3280
सक्रिय	0.3060	0.1693	0.2362
सक्रियकरण	0.5620	0.6000	0.5080
सक्रियकर्ता	-0.5830	-0.9580	0.4070
सक्रियता	0.2223	0.2483	0.4883
सक्रियनेस	0.9690	0.8020	0.5290
सक्षम	0.1490	0.0058	0.2019
सक्षमता	0.4789	-0.3274	0.3631
सख़्तता	-0.4105	-0.2380	0.5620
सख्त	0.0457	0.4151	0.5067
सख्तनेस	0.6670	0.6670	0.8520
सगा	0.1020	-0.1000	0.0180
सगाई	0.0725	0.3925	0.0105
सगायूName	-0.4070	0.3750	-0.0480
सगालीName	-0.3330	0.6670	-0.6300
सगाव	0.0200	-0.2040	0.0100
सघन	-0.0037	-0.0250	0.3815
सघनता	0.0000	-0.8890	0.0000
सच	-0.0885	0.1931	0.0629
सचचितम	0.0420	-0.1240	0.3140
सचिव	0.2240	-0.1480	0.1220
सचेत	0.1376	-0.0439	0.4041
सचेतक\t	0.4290	0.5830	0.2590
सचेतता	0.3822	-0.2985	0.3800
सच्चा	0.6290	-0.1433	0.2383
सच्चाई	0.7750	-0.3175	0.5078
सच्ची	-0.0240	-0.6485	-0.5095
सच्चीता	0.6020	-0.5465	0.4095
सच्चे	0.7620	-0.6670	0.6670
सजग	-0.9050	-1.0000	0.3810
सजदा	0.0000	0.0420	0.0000
सजदे	-0.2610	-0.3895	-0.4965
सज़ा	-0.8263	0.7100	0.5203
सजातीय	0.1040	-0.4900	0.2340
सजावट	0.3378	-0.1852	-0.0684
सजावट:	0.6000	-1.0000	0.0000
सजावटी	-0.0152	0.0580	-0.1328
सजीव	0.5450	0.4370	0.3090
सजीवता	0.7670	0.3955	0.2755
सजीवन	-0.4960	-0.2703	-0.5373
सजीवित	0.6565	0.6760	0.2600
सज्जन	0.8230	-0.3238	0.4415
सज्जनों	0.8580	-0.1920	0.3440
सटास्का	0.0840	-0.0240	-0.3100
सटीक	0.1482	-0.2540	0.2525
सटीकता	0.6040	-0.2690	0.6355
सटीकनेस	0.6670	-0.4070	0.6670
सड़	-0.8053	0.0200	-0.4867
सड़क	0.1564	0.1719	-0.0216
सड़क-	0.1397	0.1347	0.2453
सड़ककार	-0.2350	0.4260	0.3255
सड़कघर	0.0000	0.2400	-0.0840
सड़कमैप	0.6670	-0.6670	0.5710
सड़कें	0.1055	0.2815	-0.2750
सड़कोंस्केप	0.2920	-0.6300	0.0000
सड़न	-0.5852	-0.4756	-0.3398
सड़निटी	0.3330	-0.6670	-0.1480
सड़र	0.0000	-0.0840	-0.1920
सड़री	0.1460	-0.0760	0.0560
सड़ा	-0.3600	-0.0760	-0.5820
सड़े	-0.4743	-0.6943	-0.6287
सततता	0.5830	-0.5930	0.3750
सततनेस	-0.2670	1.0000	1.0000
सतर्क	-0.0620	0.2860	0.5820
सतह	-0.0520	0.0785	0.1040
सताए	-0.7123	0.0933	-0.4523
सताने	-0.4155	0.4245	0.4220
सताहट	-0.5420	0.7300	0.3200
सताहटी	-0.9520	0.8570	0.5560
सत्तर	0.4215	-0.1470	0.0920
सत्ता	0.1770	0.0510	0.3525
सत्तावर	-0.7500	0.6670	1.0000
सत्य	0.6070	-0.0785	0.2027
सत्यापन	0.3137	-0.0306	0.4539
सत्यापित	0.2728	-0.0344	0.2637
सत्र	0.1560	0.0590	0.1410
सत्रल	-0.0480	-0.6670	0.2220
सदक़ा	0.8025	-0.3145	-0.0260
सदमा	-0.6670	0.7140	-0.5420
सदमाक	-0.5300	0.6080	0.2320
सदमािली	-1.0000	0.6670	-0.7410
सदमे	-0.7760	0.5840	-0.0940
सदमेदार	-0.8360	0.8097	0.1530
सदर्भ	-0.0887	-0.2963	-0.1453
सदस्य	0.3960	-0.3340	0.1100
सदस्यता	0.1770	-0.2976	0.0784
सदस्यताएँ	0.1660	-0.3340	0.3020
सदा	0.1378	-0.2261	0.1169
सदा-	0.4580	-0.0580	0.0920
सदाबहार	0.6045	-0.6485	-0.2965
सदियों	0.0000	-0.6670	0.5000
सदिश	0.0760	-0.3840	-0.0360
सदी	-0.1860	-0.3060	0.4700
सदैव	0.5327	0.2280	0.4200
सदैवष्ट	-0.4670	-1.0000	-0.4170
सद्‌गुण	0.8197	0.3697	0.7003
सद्‌गुणी	0.5933	-0.4800	0.4613
सद्‌गुणीता	1.0000	-0.2920	0.5710
सन	0.2860	-0.8570	-0.0830
सनजल	-0.8780	0.5100	-0.1060
सनडीusa.	-0.6670	0.5830	0.7920
सनडो	0.0000	0.5800	0.2240
सननाई	0.4070	-0.9260	-0.2960
सनराइज	0.6940	0.7360	0.8040
सनरिट	1.0000	-0.3330	0.2590
सनरोName	0.3620	-0.3500	-0.1500
सनल्लोस	0.2440	-0.3920	-0.0380
सनवेक	-0.1040	-0.0560	-0.1860
सनशाइन	0.6670	0.5000	0.9170
सनसनusa.	0.6670	-0.7140	-0.0420
सन्तान-	1.0000	-0.7780	0.2500
सन्तानल-बोर्ड	0.0000	-0.6300	0.0420
सन्दूक	-0.2080	-0.1460	0.0860
सन्देश	0.1660	-0.1660	-0.2740
सन्‌	-0.0813	0.0598	-0.0963
सपना	0.4287	-0.3673	-0.2232
सपनाworld.	0.7780	0.3330	-0.2500
सपनाी	-0.4815	-1.0000	-0.5980
सपनों	0.7300	-0.1700	0.0600
सपाट	-0.0912	-0.0832	-0.0797
सपाटName	0.0000	0.0000	0.2220
सपाटमछली	0.0000	-0.6300	-0.4810
सपाटर	0.0000	-0.5000	0.0000
सपाटलैंडusa.	0.0000	-0.0740	0.0000
सपाटलैंडर	-0.0740	0.0000	-0.2920
सपाटिंग	0.0000	0.6670	0.0560
सपातियल	0.2080	0.2500	0.2900
सपिंजस्टर	0.0420	-0.3460	-0.0360
सपिया	-0.1040	-0.4600	-0.3100
सप्ताह	-0.0666	-0.1174	-0.0146
सप्ताहांत	0.6775	0.4585	0.0190
सप्ताहांतों	0.0000	-0.0830	0.0000
सप्रेसर	-0.6110	0.5190	0.8520
सफल	0.5252	0.0615	0.3740
सफलता	0.6795	0.1149	0.5875
सफलतापूर्वक	0.1400	0.1305	0.0135
सफलनेस	1.0000	0.4440	1.0000
सफ़ेद	0.0910	-0.4585	0.0000
सफेद	-0.0161	0.3203	0.0478
सफेद-	-0.1686	-0.0380	-0.0832
सफेद-बोर्ड	0.6670	0.0000	0.4760
सफेदकेप	0.0000	0.7140	0.0480
सफेदमछली	-0.0160	-0.3460	-0.3340
सफेदमीटर	-0.0310	0.0610	0.1270
सफेदवुड	0.0000	-0.5830	0.0000
सफेदसिर	0.0887	-0.4667	-0.2550
सब	0.0611	-0.2629	-0.0204
सब-	-0.0399	-0.2947	-0.0458
सब-पार	-0.6670	-0.5000	-0.8330
सब-प्लॉट	-0.0620	-0.1740	-0.1080
सबक	0.4133	0.0567	0.2067
सबको	0.0962	0.1817	0.2278
सबक्लासीय	-0.6670	-0.6670	-0.1670
सबटेनेंस	0.0000	-0.2220	-0.5560
सबडोमेन	0.0000	-0.2920	-0.1900
सबफ्रोर	0.0000	-0.8330	-0.3810
सबमिटी	-0.2080	-0.0660	0.2000
सबरूटीन्स	0.1330	0.5930	0.6300
सबरूटीरी	0.0570	-0.4100	0.0000
सबरूटील	-0.2380	-0.5830	-0.2590
सबरूफ	0.0420	0.6190	-0.1480
सबल	-0.2230	-0.5505	-0.1615
सबलिंग	0.0000	0.5190	-0.6250
सबसामान्य	-0.6670	-0.6670	-0.9440
सबसे	0.1382	-0.0203	0.0786
सबसोल	-0.1420	-0.5200	-0.2360
सबस्टाइड	0.0000	-0.4580	-0.0480
सबस्टेक्टम	0.0480	-0.8750	0.0830
सबस्टेन्स	-0.6670	-0.6670	-0.8890
सबस्टेस	0.0000	-0.5000	-0.2500
सबस्टैश	0.0000	-0.5830	0.4810
सबस्टॉवर्टर	0.0000	0.6670	0.2380
सबस्ट्रक्चर	-0.1180	-0.2840	0.1740
सबस्ट्रिंग	0.2100	-0.2840	0.3610
सबस्ट्रिंगName	-0.2300	0.0760	-0.0180
सबस्ट्रिंगल	0.0200	-0.2200	0.0760
सबस्ट्रियाँ	0.0000	0.3330	0.2920
सबस्ट्रिसिव	0.0000	-0.4465	0.1930
सबस्ट्रिस्ट	0.5000	0.3750	0.8150
सबस्ट्रेंट	-0.2220	-0.6670	0.0000
सबस्ट्रैंट	0.1110	0.6670	0.0830
सबाव्वीव	-0.3540	-0.0200	-0.0180
सबिंग	0.0000	0.0000	-0.0560
सबी	-0.3060	0.0000	-0.2900
सबूत	-0.1240	0.0180	0.2380
सबो	0.0000	0.0000	0.0000
सबोनाName	-0.4380	0.2680	0.1100
सबोर	-0.6670	-0.5420	-0.6670
सब्जस	0.0000	0.0000	0.1250
सब्सक्राइब	0.3025	0.3920	0.1315
सब्सक्राइबम	0.1240	-0.2040	0.1400
सब्सक्राईव	0.0000	-0.6670	0.0000
सब्सरेट	0.0000	0.0000	0.0000
सब्सिक्शन्स	0.0000	0.0000	0.6670
सब्सिडीशन	0.6670	-0.5190	0.3700
सब्सियारी	0.5830	-0.5830	-0.2080
सब्स्ड	0.6190	0.0000	-0.4170
सभा	0.1898	0.0712	0.1525
सभी	0.1909	-0.0483	0.1558
सभीgnianianian.	1.0000	-0.5420	0.7080
सभीmsg	0.6670	0.6670	0.2920
सभीpepeviceeice	0.2860	-0.6670	0.0000
सभीstar	0.1500	0.0340	0.1080
सभीक्लासीय	0.3330	0.3330	0.5000
सभीरगेन	-0.7220	0.5560	-0.4580
सभीरिदमिक	-0.6670	0.0000	-0.4580
सभीरेक्टर	0.0000	0.6670	0.9170
सभीरेट	0.3810	0.3330	0.3330
सभ्यता	0.6565	-0.3815	0.5055
समझ	0.2689	-0.0328	0.2342
समझते	0.5200	-0.2520	0.2860
समझदार	0.0105	0.2720	0.3210
समझदारी	-0.6670	0.6250	-0.5000
समझना	-0.5000	0.1000	-0.3120
समझा	0.1630	0.0351	0.0287
समझाइए	0.4380	0.0340	0.4720
समझाया	0.5000	-0.5000	0.2590
समझौता	-0.1565	-0.2855	0.1145
समझौताकर्ता	0.4070	0.4580	-0.2920
समझौते	0.5200	-0.1200	0.4720
समतल	-0.1109	0.0295	-0.1047
समतलता	-0.0360	-0.3229	-0.0410
समता	0.0000	-0.0860	-0.1780
समतुल्य	0.2000	0.0760	0.0900
समन्वय	0.3540	-0.0920	0.5780
सममिंप	0.0000	0.6670	0.6670
सममिति	0.0420	0.6670	-0.5240
सममितियाँ	0.0177	-0.0673	0.0076
सममिती	0.3040	-0.0265	0.0267
सममितीम	-0.2700	-0.3860	0.0200
सममितीलcolor	0.0000	-0.7040	0.0000
सममितीस	0.0820	-0.2200	-0.0360
सममिमी	-0.3540	-0.0360	-0.0340
समय	0.2295	-0.2183	-0.0170
समय-	0.1765	0.0066	0.2109
समयकीपिंग	0.6670	0.6300	0.5930
समयबद्ध	-0.2505	-0.3060	-0.3245
समयसर्वर	-0.6670	0.5560	-0.6670
समयसारिणी:	0.3810	0.6670	0.7220
समरूद	-0.7080	-0.1740	-0.5820
समरूप	0.4900	-0.2940	0.0760
समर्तो	-0.4580	-0.0400	-0.2360
समर्थन	0.4782	-0.2414	0.3595
समर्थनयोग्य	-0.1665	-0.4930	-0.0210
समर्थित	0.7060	-0.1840	0.2260
समर्पण	0.7340	-0.0580	0.3640
समर्पित	0.6496	-0.0630	0.4032
समर्पितता	1.0000	-0.4070	-0.6000
समलैंगिक	0.0000	0.0000	0.0000
समलैंगिकता	0.6300	0.5560	0.0000
समस्तीडिएन्टीName	-0.6250	0.9630	-0.5560
समस्या	-0.6111	0.2108	-0.3134
समस्याओं	-0.2700	0.3720	0.1380
समाचार	0.1507	0.1731	0.2889
समाचार-	0.0000	-0.3810	0.0420
समाचारपाठ	0.1110	0.5710	0.5560
समाचारमेन	0.2080	-0.0400	0.3920
समाज	-0.0132	-0.0328	0.3264
समाजवाद	0.4918	0.2953	0.4652
समाजवादी	-0.3705	0.6020	0.2175
समाधान	0.0830	-0.1027	0.0380
समाधान-	0.0347	-0.2377	0.1327
समान	0.3813	-0.4935	0.0739
समानता	0.3084	-0.3379	0.0983
समानांतर	0.1687	-0.5887	-0.0233
समानांतरता	0.0980	-0.2740	0.0540
समानांतराइज़ेशन	0.5240	0.6190	0.5930
समान्य	0.2244	-0.2757	0.0923
समान्यता	0.9580	0.5000	0.6300
समान्यार्थी	0.0000	0.3750	0.4440
समान्यिक	0.1220	0.0200	0.1920
समाप्त	-0.3208	0.0340	-0.0659
समाप्ति	-0.1230	0.0345	0.3490
समाप्ति-	0.5463	-0.4307	0.5280
समाफ़ॉयरperu.	0.1040	-0.2520	0.1960
समायोजन	0.3383	-0.1183	0.3050
समायोजन:	0.0000	0.5335	0.8125
समायोजनयोग्य	0.6670	0.4580	0.3890
समायोजनर	0.0200	0.0800	0.5200
समारमी	-0.6670	0.6670	-0.5930
समारोह	0.5935	-0.2745	0.5230
समाहित	-0.2434	-0.1105	-0.3421
समिति	0.0920	0.2255	0.5545
समीकरण	-0.0420	-0.2320	0.2160
समीकरण:	0.0964	0.3796	0.2020
समीक्षा	0.2882	0.0172	0.1364
समीप	0.0200	-0.1760	-0.0400
समीपण	-0.6670	0.6190	0.5830
समुk	-0.5000	0.1600	-0.1880
समुच्चय	0.5560	1.0000	0.2590
समुदाय	0.5625	-0.4465	0.4555
समुदायवादी	0.3330	-0.5710	0.0000
समुद्र	0.4783	0.2654	0.0636
समुद्रकुडिया	0.3330	0.6190	0.6670
समुद्रप	0.6670	-0.9580	0.0000
समुद्रमान	0.0400	0.0200	0.3440
समुद्ररबर्ड	0.4170	0.6670	0.4440
समुद्री	0.2136	-0.0090	0.1784
समुद्रीय	0.0572	0.2878	0.2076
समुद्रीयता	-1.0000	0.6250	-0.9580
समुद्रीवाल	0.0830	-0.2080	0.5830
समुद्रोग्राफर	0.6670	0.6670	0.6670
समूह	0.0461	0.2567	-0.0769
समूहबद्धता	0.4900	0.1600	0.3960
समूहवाद	-0.6670	0.6670	0.5000
समूही	0.0420	0.1660	-0.2140
समृद्ध	0.8036	-0.1190	0.4644
समृद्धता	1.0000	-0.2080	0.9520
समृद्धि	0.8340	0.2000	0.7200
समेटना	-0.7080	0.4760	-0.8100
समेटने	0.5000	-0.5830	0.2960
समेटा	0.0680	-0.1610	0.0575
समोटोनॉल	0.0000	0.0000	0.4580
समोत्तेजक	0.6670	0.6250	0.4440
सम्पन्न	0.0523	-0.3587	-0.1470
सम्पन्न.	0.3460	-0.3140	0.1100
सम्पर्क	0.7080	0.6300	0.2920
सम्पर्क-	-1.0000	-0.9630	-0.9170
सम्पर्क्यता	0.6250	-0.5240	0.6190
सम्पूर्ण	0.4635	-0.1958	0.1220
सम्पूर्णनेस	0.9205	-0.7360	0.7015
सम्पूर्णलैशर	0.0000	0.6670	0.6250
सम्पूर्णवेवेवे	-0.2860	-0.0580	-0.2360
सम्बद्धता	0.3670	0.0433	0.2883
सम्बन्ध	0.7140	0.6040	0.1160
सम्बन्धात्मकता	0.0000	0.0950	0.2590
सम्मान	0.8661	-0.1626	0.7186
सम्मानता	0.7500	-0.1860	0.8240
सम्मानिक	1.0000	-0.6670	0.5560
सम्मानित	0.5658	-0.2364	0.3733
सम्मिलित	-0.0560	0.0035	0.0655
सम्मेलन	0.2233	0.0393	0.4020
सम्मेलनमेन	-0.1240	-0.0580	0.7540
सम्मेलनमैन	-0.1400	0.0760	0.5200
सम्राट	0.3020	0.4080	0.9620
सर	0.4933	0.3647	0.4570
सरen	0.1400	0.2540	0.0000
सरकशी	-0.5243	0.2110	-0.3038
सरकशों	-0.4355	0.4065	0.6585
सरकार	-0.0520	0.0710	0.7560
सरकारी	-0.2358	0.1740	0.5920
सरकारी-	-0.3060	0.0380	0.5180
सरक्शन	-0.2080	0.0000	-0.3640
सरग	0.7080	-0.0960	0.6160
सरजीज	-0.3330	-0.6300	-0.3330
सरफेशेबल	0.8330	-0.4760	0.3330
सरफेसीनेस	0.5710	0.0830	0.7040
सरमेन्ड	-0.6670	0.0480	-0.6670
सरल	0.1740	0.0049	0.0295
सरलx	0.0000	0.0000	0.3330
सरलता	1.0000	0.6300	1.0000
सरलीकरण	0.6670	0.0000	0.2860
सरलोइन	0.0920	-0.1640	-0.2540
सराह	-0.8120	-0.1860	-0.4660
सराहना	0.8207	0.2977	0.4020
सराहने	-0.1670	0.2080	-0.6670
सरा।"	-0.6670	0.6670	-0.2380
सरेस	-0.1807	0.1730	-0.3457
सरेसर	-0.3330	0.6190	-0.2920
सर्क	-0.0620	-0.3060	-0.1960
सर्करर	-0.1660	0.1300	-0.2180
सर्कलusa.	0.6670	0.2860	0.0370
सर्किट	0.1720	-0.0780	0.4140
सर्किटी	-0.1443	0.1093	-0.1610
सर्कियनName	0.0950	-0.6670	0.0830
सर्जन	0.0000	0.1960	0.5860
सर्दियों	0.3152	-0.0032	0.0986
सर्दियोंीName	0.0250	-0.7620	-0.1295
सर्प	-0.2551	0.3606	-0.0262
सर्पिल	0.0085	0.1905	-0.1390
सर्वनामx	0.0000	-0.0740	0.0000
सर्वर	-0.2455	0.1530	-0.1885
सर्वर्स	0.3425	-0.6100	0.0350
सर्वशक्‍तिमान	0.6570	0.5530	0.8980
सर्वाधिकार	-0.0840	-0.1960	0.3260
सर्वाधिकारर	0.0000	0.6670	0.4170
सर्वे	0.1040	0.0000	0.1080
सर्वेक्षण	-0.0240	-0.0900	0.3640
सर्वेर	0.0900	-0.3260	0.2960
सर्वेिंग	-0.1040	0.1960	0.2040
सर्वोच्च	0.5104	0.2521	0.7228
सर्वोच्चपन	0.7780	-0.5930	1.0000
सर्वोत्तम	0.5435	-0.0897	0.2940
सर्शेName	0.0000	0.0000	-0.0830
सलाम	0.5660	-0.1156	0.0816
सलामल	-0.0620	0.2540	-0.1920
सलामिंग	0.0000	0.5830	-0.2500
सलाह	0.4289	-0.3001	0.3894
सलाहकार	0.4760	-0.3073	0.4227
सलाहकारी	0.3120	-0.1420	0.2660
सली.	-0.1340	-0.2500	-0.3520
सलीच	0.4470	0.0690	-0.0510
सलीच्ड	0.8120	0.0940	0.1340
सलीटर	0.0000	0.6670	0.5930
सलीडोusa.	-0.1220	-0.4240	0.2140
सलीफ	-0.5175	0.3600	-0.5235
सलीफाइली	-0.6670	0.9580	-0.6670
सलीब	0.6250	0.0830	0.2380
सवार	0.1253	0.5033	0.3753
सवारी	0.4827	0.1627	0.1947
सवालों	-0.7300	0.3960	0.0200
सस्पेंड	-0.5200	-0.3600	-0.2640
सस्पेंडर	0.0000	0.0000	0.1110
सस्पेंडर्स	-0.2180	-0.3340	0.0000
सह	0.2800	0.0760	0.1460
सहकर्मी	0.2449	0.1017	0.1386
सहज	0.2354	-0.2071	0.0519
सहजता	0.1337	-0.3956	-0.0051
सहन	-0.3600	0.2200	0.1480
सहनशील	0.5985	-0.6230	0.1365
सहनशीलता	0.3950	-0.3230	0.1980
सहने	0.5000	-0.3000	-0.2520
सहभागी	0.4240	0.1960	0.2260
सहमत	0.6605	-0.0920	0.1445
सहमतता	1.0000	-0.4760	-0.4170
सहमति	0.4770	-0.0940	0.3130
सहयोग	0.6712	0.2584	0.4394
सहयोगकर्ता	-0.1045	0.1535	0.3985
सहयोगवाद	0.5190	0.5190	-0.6300
सहयोगी	0.4340	-0.1200	0.1340
सहवास	-0.1240	0.0200	-0.2600
सहसांकरी	0.3120	-0.0560	0.1540
सहसानिक	0.7140	-0.5190	0.3330
सहसानिकी	0.5667	-0.4507	0.1000
सहसार्टर	0.5240	0.8570	0.4580
सहानुभूति	0.7152	-0.0110	0.1390
सहायक	0.3889	0.1389	0.2772
सहायक-	0.6110	0.2500	0.6670
सहायकता	0.6370	-0.0525	0.3085
सहायकवाद	0.0000	0.5830	0.5560
सहायकवादी	0.6670	-0.3750	0.5930
सहायकशिप	0.6670	0.4760	-0.7920
सहायता-	-0.6670	-0.6670	-0.9170
सहारा	-0.0400	-0.1820	-0.2960
सही	0.3463	-0.0946	0.2738
सही-	0.4440	-0.4170	0.7920
सहीनेस	0.8473	-0.7662	0.7000
सहीनेस:	0.6295	-0.0500	0.4270
सहीवर	0.6670	0.0000	0.4580
सहीो	0.6040	0.1340	0.7780
सहेज	0.3260	-0.5400	0.2420
सहेजने	0.6098	0.0292	0.4668
सहेजा	1.0000	-0.0275	-0.0950
सहेजें	-0.1189	-0.1727	-0.0730
सा.	-0.1158	0.0005	0.1854
साँप	-0.2240	0.2500	0.0490
साँपों	-0.6480	0.3240	0.2120
साँस	0.2913	-0.0845	-0.0653
सांख्यिक	0.0113	-0.2520	0.1700
सांख्यिकी	0.1257	-0.0678	0.2135
सांख्यिकीय	-0.2660	-0.3260	-0.1920
सांगठनिक	-0.1791	-0.1751	-0.0016
सांचा	0.1040	-0.3840	0.0920
सांचाक्स	0.1460	-0.0700	-0.1820
सांटिक	0.1110	-0.6670	0.8570
सांत्वनादायक	0.8120	-0.3260	0.2400
सांप	-0.3987	0.0517	0.1220
सांप्सिन	-0.4480	0.3920	-0.2180
सांस	0.5170	-0.2350	-0.0310
सांसरहित	-0.3540	-0.0200	-0.5560
सांसारिक	-0.0620	0.2710	0.0433
सांसारिकता	0.0000	-0.6670	0.3330
सांसारिकीकरण	0.0000	0.1110	0.3750
सांसी	-0.3330	0.2500	-0.3330
सांसें	0.0840	-0.0200	-0.1780
सांस्कृतिक	0.4130	-0.2580	0.1230
साइंच	-0.0620	0.0760	-0.1400
साइक	-0.6660	0.6800	-0.2540
साइकिल	0.4160	0.0190	-0.2420
साइकिलर	0.3260	0.5435	0.0670
साइकिलवे	0.6670	0.0830	0.0740
साइकेण्ट	0.6190	0.7080	0.8570
साइकेना	-0.1040	0.0180	-0.2260
साइकैंट	0.0840	-0.4740	0.1380
साइको	-0.1220	-0.4160	-0.4420
साइकोष	-0.6670	0.6110	-0.7040
साइक्लस	0.6000	-0.2000	0.2400
साइक्लासिक	0.1740	0.3515	0.3600
साइक्लासिकता	0.6670	0.0000	0.3810
साइक्लिक	-0.0750	-0.0173	-0.1435
साइक्लिकusa.	0.0440	-0.2040	0.1920
साइक्लिकॉन	-0.1220	-0.1040	-0.1100
साइक्लिक्शन	0.6250	0.6670	0.4760
साइक्लिगरेट	-1.0000	0.6300	0.6250
साइक्लिट	-0.1420	-0.1300	0.1700
साइक्लिटिक	-0.1212	0.0530	-0.0373
साइक्लिटिस्टिस्ट	0.5420	0.2920	0.8000
साइक्लिटेशन	0.1250	0.0000	0.0000
साइक्लिट्यूट	-0.6670	0.0670	-0.0480
साइक्लिड	-0.0150	-0.3400	-0.1660
साइक्लिडाइड	0.0000	-0.5190	0.0000
साइक्लिडिकल	0.0000	-0.5930	0.4070
साइक्लिपिक	-0.3060	-0.0960	0.0500
साइक्लियाName	-0.7920	0.7080	-0.6670
साइक्लियानियाpoland.	-1.0000	0.6670	-0.7780
साइक्लियारीusa.	1.0000	-0.6670	-0.2380
साइक्लियास	0.2260	-0.2200	0.1160
साइक्लिस्टिस्टिस्ट	0.4760	0.3700	0.6670
साइक्लीफ़	0.0000	0.0000	0.1670
साइक्लीफिक	0.6300	-0.5710	0.0000
साइक्लीय	0.0000	0.6670	0.6250
साइक्लीयName	0.5370	0.5000	0.4630
साइक्लीयल	0.0000	-0.8150	0.0000
साइक्लॉइड	0.0000	-0.2220	0.5560
साइक्लॉस्फोरिक	-0.8160	0.5100	-0.2000
साइक्लो-	0.7040	0.6670	-0.4810
साइक्लोइनिस	0.5300	0.0620	0.7940
साइक्लोकस	-0.1443	-0.0553	0.3457
साइक्लोट	0.1020	0.0380	-0.1860
साइक्लोटेट	0.3330	0.6300	0.2500
साइक्लोटोन	-0.6670	0.6670	0.7220
साइक्लोनिक	-0.0585	0.5450	0.3785
साइक्लोनियम	-0.6740	0.6340	0.1700
साइक्लोमीटर	0.0000	-0.2225	0.1295
साइक्लोविड	0.6670	0.4810	0.4440
साइक्लोसेंटusa.	-0.1460	0.6670	0.5625
साइक्लोसेंटिस्ट	0.0000	0.6670	0.8150
साइग्रोमर	0.1670	0.6670	0.5560
साइग्विनिक	0.0000	-0.5000	0.2380
साइग्विनी	-0.2440	-0.1800	-0.0380
साइचिटसेल	-0.2700	-0.1400	-0.2360
साइजाइजम	0.2240	0.3260	0.4080
साइजाइज़	0.0620	0.0940	-0.3520
साइट	0.3540	-0.4700	-0.0960
साइटमैप	0.5930	0.0000	0.0480
साइटलिक	0.6670	-0.7920	0.2590
साइटीट	0.0200	-0.0200	-0.1760
साइटोगा्लोब्रोरस	-0.6280	0.3140	-0.1140
साइट्स	-0.2380	0.6300	0.2590
साइड	0.0000	0.7040	0.1430
साइड-	-0.1200	-0.2360	0.0340
साइडन्गा	0.0000	0.5830	-0.2780
साइडबर्न	0.0950	0.0000	0.0000
साइडबर्न्स	0.5540	-0.3460	-0.3840
साइडरेम	-0.1800	-0.0520	0.0000
साइडलाइन्स	-0.0480	-0.6670	-0.5710
साइथियाusa.	-0.5520	0.8120	-0.0360
साइन	-0.5240	-0.6855	-0.2445
साइन-	0.2457	0.4253	0.3787
साइनन्सन्सन्स	0.4580	0.0200	0.3040
साइनम	0.3540	-0.2200	-0.0180
साइनर	0.0666	-0.0624	0.4998
साइनरएल	-0.1400	0.5740	-0.0900
साइनरी	0.0000	-0.6670	0.6670
साइनस	0.0620	0.1260	-0.3200
साइनिफेक्टर	0.0000	-0.5930	0.5190
साइनेटिकमेंट	0.7500	0.7040	-0.4580
साइनेटिकी	-1.0000	-0.9630	-0.9630
साइन्ड	0.5000	-0.0580	0.0180
साइन्साहjapan.	0.0000	0.3330	0.1480
साइपेक्ट	0.6670	0.6670	0.5930
साइफ़नी	0.5300	-0.0200	0.2000
साइफ़ॉलिस	-0.8580	0.2120	-0.5100
साइम्बासूची	0.4440	0.9630	0.0370
साइयरमेंट	0.1110	-0.0740	0.5420
साइरे	-0.5000	0.7040	0.3750
साइरोप	-0.6670	0.5000	-0.4070
साइरोमेनियाusa.	-0.7410	1.0000	-0.5190
साइलिनिटरी	0.0000	0.0000	0.0000
साइस्टरिक	-0.6670	1.0000	-0.6670
साइस्टिक	-0.7920	0.3330	-0.8330
साई	-0.1420	-0.0920	-0.1020
साउगरी	-1.0000	1.0000	0.8330
साउच-	-0.9050	0.6300	-0.3330
साउनलाइन	-0.1400	-0.3200	-0.2300
साउनाusa.	0.0420	-0.1200	-0.2080
साउनो	-0.4080	-0.3140	-0.6180
साउन्ट	0.5620	-0.0980	0.6360
साकी	0.3750	0.6480	-0.1807
साकीक	-0.4580	0.3580	-0.4000
साकीकी	-0.4445	0.0835	-0.6695
साकीकीनेस	-0.3330	0.5930	-0.7080
साकेट	0.6190	0.6670	0.5830
साक्षी	0.0000	0.6670	0.7080
साक्सोफोन	0.3760	-0.1120	-0.0360
सागर	0.4668	-0.0556	0.3284
सागरीय	-0.1080	-0.4280	-0.2360
सागा	-0.2120	0.0180	0.0450
सागाकी	-0.6190	0.5710	-0.1480
सागाकीasia.	0.1880	-0.4960	-0.4440
साझा	0.5692	0.1443	0.4003
साझेदारी	0.3522	0.1258	0.2074
साझेदारीर	0.6670	0.5190	0.4170
साटातोhonduras.	-0.2080	0.0000	-0.1460
साठ	0.3237	-0.1417	0.1653
सातफल	0.0370	0.0000	0.4170
सातवीं	0.0000	-0.5100	-0.4240
सातोती	0.0000	-0.4440	0.0000
साथ	0.4390	-0.0652	0.2392
साथी	0.5043	-0.1862	0.1697
साथीपन	0.7300	-0.0400	0.2440
साथीहीन	-0.4580	-0.4820	-0.6000
साथीी	0.6670	-0.5420	0.5710
साथीीएल	0.0620	-0.4120	-0.1660
साथेन	-0.6660	0.1300	0.0180
सादा	0.0760	-0.1949	-0.0390
सादाटन	-0.1420	-0.6060	-0.2840
साधारण	-0.2627	-0.2113	-0.2383
सानाना	0.5620	-0.3000	-0.0900
सानिक	-0.1420	0.0200	-0.2360
सापेक्ष	0.2342	-0.3148	0.0426
सापेक्षता	-0.1471	-0.4528	-0.0725
सापेक्षताः	-0.6670	-0.5710	-0.8520
सापेक्षवाद	-0.1707	0.1780	0.4963
सापेक्षिक	-0.0990	0.1545	0.2752
सापेक्षिकता	-0.1850	0.3335	-0.0795
साप्ताहिक	-0.0250	-0.2099	-0.1776
साफ	0.2876	-0.1018	0.2250
साफ-	0.4565	-0.0153	0.1817
साफ़	0.1724	0.0952	0.3386
साबाक	0.5840	0.1920	0.1660
साबित	0.3570	-0.3453	0.0323
साबुन	0.0712	-0.3920	-0.1924
साबुन-	0.0000	-0.1700	-0.2140
साबोराperu.	-0.5000	0.6080	-0.1860
सामग्री	0.2972	-0.3750	-0.1073
सामना	-0.0467	0.2647	0.2678
सामर्थ्य	0.3347	0.0072	0.4375
सामर्थ्यित	-0.1040	0.0600	-0.0520
सामाजिक	0.1332	0.0688	0.0760
सामाजिकता	0.3570	0.5000	0.2285
सामाजिकीकरण	0.6670	0.5710	0.5240
सामान	-0.1983	-0.0380	-0.2647
सामान्य	-0.0295	-0.1570	0.0330
सामान्यता	-0.0149	-0.5408	-0.1166
सामान्यीकरण	-0.2330	0.1100	0.2626
सामामामाasia.	-0.4800	0.0380	-0.1960
सामामारेनiran.	1.0000	-0.3330	-0.1430
सामुएली	-0.6670	0.5560	-0.5190
सामुराई	0.1240	0.4720	0.6760
सामूहिक	0.4000	0.0310	0.2310
सामूहिकता	0.3750	0.0420	0.5830
साम्बा	0.5620	0.4800	-0.0700
साम्राज्य	0.2300	0.4340	0.7510
साम्राज्यवाद	-0.6670	0.6300	1.0000
साम्राज्यवादी	-0.4320	0.5720	0.6660
सायकल	0.1600	-0.7533	-0.3877
सायकलक	-0.4080	0.0320	-0.0520
सायकलन	-0.6670	0.7080	0.9440
सायकलमैन	0.0000	0.7500	0.5330
सायकलर	-0.0096	0.5834	0.4512
सायकलल	0.0480	0.6670	0.4070
सायकलशिप	0.6670	-0.5930	1.0000
सायटोनिक	0.0000	0.5420	0.4760
सायनच	-0.1240	0.2360	0.1600
सायनमेंट	-0.5710	-0.6670	0.9630
सायनाइड	-0.5420	0.3340	0.0900
सायनिक	0.2080	-0.2495	0.3900
सायनिकता	1.0000	-0.6670	0.3810
सायनोन	0.5830	0.0740	0.4580
सायनोयल	0.0000	0.0000	0.3330
सायनोसर	-0.6660	0.3020	0.0000
सायप	-0.3330	-0.5710	-0.3700
सायफनीusa.	0.3900	-0.1960	0.0240
सायफोन	0.0000	0.2080	0.2780
सायफ्म्पिक	-1.0000	0.8570	-0.7330
सायलोमीटर	-0.1880	0.1200	-0.1720
सायलोस्टिक्स	0.1110	0.2680	0.0000
सायस्टमेंट	-0.6670	-0.6670	-0.6670
सार	0.0190	-0.1870	-0.0660
सारणी	0.1715	-0.4395	-0.2090
सारणीएँ	0.3330	-0.3330	-0.0950
सारणीदार	0.0000	-0.5190	0.0000
सारस	0.6670	0.0000	0.0000
सारा	0.0380	-0.2580	-0.0730
सारांश	0.3863	-0.2473	0.0013
सारिणी	0.3330	-0.6670	0.5190
सारिणीबद्ध	-0.2620	-0.6970	-0.3845
सारे	-0.0660	-0.0760	-0.0720
सार्जिया	0.7000	0.2740	0.6860
सार्जियाcolombia.	-0.3880	0.3020	-0.0400
सार्टरी	0.7185	0.0265	0.4480
सार्टेटरी	0.9630	0.6250	0.6670
सार्डेन	0.0820	-0.5040	-0.2940
सार्डोनी	-0.5840	0.3580	-0.1080
सार्ड्स	-0.2920	-0.6670	-0.1110
सार्वजनिक	0.1650	0.1672	0.4276
साल	0.1530	-0.5035	0.0080
सालन	0.4185	0.3435	0.6470
सालनेबल	0.6670	-0.2960	0.0000
सालमनी	-0.6190	0.6300	1.0000
साला	-0.7500	0.4140	-0.0380
सालाना	0.2080	-0.3840	0.1820
साले	-0.9380	0.8200	0.0360
सालॉग	-0.7920	0.2360	-0.0920
सावधान	0.0814	0.3154	0.2410
सावधानी	0.1566	-0.0616	0.2000
साहस	0.3180	0.0485	0.4147
साहस-	0.0800	-0.0980	-0.0200
साहसी	0.5880	0.5070	0.6340
साहसीता	0.8150	0.4583	0.8797
साहित्य	0.4270	-0.4260	0.2650
सिंक	0.5310	0.2495	0.4825
सिंक-	-0.5100	0.0760	-0.2040
सिंकरेशन	0.5000	0.6670	0.3330
सिंकुलेट	0.4580	0.6670	0.3750
सिंक्ड	0.6110	0.6670	0.4440
सिंक्रॉनName	0.6670	-0.3330	0.5560
सिंक्रोName	0.5560	0.7780	0.3330
सिंक्रोनाइज़	0.6320	0.3397	0.4777
सिंक्रोनाइज़र	0.5240	0.6670	0.7410
सिंक्रोनाइज़ेशन	-0.5000	0.6190	0.6670
सिंक्रोनाइज़ेशनGenericName	0.6190	-0.5930	0.2500
सिंगलिंग	-0.3760	0.4080	-0.0180
सिंटेक्स	0.0620	-0.3080	0.1180
सिंथ-	0.6300	0.6670	0.9580
सिंथेसिस	0.2080	-0.3700	-0.2460
सिंदूर	-0.3660	0.1500	-0.4140
सिंदूरी	0.8335	0.6670	0.7145
सिंपल्स	0.0000	-0.4580	0.3700
सिंबालिक	0.2070	-0.3295	0.1780
सिंबॉलिक	0.3045	-0.4928	0.1583
सिंबॉलिकstar	-0.6670	0.0480	-0.4000
सिंह	0.2990	0.5890	0.6910
सिंहकीइड	0.0000	-0.1200	-0.1620
सिंहर	-0.1963	0.2087	0.3407
सिंहरी	0.5240	0.6670	0.6190
सिंहल	0.1200	0.1200	-0.0480
सिंहली	-0.1245	-0.2680	-0.2290
सिंहलीName	-1.0000	0.6670	0.7780
सिंहलीusa.	0.2360	-0.1020	-0.1580
सिंहा	0.0415	0.3815	0.3380
सिंहाएल	-0.1880	-0.1600	-0.3020
सिंहाक	-0.6460	0.7840	0.1800
सिंहाजाता	-0.5710	-0.9580	-0.6670
सिंहानियाpoland.	-0.9050	-1.0000	-0.9170
सिंहासन	0.4480	0.2120	0.7740
सिंहाहोperu.	0.0950	0.0000	0.4810
सिक्के	0.0924	-0.0508	0.1850
सिखाना	0.6800	0.0200	0.7040
सिखाया	0.6280	-0.0380	0.2840
सिग-	0.0000	-0.5240	0.4170
सिगम्शन	0.0000	-0.2500	0.0000
सिगर	-0.6670	0.6670	-0.5830
सिगरताName	0.5300	0.1000	0.0000
सिगरियाईName	0.0830	0.4070	0.0000
सिगरी	0.3060	0.3800	0.3960
सिगरेट	-0.5900	0.0373	-0.3293
सिगिंग	-0.2200	0.2545	0.1100
सिगिग	0.1040	0.1200	-0.0180
सिगिगर	0.3350	-0.3633	0.3170
सिगिगरेशनिस्ट	-1.0000	0.2000	0.3810
सिगिगिक	-0.4760	-0.1330	-0.4810
सिगिगिग	0.0000	0.4760	-0.0740
सिगिगेशन	-0.2500	0.0720	-0.1870
सिगिस्टर	0.6670	0.4070	0.6300
सिगॉ	0.2440	-0.6980	-0.2280
सिगॉजिस्ट	0.0950	-0.3330	0.5710
सिगॉर्मेशन	0.0000	0.6670	0.0000
सिगो	0.2200	0.1240	0.0000
सिग्नल	0.1113	0.3733	0.3510
सिग्नेना	0.0420	-0.5300	-0.4180
सिग्नेनियम	0.1460	0.1060	0.2440
सिग्फॉनिस्ट	0.6670	0.6670	0.5830
सिग्फ्फ्फीName	0.2300	0.1640	-0.0600
सिग्मा	0.0030	0.1720	0.0350
सिग्वेन्स	0.6300	0.6300	0.6670
सिचमैन	0.2960	0.6670	0.5930
सिजदा	-0.2160	0.4380	-0.2915
सिटरियम	-0.0620	-0.0200	-0.0180
सिटीworld.	0.2440	-0.2000	-0.1140
सिटेनस	-0.7410	-0.4760	-0.5000
सिटेनिलल	0.0000	-0.3460	-0.1580
सिद्ध	0.4480	-0.3780	0.2220
सिद्धांत	0.3060	-0.4134	0.3698
सिनाफ	-0.2500	0.0980	-0.4520
सिपाही	-0.6320	0.7360	0.2040
सिफर	-0.0200	-0.1720	0.0000
सिफ़ारिश	0.0850	0.0630	0.2280
सिफ़ारिशकर्ता	0.5830	0.6670	0.4810
सिफारिश	0.7883	-0.2820	0.3597
सिफारिशयोग्य	0.6670	-0.6670	0.3330
सिफारिशर	0.6670	0.5000	0.4670
सिफारिशी	0.1020	-0.0980	0.6280
सिफीइसusa.	0.0820	-0.2760	-0.4160
सिबिस्टिक	0.0000	-0.2920	0.0420
सिबॉब	-0.3810	1.0000	-0.5930
सिमिटरी	0.3890	0.0000	0.0000
सिमुलेट	0.2984	0.1028	-0.0032
सिमुलेटर	0.3610	0.3010	0.2347
सिमुलेशन	0.1040	0.1480	0.1340
सिर	0.0983	0.2445	0.0105
सिरका	-0.5335	-0.2965	-0.2870
सिरदर्द	-0.7280	0.4750	-0.4680
सिरिस्टेक्टी	0.5240	-0.6670	0.9170
सिरी	-0.1040	0.6120	0.1300
सिरॉइंट	-0.3330	0.6300	-0.4070
सिर्फ	-0.0565	-0.2704	0.0001
सिलिकर	-0.0400	0.0000	-0.3280
सिलिटियम	-0.1040	0.2900	0.1400
सिलियाcolombia.	-0.4280	-0.1140	-0.2140
सिलेक	0.3340	-0.2180	0.3960
सिलेक्शन	0.1977	-0.1023	0.3477
सिलेक्शनरी	0.0000	0.5240	-0.0420
सिलेबरी	0.0000	-0.5930	0.0000
सिलेबिक	0.0000	-0.5000	0.0000
सिलेबियाईName	0.0000	-0.6250	0.4440
सिव	-0.5420	-1.0000	-0.3810
सिवादर	0.7640	0.3660	0.5640
सिवाय	0.1185	-0.5065	0.4600
सिस्टनेस	-0.5420	-0.3330	-0.8330
सिस्टमकरण	0.5000	-0.0830	0.7080
सिस्टमाइज़ेशन	0.6670	0.6300	0.6670
सी-	-0.0205	-0.9165	-0.1250
सी.	-0.0386	0.0000	0.1433
सींग	-0.2950	0.4224	0.0816
सींगबाल	0.0000	0.0830	0.4170
सीआईएससी	0.0900	-0.0200	-0.1500
सीए	0.3450	0.1070	0.4943
सीएकेप	0.0000	0.6670	0.6670
सीओआईटी	0.6670	-0.4290	0.4580
सीकोट	0.0560	0.0000	0.5000
सीक्वर	-0.4280	-0.2660	-0.4360
सीक्वेंशियल	0.0000	0.0000	0.6300
सीक्वेंस	-0.3120	-0.5100	-0.5480
सीखने	0.4754	0.4154	0.4540
सीखा	0.4080	-0.0760	0.0860
सीखानेस	0.6670	-0.5000	0.6670
सीखी	0.6670	0.3330	0.5420
सीखें	0.6425	-0.1165	0.4750
सीगल	0.2700	-0.5100	-0.3720
सीट	0.0840	-0.4380	-0.1320
सीटबेलेट	0.3120	-0.3720	0.4520
सीटिंग	0.1040	-0.4700	-0.4280
सीटी	0.3060	0.1020	-0.0740
सीटी-	0.6670	-0.5645	0.6455
सीटीब्लैशर	0.3330	0.6670	0.6190
सीटीर	0.0560	0.5710	0.0000
सीटें	0.0200	-0.3800	-0.0340
सीडी	0.5060	0.2500	0.0680
सीढ़ियों	0.0200	-0.1220	-0.3160
सीढ़ी	0.0455	-0.2380	0.0008
सीढ़ीें	-0.4480	-0.1180	0.0600
सीधा	0.3298	-0.2602	0.1543
सीधा-	0.5330	-0.5420	0.4440
सीधानेस	0.5930	0.3750	0.6670
सीधानेस:	0.7140	-0.5560	0.6300
सीधे	0.3960	0.2387	0.3640
सीधे-	0.4580	-0.5420	0.6110
सीनर	-0.5420	0.6670	0.4070
सीमा	-0.0298	-0.0684	0.2442
सीमा:	0.1748	-0.1535	0.2186
सीमाएँ	-0.4112	-0.2205	-0.1868
सीमाएँ:	-0.9580	0.0000	0.0950
सीमाफाइंडर	0.0000	0.3330	0.4440
सीमित	-0.3535	-0.3788	-0.2398
सीमितनेस	-0.6190	-0.6670	-0.8330
सीमेंट	0.1365	0.0775	0.2415
सीमेंटर	0.0000	0.6670	0.5240
सीमेंट्ड	-0.1420	-0.2360	0.0740
सीरियल	0.0165	-0.1880	0.0975
सीरियलाइज़ेशन	0.0000	0.5000	0.5000
सीर्मी	0.8000	-0.7500	0.2920
सील	0.2455	-0.5445	0.1165
सीवरेज	-0.5840	-0.1000	-0.6040
सीवान	0.1670	-0.5830	-0.2920
सीहैवन	-0.3330	-0.6670	-0.4440
सुंदर	0.7498	-0.0482	0.2845
सुंदरनेस	1.0000	-0.5830	0.1480
सुअर	0.0800	-0.1140	-0.5000
सुअरी	-0.3330	-0.2960	-0.7920
सुअरीबैक	-0.1240	-0.0200	-0.3140
सुई	-0.1566	0.0380	-0.1654
सुएटी	0.7080	-0.3460	0.2000
सुएय	0.5720	-0.3260	0.1400
सुख	-0.0438	-0.1183	0.2081
सुख-	0.4350	-0.0777	0.6580
सुखदता	-0.8890	0.6670	-0.2080
सुखदी	0.7140	-0.4070	-0.2080
सुखी	0.9850	0.4700	0.3900
सुगंधित	0.6670	-0.3330	0.0000
सुग्राह	0.6670	0.9260	0.4580
सुग्रो	0.0000	-0.3335	0.0795
सुग्रोएवरी	0.0000	0.0000	0.5560
सुझाव	0.0898	0.1553	0.1488
सुडोकु	0.5830	0.4440	0.5560
सुतमता	-0.6670	-0.6300	-0.6670
सुधार	0.2864	-0.0022	0.2621
सुन	-0.2257	0.1886	-0.0674
सुनने	-0.0723	-0.2737	-0.1441
सुनसेवर	-0.6670	0.6670	0.1480
सुनहरादंड	0.5710	-0.2920	0.1480
सुना	0.4125	-0.4075	0.2205
सुनिश्चित	0.3713	-0.1621	0.4828
सुनें	0.5270	-0.3490	-0.2683
सुन्दर	0.6047	-0.0310	0.5340
सुन्दरता	1.0000	-0.5210	0.0530
सुपर	0.7183	0.5230	0.6648
सुपर-	0.4472	0.2356	0.7545
सुपरstar	0.7700	0.7200	0.7600
सुपरइन्ट	0.6300	0.6670	1.0000
सुपरइन्टेंट	0.0560	0.6670	0.9520
सुपरइम-	0.0000	0.0370	0.6190
सुपरइम्पोज़	0.0000	0.5930	0.5830
सुपरकम्पर	0.8890	0.7040	0.9580
सुपरकर	0.7920	0.7385	0.7105
सुपरकर-	0.0000	0.5560	-0.2080
सुपरकरर	0.4580	-0.6300	0.8330
सुपरकरिंग	0.9170	0.0000	0.6670
सुपरकरी	0.6670	0.6670	0.9580
सुपरकरीयरComment	0.4760	0.6300	0.5830
सुपरकलर	0.2300	-0.0420	0.8660
सुपरकाररो	0.0000	0.5830	0.6670
सुपरक्लास	0.6670	0.0740	0.9580
सुपरक्वेंशियल	0.4330	-0.0190	0.0500
सुपरगेन	0.1670	-0.3330	0.3330
सुपरगो	0.5710	0.6670	0.7920
सुपरग्राफ	0.4290	0.6670	0.9580
सुपरजेटी	0.6670	0.8520	0.9170
सुपरजैल	0.6670	1.0000	0.9630
सुपरटर्ट	0.0000	0.7140	0.6300
सुपरनास्टेंटusa.	0.0000	0.0000	0.1300
सुपरनॉनिंग	-0.2180	-0.4210	0.1240
सुपरनोवा	0.4580	0.3460	0.6540
सुपरफ़ॉयरल	0.7600	0.3260	0.3960
सुपरफॉपम्प	0.5930	0.0000	0.2220
सुपरफ्रेक्टर	0.4000	0.6670	0.9260
सुपरफ्रेक्टिक	-0.6670	0.0000	0.8890
सुपरफ्रेक्ट्ड	0.7080	0.0000	0.9630
सुपरफ्लिक	-0.3680	-0.0620	-0.2140
सुपरफ्लिकी	-0.4810	-0.6670	-0.2500
सुपरफ्लिकेशन	0.0000	0.3750	0.8890
सुपरफ्लॉपड	0.8150	0.0830	0.6670
सुपरमार्केट	0.3800	0.0940	0.1420
सुपरमेन	0.8900	0.5880	0.8580
सुपरमोम	1.0000	0.7410	0.8330
सुपरम्पलापन	-0.6670	0.4000	0.4580
सुपररोक्साइड	-0.6110	0.0420	0.2380
सुपरवर्स	0.4380	0.2000	0.2800
सुपरविध	-0.7080	0.6250	0.8890
सुपरसेट	0.6250	0.0420	1.0000
सुपरसोनिक	0.6670	1.0000	0.9170
सुपरस्क्रिप्ट	0.1250	-0.3810	0.4810
सुपरस्टाटिंग	0.2220	-0.5560	1.0000
सुपरस्टार	-0.0200	0.0580	0.3660
सुपरस्ट्रक्चर	0.6670	-0.0830	0.9580
सुपरस्पेक्टिक	-0.6670	0.5830	0.8890
सुपरस्पेसर	0.6670	0.9630	0.9260
सुपरस्फीयर	0.8750	0.0000	0.4170
सुपरहेरो	0.8200	0.6400	0.7860
सुप्त	-0.4000	0.8330	-0.5420
सुबह	0.4212	-0.3668	-0.0980
सुरंग	-0.1527	0.1947	0.0640
सुरंगोंित	-0.3330	0.6670	0.6670
सुरक्षा	0.6510	0.0373	0.6120
सुरक्षा-	0.2760	-0.4800	-0.0370
सुरक्षात्मक	0.6670	-0.4760	0.4070
सुरक्षाशीलता	0.7080	-0.2500	0.5000
सुरक्षित	0.2280	-0.2359	0.1901
सुरक्षितंचक	-0.6670	0.5830	0.8330
सुरक्षितकीपिंग	0.3060	0.0200	0.1720
सुरक्षितनेस	0.2500	-0.8125	-0.0695
सुराग	0.3060	-0.2400	-0.1760
सुरागरदार	-0.3000	-0.3340	-0.6780
सुलैमान	0.1420	-0.0780	-0.2400
सुविधा	0.4222	-0.1930	0.3340
सुविधाजनक	0.6795	-0.2425	0.1480
सुविधीकरण	0.6670	-0.9260	-0.6300
सुविभता	-1.0000	0.6250	-0.4170
सुविवेव	-0.8570	0.6670	0.2220
सुशशश	-0.2960	-0.5000	-0.2500
सुशिक्षित	0.0554	-0.0976	0.2140
सुशिक्षितता	1.0000	0.5560	0.8330
सुशोषित	-0.4170	-0.6250	-0.3330
सुसमाचार	0.5993	0.4270	0.5132
सुसमाचारक	0.6250	0.7040	0.6670
सुस्थित	-0.0067	-0.4147	-0.1993
सुस्पष्ट	0.0066	0.1032	0.0574
सुस्पष्टता	0.0808	-0.1539	0.1084
सुस्पष्टता:	-0.4200	0.2100	0.0750
सुहरित	0.8750	-0.9170	0.6670
सूअर	-0.3652	-0.0100	-0.3985
सूअर-	0.1430	-0.6250	-0.4585
सूअरिंग	-0.4580	0.6670	-0.5830
सूअरिश	-0.6670	-0.0420	-0.5830
सूअरी	0.0820	-0.2700	-0.1760
सूक	-0.0620	-0.7160	-0.5820
सूक्ष्म	-0.2000	0.0670	-0.2780
सूख	-0.3812	-0.1014	-0.4710
सूखानेस	-0.4160	-0.4080	-0.4740
सूखार	-0.0420	-0.3140	-0.4460
सूखी	-0.0212	-0.3156	-0.3084
सूखीता	-0.6670	-0.5000	-0.4170
सूखे	-0.5040	-0.4780	-0.4220
सूखॉयर	0.0000	-0.5710	0.4580
सूचक	0.1940	-0.5970	0.3335
सूचना	0.0745	0.0482	0.2298
सूचनायोग्य	0.7800	0.1240	0.5000
सूचित	0.0226	0.1178	0.0856
सूचितक	0.2080	0.2240	0.4380
सूची	-0.1212	-0.2444	-0.1505
सूची:	0.3335	-0.2405	0.4790
सूचीकरण	-0.1240	-0.4540	-0.1360
सूचीरीName	-0.8100	0.4810	-0.2220
सूजन	-0.5280	0.0200	-0.4460
सूट	0.5660	-0.2980	-0.1180
सूटर	0.4160	0.2780	0.0920
सूत्र	0.2375	-0.0622	0.2178
सूत्राइज़	0.1670	0.5830	0.3330
सूत्राइज़ेशन	0.0000	-0.5000	0.5830
सूप	0.2040	-0.5100	-0.4620
सूपी	-0.2380	-0.6670	0.0000
सूपोपोन	0.0000	-0.3700	0.0000
सूबेदार	0.1800	-0.1060	0.3920
सूर	-0.3340	0.0960	-0.1760
सूरज	0.3686	-0.2030	-0.2200
सूरजबर्ड	0.6670	-0.4170	0.0000
सूर्य	0.5188	-0.1664	0.0487
सूर्य-	0.3982	-0.2143	-0.0332
सूर्य-बाल	0.5560	0.3810	-0.2920
सूर्यकलर	0.7560	-0.5380	-0.4600
सूर्यडाName	0.4860	-0.1720	-0.1920
सूर्यपिण्ड	-0.6670	0.6670	-0.3750
सूर्यबाल	0.8125	0.6875	-0.1595
सूर्यबेनाम	0.4580	-0.1200	0.0100
सूर्यबेलार्ट	0.6190	-0.5930	0.3750
सूर्यमय	0.6670	0.0830	0.0000
सूर्यस्क्रीन	0.3120	-0.2260	-0.0760
सूर्यास्त	0.5640	-0.6630	-0.4040
सूर्यित	0.6670	-0.6190	0.0000
सूर्यितcolor	0.6670	-0.6250	0.1670
सूर्यीय	0.3177	-0.5583	-0.3033
सूर्यीयName	0.2400	0.0200	-0.2680
सूर्योदय	0.6460	-0.3060	0.2800
सूली	-0.4715	0.2073	-0.0875
सूसाल्स	0.6670	0.0000	0.0000
सूसासी	0.3810	0.6670	0.4290
सूसी	-0.5000	0.3060	-0.2180
सृजनात्मकता	0.9270	0.4893	0.6070
से	-0.1279	0.0071	-0.0201
से.	0.6190	0.1205	0.6395
सेंटीनाperu.	0.2040	0.0000	0.5560
सेंटीमीटर	-0.2733	-0.2947	-0.2827
सेंट्रिकworld.	0.0620	0.6120	0.4420
सेंडबाक्स	0.3325	-0.4640	0.2085
सेंडर	0.0000	0.5830	0.0420
सेंसर	0.4427	0.2513	0.1667
सेंसरशिप	-0.4800	0.3960	-0.1580
सेंसरी	0.1660	-0.0400	-0.1160
सेंसरेबल	-0.6670	-0.5000	-0.4580
सेइन्टिस्ट	0.4070	0.6250	0.1480
सेक.	0.0788	0.3624	0.5826
सेकण्ड	-0.4550	0.3110	0.3660
सेकम्पर	-0.6670	1.0000	0.5000
सेकर	-0.3125	0.0000	-0.4920
सेकरName	0.6670	0.5190	0.3700
सेकेंड	-0.1390	-0.1460	0.2855
सेकेंडेड	-0.1670	0.0950	0.0000
सेक्टर	0.1880	-0.6200	0.1380
सेक्स	-0.0706	0.6329	0.3641
सेक्स-	0.1905	0.4435	0.4490
सेक्सक	-0.2450	0.3930	0.0985
सेक्सट	0.5560	0.0420	0.0950
सेक्सी	0.7355	0.8200	0.5055
सेचच	-0.7330	0.6300	-0.5240
सेचचिएटर	0.4290	0.9520	0.6300
सेचुरेट	-0.4380	0.3600	-0.0660
सेट	0.1112	-0.1778	0.1250
सेटअप	0.3340	-0.2040	0.2700
सेटपाइंट	0.0000	0.0000	0.4580
सेड	-0.6110	1.0000	-0.7040
सेन	0.2065	-0.2315	-0.1605
सेनटेनेंसी	0.0000	0.6670	0.2080
सेननेस	1.0000	-0.7500	0.4580
सेनमान	0.0830	-0.6190	0.5560
सेना	-0.2813	0.4453	0.5573
सेनाएं	0.0270	0.5935	0.8675
सेनियाpoland.	-0.7080	0.6820	-0.1860
सेनेरीusa.	0.2080	-0.1200	0.2840
सेन्टीमीटरunit-format	0.6670	0.6670	0.5830
सेपरर	0.6190	0.1200	0.3960
सेपरि.	0.9050	0.4440	0.2960
सेपरेड	0.6670	-0.6670	-0.2000
सेपरेशन	-0.3283	-0.0360	-0.2197
सेपरेशनर	-0.3330	0.2860	0.0740
सेपर्ड	0.0000	0.6300	-0.3330
सेपिप	-0.0800	-0.1420	-0.1820
सेपिमीर	0.6670	0.6670	0.8890
सेपेक्टिक	-0.7930	0.1060	-0.6740
सेप्टिक	0.0000	-0.5000	-0.6670
सेप्टुआजीवाद	-0.6670	-0.6670	-0.5560
सेब	0.2518	-0.2552	-0.1082
सेब.	0.0000	0.5930	0.5240
सेबलूत	0.2080	-0.1380	-0.0540
सेबवेलम	0.1850	0.0740	0.5560
सेबिएण्ट	1.0000	1.0000	0.5930
सेबिस्ट	0.6670	0.0000	0.0370
सेब्टेट	-0.3330	0.5710	0.0000
सेब्सन	0.5420	0.0000	0.3810
सेमम	-0.2920	0.2040	-0.2100
सेमी	0.3735	-0.2050	0.0497
सेमी-	-0.4440	-0.6670	-0.4000
सेमीइन्ट	0.0620	0.7060	0.5600
सेमीस्टेंट	-0.3460	0.1760	0.1360
सेमुएल	-0.6670	0.0000	-0.2500
सेमुएलममेरhaiti.	-0.1020	-0.0420	-0.0360
सेमुएलिक	-0.5335	-0.5280	0.2920
सेमुएली	-0.6130	0.2550	-0.1740
सेमुट	-0.2860	-0.2800	-0.3020
सेमुर्गिक	-0.9170	0.0000	-0.9260
सेरनान्गनाcolombia.	-0.1140	0.4520	0.0180
सेरबॆल	0.0000	0.5930	0.3700
सेरम	0.0400	-0.5380	-0.1140
सेरिफ	0.0620	-0.1660	-0.1700
सेरिसेतfrance.	0.2080	0.3330	0.2590
सेरिस्टेन	0.3460	-0.2880	0.1760
सेरिस्टेर	0.7500	0.4760	0.3330
सेरेपhaiti.	0.2960	-0.4360	-0.4220
सेल	-0.0400	0.1020	-0.1880
सेल-	0.0000	-0.6670	-0.1110
सेला	0.6670	0.2220	0.0000
सेला-	0.0000	0.0000	0.0000
सेलाइड	-0.0620	-0.1200	-0.1500
सेलेक्टर	0.3340	0.0000	-0.0280
सेल्ड	0.0000	-0.1110	0.2500
सेल्फो	0.2700	-0.3520	0.0560
सेल्रॉपी	-0.8520	0.4760	-0.5420
सेव	0.0590	-0.1500	0.0090
सेवक	0.1600	-0.2700	0.0380
सेवकाई	0.0200	-0.3080	0.4340
सेवर	0.3738	0.2944	0.5698
सेवर्सता	0.6670	0.5930	0.2500
सेवा	0.5596	-0.2424	0.2489
सेवानिवृत्त	-0.4600	-0.4820	-0.3980
सेवामेन	0.6250	0.6670	0.4580
सेवार	0.3330	0.6250	-0.5560
सेीनाasia.	-0.3120	0.0640	-0.2040
सैंडविच	0.3440	-0.3720	-0.3800
सैज	0.4700	-0.2600	0.3200
सैनिक	0.0367	0.5063	0.6453
सैन्य	-0.2165	0.2904	0.4526
सैन्यता	-0.6670	1.0000	0.9050
सैन्यताName	-0.2080	0.4580	0.5380
सैन्यतामेन	0.0670	0.6670	0.8330
सैन्यवाद	-0.6670	1.0000	1.0000
सैन्यवादी	-0.6547	0.7640	0.9007
सैन्यीकरण	-0.5420	0.7410	0.8750
सैर	-0.6670	0.6670	0.5830
सैरिंग	-0.4480	0.1880	-0.4140
सॉकराता	-0.3750	-0.9580	0.0000
सॉकेट	0.1660	-0.0620	-0.2460
सॉफ्ट	0.5935	-0.6545	-0.5830
सॉफ्टcolor	-0.1670	-0.6670	-0.9520
सॉफ्टटी	0.3330	-0.6190	-0.7780
सॉफ्टनेस	0.7500	-0.8890	-0.1150
सॉफ्टबॉल	0.4700	0.2600	0.0360
सॉफ्टब्रोट	0.0000	-0.5190	0.0370
सॉफ्टवुड	0.2220	-0.6670	-0.3330
सॉफ्टवेयर	0.1220	-0.4400	0.1400
सॉर्बॉट	0.0370	-1.0000	0.0000
सॉलिटेयर	-0.2700	-0.5460	-0.4420
सो	0.0517	-0.3423	-0.1333
सोंक	0.0000	0.0060	-0.4200
सोइबीरिया	0.0370	-0.5560	0.5560
सोए	0.2080	-0.3400	-0.3100
सोकआई	0.0000	0.4810	0.0000
सोकर	-0.1110	0.4440	-0.5190
सोकी	-0.3760	-0.3000	-0.5180
सोच	0.3500	-0.2262	0.2118
सोच-विचार	0.2005	-0.2988	0.1905
सोचता	0.1300	-0.0640	0.0580
सोचा	0.4800	-0.2200	0.0520
सोचेंतीयाँ	-0.5190	0.0000	-0.5000
सोटॉट	-0.2500	-0.3440	-0.4160
सोट्स	-0.1460	-0.1380	-0.2400
सोडा	0.3760	-0.3720	-0.2720
सोडा/प	0.1620	-0.1800	-0.2360
सोडास	0.3750	0.6670	0.0000
सोडियम	-0.0200	-0.3200	-0.4180
सोडी	-0.1460	-0.2340	-0.3340
सोडीएडास्टिक्‌सName	0.0000	-0.5830	0.5190
सोडोमी	-0.8570	0.2920	-0.3750
सोतिटिस्टिक	0.2220	0.6250	0.6670
सोदरी	-0.6670	0.6670	-0.2080
सोदीन	0.0000	-0.4760	0.0000
सोननोद	-0.4580	0.0580	-0.1480
सोनय	-0.6670	-0.5560	-0.7500
सोना	0.6840	0.1860	0.3100
सोनाजारusa.	0.1180	0.4200	0.3080
सोनार	0.0820	-0.0400	-0.1720
सोनीName	0.0620	-0.3600	-0.3460
सोनीन	0.0620	-0.4080	-0.0160
सोनीनाusa.	0.1880	-0.2020	-0.1960
सोनीलॉज़ी	-0.5710	0.0000	0.2080
सोने	0.1831	-0.1677	-0.0697
सोने-	-0.3700	-0.7080	-0.5000
सोनेमाइन	1.0000	0.1110	0.8570
सोनेेपर	-0.5560	0.8330	0.6670
सोनोग्राम	0.6670	0.0000	0.0000
सोप	-0.2920	-0.6670	-0.5420
सोपोसी	0.0200	-0.2900	-0.4060
सोप्रानो	0.1040	0.1000	0.3700
सोफनी	0.0000	0.2860	0.0000
सोफ़िफिक	-0.6670	-1.0000	-0.8520
सोफ़ेटिकता	-0.3330	0.5190	0.5830
सोफिसनेस	-0.7140	-0.6300	-0.6300
सोफीता	-0.5240	0.3330	0.3330
सोबरनेस	-0.7040	-0.9580	-0.5000
सोबी	-0.7700	-0.0400	-0.5760
सोबेस्तानName	0.0420	-0.5000	-0.4140
सोबॉट	0.6670	-0.5000	0.0000
सोब्रीटी	0.3600	-0.3800	0.1660
सोम	0.4380	-0.9100	-0.2820
सोमबर	-0.6320	-0.1820	-0.2400
सोमाइजेशन	-0.5560	0.6670	0.4580
सोमाल	0.3330	-0.4170	0.0000
सोमाली	-0.2415	-0.7810	-0.3240
सोमालीcolor	0.0000	-0.5560	0.2220
सोमालेजरiran.	0.4170	-0.9630	-0.5420
सोमित	-0.0340	-0.6000	-0.3540
सोमितॉन	-0.7340	0.0000	-0.6120
सोमुटनेस	-0.6670	-0.9520	-0.3330
सोमोथिक	-1.0000	0.6670	0.8890
सोमोमोमाasia.	-0.6670	0.5930	-0.4760
सोम्बू	-0.0620	-0.2840	-0.1600
सोम्बॉरो	0.6670	0.0000	0.0000
सोय	-0.1240	-0.5000	-0.4280
सोयाग्नेथ	-0.2560	-0.2800	-0.3160
सोयू	-0.0400	-0.2200	-0.1760
सोर्स	0.2800	-0.6920	-0.4920
सोलर	-1.0000	0.6670	0.0000
सोलराइज़	-1.0000	0.9630	0.8570
सोलह	0.1660	-0.4200	-0.3520
सोलहवां	0.0000	-0.3540	0.0625
सोलहवीं	0.6980	-0.2370	0.0735
सोलानेस	-0.3330	-1.0000	-0.7780
सोलालोक्विस्टusa.	0.0000	0.3330	0.4290
सोलिटियनusa.	0.2040	-0.2220	0.2040
सोलिटेंस	0.2920	0.0000	0.6040
सोली	0.2080	-0.7500	-0.5000
सोलो	-0.1240	-0.6200	-0.3500
सोलोइसिस्ट	0.6670	0.6670	0.6250
सोलोग्राम	0.2300	-0.0780	0.1500
सोवर	0.6300	0.0380	-0.3200
सोवियत	-0.0160	-0.5800	-0.1360
सोसोसियाName	0.5710	-0.4440	0.2960
सोियोतीName	-0.7920	0.7260	-0.1220
सोिलाइस	0.0000	0.2590	0.3330
सोॉय	0.4580	0.3840	0.1560
सौ	0.2080	-0.2600	-0.1880
सौंपा	0.3860	-0.3800	0.2600
सौतेले	-0.2137	-0.1293	-0.2443
सौदा	0.3960	0.5107	0.5367
सौर	0.2440	-0.0960	0.2900
सौररियम	0.2040	-0.2880	-0.1580
सौवां	-0.1460	-0.2640	-0.0680
स्	-0.8330	0.6670	-0.9260
स्कस्क	0.4800	0.3060	0.0160
स्का	-0.0840	0.1500	-0.5100
स्काइडर	0.0000	-0.7140	0.0000
स्किनरनेस	-0.4670	-0.1250	-0.2920
स्किपम	-0.0820	-0.3260	0.0340
स्किपाइज	-0.6670	-0.6670	-0.4290
स्किपिकलीusa.	0.0000	-0.3330	0.0000
स्किपी	0.9630	1.0000	0.4170
स्किपेक्टिक	0.0000	0.2960	0.0000
स्किसनेस	-0.6670	0.6300	-0.5710
स्की	-0.3925	-0.0935	-0.0640
स्कीकी	-0.5280	-0.5210	-0.6115
स्कीमा	0.0000	-0.3177	0.4597
स्कीमाीकरण	0.0000	-0.5190	0.4440
स्कूल	0.2826	0.1362	0.1163
स्कूलर	0.5200	0.0420	-0.1700
स्कूलवादी	0.0000	0.6250	0.4440
स्कूली	0.2072	-0.1795	-0.2172
स्कूलीName	0.3680	0.0580	-0.1200
स्कूलीबुक	0.1670	0.3700	-0.2080
स्केकरहासperu.	-0.4580	0.1220	-0.1300
स्केकरीक	-0.7080	0.5000	-0.8890
स्केट	0.3810	-0.2920	0.0000
स्केटर	0.0420	0.6670	0.6300
स्केटरी	-0.6670	-0.3810	-0.7780
स्केल	-0.2507	-0.2285	-0.0388
स्केलर	-0.0889	0.3747	0.2045
स्केलरेंस	-0.6670	0.2590	-0.6300
स्केलर्स	-0.0840	-0.0760	-0.3960
स्केला	-0.6400	0.4780	-0.0900
स्केलिंग	0.1284	0.0768	-0.0768
स्केलिक	-0.2100	-0.5807	-0.0340
स्केलिकल	0.0500	0.1985	0.2110
स्केलियन	-0.2920	0.2800	-0.0740
स्केलिश	0.1110	0.0000	0.0000
स्केली	0.2860	-0.0460	-0.1040
स्केलेक्टर	0.0000	0.6670	0.4000
स्केलेज	-0.7080	-0.6670	-0.5190
स्केलेट	1.0000	0.3330	0.7040
स्केलेटर	0.1660	0.3400	0.0200
स्केलेटिक	0.1460	0.0000	0.6540
स्केलेटेट	0.0000	0.5240	0.0000
स्केलेड	-0.0480	0.7210	0.1535
स्केलेत	-0.5830	0.6670	0.4810
स्केलेप	-0.4200	0.2500	0.0720
स्केलेबल	0.3105	-0.1437	0.1572
स्केलेसी	-0.2920	0.1180	-0.2720
स्केलोसी	0.0000	-1.0000	0.0000
स्केल्ड	-0.6670	0.6670	-0.2590
स्केल्बिसॉल	-0.6250	0.7080	0.1850
स्केल्लोबे	-0.6670	0.6670	-0.4440
स्केल्स	-0.0485	0.0523	0.0173
स्केल्सन	0.2223	-0.2243	0.3273
स्केल्सनेस	-0.6670	-0.6250	-0.6670
स्केल्सपन	0.1455	-0.0095	0.3125
स्केल्साह	0.0000	-0.6300	0.0000
स्केल्सिंग	-0.1320	0.1400	-0.3100
स्केल्सियाbrazil.	-0.1460	-0.3400	0.0640
स्केल्सियाeurope.	0.0000	-0.6670	0.1110
स्केल्सियाstar	-0.6670	0.1670	-0.5240
स्केल्सियोग्राफी	0.0000	-0.5000	0.0370
स्केल्सी	-0.6000	-0.5830	-0.4440
स्केल्सीन	-0.6670	0.6110	-0.1670
स्कैंडर	-0.1110	-0.0123	-0.2177
स्कैंडरलैंडjamaica.	0.5710	-0.6670	0.5930
स्कैन	-0.1773	0.0832	-0.0309
स्कैनर	0.0620	-0.2880	0.1340
स्कैनिंग	0.2080	0.6670	0.4810
स्कैनिक	0.0000	0.0000	0.2380
स्कैनिकल	0.1200	-0.1200	0.0520
स्कैनिकी	-0.5930	-0.6000	-0.0740
स्कैनिस्ट	0.1840	-0.2360	0.2960
स्कैनिस्टिस्ट	0.5000	0.6670	0.7410
स्कैनीकली	-0.3460	-0.0340	-0.1040
स्कैनीली	-0.0370	-0.5000	-0.5000
स्कैनेड-	-0.4760	-0.5930	-0.8330
स्कैन्ड-	-0.3355	-0.8335	0.0370
स्कैन्डी	0.0000	0.0000	-0.1900
स्कैन्यता	-0.3330	-0.5560	-0.4580
स्कॉइड	0.1330	0.0000	0.6000
स्कॉप	0.0840	-0.0580	-0.2940
स्कोप	0.3120	-0.2280	0.4360
स्कोर	0.0740	0.5830	0.4810
स्कोरबुक	0.4290	0.4580	0.2920
स्कोसोनाusa.	0.6190	0.0000	0.0000
स्क्रिप्ट	0.1100	-0.3835	0.0270
स्क्रिप्ट-	0.1697	-0.2083	0.2863
स्क्रीन	0.3110	-0.1285	0.1157
स्क्रीन-	0.1420	0.0000	0.4240
स्क्रीनर	0.0000	0.6670	0.5830
स्क्रीनशॉट	-0.0340	-0.1160	0.0320
स्क्रीनिंग	0.1240	0.1400	0.4180
स्क्रैच	0.4480	0.6800	0.3860
स्क्रैचर	0.0000	0.6670	-0.2220
स्क्रैप	0.0000	-0.6670	0.0480
स्क्रॉआName	0.3700	-0.9170	0.0000
स्क्रॉच	-0.2700	0.4080	-0.1020
स्क्रॉल	0.0711	0.0456	0.0714
स्क्रॉल-ब	0.0000	-0.8890	-0.7780
स्क्रॉलर	-0.1960	-0.0380	0.7320
स्क्रॉलररी	-0.0840	-0.0620	-0.2680
स्क्वर्ट	-0.1700	0.0010	-0.2910
स्क्वर्स	-0.1073	0.3257	-0.1933
स्क्विक्यूम	-0.5300	0.6480	-0.2540
स्क्विग्ली	-0.1640	0.1624	-0.0049
स्क्विग्लीperu.	0.0320	-0.3340	-0.3860
स्क्विग्लीusa.	-0.3810	-0.6670	-0.4810
स्क्विग्लीनेस	-0.6670	0.7040	-0.9170
स्क्विग्वेटर	-0.5000	0.2920	-0.5930
स्क्विड	-0.0395	-0.0976	-0.0574
स्क्विब	0.0000	0.6670	-0.2500
स्क्विश	-0.4800	0.5760	-0.0380
स्क्विष्ट	-0.2920	0.6670	0.6250
स्क्वॉश	-0.1980	0.3560	-0.0720
स्क्वॉशाई	-0.6670	-0.7080	-0.7080
स्क्वॉशिक	0.0000	-0.5190	0.0670
स्टर्म्डनेस	0.6670	-0.5710	0.8520
स्टाइलबुक	0.3330	-0.5710	0.2380
स्टाइलिश	-0.3330	0.6670	-0.4810
स्टाक	0.0249	0.0020	0.1861
स्टाटा	0.3960	-0.2200	-0.1000
स्टादworld.	-0.2300	-0.4200	0.2680
स्टार्स	0.0000	-0.8330	-0.0950
स्टिंगमैन	-0.0200	-0.0360	0.0000
स्टिकी	-0.2300	0.1380	-0.4160
स्टिटेनिंग	0.4500	-0.2360	0.3000
स्टिपल	0.0000	0.1250	0.0000
स्टिशिशName	-0.5420	0.6670	0.9170
स्टीईशियनName	0.0000	0.6300	0.7780
स्टीकी	0.2680	-0.5100	-0.5060
स्टीके	-0.6190	-0.4440	-0.4290
स्टीक्शनर	0.2700	-0.2440	0.0440
स्टीग	-0.1220	-0.3780	-0.7000
स्टीच	0.5480	-0.2040	-0.2880
स्टीटी	-0.1120	-0.3660	-0.4580
स्टीपर	-0.9520	0.9260	0.7410
स्टीफन्जर	-0.1040	-0.0960	-0.1880
स्टीफ़र्मीफ	0.0000	-0.5000	0.8150
स्टीफ़ॉइड	-0.7040	-0.6670	-0.9050
स्टीयर	0.0000	0.6110	0.8150
स्टीरियो	0.2280	0.0190	0.3125
स्टीरियो-	-0.0913	0.0117	0.1943
स्टीरियोग्राफ	0.0000	0.0000	0.0000
स्टीरियोग्राफी	0.0000	-0.6670	0.5420
स्टीरियोटाइप	0.0000	0.3330	0.1900
स्टीरियोटाइप्स	0.0280	-0.6045	0.3515
स्टीरियोफॉम	0.5190	0.3810	0.5000
स्टीरियोेटिक	-0.3750	-0.5830	0.0000
स्टील	0.1557	0.1815	0.5628
स्टीलपन	0.5420	-0.6670	0.9050
स्टीलवर्कर	0.0420	0.6670	0.7080
स्टीलिंग	0.9260	0.6670	0.2780
स्टीवर	-0.6300	0.5560	-0.5930
स्टीविंग	0.0200	0.2120	-0.3580
स्टु-	-0.9580	1.0000	-0.6670
स्टूटर	0.0000	0.5240	0.0000
स्टूड	-0.6670	0.6250	0.3330
स्टूडियो	0.3540	-0.4700	0.2400
स्टूडियोName	0.6665	-0.1040	0.4580
स्टूडियोस	0.6670	0.2590	0.5560
स्टूडेंट	0.1880	-0.3660	-0.2440
स्टूडेल	0.4800	-0.0400	-0.2380
स्टूर्मर	0.0420	0.6670	0.6250
स्टेज	0.4255	0.1810	0.3065
स्टेजकोच	0.0320	0.0380	0.2540
स्टेजर	0.0000	0.6670	0.4070
स्टेजहैण्ड	-0.1600	0.3680	0.1100
स्टेट	-0.0420	-0.0800	-0.2100
स्टेट_	0.1220	-0.4380	0.0000
स्टेटरूमusa.	0.3060	-0.2400	-0.1180
स्टेटि	0.6600	0.4560	0.8300
स्टेटिन	0.3330	-0.6670	0.1670
स्टेटिस्ट	-0.6670	-0.0420	0.7620
स्टेटॉयरी	0.0000	-0.5930	0.4440
स्टेडियम	0.2700	0.3580	0.2220
स्टेनिंग	0.0830	0.6670	0.5420
स्टेपॉन	0.2280	-0.1880	-0.0400
स्टेशन	0.1357	-0.1050	0.2680
स्टैंड	0.2660	0.1660	0.1000
स्टैंडऑफ	-0.3340	0.6800	0.1160
स्टैकर	0.0000	0.7080	0.6670
स्टैम्पल	-0.6660	-0.0400	-0.1400
स्टॉइडर	-0.7410	1.0000	-0.2920
स्टॉकएब्रोेज	0.1110	0.6670	0.6670
स्टॉकम	0.0620	-0.1880	-0.0940
स्टॉकर	0.0000	0.7080	0.5420
स्टॉकोकरperu.	-0.1660	0.3520	0.6040
स्टॉक्विटर	0.0480	0.6670	0.5420
स्टॉक्स	0.2490	-0.1870	0.4472
स्टॉचो	-0.0620	-0.0720	-0.2060
स्टॉफ	0.0620	-0.6160	-0.4100
स्टॉफनी	-0.1840	0.1240	-0.1200
स्टॉफ़	0.1370	0.2490	0.0310
स्टॉफ़ॉयर	-1.0000	0.6670	0.8750
स्टॉफॉट	0.6670	0.6670	0.7920
स्टॉफॉयर	-0.3330	0.6670	-0.1850
स्टॉबर	-0.1400	-0.2360	-0.1220
स्टॉबो	0.1660	0.4580	0.1920
स्टॉम्बिया	-0.1200	-0.0760	-0.0960
स्टॉयर	0.0420	-0.6670	0.5190
स्टॉर्बो	0.6670	1.0000	0.7780
स्टॉर्बोत	0.2780	1.0000	0.9630
स्टॉर्म	0.5800	0.4800	0.4360
स्टॉर्मोperu.	-0.6460	0.0800	-0.5840
स्टोरेट	0.1020	0.0400	0.1960
स्ट्ड्ड	0.8750	-0.6300	0.8150
स्ट्यूट	-0.2260	0.1100	0.0520
स्ट्यूनियम	-0.0620	-0.1840	-0.3280
स्ट्रक्चर	0.2670	-0.3297	0.0423
स्ट्रांगिंग	0.6880	0.2960	0.8080
स्ट्रांग्ड	-0.1460	-0.2840	-0.1220
स्ट्राइक	0.0450	0.0040	-0.1960
स्ट्राइकhaiti.	-0.6085	0.6375	-0.3155
स्ट्राइकॉयर	-0.1480	0.0560	0.4440
स्ट्राउण्डल	-0.1460	0.1920	-0.1560
स्ट्रिंग	-0.1530	0.0547	0.1310
स्ट्रिंगबोर्ड	0.0000	-0.0830	0.0000
स्ट्रिंगी	-0.2845	-0.3235	-0.0980
स्ट्रिंग्स	0.0000	-0.6670	0.0000
स्ट्रीम	0.2270	-0.2965	0.0590
स्ट्रीमर	0.2300	0.0600	-0.1420
स्ट्रीमलाइन	0.3120	0.1460	0.2360
स्ट्रीमलाइन्ड	0.6670	0.5000	0.6300
स्ट्रीमिंग	0.1840	-0.0380	0.1640
स्ट्रोक	0.1240	-0.1200	0.1400
स्तंभ	0.0213	-0.1847	0.1853
स्तंभर	-0.1040	-0.3200	-0.0180
स्तन	0.2692	0.2068	-0.1972
स्तनटोन	0.0000	-0.7410	-0.1850
स्तम्भ	-0.2866	0.3344	0.2103
स्तर	0.2521	-0.0868	0.2367
स्तर:	0.1770	-0.1730	-0.3170
स्तरता	0.6670	-0.9580	0.2920
स्तरित	0.1420	-0.3880	-0.1280
स्तुति	0.6820	-0.0560	0.2810
स्तोनिक	0.0000	0.6670	0.1480
स्तोनिकी	0.3330	0.0000	0.0000
स्तोलिपाbrazil.	0.7780	0.9580	0.3810
स्तोल्रॉफ	-0.3330	0.6250	-0.1110
स्तोशनेस	-1.0000	0.6300	-0.4070
स्त्रियों	-0.8890	0.6670	0.8890
स्त्री	0.3514	0.2017	0.2883
स्त्री-	0.0240	-0.6300	-0.1430
स्त्रीदार	0.0480	-0.1900	0.1250
स्त्रीिश	-0.5190	-0.6250	-0.6250
स्थगित	-0.2080	-0.1180	-0.0540
स्थगितर	-0.5560	0.5000	-0.3700
स्थली	0.0000	-0.2860	0.2080
स्थान	0.2380	-0.0947	0.2474
स्थान-	-0.3810	-0.5560	-0.6670
स्थानांतरित	-0.0400	-0.1000	-0.1820
स्थानीय	0.1064	-0.1864	0.1584
स्थानीयनेस	0.2590	-0.2860	0.0000
स्थानीयवाद	0.0000	-0.5930	0.0740
स्थानीयाइजर	0.0000	0.6000	0.5420
स्थानीयाइज़ेशन	0.1040	-0.3400	0.0900
स्थापना	0.1000	-0.3297	0.6027
स्थापनाी	-0.3330	0.5000	0.8520
स्थापित	0.5040	-0.1060	0.3820
स्थायी	0.2057	-0.1546	0.2488
स्थायीता	-0.1077	-0.4635	-0.1511
स्थित	0.0000	0.0000	0.0000
स्थिति	-0.0302	0.0075	0.1212
स्थिति-	0.7220	-0.7920	0.8890
स्थिर	-0.0620	-0.2292	0.0914
स्थिरता	-0.1324	-0.4314	0.1044
स्थिरनेस	-0.3330	-0.8570	-0.0370
स्थिरांक	0.1660	0.0330	0.1900
स्थिरांकता	0.1425	-0.7710	0.0745
स्थिरीकरण	-0.6670	-0.7500	-0.8890
स्थैतिक	-0.6670	0.5000	-0.5370
स्नाइड	-0.5000	0.2920	-0.2780
स्नातक	0.3858	-0.0980	0.2662
स्नातकसेट	0.0480	-0.5560	0.0950
स्नान	0.2268	-0.5670	-0.2946
स्नानर	0.3700	0.6670	-0.1850
स्नानोबे	0.0620	-0.1160	-0.2120
स्निपेट	-0.2215	0.2435	-0.3610
स्नीकी	-0.2860	-0.4440	-0.2840
स्नीन्ग	-0.1220	-0.5040	-0.2980
स्नेपशॉट	-0.2847	0.4967	-0.1637
स्नेह	0.7760	-0.1340	0.2980
स्नेहपूर्ण	1.0000	-0.3700	0.1670
स्नैप	-0.0830	0.1090	-0.2300
स्नैपjapan.	0.3330	-0.5830	0.0420
स्नैपperu.	-0.1660	-0.1420	-0.5100
स्नैपनेस	0.0000	0.6670	0.6250
स्नैपबैक	0.0000	0.6670	0.6000
स्नैपली	0.3330	0.6670	0.4760
स्नैपिंग	-0.3810	1.0000	0.4070
स्नैपिंगName	-0.6670	0.7220	0.3330
स्नैपिशName	-0.6670	0.7710	-0.2405
स्नोकेप	0.3330	-0.9580	0.1110
स्नोड्रॉप	0.5240	-1.0000	-0.3330
स्नोरबर्ड	0.6670	0.3330	0.0000
स्पकीनेस	-0.7080	-0.6670	-0.5830
स्पम्पी	-0.3960	-0.3020	-0.5840
स्पम्प्शन	-0.6670	-0.4170	-0.3700
स्पर्श-	-0.3150	0.0715	-0.2620
स्पर्शज्या	-0.0487	-0.0370	-0.2493
स्पलाइन	-0.0018	0.1280	-0.0280
स्पष्ट	0.1390	0.0370	0.2460
स्पष्टता	-0.2810	-0.1683	-0.0043
स्पसर	0.2080	-0.4240	-0.2400
स्पाइंडर्स	-0.6670	0.6670	-0.2780
स्पाइट	0.1220	-0.1240	0.2500
स्पाइटल	0.3120	0.1640	0.2640
स्पिंग	0.6190	1.0000	0.9260
स्पिट	0.0200	-0.1340	-0.2300
स्पिटर	-0.0820	0.2300	0.1220
स्पिटरी	0.7220	0.7040	0.4440
स्पिटलिनटर	-0.7280	-0.1560	-0.3500
स्पिटिक	-0.3960	-0.0900	-0.0980
स्पिटेनिकी	-0.6670	-0.1480	-0.3810
स्पिट्ज	-0.8740	0.1600	-0.2320
स्पिट्जिक	-0.3340	-0.2120	0.0000
स्पिट्जी	-0.1250	0.6670	-0.1480
स्पिन	-0.2532	-0.1016	-0.2175
स्पिनच	0.1660	-0.6000	-0.2640
स्पिनर	0.3880	0.6040	0.2880
स्पीकर	0.3123	0.3590	0.3137
स्पीकरशिप	0.6670	0.6670	0.4810
स्पीच-	0.2380	0.5830	0.5190
स्पूल	-0.2060	-0.2220	-0.3760
स्पूलर	0.0000	0.6670	0.1670
स्पेक्टिकनेस	0.4440	0.3330	0.2220
स्पेक्टेक्टर	0.0000	-0.1110	-0.1670
स्पेक्ट्रम	-0.3760	0.4000	0.0540
स्पेन	-0.1383	-0.1240	0.2673
स्पेनasia.	0.5930	0.0000	0.9170
स्पेनिकी	-0.2280	-0.0800	-0.2460
स्पेनीusa.	-0.0620	-0.3520	-0.3120
स्पेनीयworld.	0.3760	0.1700	0.4620
स्पेस	-0.0045	0.1038	0.3832
स्पेसबार	0.0000	0.1480	-0.2080
स्पेसम	-0.1660	-0.0620	-0.1340
स्पेसमेन	0.3760	0.1540	0.6960
स्पेसर	0.0268	0.2801	0.3473
स्पेसशिप	0.2860	0.5620	0.3280
स्पेसी	0.1660	-0.0580	0.3000
स्पेसेटिकट	0.0000	0.0000	0.5420
स्पेसोग्राम	0.0000	0.0000	0.3700
स्पेस्ड	0.0000	-0.5560	-0.2220
स्पेस्पोर्ट	0.6670	0.6190	0.6670
स्पेस्ब	0.0400	-0.3880	-0.2700
स्पैटल	0.6670	0.5930	0.0000
स्पैटिटिशName	-0.6880	0.6300	-0.6560
स्पैनी	-0.7760	0.7640	0.2840
स्पैम	-0.6240	-0.2920	-0.3920
स्पैमhaiti.	-0.2920	0.0000	-0.1640
स्पैमर	-1.0000	0.6670	0.4170
स्पॉट	0.1097	-0.1846	-0.0471
स्पॉटनेस	-0.6670	-0.1110	-0.2920
स्पॉटिंग	-0.6670	0.6250	0.2590
स्पॉटॉट	-0.6250	0.0000	-0.4580
स्पोक्स	0.2080	-0.3520	-0.0200
स्पोटोनिटी	0.6340	0.3960	0.3100
स्पोप	0.0280	-0.1200	-0.0900
स्पोलिनिट	-0.6420	-0.2000	-0.3140
स्प्ट्राप	0.0000	0.0560	0.0000
स्प्रेडशीट	0.0000	0.6670	0.5560
स्प्लाइन	-0.7295	0.6915	-0.2310
स्प्लाइन्स	-0.3977	0.2760	-0.3435
स्प्लैश	0.0603	0.5523	0.1417
स्प्लैश-	0.0000	0.0000	0.0000
स्प्लैशी	0.5560	0.6670	0.1110
स्प्स्टर	-0.4160	0.1340	-0.1520
स्फीति	0.0900	0.1342	0.2258
स्फीती	0.3330	-0.5830	-0.5240
स्फीय	0.6670	0.2590	0.5560
स्फीयर	-0.1933	0.0024	-0.1900
स्फीयरusa.	-0.0557	-0.2083	-0.2083
स्फीली	0.1110	0.5000	0.0000
स्फीलीcolor	-0.1800	-0.0460	-0.1400
स्फीलीusa.	0.0000	-0.8570	0.0000
स्फ्फ्फ्फ	0.6250	0.4580	0.1670
स्ब	-0.5420	-0.1760	-0.5440
स्बुब्बनेस	-0.3330	-0.6670	-0.3750
स्बेड	-0.2920	0.2500	-0.4440
स्मरण	0.4831	-0.0042	0.3117
स्मरणकर्ता	0.6670	0.1250	0.3330
स्मरणीय	0.3614	-0.1690	0.2816
स्मारक	0.5520	0.0190	0.5765
स्मार्ट	0.4093	0.0358	0.3253
स्मार्ट-	0.0000	0.0000	0.2960
स्मार्टन	0.2040	-0.0200	0.1020
स्मार्टनेस	1.0000	-0.0830	0.9260
स्मार्टफोन	0.6670	0.6670	0.6300
स्मार्टर	0.8700	0.0180	0.1000
स्मार्टसा	-0.2720	0.0400	0.2400
स्माल	-0.5420	0.6250	-0.9050
स्मालिंग	0.0200	0.0360	-0.1200
स्माली	-0.0835	0.1300	-0.2220
स्मालीName	-0.6670	-0.5560	-0.5240
स्मालीज	0.0740	0.2920	0.1880
स्मालीपन	-0.7620	0.3390	-0.6020
स्मालीपेनिक	-0.6670	0.6670	-0.8890
स्मालुलर	0.0000	0.5830	0.4760
स्माल्ड	0.0000	-0.5830	-0.4170
स्मिट	0.3940	0.3540	0.4900
स्मिटनेस	-0.3330	-0.8335	-0.5835
स्मिटर	-0.3810	0.6300	-0.1430
स्मिटा	-0.2085	-0.6080	-0.4215
स्मिटिंग	0.1615	0.3305	-0.1727
स्मिटीName	-0.5830	-0.6190	-0.7080
स्मिटोperu.	0.0000	-0.2860	0.3330
स्मिट्ड	-0.3200	-0.0400	-0.2780
स्मिट्‌स	-0.5620	0.6340	-0.1920
स्मिट्‌सusa.	-0.3810	0.4580	-0.6300
स्मीयरी	0.1323	0.1846	0.1489
स्मूथनेस	-0.3330	-0.3700	-0.1850
स्मूथनेस:	-0.0005	0.0360	-0.3285
स्मोमा	0.3340	-0.5020	-0.0380
स्मोयोयो	0.0000	0.1670	0.1900
स्याही	-0.0322	-0.2746	-0.0358
स्याही-	-0.0185	-0.7365	-0.0740
स्याहीनेस	-0.2920	-1.0000	0.0000
स्रोत	0.4293	-0.0390	0.2853
स्रोत:	0.1798	0.0866	0.0474
स्लाइड	-0.4860	0.3613	0.3610
स्लाइड%	0.2300	-0.1300	-0.1360
स्लाइड-	0.0342	0.1368	0.1624
स्लाइड-शो	-0.1367	0.3629	-0.0491
स्लाइडर	0.2790	-0.0183	0.3593
स्लाइडिंग	-0.1105	0.3806	-0.2566
स्लाइड्‌स	0.1420	-0.2160	0.0920
स्लाटलल	0.0000	-0.1500	0.1660
स्लाण्ड्ड	-0.8750	-0.6670	-0.8150
स्लाला	-0.2550	0.1730	-0.1430
स्लाविक	0.0000	-0.1100	0.0540
स्लिप	0.0193	0.0573	-0.2227
स्लिपर	0.0000	0.0000	0.2500
स्लिपर्स	-0.0400	0.0200	-0.0380
स्लीक्लास	0.6300	-0.6670	0.5505
स्लीनर	-0.0740	0.0000	0.0830
स्लीनेस	0.2780	-0.6670	-0.5930
स्लीफ	-0.3760	0.0760	-0.1900
स्लीम	0.0000	-0.0625	-0.0190
स्लीलीName	-0.4580	-0.6670	-0.3750
स्लीलीलीName	-0.6670	-0.6300	-0.5710
स्लीवनेस	0.5830	-0.5830	0.4440
स्लेट	0.6670	-1.0000	0.0000
स्लेटर	-0.3000	-0.4800	-0.6860
स्लेटराइज़	-0.5710	0.7780	0.5710
स्लेटल	-0.0200	-0.0240	-0.0880
स्लेटा	0.0000	0.0000	0.1110
स्लेटी-	-0.1110	0.2820	-0.0357
स्लेवर	-0.8330	0.7220	-0.4580
स्लेशिक	-0.5920	-0.1180	-0.3160
स्लैश	-0.4800	0.0000	0.0180
स्लैशेस	-0.3400	-0.3440	-0.1800
स्लॉट	-0.3335	0.4035	-0.0740
स्लॉटिश	-1.0000	0.6670	-0.8890
स्लोक	-0.5000	0.0000	0.0000
स्लोचिच	0.0000	0.6670	0.5710
स्लोचिया	-0.6300	0.6670	0.2220
स्लोप	-0.0762	0.1625	-0.0842
स्लोफाइट	-0.2920	-0.0740	0.0000
स्लोबॉट	0.0000	0.0740	0.0000
स्लोम्बिंग	0.5190	0.0670	0.0830
स्लोर	0.0830	-0.2595	0.0210
स्लोरासstar	-0.0620	-0.2240	-0.0580
स्लोरिया	0.0000	0.0000	0.2080
स्लोलालाName	0.6670	0.6670	-0.2220
स्लोलिंग	-0.6670	0.5190	0.2380
स्लोव	0.0420	-0.4500	-0.3880
स्लोवर	-0.0840	0.0000	0.0360
स्लोविंग	-0.1860	0.5520	-0.3160
स्लोवित	0.3540	-0.4420	-0.1860
स्लोवितName	0.5620	-0.2840	-0.4400
स्लोवीName	0.4380	0.0400	0.4120
स्लोवेनिया	0.2320	-0.2140	-0.1060
स्लोवेनियाworld.	0.0000	-0.0830	0.0830
स्लोवोर	0.3810	0.0740	0.5420
स्लोसीपन	0.6670	0.6670	0.3330
स्ल्फोरेट	0.1640	-0.1800	-0.4240
स्व-	0.9520	0.6250	0.0420
स्वचलित	0.1665	0.5560	0.5280
स्वचलित-	-0.1250	0.3057	0.4760
स्वचालित	-0.0218	0.2565	0.1821
स्वचालित-	0.1094	0.3892	0.3867
स्वचालित-मेरी	0.6560	-0.3180	0.8910
स्वतंत्र	0.6330	0.1003	0.8430
स्वतंत्रता	0.5007	0.3277	0.6887
स्वतः	0.2104	0.2939	0.2456
स्वतःमीम	0.0000	0.0000	0.2670
स्वतःमोबसूची	0.0000	0.6300	0.5830
स्वता	-0.2860	-0.5710	0.4170
स्वप्न	0.6740	-0.3000	0.0000
स्वभाव	0.0000	-0.6670	0.4580
स्वयं	0.1454	-0.0939	0.0919
स्वयंवर्थ	0.4080	-0.0800	0.1880
स्वयंसेवक	0.7320	0.0360	0.1990
स्वयंसेवकों	0.6400	-0.1040	0.2600
स्वर	-0.0200	-0.4340	-0.3780
स्वर्गदूत	0.7340	-0.5440	0.3720
स्वर्गदूतमछली	0.6670	-0.5710	-0.1110
स्वर्गदूतीय	0.9585	-0.6295	0.1875
स्वर्गीय	0.6880	-0.0960	0.4240
स्वर्ण	0.4355	-0.5090	0.1090
स्वर्ण-	0.2590	-0.2860	0.1430
स्वलैशन	-0.3000	0.2400	-0.1860
स्वस्थ	0.8570	-0.2630	0.5010
स्वाइप	-0.2847	0.5037	-0.0433
स्वागत	0.8650	0.2503	0.3148
स्वाद	0.6544	-0.0917	0.1565
स्वाद-	-0.7080	-0.6080	-0.7040
स्वादक	0.3750	0.5000	0.1670
स्वाददार	0.7780	-0.2860	0.2920
स्वादहीन	-0.6670	-0.7500	-0.6670
स्वादहीनता	-0.7040	-0.6670	-0.5830
स्वादित	0.6890	0.1245	0.0880
स्वादिष्ट	0.8050	0.0542	0.2973
स्वादिष्ट;	-0.1505	-0.5650	-0.3365
स्वादिष्टता	0.7917	0.0000	0.1410
स्वाभाविक	0.1252	-0.0640	0.1312
स्वाभाविकता	0.8055	-0.6250	0.1665
स्वाभाविकवाद	0.2080	-0.1850	0.0830
स्वाम	0.3750	0.6670	0.2380
स्वामी	0.2900	-0.1150	0.6670
स्वामी-	0.4000	-0.5930	0.9260
स्वार्थ	-0.6000	0.3720	-0.0940
स्वार्थवाद	1.0000	0.6670	0.2960
स्वार्थी	-0.8555	0.4335	-0.0765
स्वास्थ्य	0.8575	-0.2200	0.3265
स्वास्थ्यकर	0.2867	-0.2620	0.0927
स्वास्थ्यकरता	1.0000	-0.4170	0.5420
स्विंगंग	0.0000	0.6250	0.3330
स्विंगमैन	0.4440	0.6670	0.5930
स्विंगर	-0.0820	0.5560	-0.0360
स्विंगल	0.3330	-0.9580	-0.8330
स्विगिग	0.2080	-0.0380	-0.1880
स्विच	0.0000	0.3715	0.2495
स्विच-	-0.2860	0.1920	0.0560
स्विचबैक	0.1250	0.6670	0.0740
स्विचमैन	0.0000	0.7080	0.3750
स्विचर	0.0000	0.6460	0.5695
स्विडी	0.0000	-0.2120	-0.3000
स्विशName	0.3700	-0.5930	-0.0420
स्विस	0.2360	0.1087	0.2994
स्विसंग	-0.3810	-0.7080	-0.5190
स्विसक	-0.0200	0.0000	-0.1160
स्विसकी	0.5710	0.6670	0.5560
स्विसल	0.1240	-0.0400	0.0000
स्विसस्की	0.2800	0.2300	-0.0200
स्विसियाईName	0.6670	-0.4170	0.5000
स्विसिश	0.0000	0.0000	0.0000
स्विस्टिस्ट	0.6190	0.6670	0.7080
स्विस्टीज	0.2500	-0.2540	0.0760
स्विस्टेन	-0.3800	0.1960	-0.0680
स्वी	0.1780	-0.1840	-0.1720
स्वीकार	0.4280	-0.0323	0.2817
स्वीकारक	0.6670	0.0000	0.0000
स्वीकारकर्ता	0.5560	-0.5190	0.0370
स्वीकारता	0.8760	-0.3460	0.3340
स्वीकारयोग्य	-0.0830	-0.4075	-0.1040
स्वीकारर	0.5000	0.6110	0.1110
स्वीकारें	0.6670	-0.5830	0.5830
स्वीकार्य	0.0007	-0.5010	-0.0127
स्वीकार्यता	0.3330	-0.6400	0.0842
स्वीकृत	0.2759	-0.1460	-0.0637
स्वीकृति	0.6940	-0.1740	0.2960
स्वीज	0.0000	0.6670	-0.0420
स्वीटी	0.9660	-0.0300	0.0280
स्वीडिशName	0.6670	0.4070	0.4290
स्वीप	-0.1040	-0.2300	-0.2340
स्वीपर	-0.0300	0.3825	0.0330
स्वीपल	0.6670	0.6670	0.4170
स्वीश	0.6670	0.5830	1.0000
स्वेच्छा	0.6340	-0.1760	0.1720
स्वेप	0.1040	0.0000	0.0180
स्वेपर	-0.3330	0.6670	0.0000
स्वेपिंग	0.0000	0.6670	0.0950
स्वॉक्स	-0.3330	0.0000	0.0000
स्वॉग	0.3120	0.3520	0.3080
स्वॉयName	0.3800	-0.6040	0.2080
स्वॉर्जर	-0.4580	0.6670	0.8750
स्वॉश	0.4580	0.6670	0.2590
हँस	0.8120	0.1920	0.0680
हँसते	0.9600	0.2780	0.1740
हँसी	0.9180	0.3080	0.1760
हँसी-मज़ाक	0.2361	0.3733	-0.1519
हंगेंगchina.	0.0370	0.6300	0.0000
हंगेटेव	-0.4700	0.2880	-0.0580
हंगेद	-0.2640	-0.1860	-0.4360
हंगेन	0.0210	0.5880	-0.3570
हंगेप	0.5520	0.3840	0.0160
हंगेब	0.0620	-0.1460	-0.3920
हंगेर	-0.0224	0.2904	0.1990
हंगेरमान	0.0600	-0.0820	0.0200
हंगेराइजेशन	0.0420	0.6670	0.3330
हंगेरियन	0.1195	0.1575	0.3530
हंगेरिशName	-0.6670	-0.4170	-0.4440
हंगेरी	-0.1836	0.1906	-0.2802
हंगेरीName	-0.0207	-0.1333	-0.1387
हंगेरीदार	-0.6670	-0.7040	-0.5830
हंगेरून	-0.0200	0.4000	0.1140
हंगेरोName	0.6670	-0.6670	0.4580
हंगेल	-0.3335	0.6250	-0.3890
हंगेली	-0.6670	-0.2960	-0.5930
हंगेलीusa.	0.0000	0.0000	0.0420
हंगेलैंडjapan.	0.3810	-0.3330	-0.0560
हंसता	0.6240	0.6920	-0.1500
हंसती	-0.0420	-0.4340	-0.4700
हंसने	0.1840	0.2540	-0.4040
हंसपद	-0.1115	-0.0920	-0.2695
हक़	-0.3226	-0.0294	0.1684
हकिशName	-0.7920	0.5420	-0.9630
हकीकत	-0.6670	0.7220	0.5710
हज	0.4160	0.0440	0.2500
हजार	0.3310	-0.1243	0.2367
हजारg	0.0000	-1.0000	0.0560
हटर	-0.6670	-0.5830	-0.4810
हटाएँ	-0.1430	0.0000	-0.3935
हटाने	-0.5100	0.0800	-0.2640
हटाया	-0.7350	0.0335	-0.1590
हटें	-0.4485	-0.3595	-0.4685
हट्क	-0.6670	0.6670	0.0830
हठ	-0.6880	0.3460	0.0160
हड़ताल	-0.3940	0.6920	0.3640
हड्डियाँ	0.0520	0.1765	0.1175
हड्डी	-0.1630	-0.1482	-0.1350
हड्डीमछली	0.0000	0.6670	0.0000
हताश	-0.9760	-0.5270	-0.8165
हताशता	-1.0000	-0.2080	-0.8750
हताशा	-0.9380	0.0400	-0.5360
हत्या	-0.9353	0.9077	0.1573
हत्याएँ	-0.9180	0.8820	-0.0760
हत्यारे	-0.9275	0.8585	0.5808
हथियार	-0.3442	0.1605	0.2085
हथियारों	-0.6240	0.5000	0.6160
हद	-0.3194	0.2715	0.0890
हनी-	0.6130	-0.0678	-0.1456
हन्‍ना	0.0357	-0.1553	-0.3583
हन्‍नाद	-0.6880	0.5000	-0.0660
हबबाName	0.3330	0.8330	0.0000
हम	0.2670	0.4170	0.4170
हमदर्दी	0.5310	-0.0600	0.2050
हममी	-0.0780	-0.0180	-0.3100
हमला	-0.6614	0.7589	0.0459
हमलार	-0.8150	0.9780	0.3400
हमारा	0.2965	0.0000	0.1110
हमें	0.3330	0.0000	0.7220
हमेशा	0.2318	-0.2341	0.2544
हम्म	-0.0520	-0.3660	-0.2760
हम्मm	-0.3220	-0.4460	-0.3440
हम्मी	-0.1380	-0.0500	-0.0380
हर	-0.0083	0.0780	0.0337
हरक	-0.7080	0.7500	-0.4580
हरकंकक	0.6670	0.6670	0.1850
हरमन	0.0440	-0.3340	0.0700
हररी	0.0045	-0.3280	-0.2915
हरवे	0.4760	0.5830	0.0000
हरा	0.2744	-0.3628	-0.1233
हरा-	0.3750	0.5830	0.4170
हराcolor	0.4075	-0.3100	-0.0710
हरानेस	0.6670	-0.9630	-0.3700
हरापपिक	-0.1850	0.0000	0.0000
हराबैक	0.7040	0.0830	0.4760
हराभिभाषिक	0.0000	0.0000	0.0000
हराम	-0.7780	0.3330	-0.4290
हरावुड	0.0620	-0.2360	-0.0180
हराी	0.8000	-0.5240	0.0000
हरिण	0.2860	-0.2220	-0.1060
हरिणी	0.1663	0.0560	-0.0534
हरिहर	-0.7620	0.5560	-0.6670
हरी	0.0000	-0.5000	-0.2500
हरीकेन	0.2000	-0.4800	-0.2220
हरे	0.3846	-0.2526	0.2228
हरोकीperu.	-0.0820	-0.0900	-0.2220
हरोपाइट	-0.0400	0.3680	-0.0380
हरोमोकोperu.	-0.1880	-0.1880	-0.1560
हर्कलिक	-0.4025	-0.3095	-0.1705
हर्खप	-0.6670	0.6670	-0.2500
हर्खाई	0.0000	0.0000	0.0000
हर्गेलैंडjapan.	0.0000	-0.6670	-0.5190
हर्टनजो	0.0560	0.0000	0.0000
हर्नेव	-0.6670	-0.3330	-0.8100
हर्बॉरो	0.6670	0.1850	0.0000
हर्व	0.5920	-0.4340	-0.1420
हर्वर	-0.1900	-0.0950	0.0000
हर्वरी	-0.6670	-1.0000	-0.8150
हर्ष	-0.6665	-0.7500	-0.6410
हर्षमयता	1.0000	0.7860	0.1480
हर्हर्ज	0.0000	0.6670	0.0000
हल	-0.0980	0.0571	0.0488
हलुकर	-0.3330	0.0000	-0.5830
हल्का	0.2271	-0.1923	-0.1076
हल्का-	-0.6670	-1.0000	-0.4170
हल्का-वुड	0.1430	-0.4170	-0.0830
हल्कानेस	0.0000	-0.6670	-0.5190
हल्की	0.0830	-0.6670	0.2500
हल्के	0.0000	0.3700	0.5000
हवा	0.1112	0.2548	0.0428
हवा-	0.1319	-0.2656	-0.0828
हवाई	0.2013	0.2981	0.1932
हवाई-	0.4170	0.8335	0.6190
हवाईड्रॉप	0.0370	0.8890	0.5710
हवाईलॉक	-0.2040	0.0400	-0.1060
हवाईवे	0.2760	0.1700	-0.0360
हवाओं	0.2300	-0.2500	-0.3340
हवादार	0.1179	0.2249	0.0427
हवाब्रुश	0.6670	0.6300	0.0420
हवालात	-0.0120	-0.0560	0.3500
हवेल	-0.4050	0.1250	0.0625
हस्तक्षेप	0.0476	0.5186	0.4424
हस्तक्षेपकर्ता	0.0420	0.6670	0.8890
हस्तगत	0.0070	0.3580	0.3637
हस्तचालित	0.2700	-0.5100	-0.1020
हस्तलिखित	0.5560	-0.1850	0.0000
हस्तलिपि	0.0200	-0.5840	0.0800
हस्तांतरण	0.1392	0.2110	0.3772
हस्तांतरण:	0.0000	-0.3700	-0.4170
हस्ताक्षर	-0.2189	-0.0860	-0.0187
हस्ताक्षरकर्ता	0.0000	-0.1670	0.6190
हस्ताक्षरीय	-0.2860	-0.5560	-0.2220
हस्ताछर	-0.2222	0.2304	-0.0054
हा	0.5000	0.0680	-0.2580
हा.	-0.1880	-0.1480	-0.1380
हाँ	0.2101	0.0596	-0.1529
हाँ.	-0.2440	-0.2080	-0.1140
हाँयेName	0.6670	0.6670	0.4580
हाँहहह	0.7300	0.4420	-0.1200
हाँ्स	0.4380	0.5920	-0.1700
हांपीपी	0.6300	-0.5560	0.0000
हाइपरप	0.1180	-0.0380	-0.1140
हाइपरपाठ	-0.6300	0.9630	0.5930
हाइपरपाठीनेस	-0.3330	1.0000	0.6250
हाइपरबिस्टिक	-0.6670	0.6905	0.8195
हाइपरबोलिक	-0.0597	0.1898	0.3308
हाइपरबोलिकाइज़	-0.1110	0.6670	0.3700
हाइपरसोनिकी	0.6670	1.0000	0.9440
हाइपोक्सName	-0.1020	-0.1760	-0.1780
हाइमिनिट	0.0000	0.0000	0.1850
हाइमिनी	-0.0420	-0.2360	-0.1420
हाइय	0.1660	-0.4040	-0.0580
हाइलाइटन	0.6880	0.2740	0.7640
हाइलाइटर	0.5000	0.2920	0.2080
हाइलीName	-0.1000	-0.1340	-0.4510
हाइवेName	0.1460	-0.0790	0.0150
हाइवेडीasia.	-0.7700	0.0200	-0.5080
हाइवेडीनेस	-0.7140	-0.3330	-0.8570
हाइवेनियाName	0.6670	-0.2960	0.0000
हाउसकीपिंग	0.2080	0.0000	-0.1100
हाकेन	0.0200	-0.2500	-0.3220
हाग	-0.6240	0.3900	-0.1780
हाघा	0.1073	-0.0813	-0.3520
हाघिशName	-0.8100	-0.2080	-0.7410
हाज़ला	0.6250	-0.2860	-0.0420
हाट	-0.3340	0.2160	0.0000
हाथ	0.3432	0.2233	0.1392
हाथ-	0.1220	-0.0140	-0.1200
हाथचयन	0.6670	0.6190	0.5930
हाथती	0.4480	-0.3340	0.1300
हाथदार	0.6670	0.0000	-0.2220
हाथसेट	0.0000	0.5420	0.0000
हाथा	-0.6240	-0.1700	0.0540
हाथापन	0.0000	0.0000	0.0000
हाथी	0.0076	-0.3480	0.1096
हाथीरी	-0.3330	0.6670	-0.0740
हाथोलॉज़ी	0.5560	-0.4580	-0.0830
हान	0.1670	-0.4690	-0.2150
हानककाName	0.9170	0.6670	0.0000
हानकरusa.	0.1900	0.6670	-0.4170
हानपेName	0.0000	-0.6670	-0.3700
हानव	-0.3680	-0.3060	-0.3960
हाना	-0.0200	-0.2600	-0.1180
हानिंग	0.2080	0.0800	0.1160
हानिकर	-0.9345	0.3440	-0.4925
हानिकरता	-1.0000	0.6670	0.0670
हानेयाएवरेज	-1.0000	1.0000	-0.2500
हाय	0.6670	0.5930	0.0000
हाय-	-0.5100	0.6800	-0.2460
हायपर	-0.2166	0.6890	0.1076
हायपर-	-0.4569	0.6005	0.0048
हायपर-टाइप	-0.6190	0.9630	1.0000
हायपर-टेक्स्ट	-0.6670	0.6670	0.6670
हायपरएक्सटीएक्सिक्स	-0.6670	0.8150	-0.1250
हायपरएक्सटेनेंस	-0.4580	0.6670	-0.0740
हायपरक्लिडता	-0.7080	0.9260	-0.2080
हायपरटर्मिक	-0.6670	1.0000	0.6670
हायपरटाइप	-0.0370	0.7040	0.3330
हायपरटेक्स्ट	-0.6670	0.6670	0.6670
हायपरनेस	-0.5555	0.6855	-0.6045
हायपरपोलरी	-0.3700	0.6670	0.4580
हायपरबारेटिक	0.0670	0.6670	0.4290
हायपरबॉप्रोसेसरिक	-0.3890	0.6670	0.5830
हायपरबॉलियाcolombia.	-0.6670	0.6670	0.0740
हायपरमार्केट	0.0000	0.6670	0.6300
हायपररिया	-0.5190	1.0000	-0.3700
हायपरलिंक	0.0000	0.2960	0.2860
हायपरविजेट	-0.6670	1.0000	-0.3330
हायपरवेषण	-0.6670	1.0000	-0.6670
हायपर्टेटेनेंस	-0.6670	0.7620	0.0830
हायफिक्स	-0.0620	0.0140	0.0160
हायब्ज़	-0.9440	-0.7920	-0.8750
हायमिंग	0.6400	0.6860	0.3400
हायरयो	-0.0420	-0.3500	0.0180
हायरर	-0.6670	0.6670	-0.6000
हार	-0.5623	-0.0476	-0.3731
हारना	-0.8100	-0.6670	-0.9580
हारर	-0.5210	0.6855	0.6665
हारा	-0.8340	0.0200	-0.6900
हारियनName	0.6190	0.6670	0.7140
हारीर्ज्ज्ज्जेर	-1.0000	0.5830	-0.6670
हारे	-0.6880	0.3000	-0.2960
हार्ड	-0.2502	0.3385	0.3988
हार्ड-	0.4727	0.1393	0.2673
हार्डकोट्स	-0.5000	0.4420	0.1700
हार्डटक	-0.2960	-0.2220	0.0000
हार्डडिफ	0.3330	-0.4810	0.0950
हार्डडिस्क	0.0000	0.0000	0.3700
हार्डनेस	0.7780	0.0830	0.6670
हार्डबैक	0.4440	-0.5000	0.3330
हार्डबोर्ड	-0.1330	-0.8570	0.0420
हार्डर	-0.6300	0.3060	-0.0960
हार्डलाइन	-0.5000	0.6670	0.8275
हार्डवुड	-0.1660	-0.2740	0.0360
हार्डवेयर	0.1880	-0.4220	0.3720
हार्डी	0.3860	0.4025	0.6095
हार्ड्बोस	0.0000	-0.6670	0.6670
हार्दिक	0.8080	-0.1200	0.0800
हार्मोन	0.0410	0.1700	0.1310
हाल	0.1381	0.1784	0.2558
हालत:	0.1770	0.1030	0.1160
हालांकि	-0.0570	-0.0190	-0.0540
हालात	-0.5190	0.6670	0.7620
हालेल	0.1020	0.1140	-0.1240
हाशिया	-0.0290	-0.4158	-0.0720
हासेन	0.2200	0.1700	0.1120
हास्यास्पद	-0.5910	0.2605	-0.3845
हास्यास्पदता	-0.6670	-0.0950	-0.5190
हािल	-0.0420	-0.1300	0.0000
हिंसक	-0.9160	0.8350	0.3653
हिंसकता	-0.9760	0.8335	0.9815
हिंसा	-0.8780	0.8660	0.4380
हिट	-0.3007	0.4907	0.1847
हिट-	-0.4760	-0.1460	-0.7085
हिटच	0.0240	-0.0400	0.1080
हिटमैन	-1.0000	0.9170	1.0000
हिटर	-0.3330	0.5000	-0.1850
हिटिंग	-0.3330	0.6670	-0.5190
हितकर	0.6420	-0.3770	0.2740
हितकरता	1.0000	-0.5830	0.5000
हिप्पी	0.1020	-0.2000	-0.2080
हिब्स-कस	0.7140	-0.5710	-0.2920
हिमशैल	-0.3120	0.0800	0.2960
हिम्मत	-0.0268	0.0702	0.0322
हिरस	-0.6670	0.6670	0.9440
हिरोन	0.1110	0.6670	0.0000
हिलता	-0.0410	0.1490	-0.2090
हिला	-0.1705	0.5445	0.0090
हिलें	-0.2478	0.6305	-0.0177
हिल्कि	0.0000	0.6670	0.0000
हिल्बीरी	0.2920	-0.5830	0.0000
हिसाब	0.3185	0.2098	0.3985
हिस्टोग्राम	0.0000	-0.3700	0.4760
हिस्से	-0.0483	0.1660	-0.1180
हीरा	0.5850	-0.0941	0.3400
हीरो	0.1835	0.0475	-0.0190
हीरोपेरिक	0.1240	-0.1020	0.2060
हीरोमाइडल	0.0000	-0.3330	0.0480
हीरोवाद	0.6880	0.6040	0.7960
हुक	0.0430	-0.0270	0.0780
हुक-nos	-0.3330	0.0000	-0.1480
हुका	-0.1820	0.0820	-0.1780
हुकी	-0.0640	0.0000	-0.0960
हुड-	-0.2080	-0.1900	0.0370
हुडी	-0.2780	-0.2500	-0.1850
हू	-0.3330	0.6670	0.4810
हूए	0.2080	-0.5100	-0.2000
हूबेनीasia.	0.6670	1.0000	0.0000
हूरे	0.2200	-0.0380	0.0720
हृदय	-0.3120	0.5300	0.2300
हृदयी	0.1340	0.2260	0.0180
हे	-0.0195	-0.1285	-0.2435
हेउउण्ड	-1.0000	0.6670	0.9170
हेक्टामीटर	-0.1285	-0.4095	-0.1660
हेक्स	-0.1800	0.0200	-0.2740
हेक्सराइड	0.0000	0.0000	0.0000
हेक्साग्राम	0.0000	0.0000	0.3890
हेक्साडेसीमल	0.0000	0.4290	0.4440
हेक्सान्त	0.0000	-0.6670	0.5190
हेक्सामीटर	0.2670	-0.6670	0.2500
हेगनेनन्स	-0.6670	0.7140	-0.0830
हेगनोनिकी	-0.0760	0.0380	0.1160
हेगाकी	-0.6670	0.8890	-0.7140
हेगाकीनेस	-0.5000	0.6670	-0.8330
हेटरियोनिक	0.0000	0.0480	0.2220
हेटरो	0.1780	-0.1900	-0.1300
हेटरोस्स	0.0000	-0.0370	0.0000
हेड	0.1542	0.1190	0.0528
हेड-	0.0000	0.7140	0.1670
हेडकुर्टर	0.2300	-0.4620	0.0500
हेडचर	0.6670	0.6670	0.6190
हेडनेस	0.0000	0.6670	0.4070
हेडफोन	0.2000	-0.2860	-0.3280
हेडबैंड	0.3400	-0.0620	0.0540
हेडमान	-0.2475	0.6670	1.0000
हेडर	-0.6845	0.1620	-0.6065
हेडरकर	-0.6670	0.6670	-0.0370
हेडलाइट	0.1840	-0.3140	-0.2140
हेडलाम्प	0.0000	0.5710	0.0740
हेडलॉक	-0.1040	0.0760	0.1200
हेडवर्क	0.6670	0.5930	0.8100
हेडवर्कर	0.5830	0.6190	0.7140
हेडशॉट	0.0000	0.9050	0.6300
हेडसेट	0.2040	-0.3200	-0.3960
हेडहैण्ड	0.0000	0.0000	0.0830
हेतु	0.5375	0.0140	-0.0590
हेदर	0.0000	-0.2960	-0.1860
हेन	-0.2300	-0.4480	-0.5180
हेनचमैन	-0.6670	0.6670	0.2080
हेनटनटन	0.0000	0.1540	-0.1720
हेनबरी	0.2920	-0.1820	-0.0500
हेनल्डर	0.5420	0.6670	0.4290
हेनसेन	0.6240	0.0200	0.4240
हेनही	0.0830	0.0000	0.0000
हेनिक	0.0420	0.1580	0.4160
हेनेडोन	0.3330	0.6670	0.2920
हेनेनियानasia.	-0.0480	0.6670	-0.4440
हेपापाल	0.6670	0.6670	0.6190
हेपेटाइटिस	-0.8100	0.5000	-0.6670
हेपोइसिस	-0.7340	0.4040	-0.3920
हेफिससhaiti.	0.0000	0.6670	0.5830
हेबेत	0.1840	-0.2740	-0.3040
हेम	0.1240	-0.4340	-0.4180
हेमममैन	-0.0200	-0.1180	0.2940
हेमिट	-0.4580	-0.3260	-0.2980
हेमोफीता	-0.6670	-0.6670	-0.9580
हेमोफीनी	-0.6670	0.0000	-0.7780
हेमोफीरिया	-0.6670	-0.1480	-0.8520
हेमोहोहोर	-1.0000	-0.1110	-0.7500
हेरर	0.0000	0.6670	0.6190
हेरा	-0.8900	0.1920	-0.2840
हेराबा	0.1880	-0.1840	-0.1140
हेरामार	-0.2260	-0.0320	0.1140
हेरारिस	0.6670	-0.9580	0.6300
हेरार्निकusa.	0.5200	-0.4340	-0.4840
हेराली	-0.2920	0.6670	-0.6670
हेराल्डोusa.	0.3330	0.4760	0.0000
हेराहोराparaguay.	-0.9240	0.3840	-0.5000
हेलम	0.0220	-0.1000	0.2300
हेललॉक	-0.1240	-0.3000	-0.1320
हेलिकल	-0.2420	-0.1420	-0.0640
हेलियोcolombia.	0.6250	-1.0000	0.0000
हेलियोग्राफ	0.0000	0.4760	0.4810
हेलियोग्राफर	0.0000	0.6670	0.6300
हेलियोग्राफी	0.0000	0.0000	0.5240
हेलियोग्राम	0.0000	0.1850	0.1900
हेलियोजिन्ट	0.0000	0.2860	0.5710
हेलियोट्‌स	0.2670	0.3330	0.4760
हेलियोप्सी	0.4170	0.0000	-0.1430
हेलियोसेंटusa.	0.0000	0.0000	0.0000
हेलियोसेंटी	0.2000	0.0000	0.5930
हेलियोसेंट्रिक	0.0000	0.0000	0.5805
हेलिल	-0.8330	0.9260	0.7140
हेली	0.1032	0.1752	0.1640
हेलीक	-0.7140	0.6670	-0.3330
हेलीकाप्टर	0.4280	0.6120	0.2340
हेलीग्राफी	0.4170	0.4440	0.6670
हेलीन	0.0000	0.0000	0.0000
हेलीमो	0.1660	0.5620	0.7060
हेलीरिया	-0.6670	0.3330	-0.4810
हेलीरी	0.1880	-0.0460	-0.3700
हेलीलोन	0.4810	1.0000	0.5710
हेली।	-0.3330	-0.4810	-0.5560
हेले	-0.3665	0.3685	-0.3180
हेवरेव	-0.1670	0.6250	0.9580
हेशोग्राफरGenericName	0.1110	0.6670	0.4810
हेहे	0.2500	0.0200	-0.4440
हेहेडल	-0.3330	0.5420	-0.5930
हेहेली	-0.0200	0.0600	-0.4040
है	0.0153	0.0663	0.0127
हैंग	-0.3540	0.0580	-0.1080
हैंगगर्ट	-0.6670	-0.5240	-0.6190
हैंगमेन	-0.6940	0.7540	0.1100
हैंगर	-0.1220	-0.0760	-0.0780
हैंगरी	-0.3540	0.4280	0.0540
हैंगिडेंट	0.5000	0.8150	0.5930
हैंड-	0.2741	0.1281	0.1402
हैंड-लोड	0.0000	0.6670	-0.3700
हैंडआउट	0.1200	-0.3400	0.0900
हैंडकार	0.0000	0.6670	-0.2060
हैंडग्राप	0.1670	0.6670	0.6250
हैंडग्रिग	-0.8330	0.9520	0.8890
हैंडग्रेन	-0.6880	0.8280	0.5640
हैंडजियनName	0.0000	0.0000	0.0000
हैंडनेस	0.6670	0.6670	0.6250
हैंडप्रिंट	0.2700	-0.4220	-0.0740
हैंडफफ	0.0000	0.6110	0.2920
हैंडबैंड	0.0000	0.0000	0.0740
हैंडब्राक	-0.2380	-0.5190	0.5830
हैंडमेन	0.3200	-0.2540	-0.2140
हैंडल	0.0000	-0.2080	-0.5830
हैंडलबार	0.0000	0.0000	0.0000
हैंडलर	-0.1220	0.1860	0.7220
हैंडसाप	0.5190	0.3330	0.4760
हैंडहेंग	0.6670	-0.5830	0.0480
हैंडहेड्डेन	-1.0000	1.0000	0.8330
हैंडहेल्ड	0.2920	-0.3000	0.1720
हैंडाstar	-0.3760	-0.0380	-0.3400
हैंडाडा	-0.1840	0.4800	0.7360
हैंडी	0.4820	-0.2440	0.2780
हैओविषय	0.0000	-0.6670	0.0000
हैक	-0.7300	0.4340	0.0680
हैकनी	-0.2860	-0.1670	-0.3750
हैकर	-0.4580	0.5100	0.4800
हैकलर	-0.6670	0.7500	-0.2920
हैकाइल	-0.1670	0.6670	-0.4070
हैकॉऊ	-0.1880	0.2900	0.0740
हैज़ा	-0.9600	0.7340	0.0140
हैण्ड	0.0000	1.0000	0.0560
हैती	0.0830	-0.3700	-0.0420
हैम	0.1420	-0.2650	-0.1730
हैमबर्गर	0.6180	0.1020	-0.2260
हैमलेट	0.1460	-0.4600	-0.2060
हैरान	0.2087	0.5583	0.2477
हैरानी	-0.3563	0.2320	0.0047
हैरीकॉर्नparaguay.	0.0000	0.0000	0.5000
हैल	-0.2080	0.0313	-0.0993
हैलाल्डर	-0.6670	0.5930	0.6670
हैलींगली	-0.6670	-0.3700	-0.5000
हैश	-0.3120	-0.0940	-0.2900
हैशाइजेशन	0.0000	0.5830	0.5560
हैशिंग	0.1340	-0.0180	0.1500
हैशिक	0.0000	0.0000	0.1900
हैशिश	-0.2600	0.1400	-0.2840
हैशेटिक	0.0000	-0.9630	0.5000
हैसिस	0.1660	0.1640	0.1040
हॉओ	-0.1020	0.1200	-0.1400
हॉकरिक	0.0980	0.2700	-0.1700
हॉकी	0.0847	0.3900	-0.0647
हॉक्स	-0.7080	0.3920	-0.3940
हॉग	-0.1830	-0.3035	-0.2290
हॉगगा	-0.1600	-0.0200	-0.2780
हॉगडाहर	0.1670	-0.6670	0.0000
हॉट-	0.4323	0.5163	0.1877
हॉटी	-0.3960	-0.0400	-0.1640
हॉट्स	-0.6670	0.6110	-0.4290
हॉदरा	0.9580	1.0000	0.7080
हॉन्ड्युरेंस	0.9050	0.6190	0.6670
हॉन्स्ना	0.3580	-0.2540	0.0000
हॉप	0.0850	-0.2760	-0.2580
हॉप-	0.0000	-0.2220	0.0000
हॉपएल्ड	0.3330	0.9580	-0.0740
हॉपपर	-0.2080	-0.0180	-0.1160
हॉपस्कॉच	0.6670	0.7080	-0.4290
हॉबी-बिट	-0.0420	-0.0220	-0.0560
हॉबॉब	0.6300	0.7040	0.2960
हॉमोगेसर	0.0000	0.6670	0.7500
हॉम्ब	0.3120	-0.0560	0.3920
हॉम्ब्स	0.0200	0.0760	0.3040
हॉर्टल	0.7140	0.0000	0.2590
हॉर्स	-0.1928	-0.0073	-0.3295
हॉर्सपन	-0.6670	0.5000	-0.4760
हॉर्सिस	-0.3260	-0.1140	0.0700
हॉल	0.0200	-0.3200	-0.1520
हॉलाहोलhaiti.	0.5400	0.1080	0.3140
हॉली	0.1875	0.1635	-0.2780
हॉलीयोन	-0.6250	0.9260	-0.4070
हॉलीयोनिकusa.	-0.6190	0.6670	-0.5560
हॉलीवुड	0.6250	0.0420	0.2590
हॉल्टर	0.0830	-0.6670	0.0000
हॉवर	0.0200	-0.1380	-0.1920
हॉवेल	-0.3340	-0.4080	-0.3560
हॉहोहो	0.3540	-0.1340	-0.3400
हॉॉज़ी	0.3330	0.0000	0.0000
हो	-0.0104	0.2492	0.0759
हो-	-0.5560	0.0000	-0.3810
होंठ	-0.1569	0.1774	-0.1040
होंठोप्रोसेइन	0.0000	-0.1110	0.0000
होंदर	0.0420	0.0400	-0.0840
होंदरर	0.0000	0.7040	0.5830
होंमोजीusa.	0.1420	-0.0120	0.0540
होंसाकीर्ट	0.0950	-0.4760	-0.3330
होओगांग	-0.4100	0.4240	-0.0900
होकर	0.8570	-0.2960	0.8890
होकीName	-0.0800	-0.4480	-0.5000
होगा	0.3960	-0.1840	0.4700
होगी	0.6670	0.1670	0.2920
होटल	0.4995	-0.1300	0.2165
होटी	-0.6670	0.9630	-0.4000
होड़	0.6670	0.7040	0.9170
होता	-0.0225	-0.1510	-0.0795
होना	0.0340	-0.2782	-0.0950
होनानिस	-0.3330	-0.4580	-0.2380
होनी	0.6670	0.6670	0.5930
होप	-0.2300	-0.1240	-0.2580
होबॉगोलिन	-0.6670	0.6670	0.2220
होमवर्क	-0.2080	-0.1760	-0.0820
होमवर्कर	0.4170	0.6300	-0.4440
होमोआइन	0.0000	0.0000	0.1110
होमोआयााइजेशन	0.0000	-0.6670	0.5000
होमोग्राफ	0.0000	0.0000	0.0000
होमोग्राफी	0.0000	-0.1670	0.1670
होमोटिक	0.1480	-0.6670	0.0950
होमोटिकता	0.4300	-0.2700	0.1640
होमोपथ	-0.3330	-0.6670	0.4170
होमोपथिस्ट	0.0000	0.0420	0.3330
होमोपथी	0.0625	-0.2915	-0.3660
होमोपरॉइड	0.0000	0.5000	0.0000
होमोफनीusa.	0.0000	0.0000	0.0000
होमोफ़नी	0.0000	-0.0420	0.1250
होमोफ़ॉनिक	0.0000	-0.4580	0.0000
होमोफ़ॉर्मोफ	0.0000	0.0000	0.1850
होमोफ़ोबे	-1.0000	0.0370	1.0000
होमोफोन	0.0000	0.0000	0.0000
होमोयल	0.0830	0.5710	0.4070
होमोया	0.0000	-0.6670	0.2960
होमोसेंट्रिक	0.0000	0.0000	0.3330
होमोस्फोरिक	-0.7400	0.4720	-0.0720
होल	0.2267	-0.3687	-0.2120
होलगोंग	0.0840	-0.2880	0.0180
होलोग्राफ	0.6670	0.0000	0.1110
होलोग्राफी	0.0200	-0.0580	0.1100
होलोनी	0.6670	-0.5930	0.0000
होल्ड	-0.0996	-0.2415	0.0080
होल्डर	0.0000	-0.5830	0.3330
होल्डिंग	0.1880	-0.0540	0.1080
होश	0.6800	-0.0340	0.5100
होस्ट	0.3860	-0.0580	0.0740
होस्टेल	-0.0420	0.0000	-0.2040
होस्ट्स	0.5840	0.2080	0.3760
हौद	0.0820	-0.1740	-0.1360
ह्यूमर	0.1380	-0.1020	-0.1000
ह्यूमल	0.0000	-0.0480	0.0000
ह्यूमी	-0.7500	0.0620	-0.5520
ह्यूमे	-0.1460	-0.3200	-0.0160
ह्यूमेय	-0.6670	-0.3750	-0.6250
ाइज	-0.0950	-0.4070	-0.1900
ाइज़ेशन	0.3810	0.6250	0.5930
िंग	-0.0067	-0.0040	-0.3053
िंगबर्ड	0.5000	-0.2600	-0.4540
िंगिंग	0.3787	0.1337	-0.0340
िशिशName	-0.1430	-0.3335	-0.1180
ुबब	-0.2380	-0.3330	-0.4440
ू-	0.5100	-0.2540	0.3420
ेज	0.1660	-0.2220	-0.2600
ेडेड	-0.2380	0.0000	0.0000
ेबल	0.0200	-0.3840	0.1160
ैनकपन	-0.3330	-0.4170	-0.3330
ॉइडी	-0.6670	0.9170	0.2500
ॉट	0.0310	-0.4785	-0.0790
ॉट्स	-0.8120	0.4820	-0.3440
ो-	-0.1460	-0.3580	-0.0340
ोटोनोperu.	0.0000	0.0000	0.2220
ोनोमिशName	-0.2960	-0.4170	-0.1900
ोबोत	0.0000	0.5710	0.0000
ोसियाparaguay.	-0.6670	-0.5930	-0.2960
ोसो	0.0620	-0.3540	-0.3280
्ज्जर	0.4160	0.1740	0.2080
्थल	0.0000	0.0000	0.0000
१,४४,०००	0.6670	0.6670	0.5190
○	-0.4285	-0.2780	-0.2780
♪	-0.6670	-0.3330	-0.7500
